date,hour,methane,electric_power,gas_cost,electricity_cost,total_cost,co2_emissions
01/01/2025,1,409.56260869565216,0,255.99710856521742,0,255.99710856521742,1126.2971739130435
01/01/2025,2,409.56260869565216,0,255.99710856521742,0,255.99710856521742,1126.2971739130435
01/01/2025,3,409.56260869565216,0,255.99710856521742,0,255.99710856521742,1126.2971739130435
01/01/2025,4,409.56260869565216,0,255.99710856521742,0,255.99710856521742,1126.2971739130435
01/01/2025,5,409.56260869565216,0,255.99710856521742,0,255.99710856521742,1126.2971739130435
01/01/2025,6,409.56260869565216,0,255.99710856521742,0,255.99710856521742,1126.2971739130435
01/01/2025,7,409.56260869565216,0,255.99710856521742,0,255.99710856521742,1126.2971739130435
01/01/2025,8,409.56260869565216,0,255.99710856521742,0,255.99710856521742,1126.2971739130435
01/01/2025,9,409.56260869565216,0,255.99710856521742,0,255.99710856521742,1126.2971739130435
01/01/2025,10,409.56260869565216,0,255.99710856521742,0,255.99710856521742,1126.2971739130435
01/01/2025,11,409.56260869565216,0,255.99710856521742,0,255.99710856521742,1126.2971739130435
01/01/2025,12,409.56260869565216,0,255.99710856521742,0,255.99710856521742,1126.2971739130435
01/01/2025,13,409.56260869565216,0,255.99710856521742,0,255.99710856521742,1126.2971739130435
01/01/2025,14,409.56260869565216,0,255.99710856521742,0,255.99710856521742,1126.2971739130435
01/01/2025,15,409.56260869565216,0,255.99710856521742,0,255.99710856521742,1126.2971739130435
01/01/2025,16,409.56260869565216,0,255.99710856521742,0,255.99710856521742,1126.2971739130435
01/01/2025,17,409.56260869565216,0,255.99710856521742,0,255.99710856521742,1126.2971739130435
01/01/2025,18,409.56260869565216,0,255.99710856521742,0,255.99710856521742,1126.2971739130435
01/01/2025,19,409.56260869565216,0,255.99710856521742,0,255.99710856521742,1126.2971739130435
01/01/2025,20,409.56260869565216,0,255.99710856521742,0,255.99710856521742,1126.2971739130435
01/01/2025,21,409.56260869565216,0,255.99710856521742,0,255.99710856521742,1126.2971739130435
01/01/2025,22,409.56260869565216,0,255.99710856521742,0,255.99710856521742,1126.2971739130435
01/01/2025,23,409.56260869565216,0,255.99710856521742,0,255.99710856521742,1126.2971739130435
01/01/2025,24,409.56260869565216,0,255.99710856521742,0,255.99710856521742,1126.2971739130435
02/01/2025,1,409.56260869565216,0,255.99710856521742,0,255.99710856521742,1126.2971739130435
02/01/2025,2,409.56260869565216,0,255.99710856521742,0,255.99710856521742,1126.2971739130435
02/01/2025,3,409.56260869565216,0,255.99710856521742,0,255.99710856521742,1126.2971739130435
02/01/2025,4,409.56260869565216,0,255.99710856521742,0,255.99710856521742,1126.2971739130435
02/01/2025,5,409.56260869565216,0,255.99710856521742,0,255.99710856521742,1126.2971739130435
02/01/2025,6,409.56260869565216,0,255.99710856521742,0,255.99710856521742,1126.2971739130435
02/01/2025,7,409.56260869565216,0,255.99710856521742,0,255.99710856521742,1126.2971739130435
02/01/2025,8,409.56260869565216,0,255.99710856521742,0,255.99710856521742,1126.2971739130435
02/01/2025,9,409.56260869565216,0,255.99710856521742,0,255.99710856521742,1126.2971739130435
02/01/2025,10,409.56260869565216,0,255.99710856521742,0,255.99710856521742,1126.2971739130435
02/01/2025,11,409.56260869565216,0,255.99710856521742,0,255.99710856521742,1126.2971739130435
02/01/2025,12,409.56260869565216,0,255.99710856521742,0,255.99710856521742,1126.2971739130435
02/01/2025,13,409.56260869565216,0,255.99710856521742,0,255.99710856521742,1126.2971739130435
02/01/2025,14,409.56260869565216,0,255.99710856521742,0,255.99710856521742,1126.2971739130435
02/01/2025,15,409.56260869565216,0,255.99710856521742,0,255.99710856521742,1126.2971739130435
02/01/2025,16,409.56260869565216,0,255.99710856521742,0,255.99710856521742,1126.2971739130435
02/01/2025,17,409.56260869565216,0,255.99710856521742,0,255.99710856521742,1126.2971739130435
02/01/2025,18,409.56260869565216,0,255.99710856521742,0,255.99710856521742,1126.2971739130435
02/01/2025,19,409.56260869565216,0,255.99710856521742,0,255.99710856521742,1126.2971739130435
02/01/2025,20,409.56260869565216,0,255.99710856521742,0,255.99710856521742,1126.2971739130435
02/01/2025,21,409.56260869565216,0,255.99710856521742,0,255.99710856521742,1126.2971739130435
02/01/2025,22,409.56260869565216,0,255.99710856521742,0,255.99710856521742,1126.2971739130435
02/01/2025,23,409.56260869565216,0,255.99710856521742,0,255.99710856521742,1126.2971739130435
02/01/2025,24,409.56260869565216,0,255.99710856521742,0,255.99710856521742,1126.2971739130435
03/01/2025,1,409.56260869565216,0,255.99710856521742,0,255.99710856521742,1126.2971739130435
03/01/2025,2,409.56260869565216,0,255.99710856521742,0,255.99710856521742,1126.2971739130435
03/01/2025,3,409.56260869565216,0,255.99710856521742,0,255.99710856521742,1126.2971739130435
03/01/2025,4,409.56260869565216,0,255.99710856521742,0,255.99710856521742,1126.2971739130435
03/01/2025,5,409.56260869565216,0,255.99710856521742,0,255.99710856521742,1126.2971739130435
03/01/2025,6,409.56260869565216,0,255.99710856521742,0,255.99710856521742,1126.2971739130435
03/01/2025,7,409.56260869565216,0,255.99710856521742,0,255.99710856521742,1126.2971739130435
03/01/2025,8,409.56260869565216,0,255.99710856521742,0,255.99710856521742,1126.2971739130435
03/01/2025,9,409.56260869565216,0,255.99710856521742,0,255.99710856521742,1126.2971739130435
03/01/2025,10,409.56260869565216,0,255.99710856521742,0,255.99710856521742,1126.2971739130435
03/01/2025,11,409.56260869565216,0,255.99710856521742,0,255.99710856521742,1126.2971739130435
03/01/2025,12,409.56260869565216,0,255.99710856521742,0,255.99710856521742,1126.2971739130435
03/01/2025,13,409.56260869565216,0,255.99710856521742,0,255.99710856521742,1126.2971739130435
03/01/2025,14,409.56260869565216,0,255.99710856521742,0,255.99710856521742,1126.2971739130435
03/01/2025,15,409.56260869565216,0,255.99710856521742,0,255.99710856521742,1126.2971739130435
03/01/2025,16,409.56260869565216,0,255.99710856521742,0,255.99710856521742,1126.2971739130435
03/01/2025,17,409.56260869565216,0,255.99710856521742,0,255.99710856521742,1126.2971739130435
03/01/2025,18,409.56260869565216,0,255.99710856521742,0,255.99710856521742,1126.2971739130435
03/01/2025,19,409.56260869565216,0,255.99710856521742,0,255.99710856521742,1126.2971739130435
03/01/2025,20,409.56260869565216,0,255.99710856521742,0,255.99710856521742,1126.2971739130435
03/01/2025,21,409.56260869565216,0,255.99710856521742,0,255.99710856521742,1126.2971739130435
03/01/2025,22,409.56260869565216,0,255.99710856521742,0,255.99710856521742,1126.2971739130435
03/01/2025,23,409.56260869565216,0,255.99710856521742,0,255.99710856521742,1126.2971739130435
03/01/2025,24,409.56260869565216,0,255.99710856521742,0,255.99710856521742,1126.2971739130435
04/01/2025,1,409.56260869565216,0,255.99710856521742,0,255.99710856521742,1126.2971739130435
04/01/2025,2,409.56260869565216,0,255.99710856521742,0,255.99710856521742,1126.2971739130435
04/01/2025,3,409.56260869565216,0,255.99710856521742,0,255.99710856521742,1126.2971739130435
04/01/2025,4,409.56260869565216,0,255.99710856521742,0,255.99710856521742,1126.2971739130435
04/01/2025,5,409.56260869565216,0,255.99710856521742,0,255.99710856521742,1126.2971739130435
04/01/2025,6,409.56260869565216,0,255.99710856521742,0,255.99710856521742,1126.2971739130435
04/01/2025,7,409.56260869565216,0,255.99710856521742,0,255.99710856521742,1126.2971739130435
04/01/2025,8,409.56260869565216,0,255.99710856521742,0,255.99710856521742,1126.2971739130435
04/01/2025,9,409.56260869565216,0,255.99710856521742,0,255.99710856521742,1126.2971739130435
04/01/2025,10,409.56260869565216,0,255.99710856521742,0,255.99710856521742,1126.2971739130435
04/01/2025,11,409.56260869565216,0,255.99710856521742,0,255.99710856521742,1126.2971739130435
04/01/2025,12,409.56260869565216,0,255.99710856521742,0,255.99710856521742,1126.2971739130435
04/01/2025,13,409.56260869565216,0,255.99710856521742,0,255.99710856521742,1126.2971739130435
04/01/2025,14,409.56260869565216,0,255.99710856521742,0,255.99710856521742,1126.2971739130435
04/01/2025,15,409.56260869565216,0,255.99710856521742,0,255.99710856521742,1126.2971739130435
04/01/2025,16,409.56260869565216,0,255.99710856521742,0,255.99710856521742,1126.2971739130435
04/01/2025,17,409.56260869565216,0,255.99710856521742,0,255.99710856521742,1126.2971739130435
04/01/2025,18,409.56260869565216,0,255.99710856521742,0,255.99710856521742,1126.2971739130435
04/01/2025,19,409.56260869565216,0,255.99710856521742,0,255.99710856521742,1126.2971739130435
04/01/2025,20,409.56260869565216,0,255.99710856521742,0,255.99710856521742,1126.2971739130435
04/01/2025,21,409.56260869565216,0,255.99710856521742,0,255.99710856521742,1126.2971739130435
04/01/2025,22,409.56260869565216,0,255.99710856521742,0,255.99710856521742,1126.2971739130435
04/01/2025,23,409.56260869565216,0,255.99710856521742,0,255.99710856521742,1126.2971739130435
04/01/2025,24,409.56260869565216,0,255.99710856521742,0,255.99710856521742,1126.2971739130435
05/01/2025,1,409.56260869565216,0,255.99710856521742,0,255.99710856521742,1126.2971739130435
05/01/2025,2,409.56260869565216,0,255.99710856521742,0,255.99710856521742,1126.2971739130435
05/01/2025,3,409.56260869565216,0,255.99710856521742,0,255.99710856521742,1126.2971739130435
05/01/2025,4,409.56260869565216,0,255.99710856521742,0,255.99710856521742,1126.2971739130435
05/01/2025,5,409.56260869565216,0,255.99710856521742,0,255.99710856521742,1126.2971739130435
05/01/2025,6,409.56260869565216,0,255.99710856521742,0,255.99710856521742,1126.2971739130435
05/01/2025,7,409.56260869565216,0,255.99710856521742,0,255.99710856521742,1126.2971739130435
05/01/2025,8,409.56260869565216,0,255.99710856521742,0,255.99710856521742,1126.2971739130435
05/01/2025,9,409.56260869565216,0,255.99710856521742,0,255.99710856521742,1126.2971739130435
05/01/2025,10,409.56260869565216,0,255.99710856521742,0,255.99710856521742,1126.2971739130435
05/01/2025,11,409.56260869565216,0,255.99710856521742,0,255.99710856521742,1126.2971739130435
05/01/2025,12,409.56260869565216,0,255.99710856521742,0,255.99710856521742,1126.2971739130435
05/01/2025,13,409.56260869565216,0,255.99710856521742,0,255.99710856521742,1126.2971739130435
05/01/2025,14,409.56260869565216,0,255.99710856521742,0,255.99710856521742,1126.2971739130435
05/01/2025,15,409.56260869565216,0,255.99710856521742,0,255.99710856521742,1126.2971739130435
05/01/2025,16,409.56260869565216,0,255.99710856521742,0,255.99710856521742,1126.2971739130435
05/01/2025,17,409.56260869565216,0,255.99710856521742,0,255.99710856521742,1126.2971739130435
05/01/2025,18,409.56260869565216,0,255.99710856521742,0,255.99710856521742,1126.2971739130435
05/01/2025,19,409.56260869565216,0,255.99710856521742,0,255.99710856521742,1126.2971739130435
05/01/2025,20,409.56260869565216,0,255.99710856521742,0,255.99710856521742,1126.2971739130435
05/01/2025,21,409.56260869565216,0,255.99710856521742,0,255.99710856521742,1126.2971739130435
05/01/2025,22,409.56260869565216,0,255.99710856521742,0,255.99710856521742,1126.2971739130435
05/01/2025,23,409.56260869565216,0,255.99710856521742,0,255.99710856521742,1126.2971739130435
05/01/2025,24,409.56260869565216,0,255.99710856521742,0,255.99710856521742,1126.2971739130435
06/01/2025,1,409.56260869565216,0,255.99710856521742,0,255.99710856521742,1126.2971739130435
06/01/2025,2,409.56260869565216,0,255.99710856521742,0,255.99710856521742,1126.2971739130435
06/01/2025,3,409.56260869565216,0,255.99710856521742,0,255.99710856521742,1126.2971739130435
06/01/2025,4,409.56260869565216,0,255.99710856521742,0,255.99710856521742,1126.2971739130435
06/01/2025,5,409.56260869565216,0,255.99710856521742,0,255.99710856521742,1126.2971739130435
06/01/2025,6,409.56260869565216,0,255.99710856521742,0,255.99710856521742,1126.2971739130435
06/01/2025,7,409.56260869565216,0,255.99710856521742,0,255.99710856521742,1126.2971739130435
06/01/2025,8,409.56260869565216,0,255.99710856521742,0,255.99710856521742,1126.2971739130435
06/01/2025,9,409.56260869565216,0,255.99710856521742,0,255.99710856521742,1126.2971739130435
06/01/2025,10,409.56260869565216,0,255.99710856521742,0,255.99710856521742,1126.2971739130435
06/01/2025,11,409.56260869565216,0,255.99710856521742,0,255.99710856521742,1126.2971739130435
06/01/2025,12,409.56260869565216,0,255.99710856521742,0,255.99710856521742,1126.2971739130435
06/01/2025,13,409.56260869565216,0,255.99710856521742,0,255.99710856521742,1126.2971739130435
06/01/2025,14,409.56260869565216,0,255.99710856521742,0,255.99710856521742,1126.2971739130435
06/01/2025,15,409.56260869565216,0,255.99710856521742,0,255.99710856521742,1126.2971739130435
06/01/2025,16,409.56260869565216,0,255.99710856521742,0,255.99710856521742,1126.2971739130435
06/01/2025,17,409.56260869565216,0,255.99710856521742,0,255.99710856521742,1126.2971739130435
06/01/2025,18,409.56260869565216,0,255.99710856521742,0,255.99710856521742,1126.2971739130435
06/01/2025,19,409.56260869565216,0,255.99710856521742,0,255.99710856521742,1126.2971739130435
06/01/2025,20,409.56260869565216,0,255.99710856521742,0,255.99710856521742,1126.2971739130435
06/01/2025,21,409.56260869565216,0,255.99710856521742,0,255.99710856521742,1126.2971739130435
06/01/2025,22,409.56260869565216,0,255.99710856521742,0,255.99710856521742,1126.2971739130435
06/01/2025,23,409.56260869565216,0,255.99710856521742,0,255.99710856521742,1126.2971739130435
06/01/2025,24,409.56260869565216,0,255.99710856521742,0,255.99710856521742,1126.2971739130435
07/01/2025,1,409.56260869565216,0,255.99710856521742,0,255.99710856521742,1126.2971739130435
07/01/2025,2,409.56260869565216,0,255.99710856521742,0,255.99710856521742,1126.2971739130435
07/01/2025,3,409.56260869565216,0,255.99710856521742,0,255.99710856521742,1126.2971739130435
07/01/2025,4,409.56260869565216,0,255.99710856521742,0,255.99710856521742,1126.2971739130435
07/01/2025,5,409.56260869565216,0,255.99710856521742,0,255.99710856521742,1126.2971739130435
07/01/2025,6,409.56260869565216,0,255.99710856521742,0,255.99710856521742,1126.2971739130435
07/01/2025,7,409.56260869565216,0,255.99710856521742,0,255.99710856521742,1126.2971739130435
07/01/2025,8,409.56260869565216,0,255.99710856521742,0,255.99710856521742,1126.2971739130435
07/01/2025,9,409.56260869565216,0,255.99710856521742,0,255.99710856521742,1126.2971739130435
07/01/2025,10,409.56260869565216,0,255.99710856521742,0,255.99710856521742,1126.2971739130435
07/01/2025,11,409.56260869565216,0,255.99710856521742,0,255.99710856521742,1126.2971739130435
07/01/2025,12,409.56260869565216,0,255.99710856521742,0,255.99710856521742,1126.2971739130435
07/01/2025,13,409.56260869565216,0,255.99710856521742,0,255.99710856521742,1126.2971739130435
07/01/2025,14,409.56260869565216,0,255.99710856521742,0,255.99710856521742,1126.2971739130435
07/01/2025,15,409.56260869565216,0,255.99710856521742,0,255.99710856521742,1126.2971739130435
07/01/2025,16,409.56260869565216,0,255.99710856521742,0,255.99710856521742,1126.2971739130435
07/01/2025,17,409.56260869565216,0,255.99710856521742,0,255.99710856521742,1126.2971739130435
07/01/2025,18,409.56260869565216,0,255.99710856521742,0,255.99710856521742,1126.2971739130435
07/01/2025,19,409.56260869565216,0,255.99710856521742,0,255.99710856521742,1126.2971739130435
07/01/2025,20,409.56260869565216,0,255.99710856521742,0,255.99710856521742,1126.2971739130435
07/01/2025,21,409.56260869565216,0,255.99710856521742,0,255.99710856521742,1126.2971739130435
07/01/2025,22,409.56260869565216,0,255.99710856521742,0,255.99710856521742,1126.2971739130435
07/01/2025,23,409.56260869565216,0,255.99710856521742,0,255.99710856521742,1126.2971739130435
07/01/2025,24,409.56260869565216,0,255.99710856521742,0,255.99710856521742,1126.2971739130435
08/01/2025,1,409.56260869565216,0,255.99710856521742,0,255.99710856521742,1126.2971739130435
08/01/2025,2,409.56260869565216,0,255.99710856521742,0,255.99710856521742,1126.2971739130435
08/01/2025,3,409.56260869565216,0,255.99710856521742,0,255.99710856521742,1126.2971739130435
08/01/2025,4,409.56260869565216,0,255.99710856521742,0,255.99710856521742,1126.2971739130435
08/01/2025,5,409.56260869565216,0,255.99710856521742,0,255.99710856521742,1126.2971739130435
08/01/2025,6,409.56260869565216,0,255.99710856521742,0,255.99710856521742,1126.2971739130435
08/01/2025,7,409.56260869565216,0,255.99710856521742,0,255.99710856521742,1126.2971739130435
08/01/2025,8,409.56260869565216,0,255.99710856521742,0,255.99710856521742,1126.2971739130435
08/01/2025,9,409.56260869565216,0,255.99710856521742,0,255.99710856521742,1126.2971739130435
08/01/2025,10,409.56260869565216,0,255.99710856521742,0,255.99710856521742,1126.2971739130435
08/01/2025,11,409.56260869565216,0,255.99710856521742,0,255.99710856521742,1126.2971739130435
08/01/2025,12,409.56260869565216,0,255.99710856521742,0,255.99710856521742,1126.2971739130435
08/01/2025,13,409.56260869565216,0,255.99710856521742,0,255.99710856521742,1126.2971739130435
08/01/2025,14,409.56260869565216,0,255.99710856521742,0,255.99710856521742,1126.2971739130435
08/01/2025,15,409.56260869565216,0,255.99710856521742,0,255.99710856521742,1126.2971739130435
08/01/2025,16,409.56260869565216,0,255.99710856521742,0,255.99710856521742,1126.2971739130435
08/01/2025,17,409.56260869565216,0,255.99710856521742,0,255.99710856521742,1126.2971739130435
08/01/2025,18,409.56260869565216,0,255.99710856521742,0,255.99710856521742,1126.2971739130435
08/01/2025,19,409.56260869565216,0,255.99710856521742,0,255.99710856521742,1126.2971739130435
08/01/2025,20,409.56260869565216,0,255.99710856521742,0,255.99710856521742,1126.2971739130435
08/01/2025,21,409.56260869565216,0,255.99710856521742,0,255.99710856521742,1126.2971739130435
08/01/2025,22,409.56260869565216,0,255.99710856521742,0,255.99710856521742,1126.2971739130435
08/01/2025,23,409.56260869565216,0,255.99710856521742,0,255.99710856521742,1126.2971739130435
08/01/2025,24,409.56260869565216,0,255.99710856521742,0,255.99710856521742,1126.2971739130435
09/01/2025,1,409.56260869565216,0,255.99710856521742,0,255.99710856521742,1126.2971739130435
09/01/2025,2,409.56260869565216,0,255.99710856521742,0,255.99710856521742,1126.2971739130435
09/01/2025,3,409.56260869565216,0,255.99710856521742,0,255.99710856521742,1126.2971739130435
09/01/2025,4,409.56260869565216,0,255.99710856521742,0,255.99710856521742,1126.2971739130435
09/01/2025,5,409.56260869565216,0,255.99710856521742,0,255.99710856521742,1126.2971739130435
09/01/2025,6,409.56260869565216,0,255.99710856521742,0,255.99710856521742,1126.2971739130435
09/01/2025,7,409.56260869565216,0,255.99710856521742,0,255.99710856521742,1126.2971739130435
09/01/2025,8,409.56260869565216,0,255.99710856521742,0,255.99710856521742,1126.2971739130435
09/01/2025,9,409.56260869565216,0,255.99710856521742,0,255.99710856521742,1126.2971739130435
09/01/2025,10,409.56260869565216,0,255.99710856521742,0,255.99710856521742,1126.2971739130435
09/01/2025,11,409.56260869565216,0,255.99710856521742,0,255.99710856521742,1126.2971739130435
09/01/2025,12,409.56260869565216,0,255.99710856521742,0,255.99710856521742,1126.2971739130435
09/01/2025,13,409.56260869565216,0,255.99710856521742,0,255.99710856521742,1126.2971739130435
09/01/2025,14,409.56260869565216,0,255.99710856521742,0,255.99710856521742,1126.2971739130435
09/01/2025,15,409.56260869565216,0,255.99710856521742,0,255.99710856521742,1126.2971739130435
09/01/2025,16,409.56260869565216,0,255.99710856521742,0,255.99710856521742,1126.2971739130435
09/01/2025,17,409.56260869565216,0,255.99710856521742,0,255.99710856521742,1126.2971739130435
09/01/2025,18,409.56260869565216,0,255.99710856521742,0,255.99710856521742,1126.2971739130435
09/01/2025,19,409.56260869565216,0,255.99710856521742,0,255.99710856521742,1126.2971739130435
09/01/2025,20,409.56260869565216,0,255.99710856521742,0,255.99710856521742,1126.2971739130435
09/01/2025,21,409.56260869565216,0,255.99710856521742,0,255.99710856521742,1126.2971739130435
09/01/2025,22,409.56260869565216,0,255.99710856521742,0,255.99710856521742,1126.2971739130435
09/01/2025,23,409.56260869565216,0,255.99710856521742,0,255.99710856521742,1126.2971739130435
09/01/2025,24,409.56260869565216,0,255.99710856521742,0,255.99710856521742,1126.2971739130435
10/01/2025,1,409.56260869565216,0,255.99710856521742,0,255.99710856521742,1126.2971739130435
10/01/2025,2,409.56260869565216,0,255.99710856521742,0,255.99710856521742,1126.2971739130435
10/01/2025,3,409.56260869565216,0,255.99710856521742,0,255.99710856521742,1126.2971739130435
10/01/2025,4,409.56260869565216,0,255.99710856521742,0,255.99710856521742,1126.2971739130435
10/01/2025,5,409.56260869565216,0,255.99710856521742,0,255.99710856521742,1126.2971739130435
10/01/2025,6,409.56260869565216,0,255.99710856521742,0,255.99710856521742,1126.2971739130435
10/01/2025,7,409.56260869565216,0,255.99710856521742,0,255.99710856521742,1126.2971739130435
10/01/2025,8,409.56260869565216,0,255.99710856521742,0,255.99710856521742,1126.2971739130435
10/01/2025,9,409.56260869565216,0,255.99710856521742,0,255.99710856521742,1126.2971739130435
10/01/2025,10,409.56260869565216,0,255.99710856521742,0,255.99710856521742,1126.2971739130435
10/01/2025,11,409.56260869565216,0,255.99710856521742,0,255.99710856521742,1126.2971739130435
10/01/2025,12,409.56260869565216,0,255.99710856521742,0,255.99710856521742,1126.2971739130435
10/01/2025,13,409.56260869565216,0,255.99710856521742,0,255.99710856521742,1126.2971739130435
10/01/2025,14,409.56260869565216,0,255.99710856521742,0,255.99710856521742,1126.2971739130435
10/01/2025,15,409.56260869565216,0,255.99710856521742,0,255.99710856521742,1126.2971739130435
10/01/2025,16,409.56260869565216,0,255.99710856521742,0,255.99710856521742,1126.2971739130435
10/01/2025,17,409.56260869565216,0,255.99710856521742,0,255.99710856521742,1126.2971739130435
10/01/2025,18,409.56260869565216,0,255.99710856521742,0,255.99710856521742,1126.2971739130435
10/01/2025,19,409.56260869565216,0,255.99710856521742,0,255.99710856521742,1126.2971739130435
10/01/2025,20,409.56260869565216,0,255.99710856521742,0,255.99710856521742,1126.2971739130435
10/01/2025,21,409.56260869565216,0,255.99710856521742,0,255.99710856521742,1126.2971739130435
10/01/2025,22,409.56260869565216,0,255.99710856521742,0,255.99710856521742,1126.2971739130435
10/01/2025,23,409.56260869565216,0,255.99710856521742,0,255.99710856521742,1126.2971739130435
10/01/2025,24,409.56260869565216,0,255.99710856521742,0,255.99710856521742,1126.2971739130435
11/01/2025,1,409.56260869565216,0,255.99710856521742,0,255.99710856521742,1126.2971739130435
11/01/2025,2,409.56260869565216,0,255.99710856521742,0,255.99710856521742,1126.2971739130435
11/01/2025,3,409.56260869565216,0,255.99710856521742,0,255.99710856521742,1126.2971739130435
11/01/2025,4,409.56260869565216,0,255.99710856521742,0,255.99710856521742,1126.2971739130435
11/01/2025,5,409.56260869565216,0,255.99710856521742,0,255.99710856521742,1126.2971739130435
11/01/2025,6,409.56260869565216,0,255.99710856521742,0,255.99710856521742,1126.2971739130435
11/01/2025,7,409.56260869565216,0,255.99710856521742,0,255.99710856521742,1126.2971739130435
11/01/2025,8,409.56260869565216,0,255.99710856521742,0,255.99710856521742,1126.2971739130435
11/01/2025,9,409.56260869565216,0,255.99710856521742,0,255.99710856521742,1126.2971739130435
11/01/2025,10,409.56260869565216,0,255.99710856521742,0,255.99710856521742,1126.2971739130435
11/01/2025,11,409.56260869565216,0,255.99710856521742,0,255.99710856521742,1126.2971739130435
11/01/2025,12,409.56260869565216,0,255.99710856521742,0,255.99710856521742,1126.2971739130435
11/01/2025,13,409.56260869565216,0,255.99710856521742,0,255.99710856521742,1126.2971739130435
11/01/2025,14,409.56260869565216,0,255.99710856521742,0,255.99710856521742,1126.2971739130435
11/01/2025,15,409.56260869565216,0,255.99710856521742,0,255.99710856521742,1126.2971739130435
11/01/2025,16,409.56260869565216,0,255.99710856521742,0,255.99710856521742,1126.2971739130435
11/01/2025,17,409.56260869565216,0,255.99710856521742,0,255.99710856521742,1126.2971739130435
11/01/2025,18,409.56260869565216,0,255.99710856521742,0,255.99710856521742,1126.2971739130435
11/01/2025,19,409.56260869565216,0,255.99710856521742,0,255.99710856521742,1126.2971739130435
11/01/2025,20,409.56260869565216,0,255.99710856521742,0,255.99710856521742,1126.2971739130435
11/01/2025,21,409.56260869565216,0,255.99710856521742,0,255.99710856521742,1126.2971739130435
11/01/2025,22,409.56260869565216,0,255.99710856521742,0,255.99710856521742,1126.2971739130435
11/01/2025,23,409.56260869565216,0,255.99710856521742,0,255.99710856521742,1126.2971739130435
11/01/2025,24,409.56260869565216,0,255.99710856521742,0,255.99710856521742,1126.2971739130435
12/01/2025,1,409.56260869565216,0,255.99710856521742,0,255.99710856521742,1126.2971739130435
12/01/2025,2,409.56260869565216,0,255.99710856521742,0,255.99710856521742,1126.2971739130435
12/01/2025,3,409.56260869565216,0,255.99710856521742,0,255.99710856521742,1126.2971739130435
12/01/2025,4,409.56260869565216,0,255.99710856521742,0,255.99710856521742,1126.2971739130435
12/01/2025,5,409.56260869565216,0,255.99710856521742,0,255.99710856521742,1126.2971739130435
12/01/2025,6,409.56260869565216,0,255.99710856521742,0,255.99710856521742,1126.2971739130435
12/01/2025,7,409.56260869565216,0,255.99710856521742,0,255.99710856521742,1126.2971739130435
12/01/2025,8,409.56260869565216,0,255.99710856521742,0,255.99710856521742,1126.2971739130435
12/01/2025,9,409.56260869565216,0,255.99710856521742,0,255.99710856521742,1126.2971739130435
12/01/2025,10,409.56260869565216,0,255.99710856521742,0,255.99710856521742,1126.2971739130435
12/01/2025,11,409.56260869565216,0,255.99710856521742,0,255.99710856521742,1126.2971739130435
12/01/2025,12,409.56260869565216,0,255.99710856521742,0,255.99710856521742,1126.2971739130435
12/01/2025,13,409.56260869565216,0,255.99710856521742,0,255.99710856521742,1126.2971739130435
12/01/2025,14,409.56260869565216,0,255.99710856521742,0,255.99710856521742,1126.2971739130435
12/01/2025,15,409.56260869565216,0,255.99710856521742,0,255.99710856521742,1126.2971739130435
12/01/2025,16,409.56260869565216,0,255.99710856521742,0,255.99710856521742,1126.2971739130435
12/01/2025,17,409.56260869565216,0,255.99710856521742,0,255.99710856521742,1126.2971739130435
12/01/2025,18,409.56260869565216,0,255.99710856521742,0,255.99710856521742,1126.2971739130435
12/01/2025,19,409.56260869565216,0,255.99710856521742,0,255.99710856521742,1126.2971739130435
12/01/2025,20,409.56260869565216,0,255.99710856521742,0,255.99710856521742,1126.2971739130435
12/01/2025,21,409.56260869565216,0,255.99710856521742,0,255.99710856521742,1126.2971739130435
12/01/2025,22,409.56260869565216,0,255.99710856521742,0,255.99710856521742,1126.2971739130435
12/01/2025,23,409.56260869565216,0,255.99710856521742,0,255.99710856521742,1126.2971739130435
12/01/2025,24,409.56260869565216,0,255.99710856521742,0,255.99710856521742,1126.2971739130435
13/01/2025,1,409.56260869565216,0,255.99710856521742,0,255.99710856521742,1126.2971739130435
13/01/2025,2,409.56260869565216,0,255.99710856521742,0,255.99710856521742,1126.2971739130435
13/01/2025,3,409.56260869565216,0,255.99710856521742,0,255.99710856521742,1126.2971739130435
13/01/2025,4,409.56260869565216,0,255.99710856521742,0,255.99710856521742,1126.2971739130435
13/01/2025,5,409.56260869565216,0,255.99710856521742,0,255.99710856521742,1126.2971739130435
13/01/2025,6,409.56260869565216,0,255.99710856521742,0,255.99710856521742,1126.2971739130435
13/01/2025,7,409.56260869565216,0,255.99710856521742,0,255.99710856521742,1126.2971739130435
13/01/2025,8,409.56260869565216,0,255.99710856521742,0,255.99710856521742,1126.2971739130435
13/01/2025,9,409.56260869565216,0,255.99710856521742,0,255.99710856521742,1126.2971739130435
13/01/2025,10,409.56260869565216,0,255.99710856521742,0,255.99710856521742,1126.2971739130435
13/01/2025,11,409.56260869565216,0,255.99710856521742,0,255.99710856521742,1126.2971739130435
13/01/2025,12,409.56260869565216,0,255.99710856521742,0,255.99710856521742,1126.2971739130435
13/01/2025,13,409.56260869565216,0,255.99710856521742,0,255.99710856521742,1126.2971739130435
13/01/2025,14,409.56260869565216,0,255.99710856521742,0,255.99710856521742,1126.2971739130435
13/01/2025,15,409.56260869565216,0,255.99710856521742,0,255.99710856521742,1126.2971739130435
13/01/2025,16,409.56260869565216,0,255.99710856521742,0,255.99710856521742,1126.2971739130435
13/01/2025,17,409.56260869565216,0,255.99710856521742,0,255.99710856521742,1126.2971739130435
13/01/2025,18,409.56260869565216,0,255.99710856521742,0,255.99710856521742,1126.2971739130435
13/01/2025,19,409.56260869565216,0,255.99710856521742,0,255.99710856521742,1126.2971739130435
13/01/2025,20,409.56260869565216,0,255.99710856521742,0,255.99710856521742,1126.2971739130435
13/01/2025,21,409.56260869565216,0,255.99710856521742,0,255.99710856521742,1126.2971739130435
13/01/2025,22,409.56260869565216,0,255.99710856521742,0,255.99710856521742,1126.2971739130435
13/01/2025,23,409.56260869565216,0,255.99710856521742,0,255.99710856521742,1126.2971739130435
13/01/2025,24,409.56260869565216,0,255.99710856521742,0,255.99710856521742,1126.2971739130435
14/01/2025,1,409.56260869565216,0,255.99710856521742,0,255.99710856521742,1126.2971739130435
14/01/2025,2,409.56260869565216,0,255.99710856521742,0,255.99710856521742,1126.2971739130435
14/01/2025,3,409.56260869565216,0,255.99710856521742,0,255.99710856521742,1126.2971739130435
14/01/2025,4,409.56260869565216,0,255.99710856521742,0,255.99710856521742,1126.2971739130435
14/01/2025,5,409.56260869565216,0,255.99710856521742,0,255.99710856521742,1126.2971739130435
14/01/2025,6,409.56260869565216,0,255.99710856521742,0,255.99710856521742,1126.2971739130435
14/01/2025,7,409.56260869565216,0,255.99710856521742,0,255.99710856521742,1126.2971739130435
14/01/2025,8,409.56260869565216,0,255.99710856521742,0,255.99710856521742,1126.2971739130435
14/01/2025,9,409.56260869565216,0,255.99710856521742,0,255.99710856521742,1126.2971739130435
14/01/2025,10,409.56260869565216,0,255.99710856521742,0,255.99710856521742,1126.2971739130435
14/01/2025,11,409.56260869565216,0,255.99710856521742,0,255.99710856521742,1126.2971739130435
14/01/2025,12,409.56260869565216,0,255.99710856521742,0,255.99710856521742,1126.2971739130435
14/01/2025,13,409.56260869565216,0,255.99710856521742,0,255.99710856521742,1126.2971739130435
14/01/2025,14,409.56260869565216,0,255.99710856521742,0,255.99710856521742,1126.2971739130435
14/01/2025,15,409.56260869565216,0,255.99710856521742,0,255.99710856521742,1126.2971739130435
14/01/2025,16,409.56260869565216,0,255.99710856521742,0,255.99710856521742,1126.2971739130435
14/01/2025,17,409.56260869565216,0,255.99710856521742,0,255.99710856521742,1126.2971739130435
14/01/2025,18,409.56260869565216,0,255.99710856521742,0,255.99710856521742,1126.2971739130435
14/01/2025,19,409.56260869565216,0,255.99710856521742,0,255.99710856521742,1126.2971739130435
14/01/2025,20,409.56260869565216,0,255.99710856521742,0,255.99710856521742,1126.2971739130435
14/01/2025,21,409.56260869565216,0,255.99710856521742,0,255.99710856521742,1126.2971739130435
14/01/2025,22,409.56260869565216,0,255.99710856521742,0,255.99710856521742,1126.2971739130435
14/01/2025,23,409.56260869565216,0,255.99710856521742,0,255.99710856521742,1126.2971739130435
14/01/2025,24,409.56260869565216,0,255.99710856521742,0,255.99710856521742,1126.2971739130435
15/01/2025,1,409.56260869565216,0,255.99710856521742,0,255.99710856521742,1126.2971739130435
15/01/2025,2,409.56260869565216,0,255.99710856521742,0,255.99710856521742,1126.2971739130435
15/01/2025,3,409.56260869565216,0,255.99710856521742,0,255.99710856521742,1126.2971739130435
15/01/2025,4,409.56260869565216,0,255.99710856521742,0,255.99710856521742,1126.2971739130435
15/01/2025,5,409.56260869565216,0,255.99710856521742,0,255.99710856521742,1126.2971739130435
15/01/2025,6,409.56260869565216,0,255.99710856521742,0,255.99710856521742,1126.2971739130435
15/01/2025,7,409.56260869565216,0,255.99710856521742,0,255.99710856521742,1126.2971739130435
15/01/2025,8,409.56260869565216,0,255.99710856521742,0,255.99710856521742,1126.2971739130435
15/01/2025,9,409.56260869565216,0,255.99710856521742,0,255.99710856521742,1126.2971739130435
15/01/2025,10,409.56260869565216,0,255.99710856521742,0,255.99710856521742,1126.2971739130435
15/01/2025,11,409.56260869565216,0,255.99710856521742,0,255.99710856521742,1126.2971739130435
15/01/2025,12,409.56260869565216,0,255.99710856521742,0,255.99710856521742,1126.2971739130435
15/01/2025,13,409.56260869565216,0,255.99710856521742,0,255.99710856521742,1126.2971739130435
15/01/2025,14,409.56260869565216,0,255.99710856521742,0,255.99710856521742,1126.2971739130435
15/01/2025,15,409.56260869565216,0,255.99710856521742,0,255.99710856521742,1126.2971739130435
15/01/2025,16,409.56260869565216,0,255.99710856521742,0,255.99710856521742,1126.2971739130435
15/01/2025,17,409.56260869565216,0,255.99710856521742,0,255.99710856521742,1126.2971739130435
15/01/2025,18,409.56260869565216,0,255.99710856521742,0,255.99710856521742,1126.2971739130435
15/01/2025,19,409.56260869565216,0,255.99710856521742,0,255.99710856521742,1126.2971739130435
15/01/2025,20,409.56260869565216,0,255.99710856521742,0,255.99710856521742,1126.2971739130435
15/01/2025,21,409.56260869565216,0,255.99710856521742,0,255.99710856521742,1126.2971739130435
15/01/2025,22,409.56260869565216,0,255.99710856521742,0,255.99710856521742,1126.2971739130435
15/01/2025,23,409.56260869565216,0,255.99710856521742,0,255.99710856521742,1126.2971739130435
15/01/2025,24,409.56260869565216,0,255.99710856521742,0,255.99710856521742,1126.2971739130435
16/01/2025,1,409.56260869565216,0,255.99710856521742,0,255.99710856521742,1126.2971739130435
16/01/2025,2,409.56260869565216,0,255.99710856521742,0,255.99710856521742,1126.2971739130435
16/01/2025,3,409.56260869565216,0,255.99710856521742,0,255.99710856521742,1126.2971739130435
16/01/2025,4,409.56260869565216,0,255.99710856521742,0,255.99710856521742,1126.2971739130435
16/01/2025,5,409.56260869565216,0,255.99710856521742,0,255.99710856521742,1126.2971739130435
16/01/2025,6,409.56260869565216,0,255.99710856521742,0,255.99710856521742,1126.2971739130435
16/01/2025,7,409.56260869565216,0,255.99710856521742,0,255.99710856521742,1126.2971739130435
16/01/2025,8,409.56260869565216,0,255.99710856521742,0,255.99710856521742,1126.2971739130435
16/01/2025,9,409.56260869565216,0,255.99710856521742,0,255.99710856521742,1126.2971739130435
16/01/2025,10,409.56260869565216,0,255.99710856521742,0,255.99710856521742,1126.2971739130435
16/01/2025,11,409.56260869565216,0,255.99710856521742,0,255.99710856521742,1126.2971739130435
16/01/2025,12,409.56260869565216,0,255.99710856521742,0,255.99710856521742,1126.2971739130435
16/01/2025,13,409.56260869565216,0,255.99710856521742,0,255.99710856521742,1126.2971739130435
16/01/2025,14,409.56260869565216,0,255.99710856521742,0,255.99710856521742,1126.2971739130435
16/01/2025,15,409.56260869565216,0,255.99710856521742,0,255.99710856521742,1126.2971739130435
16/01/2025,16,409.56260869565216,0,255.99710856521742,0,255.99710856521742,1126.2971739130435
16/01/2025,17,409.56260869565216,0,255.99710856521742,0,255.99710856521742,1126.2971739130435
16/01/2025,18,409.56260869565216,0,255.99710856521742,0,255.99710856521742,1126.2971739130435
16/01/2025,19,409.56260869565216,0,255.99710856521742,0,255.99710856521742,1126.2971739130435
16/01/2025,20,409.56260869565216,0,255.99710856521742,0,255.99710856521742,1126.2971739130435
16/01/2025,21,409.56260869565216,0,255.99710856521742,0,255.99710856521742,1126.2971739130435
16/01/2025,22,409.56260869565216,0,255.99710856521742,0,255.99710856521742,1126.2971739130435
16/01/2025,23,409.56260869565216,0,255.99710856521742,0,255.99710856521742,1126.2971739130435
16/01/2025,24,409.56260869565216,0,255.99710856521742,0,255.99710856521742,1126.2971739130435
17/01/2025,1,409.56260869565216,0,255.99710856521742,0,255.99710856521742,1126.2971739130435
17/01/2025,2,409.56260869565216,0,255.99710856521742,0,255.99710856521742,1126.2971739130435
17/01/2025,3,409.56260869565216,0,255.99710856521742,0,255.99710856521742,1126.2971739130435
17/01/2025,4,409.56260869565216,0,255.99710856521742,0,255.99710856521742,1126.2971739130435
17/01/2025,5,409.56260869565216,0,255.99710856521742,0,255.99710856521742,1126.2971739130435
17/01/2025,6,409.56260869565216,0,255.99710856521742,0,255.99710856521742,1126.2971739130435
17/01/2025,7,409.56260869565216,0,255.99710856521742,0,255.99710856521742,1126.2971739130435
17/01/2025,8,409.56260869565216,0,255.99710856521742,0,255.99710856521742,1126.2971739130435
17/01/2025,9,409.56260869565216,0,255.99710856521742,0,255.99710856521742,1126.2971739130435
17/01/2025,10,409.56260869565216,0,255.99710856521742,0,255.99710856521742,1126.2971739130435
17/01/2025,11,409.56260869565216,0,255.99710856521742,0,255.99710856521742,1126.2971739130435
17/01/2025,12,409.56260869565216,0,255.99710856521742,0,255.99710856521742,1126.2971739130435
17/01/2025,13,409.56260869565216,0,255.99710856521742,0,255.99710856521742,1126.2971739130435
17/01/2025,14,409.56260869565216,0,255.99710856521742,0,255.99710856521742,1126.2971739130435
17/01/2025,15,409.56260869565216,0,255.99710856521742,0,255.99710856521742,1126.2971739130435
17/01/2025,16,409.56260869565216,0,255.99710856521742,0,255.99710856521742,1126.2971739130435
17/01/2025,17,409.56260869565216,0,255.99710856521742,0,255.99710856521742,1126.2971739130435
17/01/2025,18,409.56260869565216,0,255.99710856521742,0,255.99710856521742,1126.2971739130435
17/01/2025,19,409.56260869565216,0,255.99710856521742,0,255.99710856521742,1126.2971739130435
17/01/2025,20,409.56260869565216,0,255.99710856521742,0,255.99710856521742,1126.2971739130435
17/01/2025,21,409.56260869565216,0,255.99710856521742,0,255.99710856521742,1126.2971739130435
17/01/2025,22,409.56260869565216,0,255.99710856521742,0,255.99710856521742,1126.2971739130435
17/01/2025,23,409.56260869565216,0,255.99710856521742,0,255.99710856521742,1126.2971739130435
17/01/2025,24,409.56260869565216,0,255.99710856521742,0,255.99710856521742,1126.2971739130435
18/01/2025,1,409.56260869565216,0,255.99710856521742,0,255.99710856521742,1126.2971739130435
18/01/2025,2,409.56260869565216,0,255.99710856521742,0,255.99710856521742,1126.2971739130435
18/01/2025,3,409.56260869565216,0,255.99710856521742,0,255.99710856521742,1126.2971739130435
18/01/2025,4,409.56260869565216,0,255.99710856521742,0,255.99710856521742,1126.2971739130435
18/01/2025,5,409.56260869565216,0,255.99710856521742,0,255.99710856521742,1126.2971739130435
18/01/2025,6,409.56260869565216,0,255.99710856521742,0,255.99710856521742,1126.2971739130435
18/01/2025,7,409.56260869565216,0,255.99710856521742,0,255.99710856521742,1126.2971739130435
18/01/2025,8,409.56260869565216,0,255.99710856521742,0,255.99710856521742,1126.2971739130435
18/01/2025,9,409.56260869565216,0,255.99710856521742,0,255.99710856521742,1126.2971739130435
18/01/2025,10,409.56260869565216,0,255.99710856521742,0,255.99710856521742,1126.2971739130435
18/01/2025,11,409.56260869565216,0,255.99710856521742,0,255.99710856521742,1126.2971739130435
18/01/2025,12,409.56260869565216,0,255.99710856521742,0,255.99710856521742,1126.2971739130435
18/01/2025,13,409.56260869565216,0,255.99710856521742,0,255.99710856521742,1126.2971739130435
18/01/2025,14,409.56260869565216,0,255.99710856521742,0,255.99710856521742,1126.2971739130435
18/01/2025,15,409.56260869565216,0,255.99710856521742,0,255.99710856521742,1126.2971739130435
18/01/2025,16,409.56260869565216,0,255.99710856521742,0,255.99710856521742,1126.2971739130435
18/01/2025,17,409.56260869565216,0,255.99710856521742,0,255.99710856521742,1126.2971739130435
18/01/2025,18,409.56260869565216,0,255.99710856521742,0,255.99710856521742,1126.2971739130435
18/01/2025,19,409.56260869565216,0,255.99710856521742,0,255.99710856521742,1126.2971739130435
18/01/2025,20,409.56260869565216,0,255.99710856521742,0,255.99710856521742,1126.2971739130435
18/01/2025,21,409.56260869565216,0,255.99710856521742,0,255.99710856521742,1126.2971739130435
18/01/2025,22,409.56260869565216,0,255.99710856521742,0,255.99710856521742,1126.2971739130435
18/01/2025,23,409.56260869565216,0,255.99710856521742,0,255.99710856521742,1126.2971739130435
18/01/2025,24,409.56260869565216,0,255.99710856521742,0,255.99710856521742,1126.2971739130435
19/01/2025,1,409.56260869565216,0,255.99710856521742,0,255.99710856521742,1126.2971739130435
19/01/2025,2,409.56260869565216,0,255.99710856521742,0,255.99710856521742,1126.2971739130435
19/01/2025,3,409.56260869565216,0,255.99710856521742,0,255.99710856521742,1126.2971739130435
19/01/2025,4,409.56260869565216,0,255.99710856521742,0,255.99710856521742,1126.2971739130435
19/01/2025,5,409.56260869565216,0,255.99710856521742,0,255.99710856521742,1126.2971739130435
19/01/2025,6,409.56260869565216,0,255.99710856521742,0,255.99710856521742,1126.2971739130435
19/01/2025,7,409.56260869565216,0,255.99710856521742,0,255.99710856521742,1126.2971739130435
19/01/2025,8,409.56260869565216,0,255.99710856521742,0,255.99710856521742,1126.2971739130435
19/01/2025,9,409.56260869565216,0,255.99710856521742,0,255.99710856521742,1126.2971739130435
19/01/2025,10,409.56260869565216,0,255.99710856521742,0,255.99710856521742,1126.2971739130435
19/01/2025,11,409.56260869565216,0,255.99710856521742,0,255.99710856521742,1126.2971739130435
19/01/2025,12,409.56260869565216,0,255.99710856521742,0,255.99710856521742,1126.2971739130435
19/01/2025,13,409.56260869565216,0,255.99710856521742,0,255.99710856521742,1126.2971739130435
19/01/2025,14,409.56260869565216,0,255.99710856521742,0,255.99710856521742,1126.2971739130435
19/01/2025,15,409.56260869565216,0,255.99710856521742,0,255.99710856521742,1126.2971739130435
19/01/2025,16,409.56260869565216,0,255.99710856521742,0,255.99710856521742,1126.2971739130435
19/01/2025,17,409.56260869565216,0,255.99710856521742,0,255.99710856521742,1126.2971739130435
19/01/2025,18,409.56260869565216,0,255.99710856521742,0,255.99710856521742,1126.2971739130435
19/01/2025,19,409.56260869565216,0,255.99710856521742,0,255.99710856521742,1126.2971739130435
19/01/2025,20,409.56260869565216,0,255.99710856521742,0,255.99710856521742,1126.2971739130435
19/01/2025,21,409.56260869565216,0,255.99710856521742,0,255.99710856521742,1126.2971739130435
19/01/2025,22,409.56260869565216,0,255.99710856521742,0,255.99710856521742,1126.2971739130435
19/01/2025,23,409.56260869565216,0,255.99710856521742,0,255.99710856521742,1126.2971739130435
19/01/2025,24,409.56260869565216,0,255.99710856521742,0,255.99710856521742,1126.2971739130435
20/01/2025,1,409.56260869565216,0,255.99710856521742,0,255.99710856521742,1126.2971739130435
20/01/2025,2,409.56260869565216,0,255.99710856521742,0,255.99710856521742,1126.2971739130435
20/01/2025,3,409.56260869565216,0,255.99710856521742,0,255.99710856521742,1126.2971739130435
20/01/2025,4,409.56260869565216,0,255.99710856521742,0,255.99710856521742,1126.2971739130435
20/01/2025,5,409.56260869565216,0,255.99710856521742,0,255.99710856521742,1126.2971739130435
20/01/2025,6,409.56260869565216,0,255.99710856521742,0,255.99710856521742,1126.2971739130435
20/01/2025,7,409.56260869565216,0,255.99710856521742,0,255.99710856521742,1126.2971739130435
20/01/2025,8,409.56260869565216,0,255.99710856521742,0,255.99710856521742,1126.2971739130435
20/01/2025,9,409.56260869565216,0,255.99710856521742,0,255.99710856521742,1126.2971739130435
20/01/2025,10,409.56260869565216,0,255.99710856521742,0,255.99710856521742,1126.2971739130435
20/01/2025,11,409.56260869565216,0,255.99710856521742,0,255.99710856521742,1126.2971739130435
20/01/2025,12,409.56260869565216,0,255.99710856521742,0,255.99710856521742,1126.2971739130435
20/01/2025,13,409.56260869565216,0,255.99710856521742,0,255.99710856521742,1126.2971739130435
20/01/2025,14,409.56260869565216,0,255.99710856521742,0,255.99710856521742,1126.2971739130435
20/01/2025,15,409.56260869565216,0,255.99710856521742,0,255.99710856521742,1126.2971739130435
20/01/2025,16,409.56260869565216,0,255.99710856521742,0,255.99710856521742,1126.2971739130435
20/01/2025,17,409.56260869565216,0,255.99710856521742,0,255.99710856521742,1126.2971739130435
20/01/2025,18,409.56260869565216,0,255.99710856521742,0,255.99710856521742,1126.2971739130435
20/01/2025,19,409.56260869565216,0,255.99710856521742,0,255.99710856521742,1126.2971739130435
20/01/2025,20,409.56260869565216,0,255.99710856521742,0,255.99710856521742,1126.2971739130435
20/01/2025,21,409.56260869565216,0,255.99710856521742,0,255.99710856521742,1126.2971739130435
20/01/2025,22,409.56260869565216,0,255.99710856521742,0,255.99710856521742,1126.2971739130435
20/01/2025,23,409.56260869565216,0,255.99710856521742,0,255.99710856521742,1126.2971739130435
20/01/2025,24,409.56260869565216,0,255.99710856521742,0,255.99710856521742,1126.2971739130435
21/01/2025,1,409.56260869565216,0,255.99710856521742,0,255.99710856521742,1126.2971739130435
21/01/2025,2,409.56260869565216,0,255.99710856521742,0,255.99710856521742,1126.2971739130435
21/01/2025,3,409.56260869565216,0,255.99710856521742,0,255.99710856521742,1126.2971739130435
21/01/2025,4,409.56260869565216,0,255.99710856521742,0,255.99710856521742,1126.2971739130435
21/01/2025,5,409.56260869565216,0,255.99710856521742,0,255.99710856521742,1126.2971739130435
21/01/2025,6,409.56260869565216,0,255.99710856521742,0,255.99710856521742,1126.2971739130435
21/01/2025,7,409.56260869565216,0,255.99710856521742,0,255.99710856521742,1126.2971739130435
21/01/2025,8,409.56260869565216,0,255.99710856521742,0,255.99710856521742,1126.2971739130435
21/01/2025,9,409.56260869565216,0,255.99710856521742,0,255.99710856521742,1126.2971739130435
21/01/2025,10,409.56260869565216,0,255.99710856521742,0,255.99710856521742,1126.2971739130435
21/01/2025,11,409.56260869565216,0,255.99710856521742,0,255.99710856521742,1126.2971739130435
21/01/2025,12,409.56260869565216,0,255.99710856521742,0,255.99710856521742,1126.2971739130435
21/01/2025,13,409.56260869565216,0,255.99710856521742,0,255.99710856521742,1126.2971739130435
21/01/2025,14,409.56260869565216,0,255.99710856521742,0,255.99710856521742,1126.2971739130435
21/01/2025,15,409.56260869565216,0,255.99710856521742,0,255.99710856521742,1126.2971739130435
21/01/2025,16,409.56260869565216,0,255.99710856521742,0,255.99710856521742,1126.2971739130435
21/01/2025,17,409.56260869565216,0,255.99710856521742,0,255.99710856521742,1126.2971739130435
21/01/2025,18,409.56260869565216,0,255.99710856521742,0,255.99710856521742,1126.2971739130435
21/01/2025,19,409.56260869565216,0,255.99710856521742,0,255.99710856521742,1126.2971739130435
21/01/2025,20,409.56260869565216,0,255.99710856521742,0,255.99710856521742,1126.2971739130435
21/01/2025,21,409.56260869565216,0,255.99710856521742,0,255.99710856521742,1126.2971739130435
21/01/2025,22,409.56260869565216,0,255.99710856521742,0,255.99710856521742,1126.2971739130435
21/01/2025,23,409.56260869565216,0,255.99710856521742,0,255.99710856521742,1126.2971739130435
21/01/2025,24,409.56260869565216,0,255.99710856521742,0,255.99710856521742,1126.2971739130435
22/01/2025,1,409.56260869565216,0,255.99710856521742,0,255.99710856521742,1126.2971739130435
22/01/2025,2,409.56260869565216,0,255.99710856521742,0,255.99710856521742,1126.2971739130435
22/01/2025,3,409.56260869565216,0,255.99710856521742,0,255.99710856521742,1126.2971739130435
22/01/2025,4,409.56260869565216,0,255.99710856521742,0,255.99710856521742,1126.2971739130435
22/01/2025,5,409.56260869565216,0,255.99710856521742,0,255.99710856521742,1126.2971739130435
22/01/2025,6,409.56260869565216,0,255.99710856521742,0,255.99710856521742,1126.2971739130435
22/01/2025,7,409.56260869565216,0,255.99710856521742,0,255.99710856521742,1126.2971739130435
22/01/2025,8,409.56260869565216,0,255.99710856521742,0,255.99710856521742,1126.2971739130435
22/01/2025,9,409.56260869565216,0,255.99710856521742,0,255.99710856521742,1126.2971739130435
22/01/2025,10,409.56260869565216,0,255.99710856521742,0,255.99710856521742,1126.2971739130435
22/01/2025,11,409.56260869565216,0,255.99710856521742,0,255.99710856521742,1126.2971739130435
22/01/2025,12,409.56260869565216,0,255.99710856521742,0,255.99710856521742,1126.2971739130435
22/01/2025,13,409.56260869565216,0,255.99710856521742,0,255.99710856521742,1126.2971739130435
22/01/2025,14,409.56260869565216,0,255.99710856521742,0,255.99710856521742,1126.2971739130435
22/01/2025,15,409.56260869565216,0,255.99710856521742,0,255.99710856521742,1126.2971739130435
22/01/2025,16,409.56260869565216,0,255.99710856521742,0,255.99710856521742,1126.2971739130435
22/01/2025,17,409.56260869565216,0,255.99710856521742,0,255.99710856521742,1126.2971739130435
22/01/2025,18,409.56260869565216,0,255.99710856521742,0,255.99710856521742,1126.2971739130435
22/01/2025,19,409.56260869565216,0,255.99710856521742,0,255.99710856521742,1126.2971739130435
22/01/2025,20,409.56260869565216,0,255.99710856521742,0,255.99710856521742,1126.2971739130435
22/01/2025,21,409.56260869565216,0,255.99710856521742,0,255.99710856521742,1126.2971739130435
22/01/2025,22,409.56260869565216,0,255.99710856521742,0,255.99710856521742,1126.2971739130435
22/01/2025,23,409.56260869565216,0,255.99710856521742,0,255.99710856521742,1126.2971739130435
22/01/2025,24,409.56260869565216,0,255.99710856521742,0,255.99710856521742,1126.2971739130435
23/01/2025,1,409.56260869565216,0,255.99710856521742,0,255.99710856521742,1126.2971739130435
23/01/2025,2,409.56260869565216,0,255.99710856521742,0,255.99710856521742,1126.2971739130435
23/01/2025,3,409.56260869565216,0,255.99710856521742,0,255.99710856521742,1126.2971739130435
23/01/2025,4,409.56260869565216,0,255.99710856521742,0,255.99710856521742,1126.2971739130435
23/01/2025,5,409.56260869565216,0,255.99710856521742,0,255.99710856521742,1126.2971739130435
23/01/2025,6,409.56260869565216,0,255.99710856521742,0,255.99710856521742,1126.2971739130435
23/01/2025,7,409.56260869565216,0,255.99710856521742,0,255.99710856521742,1126.2971739130435
23/01/2025,8,409.56260869565216,0,255.99710856521742,0,255.99710856521742,1126.2971739130435
23/01/2025,9,409.56260869565216,0,255.99710856521742,0,255.99710856521742,1126.2971739130435
23/01/2025,10,409.56260869565216,0,255.99710856521742,0,255.99710856521742,1126.2971739130435
23/01/2025,11,409.56260869565216,0,255.99710856521742,0,255.99710856521742,1126.2971739130435
23/01/2025,12,409.56260869565216,0,255.99710856521742,0,255.99710856521742,1126.2971739130435
23/01/2025,13,409.56260869565216,0,255.99710856521742,0,255.99710856521742,1126.2971739130435
23/01/2025,14,409.56260869565216,0,255.99710856521742,0,255.99710856521742,1126.2971739130435
23/01/2025,15,409.56260869565216,0,255.99710856521742,0,255.99710856521742,1126.2971739130435
23/01/2025,16,409.56260869565216,0,255.99710856521742,0,255.99710856521742,1126.2971739130435
23/01/2025,17,409.56260869565216,0,255.99710856521742,0,255.99710856521742,1126.2971739130435
23/01/2025,18,409.56260869565216,0,255.99710856521742,0,255.99710856521742,1126.2971739130435
23/01/2025,19,409.56260869565216,0,255.99710856521742,0,255.99710856521742,1126.2971739130435
23/01/2025,20,409.56260869565216,0,255.99710856521742,0,255.99710856521742,1126.2971739130435
23/01/2025,21,409.56260869565216,0,255.99710856521742,0,255.99710856521742,1126.2971739130435
23/01/2025,22,409.56260869565216,0,255.99710856521742,0,255.99710856521742,1126.2971739130435
23/01/2025,23,409.56260869565216,0,255.99710856521742,0,255.99710856521742,1126.2971739130435
23/01/2025,24,409.56260869565216,0,255.99710856521742,0,255.99710856521742,1126.2971739130435
24/01/2025,1,409.56260869565216,0,255.99710856521742,0,255.99710856521742,1126.2971739130435
24/01/2025,2,409.56260869565216,0,255.99710856521742,0,255.99710856521742,1126.2971739130435
24/01/2025,3,409.56260869565216,0,255.99710856521742,0,255.99710856521742,1126.2971739130435
24/01/2025,4,409.56260869565216,0,255.99710856521742,0,255.99710856521742,1126.2971739130435
24/01/2025,5,409.56260869565216,0,255.99710856521742,0,255.99710856521742,1126.2971739130435
24/01/2025,6,409.56260869565216,0,255.99710856521742,0,255.99710856521742,1126.2971739130435
24/01/2025,7,409.56260869565216,0,255.99710856521742,0,255.99710856521742,1126.2971739130435
24/01/2025,8,409.56260869565216,0,255.99710856521742,0,255.99710856521742,1126.2971739130435
24/01/2025,9,409.56260869565216,0,255.99710856521742,0,255.99710856521742,1126.2971739130435
24/01/2025,10,409.56260869565216,0,255.99710856521742,0,255.99710856521742,1126.2971739130435
24/01/2025,11,409.56260869565216,0,255.99710856521742,0,255.99710856521742,1126.2971739130435
24/01/2025,12,409.56260869565216,0,255.99710856521742,0,255.99710856521742,1126.2971739130435
24/01/2025,13,409.56260869565216,0,255.99710856521742,0,255.99710856521742,1126.2971739130435
24/01/2025,14,409.56260869565216,0,255.99710856521742,0,255.99710856521742,1126.2971739130435
24/01/2025,15,409.56260869565216,0,255.99710856521742,0,255.99710856521742,1126.2971739130435
24/01/2025,16,409.56260869565216,0,255.99710856521742,0,255.99710856521742,1126.2971739130435
24/01/2025,17,409.56260869565216,0,255.99710856521742,0,255.99710856521742,1126.2971739130435
24/01/2025,18,409.56260869565216,0,255.99710856521742,0,255.99710856521742,1126.2971739130435
24/01/2025,19,409.56260869565216,0,255.99710856521742,0,255.99710856521742,1126.2971739130435
24/01/2025,20,409.56260869565216,0,255.99710856521742,0,255.99710856521742,1126.2971739130435
24/01/2025,21,409.56260869565216,0,255.99710856521742,0,255.99710856521742,1126.2971739130435
24/01/2025,22,409.56260869565216,0,255.99710856521742,0,255.99710856521742,1126.2971739130435
24/01/2025,23,409.56260869565216,0,255.99710856521742,0,255.99710856521742,1126.2971739130435
24/01/2025,24,409.56260869565216,0,255.99710856521742,0,255.99710856521742,1126.2971739130435
25/01/2025,1,409.56260869565216,0,255.99710856521742,0,255.99710856521742,1126.2971739130435
25/01/2025,2,409.56260869565216,0,255.99710856521742,0,255.99710856521742,1126.2971739130435
25/01/2025,3,409.56260869565216,0,255.99710856521742,0,255.99710856521742,1126.2971739130435
25/01/2025,4,409.56260869565216,0,255.99710856521742,0,255.99710856521742,1126.2971739130435
25/01/2025,5,409.56260869565216,0,255.99710856521742,0,255.99710856521742,1126.2971739130435
25/01/2025,6,409.56260869565216,0,255.99710856521742,0,255.99710856521742,1126.2971739130435
25/01/2025,7,409.56260869565216,0,255.99710856521742,0,255.99710856521742,1126.2971739130435
25/01/2025,8,409.56260869565216,0,255.99710856521742,0,255.99710856521742,1126.2971739130435
25/01/2025,9,409.56260869565216,0,255.99710856521742,0,255.99710856521742,1126.2971739130435
25/01/2025,10,409.56260869565216,0,255.99710856521742,0,255.99710856521742,1126.2971739130435
25/01/2025,11,409.56260869565216,0,255.99710856521742,0,255.99710856521742,1126.2971739130435
25/01/2025,12,409.56260869565216,0,255.99710856521742,0,255.99710856521742,1126.2971739130435
25/01/2025,13,409.56260869565216,0,255.99710856521742,0,255.99710856521742,1126.2971739130435
25/01/2025,14,409.56260869565216,0,255.99710856521742,0,255.99710856521742,1126.2971739130435
25/01/2025,15,409.56260869565216,0,255.99710856521742,0,255.99710856521742,1126.2971739130435
25/01/2025,16,409.56260869565216,0,255.99710856521742,0,255.99710856521742,1126.2971739130435
25/01/2025,17,409.56260869565216,0,255.99710856521742,0,255.99710856521742,1126.2971739130435
25/01/2025,18,409.56260869565216,0,255.99710856521742,0,255.99710856521742,1126.2971739130435
25/01/2025,19,409.56260869565216,0,255.99710856521742,0,255.99710856521742,1126.2971739130435
25/01/2025,20,409.56260869565216,0,255.99710856521742,0,255.99710856521742,1126.2971739130435
25/01/2025,21,409.56260869565216,0,255.99710856521742,0,255.99710856521742,1126.2971739130435
25/01/2025,22,409.56260869565216,0,255.99710856521742,0,255.99710856521742,1126.2971739130435
25/01/2025,23,409.56260869565216,0,255.99710856521742,0,255.99710856521742,1126.2971739130435
25/01/2025,24,409.56260869565216,0,255.99710856521742,0,255.99710856521742,1126.2971739130435
26/01/2025,1,409.56260869565216,0,255.99710856521742,0,255.99710856521742,1126.2971739130435
26/01/2025,2,409.56260869565216,0,255.99710856521742,0,255.99710856521742,1126.2971739130435
26/01/2025,3,409.56260869565216,0,255.99710856521742,0,255.99710856521742,1126.2971739130435
26/01/2025,4,409.56260869565216,0,255.99710856521742,0,255.99710856521742,1126.2971739130435
26/01/2025,5,409.56260869565216,0,255.99710856521742,0,255.99710856521742,1126.2971739130435
26/01/2025,6,409.56260869565216,0,255.99710856521742,0,255.99710856521742,1126.2971739130435
26/01/2025,7,409.56260869565216,0,255.99710856521742,0,255.99710856521742,1126.2971739130435
26/01/2025,8,409.56260869565216,0,255.99710856521742,0,255.99710856521742,1126.2971739130435
26/01/2025,9,409.56260869565216,0,255.99710856521742,0,255.99710856521742,1126.2971739130435
26/01/2025,10,409.56260869565216,0,255.99710856521742,0,255.99710856521742,1126.2971739130435
26/01/2025,11,409.56260869565216,0,255.99710856521742,0,255.99710856521742,1126.2971739130435
26/01/2025,12,409.56260869565216,0,255.99710856521742,0,255.99710856521742,1126.2971739130435
26/01/2025,13,409.56260869565216,0,255.99710856521742,0,255.99710856521742,1126.2971739130435
26/01/2025,14,409.56260869565216,0,255.99710856521742,0,255.99710856521742,1126.2971739130435
26/01/2025,15,409.56260869565216,0,255.99710856521742,0,255.99710856521742,1126.2971739130435
26/01/2025,16,409.56260869565216,0,255.99710856521742,0,255.99710856521742,1126.2971739130435
26/01/2025,17,409.56260869565216,0,255.99710856521742,0,255.99710856521742,1126.2971739130435
26/01/2025,18,409.56260869565216,0,255.99710856521742,0,255.99710856521742,1126.2971739130435
26/01/2025,19,409.56260869565216,0,255.99710856521742,0,255.99710856521742,1126.2971739130435
26/01/2025,20,409.56260869565216,0,255.99710856521742,0,255.99710856521742,1126.2971739130435
26/01/2025,21,409.56260869565216,0,255.99710856521742,0,255.99710856521742,1126.2971739130435
26/01/2025,22,409.56260869565216,0,255.99710856521742,0,255.99710856521742,1126.2971739130435
26/01/2025,23,409.56260869565216,0,255.99710856521742,0,255.99710856521742,1126.2971739130435
26/01/2025,24,409.56260869565216,0,255.99710856521742,0,255.99710856521742,1126.2971739130435
27/01/2025,1,409.56260869565216,0,255.99710856521742,0,255.99710856521742,1126.2971739130435
27/01/2025,2,409.56260869565216,0,255.99710856521742,0,255.99710856521742,1126.2971739130435
27/01/2025,3,409.56260869565216,0,255.99710856521742,0,255.99710856521742,1126.2971739130435
27/01/2025,4,409.56260869565216,0,255.99710856521742,0,255.99710856521742,1126.2971739130435
27/01/2025,5,409.56260869565216,0,255.99710856521742,0,255.99710856521742,1126.2971739130435
27/01/2025,6,409.56260869565216,0,255.99710856521742,0,255.99710856521742,1126.2971739130435
27/01/2025,7,409.56260869565216,0,255.99710856521742,0,255.99710856521742,1126.2971739130435
27/01/2025,8,409.56260869565216,0,255.99710856521742,0,255.99710856521742,1126.2971739130435
27/01/2025,9,409.56260869565216,0,255.99710856521742,0,255.99710856521742,1126.2971739130435
27/01/2025,10,409.56260869565216,0,255.99710856521742,0,255.99710856521742,1126.2971739130435
27/01/2025,11,409.56260869565216,0,255.99710856521742,0,255.99710856521742,1126.2971739130435
27/01/2025,12,409.56260869565216,0,255.99710856521742,0,255.99710856521742,1126.2971739130435
27/01/2025,13,409.56260869565216,0,255.99710856521742,0,255.99710856521742,1126.2971739130435
27/01/2025,14,409.56260869565216,0,255.99710856521742,0,255.99710856521742,1126.2971739130435
27/01/2025,15,409.56260869565216,0,255.99710856521742,0,255.99710856521742,1126.2971739130435
27/01/2025,16,409.56260869565216,0,255.99710856521742,0,255.99710856521742,1126.2971739130435
27/01/2025,17,409.56260869565216,0,255.99710856521742,0,255.99710856521742,1126.2971739130435
27/01/2025,18,409.56260869565216,0,255.99710856521742,0,255.99710856521742,1126.2971739130435
27/01/2025,19,409.56260869565216,0,255.99710856521742,0,255.99710856521742,1126.2971739130435
27/01/2025,20,409.56260869565216,0,255.99710856521742,0,255.99710856521742,1126.2971739130435
27/01/2025,21,409.56260869565216,0,255.99710856521742,0,255.99710856521742,1126.2971739130435
27/01/2025,22,409.56260869565216,0,255.99710856521742,0,255.99710856521742,1126.2971739130435
27/01/2025,23,409.56260869565216,0,255.99710856521742,0,255.99710856521742,1126.2971739130435
27/01/2025,24,409.56260869565216,0,255.99710856521742,0,255.99710856521742,1126.2971739130435
28/01/2025,1,409.56260869565216,0,255.99710856521742,0,255.99710856521742,1126.2971739130435
28/01/2025,2,409.56260869565216,0,255.99710856521742,0,255.99710856521742,1126.2971739130435
28/01/2025,3,409.56260869565216,0,255.99710856521742,0,255.99710856521742,1126.2971739130435
28/01/2025,4,409.56260869565216,0,255.99710856521742,0,255.99710856521742,1126.2971739130435
28/01/2025,5,409.56260869565216,0,255.99710856521742,0,255.99710856521742,1126.2971739130435
28/01/2025,6,409.56260869565216,0,255.99710856521742,0,255.99710856521742,1126.2971739130435
28/01/2025,7,409.56260869565216,0,255.99710856521742,0,255.99710856521742,1126.2971739130435
28/01/2025,8,409.56260869565216,0,255.99710856521742,0,255.99710856521742,1126.2971739130435
28/01/2025,9,409.56260869565216,0,255.99710856521742,0,255.99710856521742,1126.2971739130435
28/01/2025,10,409.56260869565216,0,255.99710856521742,0,255.99710856521742,1126.2971739130435
28/01/2025,11,409.56260869565216,0,255.99710856521742,0,255.99710856521742,1126.2971739130435
28/01/2025,12,409.56260869565216,0,255.99710856521742,0,255.99710856521742,1126.2971739130435
28/01/2025,13,409.56260869565216,0,255.99710856521742,0,255.99710856521742,1126.2971739130435
28/01/2025,14,409.56260869565216,0,255.99710856521742,0,255.99710856521742,1126.2971739130435
28/01/2025,15,409.56260869565216,0,255.99710856521742,0,255.99710856521742,1126.2971739130435
28/01/2025,16,409.56260869565216,0,255.99710856521742,0,255.99710856521742,1126.2971739130435
28/01/2025,17,409.56260869565216,0,255.99710856521742,0,255.99710856521742,1126.2971739130435
28/01/2025,18,409.56260869565216,0,255.99710856521742,0,255.99710856521742,1126.2971739130435
28/01/2025,19,409.56260869565216,0,255.99710856521742,0,255.99710856521742,1126.2971739130435
28/01/2025,20,409.56260869565216,0,255.99710856521742,0,255.99710856521742,1126.2971739130435
28/01/2025,21,409.56260869565216,0,255.99710856521742,0,255.99710856521742,1126.2971739130435
28/01/2025,22,409.56260869565216,0,255.99710856521742,0,255.99710856521742,1126.2971739130435
28/01/2025,23,409.56260869565216,0,255.99710856521742,0,255.99710856521742,1126.2971739130435
28/01/2025,24,409.56260869565216,0,255.99710856521742,0,255.99710856521742,1126.2971739130435
29/01/2025,1,409.56260869565216,0,255.99710856521742,0,255.99710856521742,1126.2971739130435
29/01/2025,2,409.56260869565216,0,255.99710856521742,0,255.99710856521742,1126.2971739130435
29/01/2025,3,409.56260869565216,0,255.99710856521742,0,255.99710856521742,1126.2971739130435
29/01/2025,4,409.56260869565216,0,255.99710856521742,0,255.99710856521742,1126.2971739130435
29/01/2025,5,409.56260869565216,0,255.99710856521742,0,255.99710856521742,1126.2971739130435
29/01/2025,6,409.56260869565216,0,255.99710856521742,0,255.99710856521742,1126.2971739130435
29/01/2025,7,409.56260869565216,0,255.99710856521742,0,255.99710856521742,1126.2971739130435
29/01/2025,8,409.56260869565216,0,255.99710856521742,0,255.99710856521742,1126.2971739130435
29/01/2025,9,409.56260869565216,0,255.99710856521742,0,255.99710856521742,1126.2971739130435
29/01/2025,10,409.56260869565216,0,255.99710856521742,0,255.99710856521742,1126.2971739130435
29/01/2025,11,409.56260869565216,0,255.99710856521742,0,255.99710856521742,1126.2971739130435
29/01/2025,12,409.56260869565216,0,255.99710856521742,0,255.99710856521742,1126.2971739130435
29/01/2025,13,409.56260869565216,0,255.99710856521742,0,255.99710856521742,1126.2971739130435
29/01/2025,14,409.56260869565216,0,255.99710856521742,0,255.99710856521742,1126.2971739130435
29/01/2025,15,409.56260869565216,0,255.99710856521742,0,255.99710856521742,1126.2971739130435
29/01/2025,16,409.56260869565216,0,255.99710856521742,0,255.99710856521742,1126.2971739130435
29/01/2025,17,409.56260869565216,0,255.99710856521742,0,255.99710856521742,1126.2971739130435
29/01/2025,18,409.56260869565216,0,255.99710856521742,0,255.99710856521742,1126.2971739130435
29/01/2025,19,409.56260869565216,0,255.99710856521742,0,255.99710856521742,1126.2971739130435
29/01/2025,20,409.56260869565216,0,255.99710856521742,0,255.99710856521742,1126.2971739130435
29/01/2025,21,409.56260869565216,0,255.99710856521742,0,255.99710856521742,1126.2971739130435
29/01/2025,22,409.56260869565216,0,255.99710856521742,0,255.99710856521742,1126.2971739130435
29/01/2025,23,409.56260869565216,0,255.99710856521742,0,255.99710856521742,1126.2971739130435
29/01/2025,24,409.56260869565216,0,255.99710856521742,0,255.99710856521742,1126.2971739130435
30/01/2025,1,409.56260869565216,0,255.99710856521742,0,255.99710856521742,1126.2971739130435
30/01/2025,2,409.56260869565216,0,255.99710856521742,0,255.99710856521742,1126.2971739130435
30/01/2025,3,409.56260869565216,0,255.99710856521742,0,255.99710856521742,1126.2971739130435
30/01/2025,4,409.56260869565216,0,255.99710856521742,0,255.99710856521742,1126.2971739130435
30/01/2025,5,409.56260869565216,0,255.99710856521742,0,255.99710856521742,1126.2971739130435
30/01/2025,6,409.56260869565216,0,255.99710856521742,0,255.99710856521742,1126.2971739130435
30/01/2025,7,409.56260869565216,0,255.99710856521742,0,255.99710856521742,1126.2971739130435
30/01/2025,8,409.56260869565216,0,255.99710856521742,0,255.99710856521742,1126.2971739130435
30/01/2025,9,409.56260869565216,0,255.99710856521742,0,255.99710856521742,1126.2971739130435
30/01/2025,10,409.56260869565216,0,255.99710856521742,0,255.99710856521742,1126.2971739130435
30/01/2025,11,409.56260869565216,0,255.99710856521742,0,255.99710856521742,1126.2971739130435
30/01/2025,12,409.56260869565216,0,255.99710856521742,0,255.99710856521742,1126.2971739130435
30/01/2025,13,409.56260869565216,0,255.99710856521742,0,255.99710856521742,1126.2971739130435
30/01/2025,14,409.56260869565216,0,255.99710856521742,0,255.99710856521742,1126.2971739130435
30/01/2025,15,409.56260869565216,0,255.99710856521742,0,255.99710856521742,1126.2971739130435
30/01/2025,16,409.56260869565216,0,255.99710856521742,0,255.99710856521742,1126.2971739130435
30/01/2025,17,409.56260869565216,0,255.99710856521742,0,255.99710856521742,1126.2971739130435
30/01/2025,18,409.56260869565216,0,255.99710856521742,0,255.99710856521742,1126.2971739130435
30/01/2025,19,409.56260869565216,0,255.99710856521742,0,255.99710856521742,1126.2971739130435
30/01/2025,20,409.56260869565216,0,255.99710856521742,0,255.99710856521742,1126.2971739130435
30/01/2025,21,409.56260869565216,0,255.99710856521742,0,255.99710856521742,1126.2971739130435
30/01/2025,22,409.56260869565216,0,255.99710856521742,0,255.99710856521742,1126.2971739130435
30/01/2025,23,409.56260869565216,0,255.99710856521742,0,255.99710856521742,1126.2971739130435
30/01/2025,24,409.56260869565216,0,255.99710856521742,0,255.99710856521742,1126.2971739130435
31/01/2025,1,409.56260869565216,0,255.99710856521742,0,255.99710856521742,1126.2971739130435
31/01/2025,2,409.56260869565216,0,255.99710856521742,0,255.99710856521742,1126.2971739130435
31/01/2025,3,409.56260869565216,0,255.99710856521742,0,255.99710856521742,1126.2971739130435
31/01/2025,4,409.56260869565216,0,255.99710856521742,0,255.99710856521742,1126.2971739130435
31/01/2025,5,409.56260869565216,0,255.99710856521742,0,255.99710856521742,1126.2971739130435
31/01/2025,6,409.56260869565216,0,255.99710856521742,0,255.99710856521742,1126.2971739130435
31/01/2025,7,409.56260869565216,0,255.99710856521742,0,255.99710856521742,1126.2971739130435
31/01/2025,8,409.56260869565216,0,255.99710856521742,0,255.99710856521742,1126.2971739130435
31/01/2025,9,409.56260869565216,0,255.99710856521742,0,255.99710856521742,1126.2971739130435
31/01/2025,10,409.56260869565216,0,255.99710856521742,0,255.99710856521742,1126.2971739130435
31/01/2025,11,409.56260869565216,0,255.99710856521742,0,255.99710856521742,1126.2971739130435
31/01/2025,12,409.56260869565216,0,255.99710856521742,0,255.99710856521742,1126.2971739130435
31/01/2025,13,409.56260869565216,0,255.99710856521742,0,255.99710856521742,1126.2971739130435
31/01/2025,14,409.56260869565216,0,255.99710856521742,0,255.99710856521742,1126.2971739130435
31/01/2025,15,409.56260869565216,0,255.99710856521742,0,255.99710856521742,1126.2971739130435
31/01/2025,16,409.56260869565216,0,255.99710856521742,0,255.99710856521742,1126.2971739130435
31/01/2025,17,409.56260869565216,0,255.99710856521742,0,255.99710856521742,1126.2971739130435
31/01/2025,18,409.56260869565216,0,255.99710856521742,0,255.99710856521742,1126.2971739130435
31/01/2025,19,409.56260869565216,0,255.99710856521742,0,255.99710856521742,1126.2971739130435
31/01/2025,20,409.56260869565216,0,255.99710856521742,0,255.99710856521742,1126.2971739130435
31/01/2025,21,409.56260869565216,0,255.99710856521742,0,255.99710856521742,1126.2971739130435
31/01/2025,22,409.56260869565216,0,255.99710856521742,0,255.99710856521742,1126.2971739130435
31/01/2025,23,409.56260869565216,0,255.99710856521742,0,255.99710856521742,1126.2971739130435
31/01/2025,24,409.56260869565216,0,255.99710856521742,0,255.99710856521742,1126.2971739130435
01/02/2025,1,409.56260869565216,0,255.99710856521742,0,255.99710856521742,1126.2971739130435
01/02/2025,2,409.56260869565216,0,255.99710856521742,0,255.99710856521742,1126.2971739130435
01/02/2025,3,409.56260869565216,0,255.99710856521742,0,255.99710856521742,1126.2971739130435
01/02/2025,4,409.56260869565216,0,255.99710856521742,0,255.99710856521742,1126.2971739130435
01/02/2025,5,409.56260869565216,0,255.99710856521742,0,255.99710856521742,1126.2971739130435
01/02/2025,6,409.56260869565216,0,255.99710856521742,0,255.99710856521742,1126.2971739130435
01/02/2025,7,409.56260869565216,0,255.99710856521742,0,255.99710856521742,1126.2971739130435
01/02/2025,8,409.56260869565216,0,255.99710856521742,0,255.99710856521742,1126.2971739130435
01/02/2025,9,409.56260869565216,0,255.99710856521742,0,255.99710856521742,1126.2971739130435
01/02/2025,10,409.56260869565216,0,255.99710856521742,0,255.99710856521742,1126.2971739130435
01/02/2025,11,409.56260869565216,0,255.99710856521742,0,255.99710856521742,1126.2971739130435
01/02/2025,12,409.56260869565216,0,255.99710856521742,0,255.99710856521742,1126.2971739130435
01/02/2025,13,409.56260869565216,0,255.99710856521742,0,255.99710856521742,1126.2971739130435
01/02/2025,14,409.56260869565216,0,255.99710856521742,0,255.99710856521742,1126.2971739130435
01/02/2025,15,409.56260869565216,0,255.99710856521742,0,255.99710856521742,1126.2971739130435
01/02/2025,16,409.56260869565216,0,255.99710856521742,0,255.99710856521742,1126.2971739130435
01/02/2025,17,409.56260869565216,0,255.99710856521742,0,255.99710856521742,1126.2971739130435
01/02/2025,18,409.56260869565216,0,255.99710856521742,0,255.99710856521742,1126.2971739130435
01/02/2025,19,409.56260869565216,0,255.99710856521742,0,255.99710856521742,1126.2971739130435
01/02/2025,20,409.56260869565216,0,255.99710856521742,0,255.99710856521742,1126.2971739130435
01/02/2025,21,409.56260869565216,0,255.99710856521742,0,255.99710856521742,1126.2971739130435
01/02/2025,22,409.56260869565216,0,255.99710856521742,0,255.99710856521742,1126.2971739130435
01/02/2025,23,409.56260869565216,0,255.99710856521742,0,255.99710856521742,1126.2971739130435
01/02/2025,24,409.56260869565216,0,255.99710856521742,0,255.99710856521742,1126.2971739130435
02/02/2025,1,409.56260869565216,0,255.99710856521742,0,255.99710856521742,1126.2971739130435
02/02/2025,2,409.56260869565216,0,255.99710856521742,0,255.99710856521742,1126.2971739130435
02/02/2025,3,409.56260869565216,0,255.99710856521742,0,255.99710856521742,1126.2971739130435
02/02/2025,4,409.56260869565216,0,255.99710856521742,0,255.99710856521742,1126.2971739130435
02/02/2025,5,409.56260869565216,0,255.99710856521742,0,255.99710856521742,1126.2971739130435
02/02/2025,6,409.56260869565216,0,255.99710856521742,0,255.99710856521742,1126.2971739130435
02/02/2025,7,409.56260869565216,0,255.99710856521742,0,255.99710856521742,1126.2971739130435
02/02/2025,8,409.56260869565216,0,255.99710856521742,0,255.99710856521742,1126.2971739130435
02/02/2025,9,409.56260869565216,0,255.99710856521742,0,255.99710856521742,1126.2971739130435
02/02/2025,10,409.56260869565216,0,255.99710856521742,0,255.99710856521742,1126.2971739130435
02/02/2025,11,409.56260869565216,0,255.99710856521742,0,255.99710856521742,1126.2971739130435
02/02/2025,12,409.56260869565216,0,255.99710856521742,0,255.99710856521742,1126.2971739130435
02/02/2025,13,409.56260869565216,0,255.99710856521742,0,255.99710856521742,1126.2971739130435
02/02/2025,14,409.56260869565216,0,255.99710856521742,0,255.99710856521742,1126.2971739130435
02/02/2025,15,409.56260869565216,0,255.99710856521742,0,255.99710856521742,1126.2971739130435
02/02/2025,16,409.56260869565216,0,255.99710856521742,0,255.99710856521742,1126.2971739130435
02/02/2025,17,409.56260869565216,0,255.99710856521742,0,255.99710856521742,1126.2971739130435
02/02/2025,18,409.56260869565216,0,255.99710856521742,0,255.99710856521742,1126.2971739130435
02/02/2025,19,409.56260869565216,0,255.99710856521742,0,255.99710856521742,1126.2971739130435
02/02/2025,20,409.56260869565216,0,255.99710856521742,0,255.99710856521742,1126.2971739130435
02/02/2025,21,409.56260869565216,0,255.99710856521742,0,255.99710856521742,1126.2971739130435
02/02/2025,22,409.56260869565216,0,255.99710856521742,0,255.99710856521742,1126.2971739130435
02/02/2025,23,409.56260869565216,0,255.99710856521742,0,255.99710856521742,1126.2971739130435
02/02/2025,24,409.56260869565216,0,255.99710856521742,0,255.99710856521742,1126.2971739130435
03/02/2025,1,409.56260869565216,0,255.99710856521742,0,255.99710856521742,1126.2971739130435
03/02/2025,2,409.56260869565216,0,255.99710856521742,0,255.99710856521742,1126.2971739130435
03/02/2025,3,409.56260869565216,0,255.99710856521742,0,255.99710856521742,1126.2971739130435
03/02/2025,4,409.56260869565216,0,255.99710856521742,0,255.99710856521742,1126.2971739130435
03/02/2025,5,409.56260869565216,0,255.99710856521742,0,255.99710856521742,1126.2971739130435
03/02/2025,6,409.56260869565216,0,255.99710856521742,0,255.99710856521742,1126.2971739130435
03/02/2025,7,409.56260869565216,0,255.99710856521742,0,255.99710856521742,1126.2971739130435
03/02/2025,8,409.56260869565216,0,255.99710856521742,0,255.99710856521742,1126.2971739130435
03/02/2025,9,409.56260869565216,0,255.99710856521742,0,255.99710856521742,1126.2971739130435
03/02/2025,10,409.56260869565216,0,255.99710856521742,0,255.99710856521742,1126.2971739130435
03/02/2025,11,409.56260869565216,0,255.99710856521742,0,255.99710856521742,1126.2971739130435
03/02/2025,12,409.56260869565216,0,255.99710856521742,0,255.99710856521742,1126.2971739130435
03/02/2025,13,409.56260869565216,0,255.99710856521742,0,255.99710856521742,1126.2971739130435
03/02/2025,14,409.56260869565216,0,255.99710856521742,0,255.99710856521742,1126.2971739130435
03/02/2025,15,409.56260869565216,0,255.99710856521742,0,255.99710856521742,1126.2971739130435
03/02/2025,16,409.56260869565216,0,255.99710856521742,0,255.99710856521742,1126.2971739130435
03/02/2025,17,409.56260869565216,0,255.99710856521742,0,255.99710856521742,1126.2971739130435
03/02/2025,18,409.56260869565216,0,255.99710856521742,0,255.99710856521742,1126.2971739130435
03/02/2025,19,409.56260869565216,0,255.99710856521742,0,255.99710856521742,1126.2971739130435
03/02/2025,20,409.56260869565216,0,255.99710856521742,0,255.99710856521742,1126.2971739130435
03/02/2025,21,409.56260869565216,0,255.99710856521742,0,255.99710856521742,1126.2971739130435
03/02/2025,22,409.56260869565216,0,255.99710856521742,0,255.99710856521742,1126.2971739130435
03/02/2025,23,409.56260869565216,0,255.99710856521742,0,255.99710856521742,1126.2971739130435
03/02/2025,24,409.56260869565216,0,255.99710856521742,0,255.99710856521742,1126.2971739130435
04/02/2025,1,409.56260869565216,0,255.99710856521742,0,255.99710856521742,1126.2971739130435
04/02/2025,2,409.56260869565216,0,255.99710856521742,0,255.99710856521742,1126.2971739130435
04/02/2025,3,409.56260869565216,0,255.99710856521742,0,255.99710856521742,1126.2971739130435
04/02/2025,4,409.56260869565216,0,255.99710856521742,0,255.99710856521742,1126.2971739130435
04/02/2025,5,409.56260869565216,0,255.99710856521742,0,255.99710856521742,1126.2971739130435
04/02/2025,6,409.56260869565216,0,255.99710856521742,0,255.99710856521742,1126.2971739130435
04/02/2025,7,409.56260869565216,0,255.99710856521742,0,255.99710856521742,1126.2971739130435
04/02/2025,8,409.56260869565216,0,255.99710856521742,0,255.99710856521742,1126.2971739130435
04/02/2025,9,409.56260869565216,0,255.99710856521742,0,255.99710856521742,1126.2971739130435
04/02/2025,10,409.56260869565216,0,255.99710856521742,0,255.99710856521742,1126.2971739130435
04/02/2025,11,409.56260869565216,0,255.99710856521742,0,255.99710856521742,1126.2971739130435
04/02/2025,12,409.56260869565216,0,255.99710856521742,0,255.99710856521742,1126.2971739130435
04/02/2025,13,409.56260869565216,0,255.99710856521742,0,255.99710856521742,1126.2971739130435
04/02/2025,14,409.56260869565216,0,255.99710856521742,0,255.99710856521742,1126.2971739130435
04/02/2025,15,409.56260869565216,0,255.99710856521742,0,255.99710856521742,1126.2971739130435
04/02/2025,16,409.56260869565216,0,255.99710856521742,0,255.99710856521742,1126.2971739130435
04/02/2025,17,409.56260869565216,0,255.99710856521742,0,255.99710856521742,1126.2971739130435
04/02/2025,18,409.56260869565216,0,255.99710856521742,0,255.99710856521742,1126.2971739130435
04/02/2025,19,409.56260869565216,0,255.99710856521742,0,255.99710856521742,1126.2971739130435
04/02/2025,20,409.56260869565216,0,255.99710856521742,0,255.99710856521742,1126.2971739130435
04/02/2025,21,409.56260869565216,0,255.99710856521742,0,255.99710856521742,1126.2971739130435
04/02/2025,22,409.56260869565216,0,255.99710856521742,0,255.99710856521742,1126.2971739130435
04/02/2025,23,409.56260869565216,0,255.99710856521742,0,255.99710856521742,1126.2971739130435
04/02/2025,24,409.56260869565216,0,255.99710856521742,0,255.99710856521742,1126.2971739130435
05/02/2025,1,409.56260869565216,0,255.99710856521742,0,255.99710856521742,1126.2971739130435
05/02/2025,2,409.56260869565216,0,255.99710856521742,0,255.99710856521742,1126.2971739130435
05/02/2025,3,409.56260869565216,0,255.99710856521742,0,255.99710856521742,1126.2971739130435
05/02/2025,4,409.56260869565216,0,255.99710856521742,0,255.99710856521742,1126.2971739130435
05/02/2025,5,409.56260869565216,0,255.99710856521742,0,255.99710856521742,1126.2971739130435
05/02/2025,6,409.56260869565216,0,255.99710856521742,0,255.99710856521742,1126.2971739130435
05/02/2025,7,409.56260869565216,0,255.99710856521742,0,255.99710856521742,1126.2971739130435
05/02/2025,8,409.56260869565216,0,255.99710856521742,0,255.99710856521742,1126.2971739130435
05/02/2025,9,409.56260869565216,0,255.99710856521742,0,255.99710856521742,1126.2971739130435
05/02/2025,10,409.56260869565216,0,255.99710856521742,0,255.99710856521742,1126.2971739130435
05/02/2025,11,409.56260869565216,0,255.99710856521742,0,255.99710856521742,1126.2971739130435
05/02/2025,12,409.56260869565216,0,255.99710856521742,0,255.99710856521742,1126.2971739130435
05/02/2025,13,409.56260869565216,0,255.99710856521742,0,255.99710856521742,1126.2971739130435
05/02/2025,14,409.56260869565216,0,255.99710856521742,0,255.99710856521742,1126.2971739130435
05/02/2025,15,409.56260869565216,0,255.99710856521742,0,255.99710856521742,1126.2971739130435
05/02/2025,16,409.56260869565216,0,255.99710856521742,0,255.99710856521742,1126.2971739130435
05/02/2025,17,409.56260869565216,0,255.99710856521742,0,255.99710856521742,1126.2971739130435
05/02/2025,18,409.56260869565216,0,255.99710856521742,0,255.99710856521742,1126.2971739130435
05/02/2025,19,409.56260869565216,0,255.99710856521742,0,255.99710856521742,1126.2971739130435
05/02/2025,20,409.56260869565216,0,255.99710856521742,0,255.99710856521742,1126.2971739130435
05/02/2025,21,409.56260869565216,0,255.99710856521742,0,255.99710856521742,1126.2971739130435
05/02/2025,22,409.56260869565216,0,255.99710856521742,0,255.99710856521742,1126.2971739130435
05/02/2025,23,409.56260869565216,0,255.99710856521742,0,255.99710856521742,1126.2971739130435
05/02/2025,24,409.56260869565216,0,255.99710856521742,0,255.99710856521742,1126.2971739130435
06/02/2025,1,409.56260869565216,0,255.99710856521742,0,255.99710856521742,1126.2971739130435
06/02/2025,2,409.56260869565216,0,255.99710856521742,0,255.99710856521742,1126.2971739130435
06/02/2025,3,409.56260869565216,0,255.99710856521742,0,255.99710856521742,1126.2971739130435
06/02/2025,4,409.56260869565216,0,255.99710856521742,0,255.99710856521742,1126.2971739130435
06/02/2025,5,409.56260869565216,0,255.99710856521742,0,255.99710856521742,1126.2971739130435
06/02/2025,6,409.56260869565216,0,255.99710856521742,0,255.99710856521742,1126.2971739130435
06/02/2025,7,409.56260869565216,0,255.99710856521742,0,255.99710856521742,1126.2971739130435
06/02/2025,8,409.56260869565216,0,255.99710856521742,0,255.99710856521742,1126.2971739130435
06/02/2025,9,409.56260869565216,0,255.99710856521742,0,255.99710856521742,1126.2971739130435
06/02/2025,10,409.56260869565216,0,255.99710856521742,0,255.99710856521742,1126.2971739130435
06/02/2025,11,409.56260869565216,0,255.99710856521742,0,255.99710856521742,1126.2971739130435
06/02/2025,12,409.56260869565216,0,255.99710856521742,0,255.99710856521742,1126.2971739130435
06/02/2025,13,409.56260869565216,0,255.99710856521742,0,255.99710856521742,1126.2971739130435
06/02/2025,14,409.56260869565216,0,255.99710856521742,0,255.99710856521742,1126.2971739130435
06/02/2025,15,409.56260869565216,0,255.99710856521742,0,255.99710856521742,1126.2971739130435
06/02/2025,16,409.56260869565216,0,255.99710856521742,0,255.99710856521742,1126.2971739130435
06/02/2025,17,409.56260869565216,0,255.99710856521742,0,255.99710856521742,1126.2971739130435
06/02/2025,18,409.56260869565216,0,255.99710856521742,0,255.99710856521742,1126.2971739130435
06/02/2025,19,409.56260869565216,0,255.99710856521742,0,255.99710856521742,1126.2971739130435
06/02/2025,20,409.56260869565216,0,255.99710856521742,0,255.99710856521742,1126.2971739130435
06/02/2025,21,409.56260869565216,0,255.99710856521742,0,255.99710856521742,1126.2971739130435
06/02/2025,22,409.56260869565216,0,255.99710856521742,0,255.99710856521742,1126.2971739130435
06/02/2025,23,409.56260869565216,0,255.99710856521742,0,255.99710856521742,1126.2971739130435
06/02/2025,24,409.56260869565216,0,255.99710856521742,0,255.99710856521742,1126.2971739130435
07/02/2025,1,409.56260869565216,0,255.99710856521742,0,255.99710856521742,1126.2971739130435
07/02/2025,2,409.56260869565216,0,255.99710856521742,0,255.99710856521742,1126.2971739130435
07/02/2025,3,409.56260869565216,0,255.99710856521742,0,255.99710856521742,1126.2971739130435
07/02/2025,4,409.56260869565216,0,255.99710856521742,0,255.99710856521742,1126.2971739130435
07/02/2025,5,409.56260869565216,0,255.99710856521742,0,255.99710856521742,1126.2971739130435
07/02/2025,6,409.56260869565216,0,255.99710856521742,0,255.99710856521742,1126.2971739130435
07/02/2025,7,409.56260869565216,0,255.99710856521742,0,255.99710856521742,1126.2971739130435
07/02/2025,8,409.56260869565216,0,255.99710856521742,0,255.99710856521742,1126.2971739130435
07/02/2025,9,409.56260869565216,0,255.99710856521742,0,255.99710856521742,1126.2971739130435
07/02/2025,10,409.56260869565216,0,255.99710856521742,0,255.99710856521742,1126.2971739130435
07/02/2025,11,409.56260869565216,0,255.99710856521742,0,255.99710856521742,1126.2971739130435
07/02/2025,12,409.56260869565216,0,255.99710856521742,0,255.99710856521742,1126.2971739130435
07/02/2025,13,409.56260869565216,0,255.99710856521742,0,255.99710856521742,1126.2971739130435
07/02/2025,14,409.56260869565216,0,255.99710856521742,0,255.99710856521742,1126.2971739130435
07/02/2025,15,409.56260869565216,0,255.99710856521742,0,255.99710856521742,1126.2971739130435
07/02/2025,16,409.56260869565216,0,255.99710856521742,0,255.99710856521742,1126.2971739130435
07/02/2025,17,409.56260869565216,0,255.99710856521742,0,255.99710856521742,1126.2971739130435
07/02/2025,18,409.56260869565216,0,255.99710856521742,0,255.99710856521742,1126.2971739130435
07/02/2025,19,409.56260869565216,0,255.99710856521742,0,255.99710856521742,1126.2971739130435
07/02/2025,20,409.56260869565216,0,255.99710856521742,0,255.99710856521742,1126.2971739130435
07/02/2025,21,409.56260869565216,0,255.99710856521742,0,255.99710856521742,1126.2971739130435
07/02/2025,22,409.56260869565216,0,255.99710856521742,0,255.99710856521742,1126.2971739130435
07/02/2025,23,409.56260869565216,0,255.99710856521742,0,255.99710856521742,1126.2971739130435
07/02/2025,24,409.56260869565216,0,255.99710856521742,0,255.99710856521742,1126.2971739130435
08/02/2025,1,409.56260869565216,0,255.99710856521742,0,255.99710856521742,1126.2971739130435
08/02/2025,2,409.56260869565216,0,255.99710856521742,0,255.99710856521742,1126.2971739130435
08/02/2025,3,409.56260869565216,0,255.99710856521742,0,255.99710856521742,1126.2971739130435
08/02/2025,4,409.56260869565216,0,255.99710856521742,0,255.99710856521742,1126.2971739130435
08/02/2025,5,409.56260869565216,0,255.99710856521742,0,255.99710856521742,1126.2971739130435
08/02/2025,6,409.56260869565216,0,255.99710856521742,0,255.99710856521742,1126.2971739130435
08/02/2025,7,409.56260869565216,0,255.99710856521742,0,255.99710856521742,1126.2971739130435
08/02/2025,8,409.56260869565216,0,255.99710856521742,0,255.99710856521742,1126.2971739130435
08/02/2025,9,409.56260869565216,0,255.99710856521742,0,255.99710856521742,1126.2971739130435
08/02/2025,10,409.56260869565216,0,255.99710856521742,0,255.99710856521742,1126.2971739130435
08/02/2025,11,409.56260869565216,0,255.99710856521742,0,255.99710856521742,1126.2971739130435
08/02/2025,12,409.56260869565216,0,255.99710856521742,0,255.99710856521742,1126.2971739130435
08/02/2025,13,409.56260869565216,0,255.99710856521742,0,255.99710856521742,1126.2971739130435
08/02/2025,14,409.56260869565216,0,255.99710856521742,0,255.99710856521742,1126.2971739130435
08/02/2025,15,409.56260869565216,0,255.99710856521742,0,255.99710856521742,1126.2971739130435
08/02/2025,16,409.56260869565216,0,255.99710856521742,0,255.99710856521742,1126.2971739130435
08/02/2025,17,409.56260869565216,0,255.99710856521742,0,255.99710856521742,1126.2971739130435
08/02/2025,18,409.56260869565216,0,255.99710856521742,0,255.99710856521742,1126.2971739130435
08/02/2025,19,409.56260869565216,0,255.99710856521742,0,255.99710856521742,1126.2971739130435
08/02/2025,20,409.56260869565216,0,255.99710856521742,0,255.99710856521742,1126.2971739130435
08/02/2025,21,409.56260869565216,0,255.99710856521742,0,255.99710856521742,1126.2971739130435
08/02/2025,22,409.56260869565216,0,255.99710856521742,0,255.99710856521742,1126.2971739130435
08/02/2025,23,409.56260869565216,0,255.99710856521742,0,255.99710856521742,1126.2971739130435
08/02/2025,24,409.56260869565216,0,255.99710856521742,0,255.99710856521742,1126.2971739130435
09/02/2025,1,409.56260869565216,0,255.99710856521742,0,255.99710856521742,1126.2971739130435
09/02/2025,2,409.56260869565216,0,255.99710856521742,0,255.99710856521742,1126.2971739130435
09/02/2025,3,409.56260869565216,0,255.99710856521742,0,255.99710856521742,1126.2971739130435
09/02/2025,4,409.56260869565216,0,255.99710856521742,0,255.99710856521742,1126.2971739130435
09/02/2025,5,409.56260869565216,0,255.99710856521742,0,255.99710856521742,1126.2971739130435
09/02/2025,6,409.56260869565216,0,255.99710856521742,0,255.99710856521742,1126.2971739130435
09/02/2025,7,409.56260869565216,0,255.99710856521742,0,255.99710856521742,1126.2971739130435
09/02/2025,8,409.56260869565216,0,255.99710856521742,0,255.99710856521742,1126.2971739130435
09/02/2025,9,409.56260869565216,0,255.99710856521742,0,255.99710856521742,1126.2971739130435
09/02/2025,10,409.56260869565216,0,255.99710856521742,0,255.99710856521742,1126.2971739130435
09/02/2025,11,409.56260869565216,0,255.99710856521742,0,255.99710856521742,1126.2971739130435
09/02/2025,12,409.56260869565216,0,255.99710856521742,0,255.99710856521742,1126.2971739130435
09/02/2025,13,409.56260869565216,0,255.99710856521742,0,255.99710856521742,1126.2971739130435
09/02/2025,14,409.56260869565216,0,255.99710856521742,0,255.99710856521742,1126.2971739130435
09/02/2025,15,409.56260869565216,0,255.99710856521742,0,255.99710856521742,1126.2971739130435
09/02/2025,16,409.56260869565216,0,255.99710856521742,0,255.99710856521742,1126.2971739130435
09/02/2025,17,409.56260869565216,0,255.99710856521742,0,255.99710856521742,1126.2971739130435
09/02/2025,18,409.56260869565216,0,255.99710856521742,0,255.99710856521742,1126.2971739130435
09/02/2025,19,409.56260869565216,0,255.99710856521742,0,255.99710856521742,1126.2971739130435
09/02/2025,20,409.56260869565216,0,255.99710856521742,0,255.99710856521742,1126.2971739130435
09/02/2025,21,409.56260869565216,0,255.99710856521742,0,255.99710856521742,1126.2971739130435
09/02/2025,22,409.56260869565216,0,255.99710856521742,0,255.99710856521742,1126.2971739130435
09/02/2025,23,409.56260869565216,0,255.99710856521742,0,255.99710856521742,1126.2971739130435
09/02/2025,24,409.56260869565216,0,255.99710856521742,0,255.99710856521742,1126.2971739130435
10/02/2025,1,409.56260869565216,0,255.99710856521742,0,255.99710856521742,1126.2971739130435
10/02/2025,2,409.56260869565216,0,255.99710856521742,0,255.99710856521742,1126.2971739130435
10/02/2025,3,409.56260869565216,0,255.99710856521742,0,255.99710856521742,1126.2971739130435
10/02/2025,4,409.56260869565216,0,255.99710856521742,0,255.99710856521742,1126.2971739130435
10/02/2025,5,409.56260869565216,0,255.99710856521742,0,255.99710856521742,1126.2971739130435
10/02/2025,6,409.56260869565216,0,255.99710856521742,0,255.99710856521742,1126.2971739130435
10/02/2025,7,409.56260869565216,0,255.99710856521742,0,255.99710856521742,1126.2971739130435
10/02/2025,8,409.56260869565216,0,255.99710856521742,0,255.99710856521742,1126.2971739130435
10/02/2025,9,409.56260869565216,0,255.99710856521742,0,255.99710856521742,1126.2971739130435
10/02/2025,10,409.56260869565216,0,255.99710856521742,0,255.99710856521742,1126.2971739130435
10/02/2025,11,409.56260869565216,0,255.99710856521742,0,255.99710856521742,1126.2971739130435
10/02/2025,12,409.56260869565216,0,255.99710856521742,0,255.99710856521742,1126.2971739130435
10/02/2025,13,409.56260869565216,0,255.99710856521742,0,255.99710856521742,1126.2971739130435
10/02/2025,14,409.56260869565216,0,255.99710856521742,0,255.99710856521742,1126.2971739130435
10/02/2025,15,409.56260869565216,0,255.99710856521742,0,255.99710856521742,1126.2971739130435
10/02/2025,16,409.56260869565216,0,255.99710856521742,0,255.99710856521742,1126.2971739130435
10/02/2025,17,409.56260869565216,0,255.99710856521742,0,255.99710856521742,1126.2971739130435
10/02/2025,18,409.56260869565216,0,255.99710856521742,0,255.99710856521742,1126.2971739130435
10/02/2025,19,409.56260869565216,0,255.99710856521742,0,255.99710856521742,1126.2971739130435
10/02/2025,20,409.56260869565216,0,255.99710856521742,0,255.99710856521742,1126.2971739130435
10/02/2025,21,409.56260869565216,0,255.99710856521742,0,255.99710856521742,1126.2971739130435
10/02/2025,22,409.56260869565216,0,255.99710856521742,0,255.99710856521742,1126.2971739130435
10/02/2025,23,409.56260869565216,0,255.99710856521742,0,255.99710856521742,1126.2971739130435
10/02/2025,24,409.56260869565216,0,255.99710856521742,0,255.99710856521742,1126.2971739130435
11/02/2025,1,409.56260869565216,0,255.99710856521742,0,255.99710856521742,1126.2971739130435
11/02/2025,2,409.56260869565216,0,255.99710856521742,0,255.99710856521742,1126.2971739130435
11/02/2025,3,409.56260869565216,0,255.99710856521742,0,255.99710856521742,1126.2971739130435
11/02/2025,4,409.56260869565216,0,255.99710856521742,0,255.99710856521742,1126.2971739130435
11/02/2025,5,409.56260869565216,0,255.99710856521742,0,255.99710856521742,1126.2971739130435
11/02/2025,6,409.56260869565216,0,255.99710856521742,0,255.99710856521742,1126.2971739130435
11/02/2025,7,409.56260869565216,0,255.99710856521742,0,255.99710856521742,1126.2971739130435
11/02/2025,8,409.56260869565216,0,255.99710856521742,0,255.99710856521742,1126.2971739130435
11/02/2025,9,409.56260869565216,0,255.99710856521742,0,255.99710856521742,1126.2971739130435
11/02/2025,10,409.56260869565216,0,255.99710856521742,0,255.99710856521742,1126.2971739130435
11/02/2025,11,409.56260869565216,0,255.99710856521742,0,255.99710856521742,1126.2971739130435
11/02/2025,12,409.56260869565216,0,255.99710856521742,0,255.99710856521742,1126.2971739130435
11/02/2025,13,409.56260869565216,0,255.99710856521742,0,255.99710856521742,1126.2971739130435
11/02/2025,14,409.56260869565216,0,255.99710856521742,0,255.99710856521742,1126.2971739130435
11/02/2025,15,409.56260869565216,0,255.99710856521742,0,255.99710856521742,1126.2971739130435
11/02/2025,16,409.56260869565216,0,255.99710856521742,0,255.99710856521742,1126.2971739130435
11/02/2025,17,409.56260869565216,0,255.99710856521742,0,255.99710856521742,1126.2971739130435
11/02/2025,18,409.56260869565216,0,255.99710856521742,0,255.99710856521742,1126.2971739130435
11/02/2025,19,409.56260869565216,0,255.99710856521742,0,255.99710856521742,1126.2971739130435
11/02/2025,20,409.56260869565216,0,255.99710856521742,0,255.99710856521742,1126.2971739130435
11/02/2025,21,409.56260869565216,0,255.99710856521742,0,255.99710856521742,1126.2971739130435
11/02/2025,22,409.56260869565216,0,255.99710856521742,0,255.99710856521742,1126.2971739130435
11/02/2025,23,409.56260869565216,0,255.99710856521742,0,255.99710856521742,1126.2971739130435
11/02/2025,24,409.56260869565216,0,255.99710856521742,0,255.99710856521742,1126.2971739130435
12/02/2025,1,409.56260869565216,0,255.99710856521742,0,255.99710856521742,1126.2971739130435
12/02/2025,2,409.56260869565216,0,255.99710856521742,0,255.99710856521742,1126.2971739130435
12/02/2025,3,409.56260869565216,0,255.99710856521742,0,255.99710856521742,1126.2971739130435
12/02/2025,4,409.56260869565216,0,255.99710856521742,0,255.99710856521742,1126.2971739130435
12/02/2025,5,409.56260869565216,0,255.99710856521742,0,255.99710856521742,1126.2971739130435
12/02/2025,6,409.56260869565216,0,255.99710856521742,0,255.99710856521742,1126.2971739130435
12/02/2025,7,409.56260869565216,0,255.99710856521742,0,255.99710856521742,1126.2971739130435
12/02/2025,8,409.56260869565216,0,255.99710856521742,0,255.99710856521742,1126.2971739130435
12/02/2025,9,409.56260869565216,0,255.99710856521742,0,255.99710856521742,1126.2971739130435
12/02/2025,10,409.56260869565216,0,255.99710856521742,0,255.99710856521742,1126.2971739130435
12/02/2025,11,409.56260869565216,0,255.99710856521742,0,255.99710856521742,1126.2971739130435
12/02/2025,12,409.56260869565216,0,255.99710856521742,0,255.99710856521742,1126.2971739130435
12/02/2025,13,409.56260869565216,0,255.99710856521742,0,255.99710856521742,1126.2971739130435
12/02/2025,14,409.56260869565216,0,255.99710856521742,0,255.99710856521742,1126.2971739130435
12/02/2025,15,409.56260869565216,0,255.99710856521742,0,255.99710856521742,1126.2971739130435
12/02/2025,16,409.56260869565216,0,255.99710856521742,0,255.99710856521742,1126.2971739130435
12/02/2025,17,409.56260869565216,0,255.99710856521742,0,255.99710856521742,1126.2971739130435
12/02/2025,18,409.56260869565216,0,255.99710856521742,0,255.99710856521742,1126.2971739130435
12/02/2025,19,409.56260869565216,0,255.99710856521742,0,255.99710856521742,1126.2971739130435
12/02/2025,20,409.56260869565216,0,255.99710856521742,0,255.99710856521742,1126.2971739130435
12/02/2025,21,409.56260869565216,0,255.99710856521742,0,255.99710856521742,1126.2971739130435
12/02/2025,22,409.56260869565216,0,255.99710856521742,0,255.99710856521742,1126.2971739130435
12/02/2025,23,409.56260869565216,0,255.99710856521742,0,255.99710856521742,1126.2971739130435
12/02/2025,24,409.56260869565216,0,255.99710856521742,0,255.99710856521742,1126.2971739130435
13/02/2025,1,409.56260869565216,0,255.99710856521742,0,255.99710856521742,1126.2971739130435
13/02/2025,2,409.56260869565216,0,255.99710856521742,0,255.99710856521742,1126.2971739130435
13/02/2025,3,409.56260869565216,0,255.99710856521742,0,255.99710856521742,1126.2971739130435
13/02/2025,4,409.56260869565216,0,255.99710856521742,0,255.99710856521742,1126.2971739130435
13/02/2025,5,409.56260869565216,0,255.99710856521742,0,255.99710856521742,1126.2971739130435
13/02/2025,6,409.56260869565216,0,255.99710856521742,0,255.99710856521742,1126.2971739130435
13/02/2025,7,409.56260869565216,0,255.99710856521742,0,255.99710856521742,1126.2971739130435
13/02/2025,8,409.56260869565216,0,255.99710856521742,0,255.99710856521742,1126.2971739130435
13/02/2025,9,409.56260869565216,0,255.99710856521742,0,255.99710856521742,1126.2971739130435
13/02/2025,10,409.56260869565216,0,255.99710856521742,0,255.99710856521742,1126.2971739130435
13/02/2025,11,409.56260869565216,0,255.99710856521742,0,255.99710856521742,1126.2971739130435
13/02/2025,12,409.56260869565216,0,255.99710856521742,0,255.99710856521742,1126.2971739130435
13/02/2025,13,409.56260869565216,0,255.99710856521742,0,255.99710856521742,1126.2971739130435
13/02/2025,14,409.56260869565216,0,255.99710856521742,0,255.99710856521742,1126.2971739130435
13/02/2025,15,409.56260869565216,0,255.99710856521742,0,255.99710856521742,1126.2971739130435
13/02/2025,16,409.56260869565216,0,255.99710856521742,0,255.99710856521742,1126.2971739130435
13/02/2025,17,409.56260869565216,0,255.99710856521742,0,255.99710856521742,1126.2971739130435
13/02/2025,18,409.56260869565216,0,255.99710856521742,0,255.99710856521742,1126.2971739130435
13/02/2025,19,409.56260869565216,0,255.99710856521742,0,255.99710856521742,1126.2971739130435
13/02/2025,20,409.56260869565216,0,255.99710856521742,0,255.99710856521742,1126.2971739130435
13/02/2025,21,409.56260869565216,0,255.99710856521742,0,255.99710856521742,1126.2971739130435
13/02/2025,22,409.56260869565216,0,255.99710856521742,0,255.99710856521742,1126.2971739130435
13/02/2025,23,409.56260869565216,0,255.99710856521742,0,255.99710856521742,1126.2971739130435
13/02/2025,24,409.56260869565216,0,255.99710856521742,0,255.99710856521742,1126.2971739130435
14/02/2025,1,409.56260869565216,0,255.99710856521742,0,255.99710856521742,1126.2971739130435
14/02/2025,2,409.56260869565216,0,255.99710856521742,0,255.99710856521742,1126.2971739130435
14/02/2025,3,409.56260869565216,0,255.99710856521742,0,255.99710856521742,1126.2971739130435
14/02/2025,4,409.56260869565216,0,255.99710856521742,0,255.99710856521742,1126.2971739130435
14/02/2025,5,409.56260869565216,0,255.99710856521742,0,255.99710856521742,1126.2971739130435
14/02/2025,6,409.56260869565216,0,255.99710856521742,0,255.99710856521742,1126.2971739130435
14/02/2025,7,409.56260869565216,0,255.99710856521742,0,255.99710856521742,1126.2971739130435
14/02/2025,8,409.56260869565216,0,255.99710856521742,0,255.99710856521742,1126.2971739130435
14/02/2025,9,409.56260869565216,0,255.99710856521742,0,255.99710856521742,1126.2971739130435
14/02/2025,10,409.56260869565216,0,255.99710856521742,0,255.99710856521742,1126.2971739130435
14/02/2025,11,409.56260869565216,0,255.99710856521742,0,255.99710856521742,1126.2971739130435
14/02/2025,12,409.56260869565216,0,255.99710856521742,0,255.99710856521742,1126.2971739130435
14/02/2025,13,409.56260869565216,0,255.99710856521742,0,255.99710856521742,1126.2971739130435
14/02/2025,14,409.56260869565216,0,255.99710856521742,0,255.99710856521742,1126.2971739130435
14/02/2025,15,409.56260869565216,0,255.99710856521742,0,255.99710856521742,1126.2971739130435
14/02/2025,16,409.56260869565216,0,255.99710856521742,0,255.99710856521742,1126.2971739130435
14/02/2025,17,409.56260869565216,0,255.99710856521742,0,255.99710856521742,1126.2971739130435
14/02/2025,18,409.56260869565216,0,255.99710856521742,0,255.99710856521742,1126.2971739130435
14/02/2025,19,409.56260869565216,0,255.99710856521742,0,255.99710856521742,1126.2971739130435
14/02/2025,20,409.56260869565216,0,255.99710856521742,0,255.99710856521742,1126.2971739130435
14/02/2025,21,409.56260869565216,0,255.99710856521742,0,255.99710856521742,1126.2971739130435
14/02/2025,22,409.56260869565216,0,255.99710856521742,0,255.99710856521742,1126.2971739130435
14/02/2025,23,409.56260869565216,0,255.99710856521742,0,255.99710856521742,1126.2971739130435
14/02/2025,24,409.56260869565216,0,255.99710856521742,0,255.99710856521742,1126.2971739130435
15/02/2025,1,409.56260869565216,0,255.99710856521742,0,255.99710856521742,1126.2971739130435
15/02/2025,2,409.56260869565216,0,255.99710856521742,0,255.99710856521742,1126.2971739130435
15/02/2025,3,409.56260869565216,0,255.99710856521742,0,255.99710856521742,1126.2971739130435
15/02/2025,4,409.56260869565216,0,255.99710856521742,0,255.99710856521742,1126.2971739130435
15/02/2025,5,409.56260869565216,0,255.99710856521742,0,255.99710856521742,1126.2971739130435
15/02/2025,6,409.56260869565216,0,255.99710856521742,0,255.99710856521742,1126.2971739130435
15/02/2025,7,409.56260869565216,0,255.99710856521742,0,255.99710856521742,1126.2971739130435
15/02/2025,8,409.56260869565216,0,255.99710856521742,0,255.99710856521742,1126.2971739130435
15/02/2025,9,409.56260869565216,0,255.99710856521742,0,255.99710856521742,1126.2971739130435
15/02/2025,10,409.56260869565216,0,255.99710856521742,0,255.99710856521742,1126.2971739130435
15/02/2025,11,409.56260869565216,0,255.99710856521742,0,255.99710856521742,1126.2971739130435
15/02/2025,12,409.56260869565216,0,255.99710856521742,0,255.99710856521742,1126.2971739130435
15/02/2025,13,409.56260869565216,0,255.99710856521742,0,255.99710856521742,1126.2971739130435
15/02/2025,14,409.56260869565216,0,255.99710856521742,0,255.99710856521742,1126.2971739130435
15/02/2025,15,409.56260869565216,0,255.99710856521742,0,255.99710856521742,1126.2971739130435
15/02/2025,16,409.56260869565216,0,255.99710856521742,0,255.99710856521742,1126.2971739130435
15/02/2025,17,409.56260869565216,0,255.99710856521742,0,255.99710856521742,1126.2971739130435
15/02/2025,18,409.56260869565216,0,255.99710856521742,0,255.99710856521742,1126.2971739130435
15/02/2025,19,409.56260869565216,0,255.99710856521742,0,255.99710856521742,1126.2971739130435
15/02/2025,20,409.56260869565216,0,255.99710856521742,0,255.99710856521742,1126.2971739130435
15/02/2025,21,409.56260869565216,0,255.99710856521742,0,255.99710856521742,1126.2971739130435
15/02/2025,22,409.56260869565216,0,255.99710856521742,0,255.99710856521742,1126.2971739130435
15/02/2025,23,409.56260869565216,0,255.99710856521742,0,255.99710856521742,1126.2971739130435
15/02/2025,24,409.56260869565216,0,255.99710856521742,0,255.99710856521742,1126.2971739130435
16/02/2025,1,409.56260869565216,0,255.99710856521742,0,255.99710856521742,1126.2971739130435
16/02/2025,2,409.56260869565216,0,255.99710856521742,0,255.99710856521742,1126.2971739130435
16/02/2025,3,409.56260869565216,0,255.99710856521742,0,255.99710856521742,1126.2971739130435
16/02/2025,4,409.56260869565216,0,255.99710856521742,0,255.99710856521742,1126.2971739130435
16/02/2025,5,409.56260869565216,0,255.99710856521742,0,255.99710856521742,1126.2971739130435
16/02/2025,6,409.56260869565216,0,255.99710856521742,0,255.99710856521742,1126.2971739130435
16/02/2025,7,409.56260869565216,0,255.99710856521742,0,255.99710856521742,1126.2971739130435
16/02/2025,8,409.56260869565216,0,255.99710856521742,0,255.99710856521742,1126.2971739130435
16/02/2025,9,409.56260869565216,0,255.99710856521742,0,255.99710856521742,1126.2971739130435
16/02/2025,10,409.56260869565216,0,255.99710856521742,0,255.99710856521742,1126.2971739130435
16/02/2025,11,409.56260869565216,0,255.99710856521742,0,255.99710856521742,1126.2971739130435
16/02/2025,12,409.56260869565216,0,255.99710856521742,0,255.99710856521742,1126.2971739130435
16/02/2025,13,409.56260869565216,0,255.99710856521742,0,255.99710856521742,1126.2971739130435
16/02/2025,14,409.56260869565216,0,255.99710856521742,0,255.99710856521742,1126.2971739130435
16/02/2025,15,409.56260869565216,0,255.99710856521742,0,255.99710856521742,1126.2971739130435
16/02/2025,16,409.56260869565216,0,255.99710856521742,0,255.99710856521742,1126.2971739130435
16/02/2025,17,409.56260869565216,0,255.99710856521742,0,255.99710856521742,1126.2971739130435
16/02/2025,18,409.56260869565216,0,255.99710856521742,0,255.99710856521742,1126.2971739130435
16/02/2025,19,409.56260869565216,0,255.99710856521742,0,255.99710856521742,1126.2971739130435
16/02/2025,20,409.56260869565216,0,255.99710856521742,0,255.99710856521742,1126.2971739130435
16/02/2025,21,409.56260869565216,0,255.99710856521742,0,255.99710856521742,1126.2971739130435
16/02/2025,22,409.56260869565216,0,255.99710856521742,0,255.99710856521742,1126.2971739130435
16/02/2025,23,409.56260869565216,0,255.99710856521742,0,255.99710856521742,1126.2971739130435
16/02/2025,24,409.56260869565216,0,255.99710856521742,0,255.99710856521742,1126.2971739130435
17/02/2025,1,409.56260869565216,0,255.99710856521742,0,255.99710856521742,1126.2971739130435
17/02/2025,2,409.56260869565216,0,255.99710856521742,0,255.99710856521742,1126.2971739130435
17/02/2025,3,409.56260869565216,0,255.99710856521742,0,255.99710856521742,1126.2971739130435
17/02/2025,4,409.56260869565216,0,255.99710856521742,0,255.99710856521742,1126.2971739130435
17/02/2025,5,409.56260869565216,0,255.99710856521742,0,255.99710856521742,1126.2971739130435
17/02/2025,6,409.56260869565216,0,255.99710856521742,0,255.99710856521742,1126.2971739130435
17/02/2025,7,409.56260869565216,0,255.99710856521742,0,255.99710856521742,1126.2971739130435
17/02/2025,8,409.56260869565216,0,255.99710856521742,0,255.99710856521742,1126.2971739130435
17/02/2025,9,409.56260869565216,0,255.99710856521742,0,255.99710856521742,1126.2971739130435
17/02/2025,10,409.56260869565216,0,255.99710856521742,0,255.99710856521742,1126.2971739130435
17/02/2025,11,409.56260869565216,0,255.99710856521742,0,255.99710856521742,1126.2971739130435
17/02/2025,12,409.56260869565216,0,255.99710856521742,0,255.99710856521742,1126.2971739130435
17/02/2025,13,409.56260869565216,0,255.99710856521742,0,255.99710856521742,1126.2971739130435
17/02/2025,14,409.56260869565216,0,255.99710856521742,0,255.99710856521742,1126.2971739130435
17/02/2025,15,409.56260869565216,0,255.99710856521742,0,255.99710856521742,1126.2971739130435
17/02/2025,16,409.56260869565216,0,255.99710856521742,0,255.99710856521742,1126.2971739130435
17/02/2025,17,409.56260869565216,0,255.99710856521742,0,255.99710856521742,1126.2971739130435
17/02/2025,18,409.56260869565216,0,255.99710856521742,0,255.99710856521742,1126.2971739130435
17/02/2025,19,409.56260869565216,0,255.99710856521742,0,255.99710856521742,1126.2971739130435
17/02/2025,20,409.56260869565216,0,255.99710856521742,0,255.99710856521742,1126.2971739130435
17/02/2025,21,409.56260869565216,0,255.99710856521742,0,255.99710856521742,1126.2971739130435
17/02/2025,22,409.56260869565216,0,255.99710856521742,0,255.99710856521742,1126.2971739130435
17/02/2025,23,409.56260869565216,0,255.99710856521742,0,255.99710856521742,1126.2971739130435
17/02/2025,24,409.56260869565216,0,255.99710856521742,0,255.99710856521742,1126.2971739130435
18/02/2025,1,409.56260869565216,0,255.99710856521742,0,255.99710856521742,1126.2971739130435
18/02/2025,2,409.56260869565216,0,255.99710856521742,0,255.99710856521742,1126.2971739130435
18/02/2025,3,409.56260869565216,0,255.99710856521742,0,255.99710856521742,1126.2971739130435
18/02/2025,4,409.56260869565216,0,255.99710856521742,0,255.99710856521742,1126.2971739130435
18/02/2025,5,409.56260869565216,0,255.99710856521742,0,255.99710856521742,1126.2971739130435
18/02/2025,6,409.56260869565216,0,255.99710856521742,0,255.99710856521742,1126.2971739130435
18/02/2025,7,409.56260869565216,0,255.99710856521742,0,255.99710856521742,1126.2971739130435
18/02/2025,8,409.56260869565216,0,255.99710856521742,0,255.99710856521742,1126.2971739130435
18/02/2025,9,409.56260869565216,0,255.99710856521742,0,255.99710856521742,1126.2971739130435
18/02/2025,10,409.56260869565216,0,255.99710856521742,0,255.99710856521742,1126.2971739130435
18/02/2025,11,409.56260869565216,0,255.99710856521742,0,255.99710856521742,1126.2971739130435
18/02/2025,12,409.56260869565216,0,255.99710856521742,0,255.99710856521742,1126.2971739130435
18/02/2025,13,409.56260869565216,0,255.99710856521742,0,255.99710856521742,1126.2971739130435
18/02/2025,14,409.56260869565216,0,255.99710856521742,0,255.99710856521742,1126.2971739130435
18/02/2025,15,409.56260869565216,0,255.99710856521742,0,255.99710856521742,1126.2971739130435
18/02/2025,16,409.56260869565216,0,255.99710856521742,0,255.99710856521742,1126.2971739130435
18/02/2025,17,409.56260869565216,0,255.99710856521742,0,255.99710856521742,1126.2971739130435
18/02/2025,18,409.56260869565216,0,255.99710856521742,0,255.99710856521742,1126.2971739130435
18/02/2025,19,409.56260869565216,0,255.99710856521742,0,255.99710856521742,1126.2971739130435
18/02/2025,20,409.56260869565216,0,255.99710856521742,0,255.99710856521742,1126.2971739130435
18/02/2025,21,409.56260869565216,0,255.99710856521742,0,255.99710856521742,1126.2971739130435
18/02/2025,22,409.56260869565216,0,255.99710856521742,0,255.99710856521742,1126.2971739130435
18/02/2025,23,409.56260869565216,0,255.99710856521742,0,255.99710856521742,1126.2971739130435
18/02/2025,24,409.56260869565216,0,255.99710856521742,0,255.99710856521742,1126.2971739130435
19/02/2025,1,409.56260869565216,0,255.99710856521742,0,255.99710856521742,1126.2971739130435
19/02/2025,2,409.56260869565216,0,255.99710856521742,0,255.99710856521742,1126.2971739130435
19/02/2025,3,409.56260869565216,0,255.99710856521742,0,255.99710856521742,1126.2971739130435
19/02/2025,4,409.56260869565216,0,255.99710856521742,0,255.99710856521742,1126.2971739130435
19/02/2025,5,409.56260869565216,0,255.99710856521742,0,255.99710856521742,1126.2971739130435
19/02/2025,6,409.56260869565216,0,255.99710856521742,0,255.99710856521742,1126.2971739130435
19/02/2025,7,409.56260869565216,0,255.99710856521742,0,255.99710856521742,1126.2971739130435
19/02/2025,8,409.56260869565216,0,255.99710856521742,0,255.99710856521742,1126.2971739130435
19/02/2025,9,409.56260869565216,0,255.99710856521742,0,255.99710856521742,1126.2971739130435
19/02/2025,10,409.56260869565216,0,255.99710856521742,0,255.99710856521742,1126.2971739130435
19/02/2025,11,409.56260869565216,0,255.99710856521742,0,255.99710856521742,1126.2971739130435
19/02/2025,12,409.56260869565216,0,255.99710856521742,0,255.99710856521742,1126.2971739130435
19/02/2025,13,409.56260869565216,0,255.99710856521742,0,255.99710856521742,1126.2971739130435
19/02/2025,14,409.56260869565216,0,255.99710856521742,0,255.99710856521742,1126.2971739130435
19/02/2025,15,409.56260869565216,0,255.99710856521742,0,255.99710856521742,1126.2971739130435
19/02/2025,16,409.56260869565216,0,255.99710856521742,0,255.99710856521742,1126.2971739130435
19/02/2025,17,409.56260869565216,0,255.99710856521742,0,255.99710856521742,1126.2971739130435
19/02/2025,18,409.56260869565216,0,255.99710856521742,0,255.99710856521742,1126.2971739130435
19/02/2025,19,409.56260869565216,0,255.99710856521742,0,255.99710856521742,1126.2971739130435
19/02/2025,20,409.56260869565216,0,255.99710856521742,0,255.99710856521742,1126.2971739130435
19/02/2025,21,409.56260869565216,0,255.99710856521742,0,255.99710856521742,1126.2971739130435
19/02/2025,22,409.56260869565216,0,255.99710856521742,0,255.99710856521742,1126.2971739130435
19/02/2025,23,409.56260869565216,0,255.99710856521742,0,255.99710856521742,1126.2971739130435
19/02/2025,24,409.56260869565216,0,255.99710856521742,0,255.99710856521742,1126.2971739130435
20/02/2025,1,409.56260869565216,0,255.99710856521742,0,255.99710856521742,1126.2971739130435
20/02/2025,2,409.56260869565216,0,255.99710856521742,0,255.99710856521742,1126.2971739130435
20/02/2025,3,409.56260869565216,0,255.99710856521742,0,255.99710856521742,1126.2971739130435
20/02/2025,4,409.56260869565216,0,255.99710856521742,0,255.99710856521742,1126.2971739130435
20/02/2025,5,409.56260869565216,0,255.99710856521742,0,255.99710856521742,1126.2971739130435
20/02/2025,6,409.56260869565216,0,255.99710856521742,0,255.99710856521742,1126.2971739130435
20/02/2025,7,409.56260869565216,0,255.99710856521742,0,255.99710856521742,1126.2971739130435
20/02/2025,8,409.56260869565216,0,255.99710856521742,0,255.99710856521742,1126.2971739130435
20/02/2025,9,409.56260869565216,0,255.99710856521742,0,255.99710856521742,1126.2971739130435
20/02/2025,10,409.56260869565216,0,255.99710856521742,0,255.99710856521742,1126.2971739130435
20/02/2025,11,409.56260869565216,0,255.99710856521742,0,255.99710856521742,1126.2971739130435
20/02/2025,12,409.56260869565216,0,255.99710856521742,0,255.99710856521742,1126.2971739130435
20/02/2025,13,409.56260869565216,0,255.99710856521742,0,255.99710856521742,1126.2971739130435
20/02/2025,14,409.56260869565216,0,255.99710856521742,0,255.99710856521742,1126.2971739130435
20/02/2025,15,409.56260869565216,0,255.99710856521742,0,255.99710856521742,1126.2971739130435
20/02/2025,16,409.56260869565216,0,255.99710856521742,0,255.99710856521742,1126.2971739130435
20/02/2025,17,409.56260869565216,0,255.99710856521742,0,255.99710856521742,1126.2971739130435
20/02/2025,18,409.56260869565216,0,255.99710856521742,0,255.99710856521742,1126.2971739130435
20/02/2025,19,409.56260869565216,0,255.99710856521742,0,255.99710856521742,1126.2971739130435
20/02/2025,20,409.56260869565216,0,255.99710856521742,0,255.99710856521742,1126.2971739130435
20/02/2025,21,409.56260869565216,0,255.99710856521742,0,255.99710856521742,1126.2971739130435
20/02/2025,22,409.56260869565216,0,255.99710856521742,0,255.99710856521742,1126.2971739130435
20/02/2025,23,409.56260869565216,0,255.99710856521742,0,255.99710856521742,1126.2971739130435
20/02/2025,24,409.56260869565216,0,255.99710856521742,0,255.99710856521742,1126.2971739130435
21/02/2025,1,409.56260869565216,0,255.99710856521742,0,255.99710856521742,1126.2971739130435
21/02/2025,2,409.56260869565216,0,255.99710856521742,0,255.99710856521742,1126.2971739130435
21/02/2025,3,409.56260869565216,0,255.99710856521742,0,255.99710856521742,1126.2971739130435
21/02/2025,4,409.56260869565216,0,255.99710856521742,0,255.99710856521742,1126.2971739130435
21/02/2025,5,409.56260869565216,0,255.99710856521742,0,255.99710856521742,1126.2971739130435
21/02/2025,6,409.56260869565216,0,255.99710856521742,0,255.99710856521742,1126.2971739130435
21/02/2025,7,409.56260869565216,0,255.99710856521742,0,255.99710856521742,1126.2971739130435
21/02/2025,8,409.56260869565216,0,255.99710856521742,0,255.99710856521742,1126.2971739130435
21/02/2025,9,409.56260869565216,0,255.99710856521742,0,255.99710856521742,1126.2971739130435
21/02/2025,10,409.56260869565216,0,255.99710856521742,0,255.99710856521742,1126.2971739130435
21/02/2025,11,409.56260869565216,0,255.99710856521742,0,255.99710856521742,1126.2971739130435
21/02/2025,12,409.56260869565216,0,255.99710856521742,0,255.99710856521742,1126.2971739130435
21/02/2025,13,409.56260869565216,0,255.99710856521742,0,255.99710856521742,1126.2971739130435
21/02/2025,14,409.56260869565216,0,255.99710856521742,0,255.99710856521742,1126.2971739130435
21/02/2025,15,409.56260869565216,0,255.99710856521742,0,255.99710856521742,1126.2971739130435
21/02/2025,16,409.56260869565216,0,255.99710856521742,0,255.99710856521742,1126.2971739130435
21/02/2025,17,409.56260869565216,0,255.99710856521742,0,255.99710856521742,1126.2971739130435
21/02/2025,18,409.56260869565216,0,255.99710856521742,0,255.99710856521742,1126.2971739130435
21/02/2025,19,409.56260869565216,0,255.99710856521742,0,255.99710856521742,1126.2971739130435
21/02/2025,20,409.56260869565216,0,255.99710856521742,0,255.99710856521742,1126.2971739130435
21/02/2025,21,409.56260869565216,0,255.99710856521742,0,255.99710856521742,1126.2971739130435
21/02/2025,22,409.56260869565216,0,255.99710856521742,0,255.99710856521742,1126.2971739130435
21/02/2025,23,409.56260869565216,0,255.99710856521742,0,255.99710856521742,1126.2971739130435
21/02/2025,24,409.56260869565216,0,255.99710856521742,0,255.99710856521742,1126.2971739130435
22/02/2025,1,409.56260869565216,0,255.99710856521742,0,255.99710856521742,1126.2971739130435
22/02/2025,2,409.56260869565216,0,255.99710856521742,0,255.99710856521742,1126.2971739130435
22/02/2025,3,409.56260869565216,0,255.99710856521742,0,255.99710856521742,1126.2971739130435
22/02/2025,4,409.56260869565216,0,255.99710856521742,0,255.99710856521742,1126.2971739130435
22/02/2025,5,409.56260869565216,0,255.99710856521742,0,255.99710856521742,1126.2971739130435
22/02/2025,6,409.56260869565216,0,255.99710856521742,0,255.99710856521742,1126.2971739130435
22/02/2025,7,409.56260869565216,0,255.99710856521742,0,255.99710856521742,1126.2971739130435
22/02/2025,8,409.56260869565216,0,255.99710856521742,0,255.99710856521742,1126.2971739130435
22/02/2025,9,409.56260869565216,0,255.99710856521742,0,255.99710856521742,1126.2971739130435
22/02/2025,10,409.56260869565216,0,255.99710856521742,0,255.99710856521742,1126.2971739130435
22/02/2025,11,409.56260869565216,0,255.99710856521742,0,255.99710856521742,1126.2971739130435
22/02/2025,12,409.56260869565216,0,255.99710856521742,0,255.99710856521742,1126.2971739130435
22/02/2025,13,409.56260869565216,0,255.99710856521742,0,255.99710856521742,1126.2971739130435
22/02/2025,14,409.56260869565216,0,255.99710856521742,0,255.99710856521742,1126.2971739130435
22/02/2025,15,409.56260869565216,0,255.99710856521742,0,255.99710856521742,1126.2971739130435
22/02/2025,16,409.56260869565216,0,255.99710856521742,0,255.99710856521742,1126.2971739130435
22/02/2025,17,409.56260869565216,0,255.99710856521742,0,255.99710856521742,1126.2971739130435
22/02/2025,18,409.56260869565216,0,255.99710856521742,0,255.99710856521742,1126.2971739130435
22/02/2025,19,409.56260869565216,0,255.99710856521742,0,255.99710856521742,1126.2971739130435
22/02/2025,20,409.56260869565216,0,255.99710856521742,0,255.99710856521742,1126.2971739130435
22/02/2025,21,409.56260869565216,0,255.99710856521742,0,255.99710856521742,1126.2971739130435
22/02/2025,22,409.56260869565216,0,255.99710856521742,0,255.99710856521742,1126.2971739130435
22/02/2025,23,409.56260869565216,0,255.99710856521742,0,255.99710856521742,1126.2971739130435
22/02/2025,24,409.56260869565216,0,255.99710856521742,0,255.99710856521742,1126.2971739130435
23/02/2025,1,409.56260869565216,0,255.99710856521742,0,255.99710856521742,1126.2971739130435
23/02/2025,2,409.56260869565216,0,255.99710856521742,0,255.99710856521742,1126.2971739130435
23/02/2025,3,409.56260869565216,0,255.99710856521742,0,255.99710856521742,1126.2971739130435
23/02/2025,4,409.56260869565216,0,255.99710856521742,0,255.99710856521742,1126.2971739130435
23/02/2025,5,409.56260869565216,0,255.99710856521742,0,255.99710856521742,1126.2971739130435
23/02/2025,6,409.56260869565216,0,255.99710856521742,0,255.99710856521742,1126.2971739130435
23/02/2025,7,409.56260869565216,0,255.99710856521742,0,255.99710856521742,1126.2971739130435
23/02/2025,8,409.56260869565216,0,255.99710856521742,0,255.99710856521742,1126.2971739130435
23/02/2025,9,409.56260869565216,0,255.99710856521742,0,255.99710856521742,1126.2971739130435
23/02/2025,10,409.56260869565216,0,255.99710856521742,0,255.99710856521742,1126.2971739130435
23/02/2025,11,409.56260869565216,0,255.99710856521742,0,255.99710856521742,1126.2971739130435
23/02/2025,12,409.56260869565216,0,255.99710856521742,0,255.99710856521742,1126.2971739130435
23/02/2025,13,409.56260869565216,0,255.99710856521742,0,255.99710856521742,1126.2971739130435
23/02/2025,14,409.56260869565216,0,255.99710856521742,0,255.99710856521742,1126.2971739130435
23/02/2025,15,409.56260869565216,0,255.99710856521742,0,255.99710856521742,1126.2971739130435
23/02/2025,16,409.56260869565216,0,255.99710856521742,0,255.99710856521742,1126.2971739130435
23/02/2025,17,409.56260869565216,0,255.99710856521742,0,255.99710856521742,1126.2971739130435
23/02/2025,18,409.56260869565216,0,255.99710856521742,0,255.99710856521742,1126.2971739130435
23/02/2025,19,409.56260869565216,0,255.99710856521742,0,255.99710856521742,1126.2971739130435
23/02/2025,20,409.56260869565216,0,255.99710856521742,0,255.99710856521742,1126.2971739130435
23/02/2025,21,409.56260869565216,0,255.99710856521742,0,255.99710856521742,1126.2971739130435
23/02/2025,22,409.56260869565216,0,255.99710856521742,0,255.99710856521742,1126.2971739130435
23/02/2025,23,409.56260869565216,0,255.99710856521742,0,255.99710856521742,1126.2971739130435
23/02/2025,24,409.56260869565216,0,255.99710856521742,0,255.99710856521742,1126.2971739130435
24/02/2025,1,409.56260869565216,0,255.99710856521742,0,255.99710856521742,1126.2971739130435
24/02/2025,2,409.56260869565216,0,255.99710856521742,0,255.99710856521742,1126.2971739130435
24/02/2025,3,409.56260869565216,0,255.99710856521742,0,255.99710856521742,1126.2971739130435
24/02/2025,4,409.56260869565216,0,255.99710856521742,0,255.99710856521742,1126.2971739130435
24/02/2025,5,409.56260869565216,0,255.99710856521742,0,255.99710856521742,1126.2971739130435
24/02/2025,6,409.56260869565216,0,255.99710856521742,0,255.99710856521742,1126.2971739130435
24/02/2025,7,409.56260869565216,0,255.99710856521742,0,255.99710856521742,1126.2971739130435
24/02/2025,8,409.56260869565216,0,255.99710856521742,0,255.99710856521742,1126.2971739130435
24/02/2025,9,409.56260869565216,0,255.99710856521742,0,255.99710856521742,1126.2971739130435
24/02/2025,10,409.56260869565216,0,255.99710856521742,0,255.99710856521742,1126.2971739130435
24/02/2025,11,409.56260869565216,0,255.99710856521742,0,255.99710856521742,1126.2971739130435
24/02/2025,12,409.56260869565216,0,255.99710856521742,0,255.99710856521742,1126.2971739130435
24/02/2025,13,409.56260869565216,0,255.99710856521742,0,255.99710856521742,1126.2971739130435
24/02/2025,14,409.56260869565216,0,255.99710856521742,0,255.99710856521742,1126.2971739130435
24/02/2025,15,409.56260869565216,0,255.99710856521742,0,255.99710856521742,1126.2971739130435
24/02/2025,16,409.56260869565216,0,255.99710856521742,0,255.99710856521742,1126.2971739130435
24/02/2025,17,409.56260869565216,0,255.99710856521742,0,255.99710856521742,1126.2971739130435
24/02/2025,18,409.56260869565216,0,255.99710856521742,0,255.99710856521742,1126.2971739130435
24/02/2025,19,409.56260869565216,0,255.99710856521742,0,255.99710856521742,1126.2971739130435
24/02/2025,20,409.56260869565216,0,255.99710856521742,0,255.99710856521742,1126.2971739130435
24/02/2025,21,409.56260869565216,0,255.99710856521742,0,255.99710856521742,1126.2971739130435
24/02/2025,22,409.56260869565216,0,255.99710856521742,0,255.99710856521742,1126.2971739130435
24/02/2025,23,409.56260869565216,0,255.99710856521742,0,255.99710856521742,1126.2971739130435
24/02/2025,24,409.56260869565216,0,255.99710856521742,0,255.99710856521742,1126.2971739130435
25/02/2025,1,409.56260869565216,0,255.99710856521742,0,255.99710856521742,1126.2971739130435
25/02/2025,2,409.56260869565216,0,255.99710856521742,0,255.99710856521742,1126.2971739130435
25/02/2025,3,409.56260869565216,0,255.99710856521742,0,255.99710856521742,1126.2971739130435
25/02/2025,4,409.56260869565216,0,255.99710856521742,0,255.99710856521742,1126.2971739130435
25/02/2025,5,409.56260869565216,0,255.99710856521742,0,255.99710856521742,1126.2971739130435
25/02/2025,6,409.56260869565216,0,255.99710856521742,0,255.99710856521742,1126.2971739130435
25/02/2025,7,409.56260869565216,0,255.99710856521742,0,255.99710856521742,1126.2971739130435
25/02/2025,8,409.56260869565216,0,255.99710856521742,0,255.99710856521742,1126.2971739130435
25/02/2025,9,409.56260869565216,0,255.99710856521742,0,255.99710856521742,1126.2971739130435
25/02/2025,10,409.56260869565216,0,255.99710856521742,0,255.99710856521742,1126.2971739130435
25/02/2025,11,409.56260869565216,0,255.99710856521742,0,255.99710856521742,1126.2971739130435
25/02/2025,12,409.56260869565216,0,255.99710856521742,0,255.99710856521742,1126.2971739130435
25/02/2025,13,409.56260869565216,0,255.99710856521742,0,255.99710856521742,1126.2971739130435
25/02/2025,14,409.56260869565216,0,255.99710856521742,0,255.99710856521742,1126.2971739130435
25/02/2025,15,409.56260869565216,0,255.99710856521742,0,255.99710856521742,1126.2971739130435
25/02/2025,16,409.56260869565216,0,255.99710856521742,0,255.99710856521742,1126.2971739130435
25/02/2025,17,409.56260869565216,0,255.99710856521742,0,255.99710856521742,1126.2971739130435
25/02/2025,18,409.56260869565216,0,255.99710856521742,0,255.99710856521742,1126.2971739130435
25/02/2025,19,409.56260869565216,0,255.99710856521742,0,255.99710856521742,1126.2971739130435
25/02/2025,20,409.56260869565216,0,255.99710856521742,0,255.99710856521742,1126.2971739130435
25/02/2025,21,409.56260869565216,0,255.99710856521742,0,255.99710856521742,1126.2971739130435
25/02/2025,22,409.56260869565216,0,255.99710856521742,0,255.99710856521742,1126.2971739130435
25/02/2025,23,409.56260869565216,0,255.99710856521742,0,255.99710856521742,1126.2971739130435
25/02/2025,24,409.56260869565216,0,255.99710856521742,0,255.99710856521742,1126.2971739130435
26/02/2025,1,409.56260869565216,0,255.99710856521742,0,255.99710856521742,1126.2971739130435
26/02/2025,2,409.56260869565216,0,255.99710856521742,0,255.99710856521742,1126.2971739130435
26/02/2025,3,409.56260869565216,0,255.99710856521742,0,255.99710856521742,1126.2971739130435
26/02/2025,4,409.56260869565216,0,255.99710856521742,0,255.99710856521742,1126.2971739130435
26/02/2025,5,409.56260869565216,0,255.99710856521742,0,255.99710856521742,1126.2971739130435
26/02/2025,6,409.56260869565216,0,255.99710856521742,0,255.99710856521742,1126.2971739130435
26/02/2025,7,409.56260869565216,0,255.99710856521742,0,255.99710856521742,1126.2971739130435
26/02/2025,8,409.56260869565216,0,255.99710856521742,0,255.99710856521742,1126.2971739130435
26/02/2025,9,409.56260869565216,0,255.99710856521742,0,255.99710856521742,1126.2971739130435
26/02/2025,10,409.56260869565216,0,255.99710856521742,0,255.99710856521742,1126.2971739130435
26/02/2025,11,409.56260869565216,0,255.99710856521742,0,255.99710856521742,1126.2971739130435
26/02/2025,12,409.56260869565216,0,255.99710856521742,0,255.99710856521742,1126.2971739130435
26/02/2025,13,409.56260869565216,0,255.99710856521742,0,255.99710856521742,1126.2971739130435
26/02/2025,14,409.56260869565216,0,255.99710856521742,0,255.99710856521742,1126.2971739130435
26/02/2025,15,409.56260869565216,0,255.99710856521742,0,255.99710856521742,1126.2971739130435
26/02/2025,16,409.56260869565216,0,255.99710856521742,0,255.99710856521742,1126.2971739130435
26/02/2025,17,409.56260869565216,0,255.99710856521742,0,255.99710856521742,1126.2971739130435
26/02/2025,18,409.56260869565216,0,255.99710856521742,0,255.99710856521742,1126.2971739130435
26/02/2025,19,409.56260869565216,0,255.99710856521742,0,255.99710856521742,1126.2971739130435
26/02/2025,20,409.56260869565216,0,255.99710856521742,0,255.99710856521742,1126.2971739130435
26/02/2025,21,409.56260869565216,0,255.99710856521742,0,255.99710856521742,1126.2971739130435
26/02/2025,22,409.56260869565216,0,255.99710856521742,0,255.99710856521742,1126.2971739130435
26/02/2025,23,409.56260869565216,0,255.99710856521742,0,255.99710856521742,1126.2971739130435
26/02/2025,24,409.56260869565216,0,255.99710856521742,0,255.99710856521742,1126.2971739130435
27/02/2025,1,409.56260869565216,0,255.99710856521742,0,255.99710856521742,1126.2971739130435
27/02/2025,2,409.56260869565216,0,255.99710856521742,0,255.99710856521742,1126.2971739130435
27/02/2025,3,409.56260869565216,0,255.99710856521742,0,255.99710856521742,1126.2971739130435
27/02/2025,4,409.56260869565216,0,255.99710856521742,0,255.99710856521742,1126.2971739130435
27/02/2025,5,409.56260869565216,0,255.99710856521742,0,255.99710856521742,1126.2971739130435
27/02/2025,6,409.56260869565216,0,255.99710856521742,0,255.99710856521742,1126.2971739130435
27/02/2025,7,409.56260869565216,0,255.99710856521742,0,255.99710856521742,1126.2971739130435
27/02/2025,8,409.56260869565216,0,255.99710856521742,0,255.99710856521742,1126.2971739130435
27/02/2025,9,409.56260869565216,0,255.99710856521742,0,255.99710856521742,1126.2971739130435
27/02/2025,10,409.56260869565216,0,255.99710856521742,0,255.99710856521742,1126.2971739130435
27/02/2025,11,409.56260869565216,0,255.99710856521742,0,255.99710856521742,1126.2971739130435
27/02/2025,12,409.56260869565216,0,255.99710856521742,0,255.99710856521742,1126.2971739130435
27/02/2025,13,409.56260869565216,0,255.99710856521742,0,255.99710856521742,1126.2971739130435
27/02/2025,14,409.56260869565216,0,255.99710856521742,0,255.99710856521742,1126.2971739130435
27/02/2025,15,409.56260869565216,0,255.99710856521742,0,255.99710856521742,1126.2971739130435
27/02/2025,16,409.56260869565216,0,255.99710856521742,0,255.99710856521742,1126.2971739130435
27/02/2025,17,409.56260869565216,0,255.99710856521742,0,255.99710856521742,1126.2971739130435
27/02/2025,18,409.56260869565216,0,255.99710856521742,0,255.99710856521742,1126.2971739130435
27/02/2025,19,409.56260869565216,0,255.99710856521742,0,255.99710856521742,1126.2971739130435
27/02/2025,20,409.56260869565216,0,255.99710856521742,0,255.99710856521742,1126.2971739130435
27/02/2025,21,409.56260869565216,0,255.99710856521742,0,255.99710856521742,1126.2971739130435
27/02/2025,22,409.56260869565216,0,255.99710856521742,0,255.99710856521742,1126.2971739130435
27/02/2025,23,409.56260869565216,0,255.99710856521742,0,255.99710856521742,1126.2971739130435
27/02/2025,24,409.56260869565216,0,255.99710856521742,0,255.99710856521742,1126.2971739130435
28/02/2025,1,409.56260869565216,0,255.99710856521742,0,255.99710856521742,1126.2971739130435
28/02/2025,2,409.56260869565216,0,255.99710856521742,0,255.99710856521742,1126.2971739130435
28/02/2025,3,409.56260869565216,0,255.99710856521742,0,255.99710856521742,1126.2971739130435
28/02/2025,4,409.56260869565216,0,255.99710856521742,0,255.99710856521742,1126.2971739130435
28/02/2025,5,409.56260869565216,0,255.99710856521742,0,255.99710856521742,1126.2971739130435
28/02/2025,6,409.56260869565216,0,255.99710856521742,0,255.99710856521742,1126.2971739130435
28/02/2025,7,409.56260869565216,0,255.99710856521742,0,255.99710856521742,1126.2971739130435
28/02/2025,8,409.56260869565216,0,255.99710856521742,0,255.99710856521742,1126.2971739130435
28/02/2025,9,409.56260869565216,0,255.99710856521742,0,255.99710856521742,1126.2971739130435
28/02/2025,10,409.56260869565216,0,255.99710856521742,0,255.99710856521742,1126.2971739130435
28/02/2025,11,409.56260869565216,0,255.99710856521742,0,255.99710856521742,1126.2971739130435
28/02/2025,12,409.56260869565216,0,255.99710856521742,0,255.99710856521742,1126.2971739130435
28/02/2025,13,409.56260869565216,0,255.99710856521742,0,255.99710856521742,1126.2971739130435
28/02/2025,14,409.56260869565216,0,255.99710856521742,0,255.99710856521742,1126.2971739130435
28/02/2025,15,409.56260869565216,0,255.99710856521742,0,255.99710856521742,1126.2971739130435
28/02/2025,16,409.56260869565216,0,255.99710856521742,0,255.99710856521742,1126.2971739130435
28/02/2025,17,409.56260869565216,0,255.99710856521742,0,255.99710856521742,1126.2971739130435
28/02/2025,18,409.56260869565216,0,255.99710856521742,0,255.99710856521742,1126.2971739130435
28/02/2025,19,409.56260869565216,0,255.99710856521742,0,255.99710856521742,1126.2971739130435
28/02/2025,20,409.56260869565216,0,255.99710856521742,0,255.99710856521742,1126.2971739130435
28/02/2025,21,409.56260869565216,0,255.99710856521742,0,255.99710856521742,1126.2971739130435
28/02/2025,22,409.56260869565216,0,255.99710856521742,0,255.99710856521742,1126.2971739130435
28/02/2025,23,409.56260869565216,0,255.99710856521742,0,255.99710856521742,1126.2971739130435
28/02/2025,24,409.56260869565216,0,255.99710856521742,0,255.99710856521742,1126.2971739130435
01/03/2025,1,409.56260869565216,0,255.99710856521742,0,255.99710856521742,1126.2971739130435
01/03/2025,2,409.56260869565216,0,255.99710856521742,0,255.99710856521742,1126.2971739130435
01/03/2025,3,409.56260869565216,0,255.99710856521742,0,255.99710856521742,1126.2971739130435
01/03/2025,4,409.56260869565216,0,255.99710856521742,0,255.99710856521742,1126.2971739130435
01/03/2025,5,409.56260869565216,0,255.99710856521742,0,255.99710856521742,1126.2971739130435
01/03/2025,6,409.56260869565216,0,255.99710856521742,0,255.99710856521742,1126.2971739130435
01/03/2025,7,409.56260869565216,0,255.99710856521742,0,255.99710856521742,1126.2971739130435
01/03/2025,8,409.56260869565216,0,255.99710856521742,0,255.99710856521742,1126.2971739130435
01/03/2025,9,409.56260869565216,0,255.99710856521742,0,255.99710856521742,1126.2971739130435
01/03/2025,10,409.56260869565216,0,255.99710856521742,0,255.99710856521742,1126.2971739130435
01/03/2025,11,409.56260869565216,0,255.99710856521742,0,255.99710856521742,1126.2971739130435
01/03/2025,12,409.56260869565216,0,255.99710856521742,0,255.99710856521742,1126.2971739130435
01/03/2025,13,409.56260869565216,0,255.99710856521742,0,255.99710856521742,1126.2971739130435
01/03/2025,14,409.56260869565216,0,255.99710856521742,0,255.99710856521742,1126.2971739130435
01/03/2025,15,409.56260869565216,0,255.99710856521742,0,255.99710856521742,1126.2971739130435
01/03/2025,16,409.56260869565216,0,255.99710856521742,0,255.99710856521742,1126.2971739130435
01/03/2025,17,409.56260869565216,0,255.99710856521742,0,255.99710856521742,1126.2971739130435
01/03/2025,18,409.56260869565216,0,255.99710856521742,0,255.99710856521742,1126.2971739130435
01/03/2025,19,409.56260869565216,0,255.99710856521742,0,255.99710856521742,1126.2971739130435
01/03/2025,20,409.56260869565216,0,255.99710856521742,0,255.99710856521742,1126.2971739130435
01/03/2025,21,409.56260869565216,0,255.99710856521742,0,255.99710856521742,1126.2971739130435
01/03/2025,22,409.56260869565216,0,255.99710856521742,0,255.99710856521742,1126.2971739130435
01/03/2025,23,409.56260869565216,0,255.99710856521742,0,255.99710856521742,1126.2971739130435
01/03/2025,24,409.56260869565216,0,255.99710856521742,0,255.99710856521742,1126.2971739130435
02/03/2025,1,409.56260869565216,0,255.99710856521742,0,255.99710856521742,1126.2971739130435
02/03/2025,2,409.56260869565216,0,255.99710856521742,0,255.99710856521742,1126.2971739130435
02/03/2025,3,409.56260869565216,0,255.99710856521742,0,255.99710856521742,1126.2971739130435
02/03/2025,4,409.56260869565216,0,255.99710856521742,0,255.99710856521742,1126.2971739130435
02/03/2025,5,409.56260869565216,0,255.99710856521742,0,255.99710856521742,1126.2971739130435
02/03/2025,6,409.56260869565216,0,255.99710856521742,0,255.99710856521742,1126.2971739130435
02/03/2025,7,409.56260869565216,0,255.99710856521742,0,255.99710856521742,1126.2971739130435
02/03/2025,8,409.56260869565216,0,255.99710856521742,0,255.99710856521742,1126.2971739130435
02/03/2025,9,409.56260869565216,0,255.99710856521742,0,255.99710856521742,1126.2971739130435
02/03/2025,10,409.56260869565216,0,255.99710856521742,0,255.99710856521742,1126.2971739130435
02/03/2025,11,409.56260869565216,0,255.99710856521742,0,255.99710856521742,1126.2971739130435
02/03/2025,12,409.56260869565216,0,255.99710856521742,0,255.99710856521742,1126.2971739130435
02/03/2025,13,409.56260869565216,0,255.99710856521742,0,255.99710856521742,1126.2971739130435
02/03/2025,14,409.56260869565216,0,255.99710856521742,0,255.99710856521742,1126.2971739130435
02/03/2025,15,409.56260869565216,0,255.99710856521742,0,255.99710856521742,1126.2971739130435
02/03/2025,16,409.56260869565216,0,255.99710856521742,0,255.99710856521742,1126.2971739130435
02/03/2025,17,409.56260869565216,0,255.99710856521742,0,255.99710856521742,1126.2971739130435
02/03/2025,18,409.56260869565216,0,255.99710856521742,0,255.99710856521742,1126.2971739130435
02/03/2025,19,409.56260869565216,0,255.99710856521742,0,255.99710856521742,1126.2971739130435
02/03/2025,20,409.56260869565216,0,255.99710856521742,0,255.99710856521742,1126.2971739130435
02/03/2025,21,409.56260869565216,0,255.99710856521742,0,255.99710856521742,1126.2971739130435
02/03/2025,22,409.56260869565216,0,255.99710856521742,0,255.99710856521742,1126.2971739130435
02/03/2025,23,409.56260869565216,0,255.99710856521742,0,255.99710856521742,1126.2971739130435
02/03/2025,24,409.56260869565216,0,255.99710856521742,0,255.99710856521742,1126.2971739130435
03/03/2025,1,409.56260869565216,0,255.99710856521742,0,255.99710856521742,1126.2971739130435
03/03/2025,2,409.56260869565216,0,255.99710856521742,0,255.99710856521742,1126.2971739130435
03/03/2025,3,409.56260869565216,0,255.99710856521742,0,255.99710856521742,1126.2971739130435
03/03/2025,4,409.56260869565216,0,255.99710856521742,0,255.99710856521742,1126.2971739130435
03/03/2025,5,409.56260869565216,0,255.99710856521742,0,255.99710856521742,1126.2971739130435
03/03/2025,6,409.56260869565216,0,255.99710856521742,0,255.99710856521742,1126.2971739130435
03/03/2025,7,409.56260869565216,0,255.99710856521742,0,255.99710856521742,1126.2971739130435
03/03/2025,8,409.56260869565216,0,255.99710856521742,0,255.99710856521742,1126.2971739130435
03/03/2025,9,409.56260869565216,0,255.99710856521742,0,255.99710856521742,1126.2971739130435
03/03/2025,10,409.56260869565216,0,255.99710856521742,0,255.99710856521742,1126.2971739130435
03/03/2025,11,409.56260869565216,0,255.99710856521742,0,255.99710856521742,1126.2971739130435
03/03/2025,12,409.56260869565216,0,255.99710856521742,0,255.99710856521742,1126.2971739130435
03/03/2025,13,409.56260869565216,0,255.99710856521742,0,255.99710856521742,1126.2971739130435
03/03/2025,14,409.56260869565216,0,255.99710856521742,0,255.99710856521742,1126.2971739130435
03/03/2025,15,409.56260869565216,0,255.99710856521742,0,255.99710856521742,1126.2971739130435
03/03/2025,16,409.56260869565216,0,255.99710856521742,0,255.99710856521742,1126.2971739130435
03/03/2025,17,409.56260869565216,0,255.99710856521742,0,255.99710856521742,1126.2971739130435
03/03/2025,18,409.56260869565216,0,255.99710856521742,0,255.99710856521742,1126.2971739130435
03/03/2025,19,409.56260869565216,0,255.99710856521742,0,255.99710856521742,1126.2971739130435
03/03/2025,20,409.56260869565216,0,255.99710856521742,0,255.99710856521742,1126.2971739130435
03/03/2025,21,409.56260869565216,0,255.99710856521742,0,255.99710856521742,1126.2971739130435
03/03/2025,22,409.56260869565216,0,255.99710856521742,0,255.99710856521742,1126.2971739130435
03/03/2025,23,409.56260869565216,0,255.99710856521742,0,255.99710856521742,1126.2971739130435
03/03/2025,24,409.56260869565216,0,255.99710856521742,0,255.99710856521742,1126.2971739130435
04/03/2025,1,409.56260869565216,0,255.99710856521742,0,255.99710856521742,1126.2971739130435
04/03/2025,2,409.56260869565216,0,255.99710856521742,0,255.99710856521742,1126.2971739130435
04/03/2025,3,409.56260869565216,0,255.99710856521742,0,255.99710856521742,1126.2971739130435
04/03/2025,4,409.56260869565216,0,255.99710856521742,0,255.99710856521742,1126.2971739130435
04/03/2025,5,409.56260869565216,0,255.99710856521742,0,255.99710856521742,1126.2971739130435
04/03/2025,6,409.56260869565216,0,255.99710856521742,0,255.99710856521742,1126.2971739130435
04/03/2025,7,409.56260869565216,0,255.99710856521742,0,255.99710856521742,1126.2971739130435
04/03/2025,8,409.56260869565216,0,255.99710856521742,0,255.99710856521742,1126.2971739130435
04/03/2025,9,409.56260869565216,0,255.99710856521742,0,255.99710856521742,1126.2971739130435
04/03/2025,10,409.56260869565216,0,255.99710856521742,0,255.99710856521742,1126.2971739130435
04/03/2025,11,409.56260869565216,0,255.99710856521742,0,255.99710856521742,1126.2971739130435
04/03/2025,12,409.56260869565216,0,255.99710856521742,0,255.99710856521742,1126.2971739130435
04/03/2025,13,409.56260869565216,0,255.99710856521742,0,255.99710856521742,1126.2971739130435
04/03/2025,14,409.56260869565216,0,255.99710856521742,0,255.99710856521742,1126.2971739130435
04/03/2025,15,409.56260869565216,0,255.99710856521742,0,255.99710856521742,1126.2971739130435
04/03/2025,16,409.56260869565216,0,255.99710856521742,0,255.99710856521742,1126.2971739130435
04/03/2025,17,409.56260869565216,0,255.99710856521742,0,255.99710856521742,1126.2971739130435
04/03/2025,18,409.56260869565216,0,255.99710856521742,0,255.99710856521742,1126.2971739130435
04/03/2025,19,409.56260869565216,0,255.99710856521742,0,255.99710856521742,1126.2971739130435
04/03/2025,20,409.56260869565216,0,255.99710856521742,0,255.99710856521742,1126.2971739130435
04/03/2025,21,409.56260869565216,0,255.99710856521742,0,255.99710856521742,1126.2971739130435
04/03/2025,22,409.56260869565216,0,255.99710856521742,0,255.99710856521742,1126.2971739130435
04/03/2025,23,409.56260869565216,0,255.99710856521742,0,255.99710856521742,1126.2971739130435
04/03/2025,24,409.56260869565216,0,255.99710856521742,0,255.99710856521742,1126.2971739130435
05/03/2025,1,409.56260869565216,0,255.99710856521742,0,255.99710856521742,1126.2971739130435
05/03/2025,2,409.56260869565216,0,255.99710856521742,0,255.99710856521742,1126.2971739130435
05/03/2025,3,409.56260869565216,0,255.99710856521742,0,255.99710856521742,1126.2971739130435
05/03/2025,4,409.56260869565216,0,255.99710856521742,0,255.99710856521742,1126.2971739130435
05/03/2025,5,409.56260869565216,0,255.99710856521742,0,255.99710856521742,1126.2971739130435
05/03/2025,6,409.56260869565216,0,255.99710856521742,0,255.99710856521742,1126.2971739130435
05/03/2025,7,409.56260869565216,0,255.99710856521742,0,255.99710856521742,1126.2971739130435
05/03/2025,8,409.56260869565216,0,255.99710856521742,0,255.99710856521742,1126.2971739130435
05/03/2025,9,409.56260869565216,0,255.99710856521742,0,255.99710856521742,1126.2971739130435
05/03/2025,10,409.56260869565216,0,255.99710856521742,0,255.99710856521742,1126.2971739130435
05/03/2025,11,409.56260869565216,0,255.99710856521742,0,255.99710856521742,1126.2971739130435
05/03/2025,12,409.56260869565216,0,255.99710856521742,0,255.99710856521742,1126.2971739130435
05/03/2025,13,409.56260869565216,0,255.99710856521742,0,255.99710856521742,1126.2971739130435
05/03/2025,14,409.56260869565216,0,255.99710856521742,0,255.99710856521742,1126.2971739130435
05/03/2025,15,409.56260869565216,0,255.99710856521742,0,255.99710856521742,1126.2971739130435
05/03/2025,16,409.56260869565216,0,255.99710856521742,0,255.99710856521742,1126.2971739130435
05/03/2025,17,409.56260869565216,0,255.99710856521742,0,255.99710856521742,1126.2971739130435
05/03/2025,18,409.56260869565216,0,255.99710856521742,0,255.99710856521742,1126.2971739130435
05/03/2025,19,409.56260869565216,0,255.99710856521742,0,255.99710856521742,1126.2971739130435
05/03/2025,20,409.56260869565216,0,255.99710856521742,0,255.99710856521742,1126.2971739130435
05/03/2025,21,409.56260869565216,0,255.99710856521742,0,255.99710856521742,1126.2971739130435
05/03/2025,22,409.56260869565216,0,255.99710856521742,0,255.99710856521742,1126.2971739130435
05/03/2025,23,409.56260869565216,0,255.99710856521742,0,255.99710856521742,1126.2971739130435
05/03/2025,24,409.56260869565216,0,255.99710856521742,0,255.99710856521742,1126.2971739130435
06/03/2025,1,409.56260869565216,0,255.99710856521742,0,255.99710856521742,1126.2971739130435
06/03/2025,2,409.56260869565216,0,255.99710856521742,0,255.99710856521742,1126.2971739130435
06/03/2025,3,409.56260869565216,0,255.99710856521742,0,255.99710856521742,1126.2971739130435
06/03/2025,4,409.56260869565216,0,255.99710856521742,0,255.99710856521742,1126.2971739130435
06/03/2025,5,409.56260869565216,0,255.99710856521742,0,255.99710856521742,1126.2971739130435
06/03/2025,6,409.56260869565216,0,255.99710856521742,0,255.99710856521742,1126.2971739130435
06/03/2025,7,409.56260869565216,0,255.99710856521742,0,255.99710856521742,1126.2971739130435
06/03/2025,8,409.56260869565216,0,255.99710856521742,0,255.99710856521742,1126.2971739130435
06/03/2025,9,409.56260869565216,0,255.99710856521742,0,255.99710856521742,1126.2971739130435
06/03/2025,10,409.56260869565216,0,255.99710856521742,0,255.99710856521742,1126.2971739130435
06/03/2025,11,409.56260869565216,0,255.99710856521742,0,255.99710856521742,1126.2971739130435
06/03/2025,12,409.56260869565216,0,255.99710856521742,0,255.99710856521742,1126.2971739130435
06/03/2025,13,409.56260869565216,0,255.99710856521742,0,255.99710856521742,1126.2971739130435
06/03/2025,14,409.56260869565216,0,255.99710856521742,0,255.99710856521742,1126.2971739130435
06/03/2025,15,409.56260869565216,0,255.99710856521742,0,255.99710856521742,1126.2971739130435
06/03/2025,16,409.56260869565216,0,255.99710856521742,0,255.99710856521742,1126.2971739130435
06/03/2025,17,409.56260869565216,0,255.99710856521742,0,255.99710856521742,1126.2971739130435
06/03/2025,18,409.56260869565216,0,255.99710856521742,0,255.99710856521742,1126.2971739130435
06/03/2025,19,409.56260869565216,0,255.99710856521742,0,255.99710856521742,1126.2971739130435
06/03/2025,20,409.56260869565216,0,255.99710856521742,0,255.99710856521742,1126.2971739130435
06/03/2025,21,409.56260869565216,0,255.99710856521742,0,255.99710856521742,1126.2971739130435
06/03/2025,22,409.56260869565216,0,255.99710856521742,0,255.99710856521742,1126.2971739130435
06/03/2025,23,409.56260869565216,0,255.99710856521742,0,255.99710856521742,1126.2971739130435
06/03/2025,24,409.56260869565216,0,255.99710856521742,0,255.99710856521742,1126.2971739130435
07/03/2025,1,409.56260869565216,0,255.99710856521742,0,255.99710856521742,1126.2971739130435
07/03/2025,2,409.56260869565216,0,255.99710856521742,0,255.99710856521742,1126.2971739130435
07/03/2025,3,409.56260869565216,0,255.99710856521742,0,255.99710856521742,1126.2971739130435
07/03/2025,4,409.56260869565216,0,255.99710856521742,0,255.99710856521742,1126.2971739130435
07/03/2025,5,409.56260869565216,0,255.99710856521742,0,255.99710856521742,1126.2971739130435
07/03/2025,6,409.56260869565216,0,255.99710856521742,0,255.99710856521742,1126.2971739130435
07/03/2025,7,409.56260869565216,0,255.99710856521742,0,255.99710856521742,1126.2971739130435
07/03/2025,8,409.56260869565216,0,255.99710856521742,0,255.99710856521742,1126.2971739130435
07/03/2025,9,409.56260869565216,0,255.99710856521742,0,255.99710856521742,1126.2971739130435
07/03/2025,10,409.56260869565216,0,255.99710856521742,0,255.99710856521742,1126.2971739130435
07/03/2025,11,409.56260869565216,0,255.99710856521742,0,255.99710856521742,1126.2971739130435
07/03/2025,12,409.56260869565216,0,255.99710856521742,0,255.99710856521742,1126.2971739130435
07/03/2025,13,409.56260869565216,0,255.99710856521742,0,255.99710856521742,1126.2971739130435
07/03/2025,14,409.56260869565216,0,255.99710856521742,0,255.99710856521742,1126.2971739130435
07/03/2025,15,409.56260869565216,0,255.99710856521742,0,255.99710856521742,1126.2971739130435
07/03/2025,16,409.56260869565216,0,255.99710856521742,0,255.99710856521742,1126.2971739130435
07/03/2025,17,409.56260869565216,0,255.99710856521742,0,255.99710856521742,1126.2971739130435
07/03/2025,18,409.56260869565216,0,255.99710856521742,0,255.99710856521742,1126.2971739130435
07/03/2025,19,409.56260869565216,0,255.99710856521742,0,255.99710856521742,1126.2971739130435
07/03/2025,20,409.56260869565216,0,255.99710856521742,0,255.99710856521742,1126.2971739130435
07/03/2025,21,409.56260869565216,0,255.99710856521742,0,255.99710856521742,1126.2971739130435
07/03/2025,22,409.56260869565216,0,255.99710856521742,0,255.99710856521742,1126.2971739130435
07/03/2025,23,409.56260869565216,0,255.99710856521742,0,255.99710856521742,1126.2971739130435
07/03/2025,24,409.56260869565216,0,255.99710856521742,0,255.99710856521742,1126.2971739130435
08/03/2025,1,409.56260869565216,0,255.99710856521742,0,255.99710856521742,1126.2971739130435
08/03/2025,2,409.56260869565216,0,255.99710856521742,0,255.99710856521742,1126.2971739130435
08/03/2025,3,409.56260869565216,0,255.99710856521742,0,255.99710856521742,1126.2971739130435
08/03/2025,4,409.56260869565216,0,255.99710856521742,0,255.99710856521742,1126.2971739130435
08/03/2025,5,409.56260869565216,0,255.99710856521742,0,255.99710856521742,1126.2971739130435
08/03/2025,6,409.56260869565216,0,255.99710856521742,0,255.99710856521742,1126.2971739130435
08/03/2025,7,409.56260869565216,0,255.99710856521742,0,255.99710856521742,1126.2971739130435
08/03/2025,8,409.56260869565216,0,255.99710856521742,0,255.99710856521742,1126.2971739130435
08/03/2025,9,409.56260869565216,0,255.99710856521742,0,255.99710856521742,1126.2971739130435
08/03/2025,10,409.56260869565216,0,255.99710856521742,0,255.99710856521742,1126.2971739130435
08/03/2025,11,409.56260869565216,0,255.99710856521742,0,255.99710856521742,1126.2971739130435
08/03/2025,12,409.56260869565216,0,255.99710856521742,0,255.99710856521742,1126.2971739130435
08/03/2025,13,409.56260869565216,0,255.99710856521742,0,255.99710856521742,1126.2971739130435
08/03/2025,14,409.56260869565216,0,255.99710856521742,0,255.99710856521742,1126.2971739130435
08/03/2025,15,409.56260869565216,0,255.99710856521742,0,255.99710856521742,1126.2971739130435
08/03/2025,16,409.56260869565216,0,255.99710856521742,0,255.99710856521742,1126.2971739130435
08/03/2025,17,409.56260869565216,0,255.99710856521742,0,255.99710856521742,1126.2971739130435
08/03/2025,18,409.56260869565216,0,255.99710856521742,0,255.99710856521742,1126.2971739130435
08/03/2025,19,409.56260869565216,0,255.99710856521742,0,255.99710856521742,1126.2971739130435
08/03/2025,20,409.56260869565216,0,255.99710856521742,0,255.99710856521742,1126.2971739130435
08/03/2025,21,409.56260869565216,0,255.99710856521742,0,255.99710856521742,1126.2971739130435
08/03/2025,22,409.56260869565216,0,255.99710856521742,0,255.99710856521742,1126.2971739130435
08/03/2025,23,409.56260869565216,0,255.99710856521742,0,255.99710856521742,1126.2971739130435
08/03/2025,24,409.56260869565216,0,255.99710856521742,0,255.99710856521742,1126.2971739130435
09/03/2025,1,409.56260869565216,0,255.99710856521742,0,255.99710856521742,1126.2971739130435
09/03/2025,2,409.56260869565216,0,255.99710856521742,0,255.99710856521742,1126.2971739130435
09/03/2025,3,409.56260869565216,0,255.99710856521742,0,255.99710856521742,1126.2971739130435
09/03/2025,4,409.56260869565216,0,255.99710856521742,0,255.99710856521742,1126.2971739130435
09/03/2025,5,409.56260869565216,0,255.99710856521742,0,255.99710856521742,1126.2971739130435
09/03/2025,6,409.56260869565216,0,255.99710856521742,0,255.99710856521742,1126.2971739130435
09/03/2025,7,409.56260869565216,0,255.99710856521742,0,255.99710856521742,1126.2971739130435
09/03/2025,8,409.56260869565216,0,255.99710856521742,0,255.99710856521742,1126.2971739130435
09/03/2025,9,409.56260869565216,0,255.99710856521742,0,255.99710856521742,1126.2971739130435
09/03/2025,10,409.56260869565216,0,255.99710856521742,0,255.99710856521742,1126.2971739130435
09/03/2025,11,409.56260869565216,0,255.99710856521742,0,255.99710856521742,1126.2971739130435
09/03/2025,12,409.56260869565216,0,255.99710856521742,0,255.99710856521742,1126.2971739130435
09/03/2025,13,409.56260869565216,0,255.99710856521742,0,255.99710856521742,1126.2971739130435
09/03/2025,14,409.56260869565216,0,255.99710856521742,0,255.99710856521742,1126.2971739130435
09/03/2025,15,409.56260869565216,0,255.99710856521742,0,255.99710856521742,1126.2971739130435
09/03/2025,16,409.56260869565216,0,255.99710856521742,0,255.99710856521742,1126.2971739130435
09/03/2025,17,409.56260869565216,0,255.99710856521742,0,255.99710856521742,1126.2971739130435
09/03/2025,18,409.56260869565216,0,255.99710856521742,0,255.99710856521742,1126.2971739130435
09/03/2025,19,409.56260869565216,0,255.99710856521742,0,255.99710856521742,1126.2971739130435
09/03/2025,20,409.56260869565216,0,255.99710856521742,0,255.99710856521742,1126.2971739130435
09/03/2025,21,409.56260869565216,0,255.99710856521742,0,255.99710856521742,1126.2971739130435
09/03/2025,22,409.56260869565216,0,255.99710856521742,0,255.99710856521742,1126.2971739130435
09/03/2025,23,409.56260869565216,0,255.99710856521742,0,255.99710856521742,1126.2971739130435
09/03/2025,24,409.56260869565216,0,255.99710856521742,0,255.99710856521742,1126.2971739130435
10/03/2025,1,409.56260869565216,0,255.99710856521742,0,255.99710856521742,1126.2971739130435
10/03/2025,2,409.56260869565216,0,255.99710856521742,0,255.99710856521742,1126.2971739130435
10/03/2025,3,409.56260869565216,0,255.99710856521742,0,255.99710856521742,1126.2971739130435
10/03/2025,4,409.56260869565216,0,255.99710856521742,0,255.99710856521742,1126.2971739130435
10/03/2025,5,409.56260869565216,0,255.99710856521742,0,255.99710856521742,1126.2971739130435
10/03/2025,6,409.56260869565216,0,255.99710856521742,0,255.99710856521742,1126.2971739130435
10/03/2025,7,409.56260869565216,0,255.99710856521742,0,255.99710856521742,1126.2971739130435
10/03/2025,8,409.56260869565216,0,255.99710856521742,0,255.99710856521742,1126.2971739130435
10/03/2025,9,409.56260869565216,0,255.99710856521742,0,255.99710856521742,1126.2971739130435
10/03/2025,10,409.56260869565216,0,255.99710856521742,0,255.99710856521742,1126.2971739130435
10/03/2025,11,409.56260869565216,0,255.99710856521742,0,255.99710856521742,1126.2971739130435
10/03/2025,12,409.56260869565216,0,255.99710856521742,0,255.99710856521742,1126.2971739130435
10/03/2025,13,409.56260869565216,0,255.99710856521742,0,255.99710856521742,1126.2971739130435
10/03/2025,14,409.56260869565216,0,255.99710856521742,0,255.99710856521742,1126.2971739130435
10/03/2025,15,409.56260869565216,0,255.99710856521742,0,255.99710856521742,1126.2971739130435
10/03/2025,16,409.56260869565216,0,255.99710856521742,0,255.99710856521742,1126.2971739130435
10/03/2025,17,409.56260869565216,0,255.99710856521742,0,255.99710856521742,1126.2971739130435
10/03/2025,18,409.56260869565216,0,255.99710856521742,0,255.99710856521742,1126.2971739130435
10/03/2025,19,409.56260869565216,0,255.99710856521742,0,255.99710856521742,1126.2971739130435
10/03/2025,20,409.56260869565216,0,255.99710856521742,0,255.99710856521742,1126.2971739130435
10/03/2025,21,409.56260869565216,0,255.99710856521742,0,255.99710856521742,1126.2971739130435
10/03/2025,22,409.56260869565216,0,255.99710856521742,0,255.99710856521742,1126.2971739130435
10/03/2025,23,409.56260869565216,0,255.99710856521742,0,255.99710856521742,1126.2971739130435
10/03/2025,24,409.56260869565216,0,255.99710856521742,0,255.99710856521742,1126.2971739130435
11/03/2025,1,409.56260869565216,0,255.99710856521742,0,255.99710856521742,1126.2971739130435
11/03/2025,2,409.56260869565216,0,255.99710856521742,0,255.99710856521742,1126.2971739130435
11/03/2025,3,409.56260869565216,0,255.99710856521742,0,255.99710856521742,1126.2971739130435
11/03/2025,4,409.56260869565216,0,255.99710856521742,0,255.99710856521742,1126.2971739130435
11/03/2025,5,409.56260869565216,0,255.99710856521742,0,255.99710856521742,1126.2971739130435
11/03/2025,6,409.56260869565216,0,255.99710856521742,0,255.99710856521742,1126.2971739130435
11/03/2025,7,409.56260869565216,0,255.99710856521742,0,255.99710856521742,1126.2971739130435
11/03/2025,8,409.56260869565216,0,255.99710856521742,0,255.99710856521742,1126.2971739130435
11/03/2025,9,409.56260869565216,0,255.99710856521742,0,255.99710856521742,1126.2971739130435
11/03/2025,10,409.56260869565216,0,255.99710856521742,0,255.99710856521742,1126.2971739130435
11/03/2025,11,409.56260869565216,0,255.99710856521742,0,255.99710856521742,1126.2971739130435
11/03/2025,12,409.56260869565216,0,255.99710856521742,0,255.99710856521742,1126.2971739130435
11/03/2025,13,409.56260869565216,0,255.99710856521742,0,255.99710856521742,1126.2971739130435
11/03/2025,14,409.56260869565216,0,255.99710856521742,0,255.99710856521742,1126.2971739130435
11/03/2025,15,409.56260869565216,0,255.99710856521742,0,255.99710856521742,1126.2971739130435
11/03/2025,16,409.56260869565216,0,255.99710856521742,0,255.99710856521742,1126.2971739130435
11/03/2025,17,409.56260869565216,0,255.99710856521742,0,255.99710856521742,1126.2971739130435
11/03/2025,18,409.56260869565216,0,255.99710856521742,0,255.99710856521742,1126.2971739130435
11/03/2025,19,409.56260869565216,0,255.99710856521742,0,255.99710856521742,1126.2971739130435
11/03/2025,20,409.56260869565216,0,255.99710856521742,0,255.99710856521742,1126.2971739130435
11/03/2025,21,409.56260869565216,0,255.99710856521742,0,255.99710856521742,1126.2971739130435
11/03/2025,22,409.56260869565216,0,255.99710856521742,0,255.99710856521742,1126.2971739130435
11/03/2025,23,409.56260869565216,0,255.99710856521742,0,255.99710856521742,1126.2971739130435
11/03/2025,24,409.56260869565216,0,255.99710856521742,0,255.99710856521742,1126.2971739130435
12/03/2025,1,409.56260869565216,0,255.99710856521742,0,255.99710856521742,1126.2971739130435
12/03/2025,2,409.56260869565216,0,255.99710856521742,0,255.99710856521742,1126.2971739130435
12/03/2025,3,409.56260869565216,0,255.99710856521742,0,255.99710856521742,1126.2971739130435
12/03/2025,4,409.56260869565216,0,255.99710856521742,0,255.99710856521742,1126.2971739130435
12/03/2025,5,409.56260869565216,0,255.99710856521742,0,255.99710856521742,1126.2971739130435
12/03/2025,6,409.56260869565216,0,255.99710856521742,0,255.99710856521742,1126.2971739130435
12/03/2025,7,409.56260869565216,0,255.99710856521742,0,255.99710856521742,1126.2971739130435
12/03/2025,8,409.56260869565216,0,255.99710856521742,0,255.99710856521742,1126.2971739130435
12/03/2025,9,409.56260869565216,0,255.99710856521742,0,255.99710856521742,1126.2971739130435
12/03/2025,10,409.56260869565216,0,255.99710856521742,0,255.99710856521742,1126.2971739130435
12/03/2025,11,409.56260869565216,0,255.99710856521742,0,255.99710856521742,1126.2971739130435
12/03/2025,12,409.56260869565216,0,255.99710856521742,0,255.99710856521742,1126.2971739130435
12/03/2025,13,409.56260869565216,0,255.99710856521742,0,255.99710856521742,1126.2971739130435
12/03/2025,14,409.56260869565216,0,255.99710856521742,0,255.99710856521742,1126.2971739130435
12/03/2025,15,409.56260869565216,0,255.99710856521742,0,255.99710856521742,1126.2971739130435
12/03/2025,16,409.56260869565216,0,255.99710856521742,0,255.99710856521742,1126.2971739130435
12/03/2025,17,409.56260869565216,0,255.99710856521742,0,255.99710856521742,1126.2971739130435
12/03/2025,18,409.56260869565216,0,255.99710856521742,0,255.99710856521742,1126.2971739130435
12/03/2025,19,409.56260869565216,0,255.99710856521742,0,255.99710856521742,1126.2971739130435
12/03/2025,20,409.56260869565216,0,255.99710856521742,0,255.99710856521742,1126.2971739130435
12/03/2025,21,409.56260869565216,0,255.99710856521742,0,255.99710856521742,1126.2971739130435
12/03/2025,22,409.56260869565216,0,255.99710856521742,0,255.99710856521742,1126.2971739130435
12/03/2025,23,409.56260869565216,0,255.99710856521742,0,255.99710856521742,1126.2971739130435
12/03/2025,24,409.56260869565216,0,255.99710856521742,0,255.99710856521742,1126.2971739130435
13/03/2025,1,409.56260869565216,0,255.99710856521742,0,255.99710856521742,1126.2971739130435
13/03/2025,2,409.56260869565216,0,255.99710856521742,0,255.99710856521742,1126.2971739130435
13/03/2025,3,409.56260869565216,0,255.99710856521742,0,255.99710856521742,1126.2971739130435
13/03/2025,4,409.56260869565216,0,255.99710856521742,0,255.99710856521742,1126.2971739130435
13/03/2025,5,409.56260869565216,0,255.99710856521742,0,255.99710856521742,1126.2971739130435
13/03/2025,6,409.56260869565216,0,255.99710856521742,0,255.99710856521742,1126.2971739130435
13/03/2025,7,409.56260869565216,0,255.99710856521742,0,255.99710856521742,1126.2971739130435
13/03/2025,8,409.56260869565216,0,255.99710856521742,0,255.99710856521742,1126.2971739130435
13/03/2025,9,409.56260869565216,0,255.99710856521742,0,255.99710856521742,1126.2971739130435
13/03/2025,10,409.56260869565216,0,255.99710856521742,0,255.99710856521742,1126.2971739130435
13/03/2025,11,409.56260869565216,0,255.99710856521742,0,255.99710856521742,1126.2971739130435
13/03/2025,12,409.56260869565216,0,255.99710856521742,0,255.99710856521742,1126.2971739130435
13/03/2025,13,409.56260869565216,0,255.99710856521742,0,255.99710856521742,1126.2971739130435
13/03/2025,14,409.56260869565216,0,255.99710856521742,0,255.99710856521742,1126.2971739130435
13/03/2025,15,409.56260869565216,0,255.99710856521742,0,255.99710856521742,1126.2971739130435
13/03/2025,16,409.56260869565216,0,255.99710856521742,0,255.99710856521742,1126.2971739130435
13/03/2025,17,409.56260869565216,0,255.99710856521742,0,255.99710856521742,1126.2971739130435
13/03/2025,18,409.56260869565216,0,255.99710856521742,0,255.99710856521742,1126.2971739130435
13/03/2025,19,409.56260869565216,0,255.99710856521742,0,255.99710856521742,1126.2971739130435
13/03/2025,20,409.56260869565216,0,255.99710856521742,0,255.99710856521742,1126.2971739130435
13/03/2025,21,409.56260869565216,0,255.99710856521742,0,255.99710856521742,1126.2971739130435
13/03/2025,22,409.56260869565216,0,255.99710856521742,0,255.99710856521742,1126.2971739130435
13/03/2025,23,409.56260869565216,0,255.99710856521742,0,255.99710856521742,1126.2971739130435
13/03/2025,24,409.56260869565216,0,255.99710856521742,0,255.99710856521742,1126.2971739130435
14/03/2025,1,409.56260869565216,0,255.99710856521742,0,255.99710856521742,1126.2971739130435
14/03/2025,2,409.56260869565216,0,255.99710856521742,0,255.99710856521742,1126.2971739130435
14/03/2025,3,409.56260869565216,0,255.99710856521742,0,255.99710856521742,1126.2971739130435
14/03/2025,4,409.56260869565216,0,255.99710856521742,0,255.99710856521742,1126.2971739130435
14/03/2025,5,409.56260869565216,0,255.99710856521742,0,255.99710856521742,1126.2971739130435
14/03/2025,6,409.56260869565216,0,255.99710856521742,0,255.99710856521742,1126.2971739130435
14/03/2025,7,409.56260869565216,0,255.99710856521742,0,255.99710856521742,1126.2971739130435
14/03/2025,8,409.56260869565216,0,255.99710856521742,0,255.99710856521742,1126.2971739130435
14/03/2025,9,409.56260869565216,0,255.99710856521742,0,255.99710856521742,1126.2971739130435
14/03/2025,10,409.56260869565216,0,255.99710856521742,0,255.99710856521742,1126.2971739130435
14/03/2025,11,409.56260869565216,0,255.99710856521742,0,255.99710856521742,1126.2971739130435
14/03/2025,12,409.56260869565216,0,255.99710856521742,0,255.99710856521742,1126.2971739130435
14/03/2025,13,409.56260869565216,0,255.99710856521742,0,255.99710856521742,1126.2971739130435
14/03/2025,14,409.56260869565216,0,255.99710856521742,0,255.99710856521742,1126.2971739130435
14/03/2025,15,409.56260869565216,0,255.99710856521742,0,255.99710856521742,1126.2971739130435
14/03/2025,16,409.56260869565216,0,255.99710856521742,0,255.99710856521742,1126.2971739130435
14/03/2025,17,409.56260869565216,0,255.99710856521742,0,255.99710856521742,1126.2971739130435
14/03/2025,18,409.56260869565216,0,255.99710856521742,0,255.99710856521742,1126.2971739130435
14/03/2025,19,409.56260869565216,0,255.99710856521742,0,255.99710856521742,1126.2971739130435
14/03/2025,20,409.56260869565216,0,255.99710856521742,0,255.99710856521742,1126.2971739130435
14/03/2025,21,409.56260869565216,0,255.99710856521742,0,255.99710856521742,1126.2971739130435
14/03/2025,22,409.56260869565216,0,255.99710856521742,0,255.99710856521742,1126.2971739130435
14/03/2025,23,409.56260869565216,0,255.99710856521742,0,255.99710856521742,1126.2971739130435
14/03/2025,24,409.56260869565216,0,255.99710856521742,0,255.99710856521742,1126.2971739130435
15/03/2025,1,409.56260869565216,0,255.99710856521742,0,255.99710856521742,1126.2971739130435
15/03/2025,2,409.56260869565216,0,255.99710856521742,0,255.99710856521742,1126.2971739130435
15/03/2025,3,409.56260869565216,0,255.99710856521742,0,255.99710856521742,1126.2971739130435
15/03/2025,4,409.56260869565216,0,255.99710856521742,0,255.99710856521742,1126.2971739130435
15/03/2025,5,409.56260869565216,0,255.99710856521742,0,255.99710856521742,1126.2971739130435
15/03/2025,6,409.56260869565216,0,255.99710856521742,0,255.99710856521742,1126.2971739130435
15/03/2025,7,409.56260869565216,0,255.99710856521742,0,255.99710856521742,1126.2971739130435
15/03/2025,8,409.56260869565216,0,255.99710856521742,0,255.99710856521742,1126.2971739130435
15/03/2025,9,409.56260869565216,0,255.99710856521742,0,255.99710856521742,1126.2971739130435
15/03/2025,10,409.56260869565216,0,255.99710856521742,0,255.99710856521742,1126.2971739130435
15/03/2025,11,409.56260869565216,0,255.99710856521742,0,255.99710856521742,1126.2971739130435
15/03/2025,12,409.56260869565216,0,255.99710856521742,0,255.99710856521742,1126.2971739130435
15/03/2025,13,409.56260869565216,0,255.99710856521742,0,255.99710856521742,1126.2971739130435
15/03/2025,14,409.56260869565216,0,255.99710856521742,0,255.99710856521742,1126.2971739130435
15/03/2025,15,409.56260869565216,0,255.99710856521742,0,255.99710856521742,1126.2971739130435
15/03/2025,16,409.56260869565216,0,255.99710856521742,0,255.99710856521742,1126.2971739130435
15/03/2025,17,409.56260869565216,0,255.99710856521742,0,255.99710856521742,1126.2971739130435
15/03/2025,18,409.56260869565216,0,255.99710856521742,0,255.99710856521742,1126.2971739130435
15/03/2025,19,409.56260869565216,0,255.99710856521742,0,255.99710856521742,1126.2971739130435
15/03/2025,20,409.56260869565216,0,255.99710856521742,0,255.99710856521742,1126.2971739130435
15/03/2025,21,409.56260869565216,0,255.99710856521742,0,255.99710856521742,1126.2971739130435
15/03/2025,22,409.56260869565216,0,255.99710856521742,0,255.99710856521742,1126.2971739130435
15/03/2025,23,409.56260869565216,0,255.99710856521742,0,255.99710856521742,1126.2971739130435
15/03/2025,24,409.56260869565216,0,255.99710856521742,0,255.99710856521742,1126.2971739130435
16/03/2025,1,409.56260869565216,0,255.99710856521742,0,255.99710856521742,1126.2971739130435
16/03/2025,2,409.56260869565216,0,255.99710856521742,0,255.99710856521742,1126.2971739130435
16/03/2025,3,409.56260869565216,0,255.99710856521742,0,255.99710856521742,1126.2971739130435
16/03/2025,4,409.56260869565216,0,255.99710856521742,0,255.99710856521742,1126.2971739130435
16/03/2025,5,409.56260869565216,0,255.99710856521742,0,255.99710856521742,1126.2971739130435
16/03/2025,6,409.56260869565216,0,255.99710856521742,0,255.99710856521742,1126.2971739130435
16/03/2025,7,409.56260869565216,0,255.99710856521742,0,255.99710856521742,1126.2971739130435
16/03/2025,8,409.56260869565216,0,255.99710856521742,0,255.99710856521742,1126.2971739130435
16/03/2025,9,409.56260869565216,0,255.99710856521742,0,255.99710856521742,1126.2971739130435
16/03/2025,10,409.56260869565216,0,255.99710856521742,0,255.99710856521742,1126.2971739130435
16/03/2025,11,409.56260869565216,0,255.99710856521742,0,255.99710856521742,1126.2971739130435
16/03/2025,12,409.56260869565216,0,255.99710856521742,0,255.99710856521742,1126.2971739130435
16/03/2025,13,409.56260869565216,0,255.99710856521742,0,255.99710856521742,1126.2971739130435
16/03/2025,14,409.56260869565216,0,255.99710856521742,0,255.99710856521742,1126.2971739130435
16/03/2025,15,409.56260869565216,0,255.99710856521742,0,255.99710856521742,1126.2971739130435
16/03/2025,16,409.56260869565216,0,255.99710856521742,0,255.99710856521742,1126.2971739130435
16/03/2025,17,409.56260869565216,0,255.99710856521742,0,255.99710856521742,1126.2971739130435
16/03/2025,18,409.56260869565216,0,255.99710856521742,0,255.99710856521742,1126.2971739130435
16/03/2025,19,409.56260869565216,0,255.99710856521742,0,255.99710856521742,1126.2971739130435
16/03/2025,20,409.56260869565216,0,255.99710856521742,0,255.99710856521742,1126.2971739130435
16/03/2025,21,409.56260869565216,0,255.99710856521742,0,255.99710856521742,1126.2971739130435
16/03/2025,22,409.56260869565216,0,255.99710856521742,0,255.99710856521742,1126.2971739130435
16/03/2025,23,409.56260869565216,0,255.99710856521742,0,255.99710856521742,1126.2971739130435
16/03/2025,24,409.56260869565216,0,255.99710856521742,0,255.99710856521742,1126.2971739130435
17/03/2025,1,409.56260869565216,0,255.99710856521742,0,255.99710856521742,1126.2971739130435
17/03/2025,2,409.56260869565216,0,255.99710856521742,0,255.99710856521742,1126.2971739130435
17/03/2025,3,409.56260869565216,0,255.99710856521742,0,255.99710856521742,1126.2971739130435
17/03/2025,4,409.56260869565216,0,255.99710856521742,0,255.99710856521742,1126.2971739130435
17/03/2025,5,409.56260869565216,0,255.99710856521742,0,255.99710856521742,1126.2971739130435
17/03/2025,6,409.56260869565216,0,255.99710856521742,0,255.99710856521742,1126.2971739130435
17/03/2025,7,409.56260869565216,0,255.99710856521742,0,255.99710856521742,1126.2971739130435
17/03/2025,8,409.56260869565216,0,255.99710856521742,0,255.99710856521742,1126.2971739130435
17/03/2025,9,409.56260869565216,0,255.99710856521742,0,255.99710856521742,1126.2971739130435
17/03/2025,10,409.56260869565216,0,255.99710856521742,0,255.99710856521742,1126.2971739130435
17/03/2025,11,409.56260869565216,0,255.99710856521742,0,255.99710856521742,1126.2971739130435
17/03/2025,12,409.56260869565216,0,255.99710856521742,0,255.99710856521742,1126.2971739130435
17/03/2025,13,409.56260869565216,0,255.99710856521742,0,255.99710856521742,1126.2971739130435
17/03/2025,14,409.56260869565216,0,255.99710856521742,0,255.99710856521742,1126.2971739130435
17/03/2025,15,409.56260869565216,0,255.99710856521742,0,255.99710856521742,1126.2971739130435
17/03/2025,16,409.56260869565216,0,255.99710856521742,0,255.99710856521742,1126.2971739130435
17/03/2025,17,409.56260869565216,0,255.99710856521742,0,255.99710856521742,1126.2971739130435
17/03/2025,18,409.56260869565216,0,255.99710856521742,0,255.99710856521742,1126.2971739130435
17/03/2025,19,409.56260869565216,0,255.99710856521742,0,255.99710856521742,1126.2971739130435
17/03/2025,20,409.56260869565216,0,255.99710856521742,0,255.99710856521742,1126.2971739130435
17/03/2025,21,409.56260869565216,0,255.99710856521742,0,255.99710856521742,1126.2971739130435
17/03/2025,22,409.56260869565216,0,255.99710856521742,0,255.99710856521742,1126.2971739130435
17/03/2025,23,409.56260869565216,0,255.99710856521742,0,255.99710856521742,1126.2971739130435
17/03/2025,24,409.56260869565216,0,255.99710856521742,0,255.99710856521742,1126.2971739130435
18/03/2025,1,409.56260869565216,0,255.99710856521742,0,255.99710856521742,1126.2971739130435
18/03/2025,2,409.56260869565216,0,255.99710856521742,0,255.99710856521742,1126.2971739130435
18/03/2025,3,409.56260869565216,0,255.99710856521742,0,255.99710856521742,1126.2971739130435
18/03/2025,4,409.56260869565216,0,255.99710856521742,0,255.99710856521742,1126.2971739130435
18/03/2025,5,409.56260869565216,0,255.99710856521742,0,255.99710856521742,1126.2971739130435
18/03/2025,6,409.56260869565216,0,255.99710856521742,0,255.99710856521742,1126.2971739130435
18/03/2025,7,409.56260869565216,0,255.99710856521742,0,255.99710856521742,1126.2971739130435
18/03/2025,8,409.56260869565216,0,255.99710856521742,0,255.99710856521742,1126.2971739130435
18/03/2025,9,409.56260869565216,0,255.99710856521742,0,255.99710856521742,1126.2971739130435
18/03/2025,10,409.56260869565216,0,255.99710856521742,0,255.99710856521742,1126.2971739130435
18/03/2025,11,409.56260869565216,0,255.99710856521742,0,255.99710856521742,1126.2971739130435
18/03/2025,12,409.56260869565216,0,255.99710856521742,0,255.99710856521742,1126.2971739130435
18/03/2025,13,409.56260869565216,0,255.99710856521742,0,255.99710856521742,1126.2971739130435
18/03/2025,14,409.56260869565216,0,255.99710856521742,0,255.99710856521742,1126.2971739130435
18/03/2025,15,409.56260869565216,0,255.99710856521742,0,255.99710856521742,1126.2971739130435
18/03/2025,16,409.56260869565216,0,255.99710856521742,0,255.99710856521742,1126.2971739130435
18/03/2025,17,409.56260869565216,0,255.99710856521742,0,255.99710856521742,1126.2971739130435
18/03/2025,18,409.56260869565216,0,255.99710856521742,0,255.99710856521742,1126.2971739130435
18/03/2025,19,409.56260869565216,0,255.99710856521742,0,255.99710856521742,1126.2971739130435
18/03/2025,20,409.56260869565216,0,255.99710856521742,0,255.99710856521742,1126.2971739130435
18/03/2025,21,409.56260869565216,0,255.99710856521742,0,255.99710856521742,1126.2971739130435
18/03/2025,22,409.56260869565216,0,255.99710856521742,0,255.99710856521742,1126.2971739130435
18/03/2025,23,409.56260869565216,0,255.99710856521742,0,255.99710856521742,1126.2971739130435
18/03/2025,24,409.56260869565216,0,255.99710856521742,0,255.99710856521742,1126.2971739130435
19/03/2025,1,409.56260869565216,0,255.99710856521742,0,255.99710856521742,1126.2971739130435
19/03/2025,2,409.56260869565216,0,255.99710856521742,0,255.99710856521742,1126.2971739130435
19/03/2025,3,409.56260869565216,0,255.99710856521742,0,255.99710856521742,1126.2971739130435
19/03/2025,4,409.56260869565216,0,255.99710856521742,0,255.99710856521742,1126.2971739130435
19/03/2025,5,409.56260869565216,0,255.99710856521742,0,255.99710856521742,1126.2971739130435
19/03/2025,6,409.56260869565216,0,255.99710856521742,0,255.99710856521742,1126.2971739130435
19/03/2025,7,409.56260869565216,0,255.99710856521742,0,255.99710856521742,1126.2971739130435
19/03/2025,8,409.56260869565216,0,255.99710856521742,0,255.99710856521742,1126.2971739130435
19/03/2025,9,409.56260869565216,0,255.99710856521742,0,255.99710856521742,1126.2971739130435
19/03/2025,10,409.56260869565216,0,255.99710856521742,0,255.99710856521742,1126.2971739130435
19/03/2025,11,409.56260869565216,0,255.99710856521742,0,255.99710856521742,1126.2971739130435
19/03/2025,12,409.56260869565216,0,255.99710856521742,0,255.99710856521742,1126.2971739130435
19/03/2025,13,409.56260869565216,0,255.99710856521742,0,255.99710856521742,1126.2971739130435
19/03/2025,14,409.56260869565216,0,255.99710856521742,0,255.99710856521742,1126.2971739130435
19/03/2025,15,409.56260869565216,0,255.99710856521742,0,255.99710856521742,1126.2971739130435
19/03/2025,16,409.56260869565216,0,255.99710856521742,0,255.99710856521742,1126.2971739130435
19/03/2025,17,409.56260869565216,0,255.99710856521742,0,255.99710856521742,1126.2971739130435
19/03/2025,18,409.56260869565216,0,255.99710856521742,0,255.99710856521742,1126.2971739130435
19/03/2025,19,409.56260869565216,0,255.99710856521742,0,255.99710856521742,1126.2971739130435
19/03/2025,20,409.56260869565216,0,255.99710856521742,0,255.99710856521742,1126.2971739130435
19/03/2025,21,409.56260869565216,0,255.99710856521742,0,255.99710856521742,1126.2971739130435
19/03/2025,22,409.56260869565216,0,255.99710856521742,0,255.99710856521742,1126.2971739130435
19/03/2025,23,409.56260869565216,0,255.99710856521742,0,255.99710856521742,1126.2971739130435
19/03/2025,24,409.56260869565216,0,255.99710856521742,0,255.99710856521742,1126.2971739130435
20/03/2025,1,409.56260869565216,0,255.99710856521742,0,255.99710856521742,1126.2971739130435
20/03/2025,2,409.56260869565216,0,255.99710856521742,0,255.99710856521742,1126.2971739130435
20/03/2025,3,409.56260869565216,0,255.99710856521742,0,255.99710856521742,1126.2971739130435
20/03/2025,4,409.56260869565216,0,255.99710856521742,0,255.99710856521742,1126.2971739130435
20/03/2025,5,409.56260869565216,0,255.99710856521742,0,255.99710856521742,1126.2971739130435
20/03/2025,6,409.56260869565216,0,255.99710856521742,0,255.99710856521742,1126.2971739130435
20/03/2025,7,409.56260869565216,0,255.99710856521742,0,255.99710856521742,1126.2971739130435
20/03/2025,8,409.56260869565216,0,255.99710856521742,0,255.99710856521742,1126.2971739130435
20/03/2025,9,409.56260869565216,0,255.99710856521742,0,255.99710856521742,1126.2971739130435
20/03/2025,10,409.56260869565216,0,255.99710856521742,0,255.99710856521742,1126.2971739130435
20/03/2025,11,409.56260869565216,0,255.99710856521742,0,255.99710856521742,1126.2971739130435
20/03/2025,12,409.56260869565216,0,255.99710856521742,0,255.99710856521742,1126.2971739130435
20/03/2025,13,409.56260869565216,0,255.99710856521742,0,255.99710856521742,1126.2971739130435
20/03/2025,14,409.56260869565216,0,255.99710856521742,0,255.99710856521742,1126.2971739130435
20/03/2025,15,409.56260869565216,0,255.99710856521742,0,255.99710856521742,1126.2971739130435
20/03/2025,16,409.56260869565216,0,255.99710856521742,0,255.99710856521742,1126.2971739130435
20/03/2025,17,409.56260869565216,0,255.99710856521742,0,255.99710856521742,1126.2971739130435
20/03/2025,18,409.56260869565216,0,255.99710856521742,0,255.99710856521742,1126.2971739130435
20/03/2025,19,409.56260869565216,0,255.99710856521742,0,255.99710856521742,1126.2971739130435
20/03/2025,20,409.56260869565216,0,255.99710856521742,0,255.99710856521742,1126.2971739130435
20/03/2025,21,409.56260869565216,0,255.99710856521742,0,255.99710856521742,1126.2971739130435
20/03/2025,22,409.56260869565216,0,255.99710856521742,0,255.99710856521742,1126.2971739130435
20/03/2025,23,409.56260869565216,0,255.99710856521742,0,255.99710856521742,1126.2971739130435
20/03/2025,24,409.56260869565216,0,255.99710856521742,0,255.99710856521742,1126.2971739130435
21/03/2025,1,409.56260869565216,0,255.99710856521742,0,255.99710856521742,1126.2971739130435
21/03/2025,2,409.56260869565216,0,255.99710856521742,0,255.99710856521742,1126.2971739130435
21/03/2025,3,409.56260869565216,0,255.99710856521742,0,255.99710856521742,1126.2971739130435
21/03/2025,4,409.56260869565216,0,255.99710856521742,0,255.99710856521742,1126.2971739130435
21/03/2025,5,409.56260869565216,0,255.99710856521742,0,255.99710856521742,1126.2971739130435
21/03/2025,6,409.56260869565216,0,255.99710856521742,0,255.99710856521742,1126.2971739130435
21/03/2025,7,409.56260869565216,0,255.99710856521742,0,255.99710856521742,1126.2971739130435
21/03/2025,8,409.56260869565216,0,255.99710856521742,0,255.99710856521742,1126.2971739130435
21/03/2025,9,409.56260869565216,0,255.99710856521742,0,255.99710856521742,1126.2971739130435
21/03/2025,10,409.56260869565216,0,255.99710856521742,0,255.99710856521742,1126.2971739130435
21/03/2025,11,409.56260869565216,0,255.99710856521742,0,255.99710856521742,1126.2971739130435
21/03/2025,12,409.56260869565216,0,255.99710856521742,0,255.99710856521742,1126.2971739130435
21/03/2025,13,409.56260869565216,0,255.99710856521742,0,255.99710856521742,1126.2971739130435
21/03/2025,14,409.56260869565216,0,255.99710856521742,0,255.99710856521742,1126.2971739130435
21/03/2025,15,409.56260869565216,0,255.99710856521742,0,255.99710856521742,1126.2971739130435
21/03/2025,16,409.56260869565216,0,255.99710856521742,0,255.99710856521742,1126.2971739130435
21/03/2025,17,409.56260869565216,0,255.99710856521742,0,255.99710856521742,1126.2971739130435
21/03/2025,18,409.56260869565216,0,255.99710856521742,0,255.99710856521742,1126.2971739130435
21/03/2025,19,409.56260869565216,0,255.99710856521742,0,255.99710856521742,1126.2971739130435
21/03/2025,20,409.56260869565216,0,255.99710856521742,0,255.99710856521742,1126.2971739130435
21/03/2025,21,409.56260869565216,0,255.99710856521742,0,255.99710856521742,1126.2971739130435
21/03/2025,22,409.56260869565216,0,255.99710856521742,0,255.99710856521742,1126.2971739130435
21/03/2025,23,409.56260869565216,0,255.99710856521742,0,255.99710856521742,1126.2971739130435
21/03/2025,24,409.56260869565216,0,255.99710856521742,0,255.99710856521742,1126.2971739130435
22/03/2025,1,409.56260869565216,0,255.99710856521742,0,255.99710856521742,1126.2971739130435
22/03/2025,2,409.56260869565216,0,255.99710856521742,0,255.99710856521742,1126.2971739130435
22/03/2025,3,409.56260869565216,0,255.99710856521742,0,255.99710856521742,1126.2971739130435
22/03/2025,4,409.56260869565216,0,255.99710856521742,0,255.99710856521742,1126.2971739130435
22/03/2025,5,409.56260869565216,0,255.99710856521742,0,255.99710856521742,1126.2971739130435
22/03/2025,6,409.56260869565216,0,255.99710856521742,0,255.99710856521742,1126.2971739130435
22/03/2025,7,409.56260869565216,0,255.99710856521742,0,255.99710856521742,1126.2971739130435
22/03/2025,8,409.56260869565216,0,255.99710856521742,0,255.99710856521742,1126.2971739130435
22/03/2025,9,409.56260869565216,0,255.99710856521742,0,255.99710856521742,1126.2971739130435
22/03/2025,10,409.56260869565216,0,255.99710856521742,0,255.99710856521742,1126.2971739130435
22/03/2025,11,409.56260869565216,0,255.99710856521742,0,255.99710856521742,1126.2971739130435
22/03/2025,12,409.56260869565216,0,255.99710856521742,0,255.99710856521742,1126.2971739130435
22/03/2025,13,409.56260869565216,0,255.99710856521742,0,255.99710856521742,1126.2971739130435
22/03/2025,14,409.56260869565216,0,255.99710856521742,0,255.99710856521742,1126.2971739130435
22/03/2025,15,409.56260869565216,0,255.99710856521742,0,255.99710856521742,1126.2971739130435
22/03/2025,16,409.56260869565216,0,255.99710856521742,0,255.99710856521742,1126.2971739130435
22/03/2025,17,409.56260869565216,0,255.99710856521742,0,255.99710856521742,1126.2971739130435
22/03/2025,18,409.56260869565216,0,255.99710856521742,0,255.99710856521742,1126.2971739130435
22/03/2025,19,409.56260869565216,0,255.99710856521742,0,255.99710856521742,1126.2971739130435
22/03/2025,20,409.56260869565216,0,255.99710856521742,0,255.99710856521742,1126.2971739130435
22/03/2025,21,409.56260869565216,0,255.99710856521742,0,255.99710856521742,1126.2971739130435
22/03/2025,22,409.56260869565216,0,255.99710856521742,0,255.99710856521742,1126.2971739130435
22/03/2025,23,409.56260869565216,0,255.99710856521742,0,255.99710856521742,1126.2971739130435
22/03/2025,24,409.56260869565216,0,255.99710856521742,0,255.99710856521742,1126.2971739130435
23/03/2025,1,409.56260869565216,0,255.99710856521742,0,255.99710856521742,1126.2971739130435
23/03/2025,2,409.56260869565216,0,255.99710856521742,0,255.99710856521742,1126.2971739130435
23/03/2025,3,409.56260869565216,0,255.99710856521742,0,255.99710856521742,1126.2971739130435
23/03/2025,4,409.56260869565216,0,255.99710856521742,0,255.99710856521742,1126.2971739130435
23/03/2025,5,409.56260869565216,0,255.99710856521742,0,255.99710856521742,1126.2971739130435
23/03/2025,6,409.56260869565216,0,255.99710856521742,0,255.99710856521742,1126.2971739130435
23/03/2025,7,409.56260869565216,0,255.99710856521742,0,255.99710856521742,1126.2971739130435
23/03/2025,8,409.56260869565216,0,255.99710856521742,0,255.99710856521742,1126.2971739130435
23/03/2025,9,409.56260869565216,0,255.99710856521742,0,255.99710856521742,1126.2971739130435
23/03/2025,10,409.56260869565216,0,255.99710856521742,0,255.99710856521742,1126.2971739130435
23/03/2025,11,409.56260869565216,0,255.99710856521742,0,255.99710856521742,1126.2971739130435
23/03/2025,12,409.56260869565216,0,255.99710856521742,0,255.99710856521742,1126.2971739130435
23/03/2025,13,409.56260869565216,0,255.99710856521742,0,255.99710856521742,1126.2971739130435
23/03/2025,14,409.56260869565216,0,255.99710856521742,0,255.99710856521742,1126.2971739130435
23/03/2025,15,409.56260869565216,0,255.99710856521742,0,255.99710856521742,1126.2971739130435
23/03/2025,16,409.56260869565216,0,255.99710856521742,0,255.99710856521742,1126.2971739130435
23/03/2025,17,409.56260869565216,0,255.99710856521742,0,255.99710856521742,1126.2971739130435
23/03/2025,18,409.56260869565216,0,255.99710856521742,0,255.99710856521742,1126.2971739130435
23/03/2025,19,409.56260869565216,0,255.99710856521742,0,255.99710856521742,1126.2971739130435
23/03/2025,20,409.56260869565216,0,255.99710856521742,0,255.99710856521742,1126.2971739130435
23/03/2025,21,409.56260869565216,0,255.99710856521742,0,255.99710856521742,1126.2971739130435
23/03/2025,22,409.56260869565216,0,255.99710856521742,0,255.99710856521742,1126.2971739130435
23/03/2025,23,409.56260869565216,0,255.99710856521742,0,255.99710856521742,1126.2971739130435
23/03/2025,24,409.56260869565216,0,255.99710856521742,0,255.99710856521742,1126.2971739130435
24/03/2025,1,409.56260869565216,0,255.99710856521742,0,255.99710856521742,1126.2971739130435
24/03/2025,2,409.56260869565216,0,255.99710856521742,0,255.99710856521742,1126.2971739130435
24/03/2025,3,409.56260869565216,0,255.99710856521742,0,255.99710856521742,1126.2971739130435
24/03/2025,4,409.56260869565216,0,255.99710856521742,0,255.99710856521742,1126.2971739130435
24/03/2025,5,409.56260869565216,0,255.99710856521742,0,255.99710856521742,1126.2971739130435
24/03/2025,6,409.56260869565216,0,255.99710856521742,0,255.99710856521742,1126.2971739130435
24/03/2025,7,409.56260869565216,0,255.99710856521742,0,255.99710856521742,1126.2971739130435
24/03/2025,8,409.56260869565216,0,255.99710856521742,0,255.99710856521742,1126.2971739130435
24/03/2025,9,409.56260869565216,0,255.99710856521742,0,255.99710856521742,1126.2971739130435
24/03/2025,10,409.56260869565216,0,255.99710856521742,0,255.99710856521742,1126.2971739130435
24/03/2025,11,409.56260869565216,0,255.99710856521742,0,255.99710856521742,1126.2971739130435
24/03/2025,12,409.56260869565216,0,255.99710856521742,0,255.99710856521742,1126.2971739130435
24/03/2025,13,409.56260869565216,0,255.99710856521742,0,255.99710856521742,1126.2971739130435
24/03/2025,14,409.56260869565216,0,255.99710856521742,0,255.99710856521742,1126.2971739130435
24/03/2025,15,409.56260869565216,0,255.99710856521742,0,255.99710856521742,1126.2971739130435
24/03/2025,16,409.56260869565216,0,255.99710856521742,0,255.99710856521742,1126.2971739130435
24/03/2025,17,409.56260869565216,0,255.99710856521742,0,255.99710856521742,1126.2971739130435
24/03/2025,18,409.56260869565216,0,255.99710856521742,0,255.99710856521742,1126.2971739130435
24/03/2025,19,409.56260869565216,0,255.99710856521742,0,255.99710856521742,1126.2971739130435
24/03/2025,20,409.56260869565216,0,255.99710856521742,0,255.99710856521742,1126.2971739130435
24/03/2025,21,409.56260869565216,0,255.99710856521742,0,255.99710856521742,1126.2971739130435
24/03/2025,22,409.56260869565216,0,255.99710856521742,0,255.99710856521742,1126.2971739130435
24/03/2025,23,409.56260869565216,0,255.99710856521742,0,255.99710856521742,1126.2971739130435
24/03/2025,24,409.56260869565216,0,255.99710856521742,0,255.99710856521742,1126.2971739130435
25/03/2025,1,409.56260869565216,0,255.99710856521742,0,255.99710856521742,1126.2971739130435
25/03/2025,2,409.56260869565216,0,255.99710856521742,0,255.99710856521742,1126.2971739130435
25/03/2025,3,409.56260869565216,0,255.99710856521742,0,255.99710856521742,1126.2971739130435
25/03/2025,4,409.56260869565216,0,255.99710856521742,0,255.99710856521742,1126.2971739130435
25/03/2025,5,409.56260869565216,0,255.99710856521742,0,255.99710856521742,1126.2971739130435
25/03/2025,6,409.56260869565216,0,255.99710856521742,0,255.99710856521742,1126.2971739130435
25/03/2025,7,409.56260869565216,0,255.99710856521742,0,255.99710856521742,1126.2971739130435
25/03/2025,8,409.56260869565216,0,255.99710856521742,0,255.99710856521742,1126.2971739130435
25/03/2025,9,409.56260869565216,0,255.99710856521742,0,255.99710856521742,1126.2971739130435
25/03/2025,10,409.56260869565216,0,255.99710856521742,0,255.99710856521742,1126.2971739130435
25/03/2025,11,409.56260869565216,0,255.99710856521742,0,255.99710856521742,1126.2971739130435
25/03/2025,12,409.56260869565216,0,255.99710856521742,0,255.99710856521742,1126.2971739130435
25/03/2025,13,409.56260869565216,0,255.99710856521742,0,255.99710856521742,1126.2971739130435
25/03/2025,14,409.56260869565216,0,255.99710856521742,0,255.99710856521742,1126.2971739130435
25/03/2025,15,409.56260869565216,0,255.99710856521742,0,255.99710856521742,1126.2971739130435
25/03/2025,16,409.56260869565216,0,255.99710856521742,0,255.99710856521742,1126.2971739130435
25/03/2025,17,409.56260869565216,0,255.99710856521742,0,255.99710856521742,1126.2971739130435
25/03/2025,18,409.56260869565216,0,255.99710856521742,0,255.99710856521742,1126.2971739130435
25/03/2025,19,409.56260869565216,0,255.99710856521742,0,255.99710856521742,1126.2971739130435
25/03/2025,20,409.56260869565216,0,255.99710856521742,0,255.99710856521742,1126.2971739130435
25/03/2025,21,409.56260869565216,0,255.99710856521742,0,255.99710856521742,1126.2971739130435
25/03/2025,22,409.56260869565216,0,255.99710856521742,0,255.99710856521742,1126.2971739130435
25/03/2025,23,409.56260869565216,0,255.99710856521742,0,255.99710856521742,1126.2971739130435
25/03/2025,24,409.56260869565216,0,255.99710856521742,0,255.99710856521742,1126.2971739130435
26/03/2025,1,409.56260869565216,0,255.99710856521742,0,255.99710856521742,1126.2971739130435
26/03/2025,2,409.56260869565216,0,255.99710856521742,0,255.99710856521742,1126.2971739130435
26/03/2025,3,409.56260869565216,0,255.99710856521742,0,255.99710856521742,1126.2971739130435
26/03/2025,4,409.56260869565216,0,255.99710856521742,0,255.99710856521742,1126.2971739130435
26/03/2025,5,409.56260869565216,0,255.99710856521742,0,255.99710856521742,1126.2971739130435
26/03/2025,6,409.56260869565216,0,255.99710856521742,0,255.99710856521742,1126.2971739130435
26/03/2025,7,409.56260869565216,0,255.99710856521742,0,255.99710856521742,1126.2971739130435
26/03/2025,8,409.56260869565216,0,255.99710856521742,0,255.99710856521742,1126.2971739130435
26/03/2025,9,409.56260869565216,0,255.99710856521742,0,255.99710856521742,1126.2971739130435
26/03/2025,10,409.56260869565216,0,255.99710856521742,0,255.99710856521742,1126.2971739130435
26/03/2025,11,409.56260869565216,0,255.99710856521742,0,255.99710856521742,1126.2971739130435
26/03/2025,12,409.56260869565216,0,255.99710856521742,0,255.99710856521742,1126.2971739130435
26/03/2025,13,409.56260869565216,0,255.99710856521742,0,255.99710856521742,1126.2971739130435
26/03/2025,14,409.56260869565216,0,255.99710856521742,0,255.99710856521742,1126.2971739130435
26/03/2025,15,409.56260869565216,0,255.99710856521742,0,255.99710856521742,1126.2971739130435
26/03/2025,16,409.56260869565216,0,255.99710856521742,0,255.99710856521742,1126.2971739130435
26/03/2025,17,409.56260869565216,0,255.99710856521742,0,255.99710856521742,1126.2971739130435
26/03/2025,18,409.56260869565216,0,255.99710856521742,0,255.99710856521742,1126.2971739130435
26/03/2025,19,409.56260869565216,0,255.99710856521742,0,255.99710856521742,1126.2971739130435
26/03/2025,20,409.56260869565216,0,255.99710856521742,0,255.99710856521742,1126.2971739130435
26/03/2025,21,409.56260869565216,0,255.99710856521742,0,255.99710856521742,1126.2971739130435
26/03/2025,22,409.56260869565216,0,255.99710856521742,0,255.99710856521742,1126.2971739130435
26/03/2025,23,409.56260869565216,0,255.99710856521742,0,255.99710856521742,1126.2971739130435
26/03/2025,24,409.56260869565216,0,255.99710856521742,0,255.99710856521742,1126.2971739130435
27/03/2025,1,409.56260869565216,0,255.99710856521742,0,255.99710856521742,1126.2971739130435
27/03/2025,2,409.56260869565216,0,255.99710856521742,0,255.99710856521742,1126.2971739130435
27/03/2025,3,409.56260869565216,0,255.99710856521742,0,255.99710856521742,1126.2971739130435
27/03/2025,4,409.56260869565216,0,255.99710856521742,0,255.99710856521742,1126.2971739130435
27/03/2025,5,409.56260869565216,0,255.99710856521742,0,255.99710856521742,1126.2971739130435
27/03/2025,6,409.56260869565216,0,255.99710856521742,0,255.99710856521742,1126.2971739130435
27/03/2025,7,409.56260869565216,0,255.99710856521742,0,255.99710856521742,1126.2971739130435
27/03/2025,8,409.56260869565216,0,255.99710856521742,0,255.99710856521742,1126.2971739130435
27/03/2025,9,409.56260869565216,0,255.99710856521742,0,255.99710856521742,1126.2971739130435
27/03/2025,10,409.56260869565216,0,255.99710856521742,0,255.99710856521742,1126.2971739130435
27/03/2025,11,409.56260869565216,0,255.99710856521742,0,255.99710856521742,1126.2971739130435
27/03/2025,12,409.56260869565216,0,255.99710856521742,0,255.99710856521742,1126.2971739130435
27/03/2025,13,409.56260869565216,0,255.99710856521742,0,255.99710856521742,1126.2971739130435
27/03/2025,14,409.56260869565216,0,255.99710856521742,0,255.99710856521742,1126.2971739130435
27/03/2025,15,409.56260869565216,0,255.99710856521742,0,255.99710856521742,1126.2971739130435
27/03/2025,16,409.56260869565216,0,255.99710856521742,0,255.99710856521742,1126.2971739130435
27/03/2025,17,409.56260869565216,0,255.99710856521742,0,255.99710856521742,1126.2971739130435
27/03/2025,18,409.56260869565216,0,255.99710856521742,0,255.99710856521742,1126.2971739130435
27/03/2025,19,409.56260869565216,0,255.99710856521742,0,255.99710856521742,1126.2971739130435
27/03/2025,20,409.56260869565216,0,255.99710856521742,0,255.99710856521742,1126.2971739130435
27/03/2025,21,409.56260869565216,0,255.99710856521742,0,255.99710856521742,1126.2971739130435
27/03/2025,22,409.56260869565216,0,255.99710856521742,0,255.99710856521742,1126.2971739130435
27/03/2025,23,409.56260869565216,0,255.99710856521742,0,255.99710856521742,1126.2971739130435
27/03/2025,24,409.56260869565216,0,255.99710856521742,0,255.99710856521742,1126.2971739130435
28/03/2025,1,409.56260869565216,0,255.99710856521742,0,255.99710856521742,1126.2971739130435
28/03/2025,2,409.56260869565216,0,255.99710856521742,0,255.99710856521742,1126.2971739130435
28/03/2025,3,409.56260869565216,0,255.99710856521742,0,255.99710856521742,1126.2971739130435
28/03/2025,4,409.56260869565216,0,255.99710856521742,0,255.99710856521742,1126.2971739130435
28/03/2025,5,409.56260869565216,0,255.99710856521742,0,255.99710856521742,1126.2971739130435
28/03/2025,6,409.56260869565216,0,255.99710856521742,0,255.99710856521742,1126.2971739130435
28/03/2025,7,409.56260869565216,0,255.99710856521742,0,255.99710856521742,1126.2971739130435
28/03/2025,8,409.56260869565216,0,255.99710856521742,0,255.99710856521742,1126.2971739130435
28/03/2025,9,409.56260869565216,0,255.99710856521742,0,255.99710856521742,1126.2971739130435
28/03/2025,10,409.56260869565216,0,255.99710856521742,0,255.99710856521742,1126.2971739130435
28/03/2025,11,409.56260869565216,0,255.99710856521742,0,255.99710856521742,1126.2971739130435
28/03/2025,12,409.56260869565216,0,255.99710856521742,0,255.99710856521742,1126.2971739130435
28/03/2025,13,409.56260869565216,0,255.99710856521742,0,255.99710856521742,1126.2971739130435
28/03/2025,14,409.56260869565216,0,255.99710856521742,0,255.99710856521742,1126.2971739130435
28/03/2025,15,409.56260869565216,0,255.99710856521742,0,255.99710856521742,1126.2971739130435
28/03/2025,16,409.56260869565216,0,255.99710856521742,0,255.99710856521742,1126.2971739130435
28/03/2025,17,409.56260869565216,0,255.99710856521742,0,255.99710856521742,1126.2971739130435
28/03/2025,18,409.56260869565216,0,255.99710856521742,0,255.99710856521742,1126.2971739130435
28/03/2025,19,409.56260869565216,0,255.99710856521742,0,255.99710856521742,1126.2971739130435
28/03/2025,20,409.56260869565216,0,255.99710856521742,0,255.99710856521742,1126.2971739130435
28/03/2025,21,409.56260869565216,0,255.99710856521742,0,255.99710856521742,1126.2971739130435
28/03/2025,22,409.56260869565216,0,255.99710856521742,0,255.99710856521742,1126.2971739130435
28/03/2025,23,409.56260869565216,0,255.99710856521742,0,255.99710856521742,1126.2971739130435
28/03/2025,24,409.56260869565216,0,255.99710856521742,0,255.99710856521742,1126.2971739130435
29/03/2025,1,409.56260869565216,0,255.99710856521742,0,255.99710856521742,1126.2971739130435
29/03/2025,2,409.56260869565216,0,255.99710856521742,0,255.99710856521742,1126.2971739130435
29/03/2025,3,409.56260869565216,0,255.99710856521742,0,255.99710856521742,1126.2971739130435
29/03/2025,4,409.56260869565216,0,255.99710856521742,0,255.99710856521742,1126.2971739130435
29/03/2025,5,409.56260869565216,0,255.99710856521742,0,255.99710856521742,1126.2971739130435
29/03/2025,6,409.56260869565216,0,255.99710856521742,0,255.99710856521742,1126.2971739130435
29/03/2025,7,409.56260869565216,0,255.99710856521742,0,255.99710856521742,1126.2971739130435
29/03/2025,8,409.56260869565216,0,255.99710856521742,0,255.99710856521742,1126.2971739130435
29/03/2025,9,409.56260869565216,0,255.99710856521742,0,255.99710856521742,1126.2971739130435
29/03/2025,10,409.56260869565216,0,255.99710856521742,0,255.99710856521742,1126.2971739130435
29/03/2025,11,409.56260869565216,0,255.99710856521742,0,255.99710856521742,1126.2971739130435
29/03/2025,12,409.56260869565216,0,255.99710856521742,0,255.99710856521742,1126.2971739130435
29/03/2025,13,409.56260869565216,0,255.99710856521742,0,255.99710856521742,1126.2971739130435
29/03/2025,14,409.56260869565216,0,255.99710856521742,0,255.99710856521742,1126.2971739130435
29/03/2025,15,409.56260869565216,0,255.99710856521742,0,255.99710856521742,1126.2971739130435
29/03/2025,16,409.56260869565216,0,255.99710856521742,0,255.99710856521742,1126.2971739130435
29/03/2025,17,409.56260869565216,0,255.99710856521742,0,255.99710856521742,1126.2971739130435
29/03/2025,18,409.56260869565216,0,255.99710856521742,0,255.99710856521742,1126.2971739130435
29/03/2025,19,409.56260869565216,0,255.99710856521742,0,255.99710856521742,1126.2971739130435
29/03/2025,20,409.56260869565216,0,255.99710856521742,0,255.99710856521742,1126.2971739130435
29/03/2025,21,409.56260869565216,0,255.99710856521742,0,255.99710856521742,1126.2971739130435
29/03/2025,22,409.56260869565216,0,255.99710856521742,0,255.99710856521742,1126.2971739130435
29/03/2025,23,409.56260869565216,0,255.99710856521742,0,255.99710856521742,1126.2971739130435
29/03/2025,24,409.56260869565216,0,255.99710856521742,0,255.99710856521742,1126.2971739130435
30/03/2025,1,409.56260869565216,0,255.99710856521742,0,255.99710856521742,1126.2971739130435
30/03/2025,2,409.56260869565216,0,255.99710856521742,0,255.99710856521742,1126.2971739130435
30/03/2025,3,409.56260869565216,0,255.99710856521742,0,255.99710856521742,1126.2971739130435
30/03/2025,4,409.56260869565216,0,255.99710856521742,0,255.99710856521742,1126.2971739130435
30/03/2025,5,409.56260869565216,0,255.99710856521742,0,255.99710856521742,1126.2971739130435
30/03/2025,6,409.56260869565216,0,255.99710856521742,0,255.99710856521742,1126.2971739130435
30/03/2025,7,409.56260869565216,0,255.99710856521742,0,255.99710856521742,1126.2971739130435
30/03/2025,8,409.56260869565216,0,255.99710856521742,0,255.99710856521742,1126.2971739130435
30/03/2025,9,409.56260869565216,0,255.99710856521742,0,255.99710856521742,1126.2971739130435
30/03/2025,10,409.56260869565216,0,255.99710856521742,0,255.99710856521742,1126.2971739130435
30/03/2025,11,409.56260869565216,0,255.99710856521742,0,255.99710856521742,1126.2971739130435
30/03/2025,12,409.56260869565216,0,255.99710856521742,0,255.99710856521742,1126.2971739130435
30/03/2025,13,409.56260869565216,0,255.99710856521742,0,255.99710856521742,1126.2971739130435
30/03/2025,14,409.56260869565216,0,255.99710856521742,0,255.99710856521742,1126.2971739130435
30/03/2025,15,409.56260869565216,0,255.99710856521742,0,255.99710856521742,1126.2971739130435
30/03/2025,16,409.56260869565216,0,255.99710856521742,0,255.99710856521742,1126.2971739130435
30/03/2025,17,409.56260869565216,0,255.99710856521742,0,255.99710856521742,1126.2971739130435
30/03/2025,18,409.56260869565216,0,255.99710856521742,0,255.99710856521742,1126.2971739130435
30/03/2025,19,409.56260869565216,0,255.99710856521742,0,255.99710856521742,1126.2971739130435
30/03/2025,20,409.56260869565216,0,255.99710856521742,0,255.99710856521742,1126.2971739130435
30/03/2025,21,409.56260869565216,0,255.99710856521742,0,255.99710856521742,1126.2971739130435
30/03/2025,22,409.56260869565216,0,255.99710856521742,0,255.99710856521742,1126.2971739130435
30/03/2025,23,409.56260869565216,0,255.99710856521742,0,255.99710856521742,1126.2971739130435
31/03/2025,1,409.56260869565216,0,255.99710856521742,0,255.99710856521742,1126.2971739130435
31/03/2025,2,409.56260869565216,0,255.99710856521742,0,255.99710856521742,1126.2971739130435
31/03/2025,3,409.56260869565216,0,255.99710856521742,0,255.99710856521742,1126.2971739130435
31/03/2025,4,409.56260869565216,0,255.99710856521742,0,255.99710856521742,1126.2971739130435
31/03/2025,5,409.56260869565216,0,255.99710856521742,0,255.99710856521742,1126.2971739130435
31/03/2025,6,409.56260869565216,0,255.99710856521742,0,255.99710856521742,1126.2971739130435
31/03/2025,7,409.56260869565216,0,255.99710856521742,0,255.99710856521742,1126.2971739130435
31/03/2025,8,409.56260869565216,0,255.99710856521742,0,255.99710856521742,1126.2971739130435
31/03/2025,9,409.56260869565216,0,255.99710856521742,0,255.99710856521742,1126.2971739130435
31/03/2025,10,409.56260869565216,0,255.99710856521742,0,255.99710856521742,1126.2971739130435
31/03/2025,11,409.56260869565216,0,255.99710856521742,0,255.99710856521742,1126.2971739130435
31/03/2025,12,409.56260869565216,0,255.99710856521742,0,255.99710856521742,1126.2971739130435
31/03/2025,13,409.56260869565216,0,255.99710856521742,0,255.99710856521742,1126.2971739130435
31/03/2025,14,409.56260869565216,0,255.99710856521742,0,255.99710856521742,1126.2971739130435
31/03/2025,15,409.56260869565216,0,255.99710856521742,0,255.99710856521742,1126.2971739130435
31/03/2025,16,409.56260869565216,0,255.99710856521742,0,255.99710856521742,1126.2971739130435
31/03/2025,17,409.56260869565216,0,255.99710856521742,0,255.99710856521742,1126.2971739130435
31/03/2025,18,409.56260869565216,0,255.99710856521742,0,255.99710856521742,1126.2971739130435
31/03/2025,19,409.56260869565216,0,255.99710856521742,0,255.99710856521742,1126.2971739130435
31/03/2025,20,409.56260869565216,0,255.99710856521742,0,255.99710856521742,1126.2971739130435
31/03/2025,21,409.56260869565216,0,255.99710856521742,0,255.99710856521742,1126.2971739130435
31/03/2025,22,409.56260869565216,0,255.99710856521742,0,255.99710856521742,1126.2971739130435
31/03/2025,23,409.56260869565216,0,255.99710856521742,0,255.99710856521742,1126.2971739130435
31/03/2025,24,409.56260869565216,0,255.99710856521742,0,255.99710856521742,1126.2971739130435
01/04/2025,1,409.56260869565216,0,255.99710856521742,0,255.99710856521742,1126.2971739130435
01/04/2025,2,409.56260869565216,0,255.99710856521742,0,255.99710856521742,1126.2971739130435
01/04/2025,3,409.56260869565216,0,255.99710856521742,0,255.99710856521742,1126.2971739130435
01/04/2025,4,409.56260869565216,0,255.99710856521742,0,255.99710856521742,1126.2971739130435
01/04/2025,5,409.56260869565216,0,255.99710856521742,0,255.99710856521742,1126.2971739130435
01/04/2025,6,409.56260869565216,0,255.99710856521742,0,255.99710856521742,1126.2971739130435
01/04/2025,7,409.56260869565216,0,255.99710856521742,0,255.99710856521742,1126.2971739130435
01/04/2025,8,409.56260869565216,0,255.99710856521742,0,255.99710856521742,1126.2971739130435
01/04/2025,9,409.56260869565216,0,255.99710856521742,0,255.99710856521742,1126.2971739130435
01/04/2025,10,409.56260869565216,0,255.99710856521742,0,255.99710856521742,1126.2971739130435
01/04/2025,11,409.56260869565216,0,255.99710856521742,0,255.99710856521742,1126.2971739130435
01/04/2025,12,409.56260869565216,0,255.99710856521742,0,255.99710856521742,1126.2971739130435
01/04/2025,13,409.56260869565216,0,255.99710856521742,0,255.99710856521742,1126.2971739130435
01/04/2025,14,409.56260869565216,0,255.99710856521742,0,255.99710856521742,1126.2971739130435
01/04/2025,15,409.56260869565216,0,255.99710856521742,0,255.99710856521742,1126.2971739130435
01/04/2025,16,409.56260869565216,0,255.99710856521742,0,255.99710856521742,1126.2971739130435
01/04/2025,17,409.56260869565216,0,255.99710856521742,0,255.99710856521742,1126.2971739130435
01/04/2025,18,409.56260869565216,0,255.99710856521742,0,255.99710856521742,1126.2971739130435
01/04/2025,19,409.56260869565216,0,255.99710856521742,0,255.99710856521742,1126.2971739130435
01/04/2025,20,409.56260869565216,0,255.99710856521742,0,255.99710856521742,1126.2971739130435
01/04/2025,21,409.56260869565216,0,255.99710856521742,0,255.99710856521742,1126.2971739130435
01/04/2025,22,409.56260869565216,0,255.99710856521742,0,255.99710856521742,1126.2971739130435
01/04/2025,23,409.56260869565216,0,255.99710856521742,0,255.99710856521742,1126.2971739130435
01/04/2025,24,409.56260869565216,0,255.99710856521742,0,255.99710856521742,1126.2971739130435
02/04/2025,1,409.56260869565216,0,255.99710856521742,0,255.99710856521742,1126.2971739130435
02/04/2025,2,409.56260869565216,0,255.99710856521742,0,255.99710856521742,1126.2971739130435
02/04/2025,3,409.56260869565216,0,255.99710856521742,0,255.99710856521742,1126.2971739130435
02/04/2025,4,409.56260869565216,0,255.99710856521742,0,255.99710856521742,1126.2971739130435
02/04/2025,5,409.56260869565216,0,255.99710856521742,0,255.99710856521742,1126.2971739130435
02/04/2025,6,409.56260869565216,0,255.99710856521742,0,255.99710856521742,1126.2971739130435
02/04/2025,7,409.56260869565216,0,255.99710856521742,0,255.99710856521742,1126.2971739130435
02/04/2025,8,409.56260869565216,0,255.99710856521742,0,255.99710856521742,1126.2971739130435
02/04/2025,9,409.56260869565216,0,255.99710856521742,0,255.99710856521742,1126.2971739130435
02/04/2025,10,409.56260869565216,0,255.99710856521742,0,255.99710856521742,1126.2971739130435
02/04/2025,11,409.56260869565216,0,255.99710856521742,0,255.99710856521742,1126.2971739130435
02/04/2025,12,409.56260869565216,0,255.99710856521742,0,255.99710856521742,1126.2971739130435
02/04/2025,13,409.56260869565216,0,255.99710856521742,0,255.99710856521742,1126.2971739130435
02/04/2025,14,409.56260869565216,0,255.99710856521742,0,255.99710856521742,1126.2971739130435
02/04/2025,15,409.56260869565216,0,255.99710856521742,0,255.99710856521742,1126.2971739130435
02/04/2025,16,409.56260869565216,0,255.99710856521742,0,255.99710856521742,1126.2971739130435
02/04/2025,17,409.56260869565216,0,255.99710856521742,0,255.99710856521742,1126.2971739130435
02/04/2025,18,409.56260869565216,0,255.99710856521742,0,255.99710856521742,1126.2971739130435
02/04/2025,19,409.56260869565216,0,255.99710856521742,0,255.99710856521742,1126.2971739130435
02/04/2025,20,409.56260869565216,0,255.99710856521742,0,255.99710856521742,1126.2971739130435
02/04/2025,21,409.56260869565216,0,255.99710856521742,0,255.99710856521742,1126.2971739130435
02/04/2025,22,409.56260869565216,0,255.99710856521742,0,255.99710856521742,1126.2971739130435
02/04/2025,23,409.56260869565216,0,255.99710856521742,0,255.99710856521742,1126.2971739130435
02/04/2025,24,409.56260869565216,0,255.99710856521742,0,255.99710856521742,1126.2971739130435
03/04/2025,1,409.56260869565216,0,255.99710856521742,0,255.99710856521742,1126.2971739130435
03/04/2025,2,409.56260869565216,0,255.99710856521742,0,255.99710856521742,1126.2971739130435
03/04/2025,3,409.56260869565216,0,255.99710856521742,0,255.99710856521742,1126.2971739130435
03/04/2025,4,409.56260869565216,0,255.99710856521742,0,255.99710856521742,1126.2971739130435
03/04/2025,5,409.56260869565216,0,255.99710856521742,0,255.99710856521742,1126.2971739130435
03/04/2025,6,409.56260869565216,0,255.99710856521742,0,255.99710856521742,1126.2971739130435
03/04/2025,7,409.56260869565216,0,255.99710856521742,0,255.99710856521742,1126.2971739130435
03/04/2025,8,409.56260869565216,0,255.99710856521742,0,255.99710856521742,1126.2971739130435
03/04/2025,9,409.56260869565216,0,255.99710856521742,0,255.99710856521742,1126.2971739130435
03/04/2025,10,409.56260869565216,0,255.99710856521742,0,255.99710856521742,1126.2971739130435
03/04/2025,11,409.56260869565216,0,255.99710856521742,0,255.99710856521742,1126.2971739130435
03/04/2025,12,409.56260869565216,0,255.99710856521742,0,255.99710856521742,1126.2971739130435
03/04/2025,13,409.56260869565216,0,255.99710856521742,0,255.99710856521742,1126.2971739130435
03/04/2025,14,409.56260869565216,0,255.99710856521742,0,255.99710856521742,1126.2971739130435
03/04/2025,15,409.56260869565216,0,255.99710856521742,0,255.99710856521742,1126.2971739130435
03/04/2025,16,409.56260869565216,0,255.99710856521742,0,255.99710856521742,1126.2971739130435
03/04/2025,17,409.56260869565216,0,255.99710856521742,0,255.99710856521742,1126.2971739130435
03/04/2025,18,409.56260869565216,0,255.99710856521742,0,255.99710856521742,1126.2971739130435
03/04/2025,19,409.56260869565216,0,255.99710856521742,0,255.99710856521742,1126.2971739130435
03/04/2025,20,409.56260869565216,0,255.99710856521742,0,255.99710856521742,1126.2971739130435
03/04/2025,21,409.56260869565216,0,255.99710856521742,0,255.99710856521742,1126.2971739130435
03/04/2025,22,409.56260869565216,0,255.99710856521742,0,255.99710856521742,1126.2971739130435
03/04/2025,23,409.56260869565216,0,255.99710856521742,0,255.99710856521742,1126.2971739130435
03/04/2025,24,409.56260869565216,0,255.99710856521742,0,255.99710856521742,1126.2971739130435
04/04/2025,1,409.56260869565216,0,255.99710856521742,0,255.99710856521742,1126.2971739130435
04/04/2025,2,409.56260869565216,0,255.99710856521742,0,255.99710856521742,1126.2971739130435
04/04/2025,3,409.56260869565216,0,255.99710856521742,0,255.99710856521742,1126.2971739130435
04/04/2025,4,409.56260869565216,0,255.99710856521742,0,255.99710856521742,1126.2971739130435
04/04/2025,5,409.56260869565216,0,255.99710856521742,0,255.99710856521742,1126.2971739130435
04/04/2025,6,409.56260869565216,0,255.99710856521742,0,255.99710856521742,1126.2971739130435
04/04/2025,7,409.56260869565216,0,255.99710856521742,0,255.99710856521742,1126.2971739130435
04/04/2025,8,409.56260869565216,0,255.99710856521742,0,255.99710856521742,1126.2971739130435
04/04/2025,9,409.56260869565216,0,255.99710856521742,0,255.99710856521742,1126.2971739130435
04/04/2025,10,409.56260869565216,0,255.99710856521742,0,255.99710856521742,1126.2971739130435
04/04/2025,11,409.56260869565216,0,255.99710856521742,0,255.99710856521742,1126.2971739130435
04/04/2025,12,409.56260869565216,0,255.99710856521742,0,255.99710856521742,1126.2971739130435
04/04/2025,13,409.56260869565216,0,255.99710856521742,0,255.99710856521742,1126.2971739130435
04/04/2025,14,409.56260869565216,0,255.99710856521742,0,255.99710856521742,1126.2971739130435
04/04/2025,15,409.56260869565216,0,255.99710856521742,0,255.99710856521742,1126.2971739130435
04/04/2025,16,409.56260869565216,0,255.99710856521742,0,255.99710856521742,1126.2971739130435
04/04/2025,17,409.56260869565216,0,255.99710856521742,0,255.99710856521742,1126.2971739130435
04/04/2025,18,409.56260869565216,0,255.99710856521742,0,255.99710856521742,1126.2971739130435
04/04/2025,19,409.56260869565216,0,255.99710856521742,0,255.99710856521742,1126.2971739130435
04/04/2025,20,409.56260869565216,0,255.99710856521742,0,255.99710856521742,1126.2971739130435
04/04/2025,21,409.56260869565216,0,255.99710856521742,0,255.99710856521742,1126.2971739130435
04/04/2025,22,409.56260869565216,0,255.99710856521742,0,255.99710856521742,1126.2971739130435
04/04/2025,23,409.56260869565216,0,255.99710856521742,0,255.99710856521742,1126.2971739130435
04/04/2025,24,409.56260869565216,0,255.99710856521742,0,255.99710856521742,1126.2971739130435
05/04/2025,1,409.56260869565216,0,255.99710856521742,0,255.99710856521742,1126.2971739130435
05/04/2025,2,409.56260869565216,0,255.99710856521742,0,255.99710856521742,1126.2971739130435
05/04/2025,3,409.56260869565216,0,255.99710856521742,0,255.99710856521742,1126.2971739130435
05/04/2025,4,409.56260869565216,0,255.99710856521742,0,255.99710856521742,1126.2971739130435
05/04/2025,5,409.56260869565216,0,255.99710856521742,0,255.99710856521742,1126.2971739130435
05/04/2025,6,409.56260869565216,0,255.99710856521742,0,255.99710856521742,1126.2971739130435
05/04/2025,7,409.56260869565216,0,255.99710856521742,0,255.99710856521742,1126.2971739130435
05/04/2025,8,409.56260869565216,0,255.99710856521742,0,255.99710856521742,1126.2971739130435
05/04/2025,9,409.56260869565216,0,255.99710856521742,0,255.99710856521742,1126.2971739130435
05/04/2025,10,409.56260869565216,0,255.99710856521742,0,255.99710856521742,1126.2971739130435
05/04/2025,11,409.56260869565216,0,255.99710856521742,0,255.99710856521742,1126.2971739130435
05/04/2025,12,409.56260869565216,0,255.99710856521742,0,255.99710856521742,1126.2971739130435
05/04/2025,13,409.56260869565216,0,255.99710856521742,0,255.99710856521742,1126.2971739130435
05/04/2025,14,409.56260869565216,0,255.99710856521742,0,255.99710856521742,1126.2971739130435
05/04/2025,15,409.56260869565216,0,255.99710856521742,0,255.99710856521742,1126.2971739130435
05/04/2025,16,409.56260869565216,0,255.99710856521742,0,255.99710856521742,1126.2971739130435
05/04/2025,17,409.56260869565216,0,255.99710856521742,0,255.99710856521742,1126.2971739130435
05/04/2025,18,409.56260869565216,0,255.99710856521742,0,255.99710856521742,1126.2971739130435
05/04/2025,19,409.56260869565216,0,255.99710856521742,0,255.99710856521742,1126.2971739130435
05/04/2025,20,409.56260869565216,0,255.99710856521742,0,255.99710856521742,1126.2971739130435
05/04/2025,21,409.56260869565216,0,255.99710856521742,0,255.99710856521742,1126.2971739130435
05/04/2025,22,409.56260869565216,0,255.99710856521742,0,255.99710856521742,1126.2971739130435
05/04/2025,23,409.56260869565216,0,255.99710856521742,0,255.99710856521742,1126.2971739130435
05/04/2025,24,409.56260869565216,0,255.99710856521742,0,255.99710856521742,1126.2971739130435
06/04/2025,1,409.56260869565216,0,255.99710856521742,0,255.99710856521742,1126.2971739130435
06/04/2025,2,409.56260869565216,0,255.99710856521742,0,255.99710856521742,1126.2971739130435
06/04/2025,3,409.56260869565216,0,255.99710856521742,0,255.99710856521742,1126.2971739130435
06/04/2025,4,409.56260869565216,0,255.99710856521742,0,255.99710856521742,1126.2971739130435
06/04/2025,5,409.56260869565216,0,255.99710856521742,0,255.99710856521742,1126.2971739130435
06/04/2025,6,409.56260869565216,0,255.99710856521742,0,255.99710856521742,1126.2971739130435
06/04/2025,7,409.56260869565216,0,255.99710856521742,0,255.99710856521742,1126.2971739130435
06/04/2025,8,409.56260869565216,0,255.99710856521742,0,255.99710856521742,1126.2971739130435
06/04/2025,9,409.56260869565216,0,255.99710856521742,0,255.99710856521742,1126.2971739130435
06/04/2025,10,409.56260869565216,0,255.99710856521742,0,255.99710856521742,1126.2971739130435
06/04/2025,11,409.56260869565216,0,255.99710856521742,0,255.99710856521742,1126.2971739130435
06/04/2025,12,409.56260869565216,0,255.99710856521742,0,255.99710856521742,1126.2971739130435
06/04/2025,13,409.56260869565216,0,255.99710856521742,0,255.99710856521742,1126.2971739130435
06/04/2025,14,409.56260869565216,0,255.99710856521742,0,255.99710856521742,1126.2971739130435
06/04/2025,15,409.56260869565216,0,255.99710856521742,0,255.99710856521742,1126.2971739130435
06/04/2025,16,409.56260869565216,0,255.99710856521742,0,255.99710856521742,1126.2971739130435
06/04/2025,17,409.56260869565216,0,255.99710856521742,0,255.99710856521742,1126.2971739130435
06/04/2025,18,409.56260869565216,0,255.99710856521742,0,255.99710856521742,1126.2971739130435
06/04/2025,19,409.56260869565216,0,255.99710856521742,0,255.99710856521742,1126.2971739130435
06/04/2025,20,409.56260869565216,0,255.99710856521742,0,255.99710856521742,1126.2971739130435
06/04/2025,21,409.56260869565216,0,255.99710856521742,0,255.99710856521742,1126.2971739130435
06/04/2025,22,409.56260869565216,0,255.99710856521742,0,255.99710856521742,1126.2971739130435
06/04/2025,23,409.56260869565216,0,255.99710856521742,0,255.99710856521742,1126.2971739130435
06/04/2025,24,409.56260869565216,0,255.99710856521742,0,255.99710856521742,1126.2971739130435
07/04/2025,1,409.56260869565216,0,255.99710856521742,0,255.99710856521742,1126.2971739130435
07/04/2025,2,409.56260869565216,0,255.99710856521742,0,255.99710856521742,1126.2971739130435
07/04/2025,3,409.56260869565216,0,255.99710856521742,0,255.99710856521742,1126.2971739130435
07/04/2025,4,409.56260869565216,0,255.99710856521742,0,255.99710856521742,1126.2971739130435
07/04/2025,5,409.56260869565216,0,255.99710856521742,0,255.99710856521742,1126.2971739130435
07/04/2025,6,409.56260869565216,0,255.99710856521742,0,255.99710856521742,1126.2971739130435
07/04/2025,7,409.56260869565216,0,255.99710856521742,0,255.99710856521742,1126.2971739130435
07/04/2025,8,409.56260869565216,0,255.99710856521742,0,255.99710856521742,1126.2971739130435
07/04/2025,9,409.56260869565216,0,255.99710856521742,0,255.99710856521742,1126.2971739130435
07/04/2025,10,409.56260869565216,0,255.99710856521742,0,255.99710856521742,1126.2971739130435
07/04/2025,11,409.56260869565216,0,255.99710856521742,0,255.99710856521742,1126.2971739130435
07/04/2025,12,409.56260869565216,0,255.99710856521742,0,255.99710856521742,1126.2971739130435
07/04/2025,13,409.56260869565216,0,255.99710856521742,0,255.99710856521742,1126.2971739130435
07/04/2025,14,409.56260869565216,0,255.99710856521742,0,255.99710856521742,1126.2971739130435
07/04/2025,15,409.56260869565216,0,255.99710856521742,0,255.99710856521742,1126.2971739130435
07/04/2025,16,409.56260869565216,0,255.99710856521742,0,255.99710856521742,1126.2971739130435
07/04/2025,17,409.56260869565216,0,255.99710856521742,0,255.99710856521742,1126.2971739130435
07/04/2025,18,409.56260869565216,0,255.99710856521742,0,255.99710856521742,1126.2971739130435
07/04/2025,19,409.56260869565216,0,255.99710856521742,0,255.99710856521742,1126.2971739130435
07/04/2025,20,409.56260869565216,0,255.99710856521742,0,255.99710856521742,1126.2971739130435
07/04/2025,21,409.56260869565216,0,255.99710856521742,0,255.99710856521742,1126.2971739130435
07/04/2025,22,409.56260869565216,0,255.99710856521742,0,255.99710856521742,1126.2971739130435
07/04/2025,23,409.56260869565216,0,255.99710856521742,0,255.99710856521742,1126.2971739130435
07/04/2025,24,409.56260869565216,0,255.99710856521742,0,255.99710856521742,1126.2971739130435
08/04/2025,1,409.56260869565216,0,255.99710856521742,0,255.99710856521742,1126.2971739130435
08/04/2025,2,409.56260869565216,0,255.99710856521742,0,255.99710856521742,1126.2971739130435
08/04/2025,3,409.56260869565216,0,255.99710856521742,0,255.99710856521742,1126.2971739130435
08/04/2025,4,409.56260869565216,0,255.99710856521742,0,255.99710856521742,1126.2971739130435
08/04/2025,5,409.56260869565216,0,255.99710856521742,0,255.99710856521742,1126.2971739130435
08/04/2025,6,409.56260869565216,0,255.99710856521742,0,255.99710856521742,1126.2971739130435
08/04/2025,7,409.56260869565216,0,255.99710856521742,0,255.99710856521742,1126.2971739130435
08/04/2025,8,409.56260869565216,0,255.99710856521742,0,255.99710856521742,1126.2971739130435
08/04/2025,9,409.56260869565216,0,255.99710856521742,0,255.99710856521742,1126.2971739130435
08/04/2025,10,409.56260869565216,0,255.99710856521742,0,255.99710856521742,1126.2971739130435
08/04/2025,11,409.56260869565216,0,255.99710856521742,0,255.99710856521742,1126.2971739130435
08/04/2025,12,409.56260869565216,0,255.99710856521742,0,255.99710856521742,1126.2971739130435
08/04/2025,13,409.56260869565216,0,255.99710856521742,0,255.99710856521742,1126.2971739130435
08/04/2025,14,409.56260869565216,0,255.99710856521742,0,255.99710856521742,1126.2971739130435
08/04/2025,15,409.56260869565216,0,255.99710856521742,0,255.99710856521742,1126.2971739130435
08/04/2025,16,409.56260869565216,0,255.99710856521742,0,255.99710856521742,1126.2971739130435
08/04/2025,17,409.56260869565216,0,255.99710856521742,0,255.99710856521742,1126.2971739130435
08/04/2025,18,409.56260869565216,0,255.99710856521742,0,255.99710856521742,1126.2971739130435
08/04/2025,19,409.56260869565216,0,255.99710856521742,0,255.99710856521742,1126.2971739130435
08/04/2025,20,409.56260869565216,0,255.99710856521742,0,255.99710856521742,1126.2971739130435
08/04/2025,21,409.56260869565216,0,255.99710856521742,0,255.99710856521742,1126.2971739130435
08/04/2025,22,409.56260869565216,0,255.99710856521742,0,255.99710856521742,1126.2971739130435
08/04/2025,23,409.56260869565216,0,255.99710856521742,0,255.99710856521742,1126.2971739130435
08/04/2025,24,409.56260869565216,0,255.99710856521742,0,255.99710856521742,1126.2971739130435
09/04/2025,1,409.56260869565216,0,255.99710856521742,0,255.99710856521742,1126.2971739130435
09/04/2025,2,409.56260869565216,0,255.99710856521742,0,255.99710856521742,1126.2971739130435
09/04/2025,3,409.56260869565216,0,255.99710856521742,0,255.99710856521742,1126.2971739130435
09/04/2025,4,409.56260869565216,0,255.99710856521742,0,255.99710856521742,1126.2971739130435
09/04/2025,5,409.56260869565216,0,255.99710856521742,0,255.99710856521742,1126.2971739130435
09/04/2025,6,409.56260869565216,0,255.99710856521742,0,255.99710856521742,1126.2971739130435
09/04/2025,7,409.56260869565216,0,255.99710856521742,0,255.99710856521742,1126.2971739130435
09/04/2025,8,409.56260869565216,0,255.99710856521742,0,255.99710856521742,1126.2971739130435
09/04/2025,9,409.56260869565216,0,255.99710856521742,0,255.99710856521742,1126.2971739130435
09/04/2025,10,409.56260869565216,0,255.99710856521742,0,255.99710856521742,1126.2971739130435
09/04/2025,11,409.56260869565216,0,255.99710856521742,0,255.99710856521742,1126.2971739130435
09/04/2025,12,409.56260869565216,0,255.99710856521742,0,255.99710856521742,1126.2971739130435
09/04/2025,13,409.56260869565216,0,255.99710856521742,0,255.99710856521742,1126.2971739130435
09/04/2025,14,409.56260869565216,0,255.99710856521742,0,255.99710856521742,1126.2971739130435
09/04/2025,15,409.56260869565216,0,255.99710856521742,0,255.99710856521742,1126.2971739130435
09/04/2025,16,409.56260869565216,0,255.99710856521742,0,255.99710856521742,1126.2971739130435
09/04/2025,17,409.56260869565216,0,255.99710856521742,0,255.99710856521742,1126.2971739130435
09/04/2025,18,409.56260869565216,0,255.99710856521742,0,255.99710856521742,1126.2971739130435
09/04/2025,19,409.56260869565216,0,255.99710856521742,0,255.99710856521742,1126.2971739130435
09/04/2025,20,409.56260869565216,0,255.99710856521742,0,255.99710856521742,1126.2971739130435
09/04/2025,21,409.56260869565216,0,255.99710856521742,0,255.99710856521742,1126.2971739130435
09/04/2025,22,409.56260869565216,0,255.99710856521742,0,255.99710856521742,1126.2971739130435
09/04/2025,23,409.56260869565216,0,255.99710856521742,0,255.99710856521742,1126.2971739130435
09/04/2025,24,409.56260869565216,0,255.99710856521742,0,255.99710856521742,1126.2971739130435
10/04/2025,1,409.56260869565216,0,255.99710856521742,0,255.99710856521742,1126.2971739130435
10/04/2025,2,409.56260869565216,0,255.99710856521742,0,255.99710856521742,1126.2971739130435
10/04/2025,3,409.56260869565216,0,255.99710856521742,0,255.99710856521742,1126.2971739130435
10/04/2025,4,409.56260869565216,0,255.99710856521742,0,255.99710856521742,1126.2971739130435
10/04/2025,5,409.56260869565216,0,255.99710856521742,0,255.99710856521742,1126.2971739130435
10/04/2025,6,409.56260869565216,0,255.99710856521742,0,255.99710856521742,1126.2971739130435
10/04/2025,7,409.56260869565216,0,255.99710856521742,0,255.99710856521742,1126.2971739130435
10/04/2025,8,409.56260869565216,0,255.99710856521742,0,255.99710856521742,1126.2971739130435
10/04/2025,9,409.56260869565216,0,255.99710856521742,0,255.99710856521742,1126.2971739130435
10/04/2025,10,409.56260869565216,0,255.99710856521742,0,255.99710856521742,1126.2971739130435
10/04/2025,11,409.56260869565216,0,255.99710856521742,0,255.99710856521742,1126.2971739130435
10/04/2025,12,409.56260869565216,0,255.99710856521742,0,255.99710856521742,1126.2971739130435
10/04/2025,13,409.56260869565216,0,255.99710856521742,0,255.99710856521742,1126.2971739130435
10/04/2025,14,409.56260869565216,0,255.99710856521742,0,255.99710856521742,1126.2971739130435
10/04/2025,15,409.56260869565216,0,255.99710856521742,0,255.99710856521742,1126.2971739130435
10/04/2025,16,409.56260869565216,0,255.99710856521742,0,255.99710856521742,1126.2971739130435
10/04/2025,17,409.56260869565216,0,255.99710856521742,0,255.99710856521742,1126.2971739130435
10/04/2025,18,409.56260869565216,0,255.99710856521742,0,255.99710856521742,1126.2971739130435
10/04/2025,19,409.56260869565216,0,255.99710856521742,0,255.99710856521742,1126.2971739130435
10/04/2025,20,409.56260869565216,0,255.99710856521742,0,255.99710856521742,1126.2971739130435
10/04/2025,21,409.56260869565216,0,255.99710856521742,0,255.99710856521742,1126.2971739130435
10/04/2025,22,409.56260869565216,0,255.99710856521742,0,255.99710856521742,1126.2971739130435
10/04/2025,23,409.56260869565216,0,255.99710856521742,0,255.99710856521742,1126.2971739130435
10/04/2025,24,409.56260869565216,0,255.99710856521742,0,255.99710856521742,1126.2971739130435
11/04/2025,1,409.56260869565216,0,255.99710856521742,0,255.99710856521742,1126.2971739130435
11/04/2025,2,409.56260869565216,0,255.99710856521742,0,255.99710856521742,1126.2971739130435
11/04/2025,3,409.56260869565216,0,255.99710856521742,0,255.99710856521742,1126.2971739130435
11/04/2025,4,409.56260869565216,0,255.99710856521742,0,255.99710856521742,1126.2971739130435
11/04/2025,5,409.56260869565216,0,255.99710856521742,0,255.99710856521742,1126.2971739130435
11/04/2025,6,409.56260869565216,0,255.99710856521742,0,255.99710856521742,1126.2971739130435
11/04/2025,7,409.56260869565216,0,255.99710856521742,0,255.99710856521742,1126.2971739130435
11/04/2025,8,409.56260869565216,0,255.99710856521742,0,255.99710856521742,1126.2971739130435
11/04/2025,9,409.56260869565216,0,255.99710856521742,0,255.99710856521742,1126.2971739130435
11/04/2025,10,409.56260869565216,0,255.99710856521742,0,255.99710856521742,1126.2971739130435
11/04/2025,11,409.56260869565216,0,255.99710856521742,0,255.99710856521742,1126.2971739130435
11/04/2025,12,409.56260869565216,0,255.99710856521742,0,255.99710856521742,1126.2971739130435
11/04/2025,13,409.56260869565216,0,255.99710856521742,0,255.99710856521742,1126.2971739130435
11/04/2025,14,409.56260869565216,0,255.99710856521742,0,255.99710856521742,1126.2971739130435
11/04/2025,15,409.56260869565216,0,255.99710856521742,0,255.99710856521742,1126.2971739130435
11/04/2025,16,409.56260869565216,0,255.99710856521742,0,255.99710856521742,1126.2971739130435
11/04/2025,17,409.56260869565216,0,255.99710856521742,0,255.99710856521742,1126.2971739130435
11/04/2025,18,409.56260869565216,0,255.99710856521742,0,255.99710856521742,1126.2971739130435
11/04/2025,19,409.56260869565216,0,255.99710856521742,0,255.99710856521742,1126.2971739130435
11/04/2025,20,409.56260869565216,0,255.99710856521742,0,255.99710856521742,1126.2971739130435
11/04/2025,21,409.56260869565216,0,255.99710856521742,0,255.99710856521742,1126.2971739130435
11/04/2025,22,409.56260869565216,0,255.99710856521742,0,255.99710856521742,1126.2971739130435
11/04/2025,23,409.56260869565216,0,255.99710856521742,0,255.99710856521742,1126.2971739130435
11/04/2025,24,409.56260869565216,0,255.99710856521742,0,255.99710856521742,1126.2971739130435
12/04/2025,1,409.56260869565216,0,255.99710856521742,0,255.99710856521742,1126.2971739130435
12/04/2025,2,409.56260869565216,0,255.99710856521742,0,255.99710856521742,1126.2971739130435
12/04/2025,3,409.56260869565216,0,255.99710856521742,0,255.99710856521742,1126.2971739130435
12/04/2025,4,409.56260869565216,0,255.99710856521742,0,255.99710856521742,1126.2971739130435
12/04/2025,5,409.56260869565216,0,255.99710856521742,0,255.99710856521742,1126.2971739130435
12/04/2025,6,409.56260869565216,0,255.99710856521742,0,255.99710856521742,1126.2971739130435
12/04/2025,7,409.56260869565216,0,255.99710856521742,0,255.99710856521742,1126.2971739130435
12/04/2025,8,409.56260869565216,0,255.99710856521742,0,255.99710856521742,1126.2971739130435
12/04/2025,9,409.56260869565216,0,255.99710856521742,0,255.99710856521742,1126.2971739130435
12/04/2025,10,409.56260869565216,0,255.99710856521742,0,255.99710856521742,1126.2971739130435
12/04/2025,11,409.56260869565216,0,255.99710856521742,0,255.99710856521742,1126.2971739130435
12/04/2025,12,409.56260869565216,0,255.99710856521742,0,255.99710856521742,1126.2971739130435
12/04/2025,13,409.56260869565216,0,255.99710856521742,0,255.99710856521742,1126.2971739130435
12/04/2025,14,409.56260869565216,0,255.99710856521742,0,255.99710856521742,1126.2971739130435
12/04/2025,15,409.56260869565216,0,255.99710856521742,0,255.99710856521742,1126.2971739130435
12/04/2025,16,409.56260869565216,0,255.99710856521742,0,255.99710856521742,1126.2971739130435
12/04/2025,17,409.56260869565216,0,255.99710856521742,0,255.99710856521742,1126.2971739130435
12/04/2025,18,409.56260869565216,0,255.99710856521742,0,255.99710856521742,1126.2971739130435
12/04/2025,19,409.56260869565216,0,255.99710856521742,0,255.99710856521742,1126.2971739130435
12/04/2025,20,409.56260869565216,0,255.99710856521742,0,255.99710856521742,1126.2971739130435
12/04/2025,21,409.56260869565216,0,255.99710856521742,0,255.99710856521742,1126.2971739130435
12/04/2025,22,409.56260869565216,0,255.99710856521742,0,255.99710856521742,1126.2971739130435
12/04/2025,23,409.56260869565216,0,255.99710856521742,0,255.99710856521742,1126.2971739130435
12/04/2025,24,409.56260869565216,0,255.99710856521742,0,255.99710856521742,1126.2971739130435
13/04/2025,1,409.56260869565216,0,255.99710856521742,0,255.99710856521742,1126.2971739130435
13/04/2025,2,409.56260869565216,0,255.99710856521742,0,255.99710856521742,1126.2971739130435
13/04/2025,3,409.56260869565216,0,255.99710856521742,0,255.99710856521742,1126.2971739130435
13/04/2025,4,409.56260869565216,0,255.99710856521742,0,255.99710856521742,1126.2971739130435
13/04/2025,5,409.56260869565216,0,255.99710856521742,0,255.99710856521742,1126.2971739130435
13/04/2025,6,409.56260869565216,0,255.99710856521742,0,255.99710856521742,1126.2971739130435
13/04/2025,7,409.56260869565216,0,255.99710856521742,0,255.99710856521742,1126.2971739130435
13/04/2025,8,409.56260869565216,0,255.99710856521742,0,255.99710856521742,1126.2971739130435
13/04/2025,9,409.56260869565216,0,255.99710856521742,0,255.99710856521742,1126.2971739130435
13/04/2025,10,409.56260869565216,0,255.99710856521742,0,255.99710856521742,1126.2971739130435
13/04/2025,11,409.56260869565216,0,255.99710856521742,0,255.99710856521742,1126.2971739130435
13/04/2025,12,409.56260869565216,0,255.99710856521742,0,255.99710856521742,1126.2971739130435
13/04/2025,13,409.56260869565216,0,255.99710856521742,0,255.99710856521742,1126.2971739130435
13/04/2025,14,409.56260869565216,0,255.99710856521742,0,255.99710856521742,1126.2971739130435
13/04/2025,15,409.56260869565216,0,255.99710856521742,0,255.99710856521742,1126.2971739130435
13/04/2025,16,409.56260869565216,0,255.99710856521742,0,255.99710856521742,1126.2971739130435
13/04/2025,17,409.56260869565216,0,255.99710856521742,0,255.99710856521742,1126.2971739130435
13/04/2025,18,409.56260869565216,0,255.99710856521742,0,255.99710856521742,1126.2971739130435
13/04/2025,19,409.56260869565216,0,255.99710856521742,0,255.99710856521742,1126.2971739130435
13/04/2025,20,409.56260869565216,0,255.99710856521742,0,255.99710856521742,1126.2971739130435
13/04/2025,21,409.56260869565216,0,255.99710856521742,0,255.99710856521742,1126.2971739130435
13/04/2025,22,409.56260869565216,0,255.99710856521742,0,255.99710856521742,1126.2971739130435
13/04/2025,23,409.56260869565216,0,255.99710856521742,0,255.99710856521742,1126.2971739130435
13/04/2025,24,409.56260869565216,0,255.99710856521742,0,255.99710856521742,1126.2971739130435
14/04/2025,1,409.56260869565216,0,255.99710856521742,0,255.99710856521742,1126.2971739130435
14/04/2025,2,409.56260869565216,0,255.99710856521742,0,255.99710856521742,1126.2971739130435
14/04/2025,3,409.56260869565216,0,255.99710856521742,0,255.99710856521742,1126.2971739130435
14/04/2025,4,409.56260869565216,0,255.99710856521742,0,255.99710856521742,1126.2971739130435
14/04/2025,5,409.56260869565216,0,255.99710856521742,0,255.99710856521742,1126.2971739130435
14/04/2025,6,409.56260869565216,0,255.99710856521742,0,255.99710856521742,1126.2971739130435
14/04/2025,7,409.56260869565216,0,255.99710856521742,0,255.99710856521742,1126.2971739130435
14/04/2025,8,409.56260869565216,0,255.99710856521742,0,255.99710856521742,1126.2971739130435
14/04/2025,9,409.56260869565216,0,255.99710856521742,0,255.99710856521742,1126.2971739130435
14/04/2025,10,409.56260869565216,0,255.99710856521742,0,255.99710856521742,1126.2971739130435
14/04/2025,11,409.56260869565216,0,255.99710856521742,0,255.99710856521742,1126.2971739130435
14/04/2025,12,409.56260869565216,0,255.99710856521742,0,255.99710856521742,1126.2971739130435
14/04/2025,13,409.56260869565216,0,255.99710856521742,0,255.99710856521742,1126.2971739130435
14/04/2025,14,409.56260869565216,0,255.99710856521742,0,255.99710856521742,1126.2971739130435
14/04/2025,15,409.56260869565216,0,255.99710856521742,0,255.99710856521742,1126.2971739130435
14/04/2025,16,409.56260869565216,0,255.99710856521742,0,255.99710856521742,1126.2971739130435
14/04/2025,17,409.56260869565216,0,255.99710856521742,0,255.99710856521742,1126.2971739130435
14/04/2025,18,409.56260869565216,0,255.99710856521742,0,255.99710856521742,1126.2971739130435
14/04/2025,19,409.56260869565216,0,255.99710856521742,0,255.99710856521742,1126.2971739130435
14/04/2025,20,409.56260869565216,0,255.99710856521742,0,255.99710856521742,1126.2971739130435
14/04/2025,21,409.56260869565216,0,255.99710856521742,0,255.99710856521742,1126.2971739130435
14/04/2025,22,409.56260869565216,0,255.99710856521742,0,255.99710856521742,1126.2971739130435
14/04/2025,23,409.56260869565216,0,255.99710856521742,0,255.99710856521742,1126.2971739130435
14/04/2025,24,409.56260869565216,0,255.99710856521742,0,255.99710856521742,1126.2971739130435
15/04/2025,1,409.56260869565216,0,255.99710856521742,0,255.99710856521742,1126.2971739130435
15/04/2025,2,409.56260869565216,0,255.99710856521742,0,255.99710856521742,1126.2971739130435
15/04/2025,3,409.56260869565216,0,255.99710856521742,0,255.99710856521742,1126.2971739130435
15/04/2025,4,409.56260869565216,0,255.99710856521742,0,255.99710856521742,1126.2971739130435
15/04/2025,5,409.56260869565216,0,255.99710856521742,0,255.99710856521742,1126.2971739130435
15/04/2025,6,409.56260869565216,0,255.99710856521742,0,255.99710856521742,1126.2971739130435
15/04/2025,7,409.56260869565216,0,255.99710856521742,0,255.99710856521742,1126.2971739130435
15/04/2025,8,409.56260869565216,0,255.99710856521742,0,255.99710856521742,1126.2971739130435
15/04/2025,9,409.56260869565216,0,255.99710856521742,0,255.99710856521742,1126.2971739130435
15/04/2025,10,409.56260869565216,0,255.99710856521742,0,255.99710856521742,1126.2971739130435
15/04/2025,11,409.56260869565216,0,255.99710856521742,0,255.99710856521742,1126.2971739130435
15/04/2025,12,409.56260869565216,0,255.99710856521742,0,255.99710856521742,1126.2971739130435
15/04/2025,13,409.56260869565216,0,255.99710856521742,0,255.99710856521742,1126.2971739130435
15/04/2025,14,409.56260869565216,0,255.99710856521742,0,255.99710856521742,1126.2971739130435
15/04/2025,15,409.56260869565216,0,255.99710856521742,0,255.99710856521742,1126.2971739130435
15/04/2025,16,409.56260869565216,0,255.99710856521742,0,255.99710856521742,1126.2971739130435
15/04/2025,17,409.56260869565216,0,255.99710856521742,0,255.99710856521742,1126.2971739130435
15/04/2025,18,409.56260869565216,0,255.99710856521742,0,255.99710856521742,1126.2971739130435
15/04/2025,19,409.56260869565216,0,255.99710856521742,0,255.99710856521742,1126.2971739130435
15/04/2025,20,409.56260869565216,0,255.99710856521742,0,255.99710856521742,1126.2971739130435
15/04/2025,21,409.56260869565216,0,255.99710856521742,0,255.99710856521742,1126.2971739130435
15/04/2025,22,409.56260869565216,0,255.99710856521742,0,255.99710856521742,1126.2971739130435
15/04/2025,23,409.56260869565216,0,255.99710856521742,0,255.99710856521742,1126.2971739130435
15/04/2025,24,409.56260869565216,0,255.99710856521742,0,255.99710856521742,1126.2971739130435
16/04/2025,1,409.56260869565216,0,255.99710856521742,0,255.99710856521742,1126.2971739130435
16/04/2025,2,409.56260869565216,0,255.99710856521742,0,255.99710856521742,1126.2971739130435
16/04/2025,3,409.56260869565216,0,255.99710856521742,0,255.99710856521742,1126.2971739130435
16/04/2025,4,409.56260869565216,0,255.99710856521742,0,255.99710856521742,1126.2971739130435
16/04/2025,5,409.56260869565216,0,255.99710856521742,0,255.99710856521742,1126.2971739130435
16/04/2025,6,409.56260869565216,0,255.99710856521742,0,255.99710856521742,1126.2971739130435
16/04/2025,7,409.56260869565216,0,255.99710856521742,0,255.99710856521742,1126.2971739130435
16/04/2025,8,409.56260869565216,0,255.99710856521742,0,255.99710856521742,1126.2971739130435
16/04/2025,9,409.56260869565216,0,255.99710856521742,0,255.99710856521742,1126.2971739130435
16/04/2025,10,409.56260869565216,0,255.99710856521742,0,255.99710856521742,1126.2971739130435
16/04/2025,11,409.56260869565216,0,255.99710856521742,0,255.99710856521742,1126.2971739130435
16/04/2025,12,409.56260869565216,0,255.99710856521742,0,255.99710856521742,1126.2971739130435
16/04/2025,13,409.56260869565216,0,255.99710856521742,0,255.99710856521742,1126.2971739130435
16/04/2025,14,409.56260869565216,0,255.99710856521742,0,255.99710856521742,1126.2971739130435
16/04/2025,15,409.56260869565216,0,255.99710856521742,0,255.99710856521742,1126.2971739130435
16/04/2025,16,409.56260869565216,0,255.99710856521742,0,255.99710856521742,1126.2971739130435
16/04/2025,17,409.56260869565216,0,255.99710856521742,0,255.99710856521742,1126.2971739130435
16/04/2025,18,409.56260869565216,0,255.99710856521742,0,255.99710856521742,1126.2971739130435
16/04/2025,19,409.56260869565216,0,255.99710856521742,0,255.99710856521742,1126.2971739130435
16/04/2025,20,409.56260869565216,0,255.99710856521742,0,255.99710856521742,1126.2971739130435
16/04/2025,21,409.56260869565216,0,255.99710856521742,0,255.99710856521742,1126.2971739130435
16/04/2025,22,409.56260869565216,0,255.99710856521742,0,255.99710856521742,1126.2971739130435
16/04/2025,23,409.56260869565216,0,255.99710856521742,0,255.99710856521742,1126.2971739130435
16/04/2025,24,409.56260869565216,0,255.99710856521742,0,255.99710856521742,1126.2971739130435
17/04/2025,1,409.56260869565216,0,255.99710856521742,0,255.99710856521742,1126.2971739130435
17/04/2025,2,409.56260869565216,0,255.99710856521742,0,255.99710856521742,1126.2971739130435
17/04/2025,3,409.56260869565216,0,255.99710856521742,0,255.99710856521742,1126.2971739130435
17/04/2025,4,409.56260869565216,0,255.99710856521742,0,255.99710856521742,1126.2971739130435
17/04/2025,5,409.56260869565216,0,255.99710856521742,0,255.99710856521742,1126.2971739130435
17/04/2025,6,409.56260869565216,0,255.99710856521742,0,255.99710856521742,1126.2971739130435
17/04/2025,7,409.56260869565216,0,255.99710856521742,0,255.99710856521742,1126.2971739130435
17/04/2025,8,409.56260869565216,0,255.99710856521742,0,255.99710856521742,1126.2971739130435
17/04/2025,9,409.56260869565216,0,255.99710856521742,0,255.99710856521742,1126.2971739130435
17/04/2025,10,409.56260869565216,0,255.99710856521742,0,255.99710856521742,1126.2971739130435
17/04/2025,11,409.56260869565216,0,255.99710856521742,0,255.99710856521742,1126.2971739130435
17/04/2025,12,409.56260869565216,0,255.99710856521742,0,255.99710856521742,1126.2971739130435
17/04/2025,13,409.56260869565216,0,255.99710856521742,0,255.99710856521742,1126.2971739130435
17/04/2025,14,409.56260869565216,0,255.99710856521742,0,255.99710856521742,1126.2971739130435
17/04/2025,15,409.56260869565216,0,255.99710856521742,0,255.99710856521742,1126.2971739130435
17/04/2025,16,409.56260869565216,0,255.99710856521742,0,255.99710856521742,1126.2971739130435
17/04/2025,17,409.56260869565216,0,255.99710856521742,0,255.99710856521742,1126.2971739130435
17/04/2025,18,409.56260869565216,0,255.99710856521742,0,255.99710856521742,1126.2971739130435
17/04/2025,19,409.56260869565216,0,255.99710856521742,0,255.99710856521742,1126.2971739130435
17/04/2025,20,409.56260869565216,0,255.99710856521742,0,255.99710856521742,1126.2971739130435
17/04/2025,21,409.56260869565216,0,255.99710856521742,0,255.99710856521742,1126.2971739130435
17/04/2025,22,409.56260869565216,0,255.99710856521742,0,255.99710856521742,1126.2971739130435
17/04/2025,23,409.56260869565216,0,255.99710856521742,0,255.99710856521742,1126.2971739130435
17/04/2025,24,409.56260869565216,0,255.99710856521742,0,255.99710856521742,1126.2971739130435
18/04/2025,1,409.56260869565216,0,255.99710856521742,0,255.99710856521742,1126.2971739130435
18/04/2025,2,409.56260869565216,0,255.99710856521742,0,255.99710856521742,1126.2971739130435
18/04/2025,3,409.56260869565216,0,255.99710856521742,0,255.99710856521742,1126.2971739130435
18/04/2025,4,409.56260869565216,0,255.99710856521742,0,255.99710856521742,1126.2971739130435
18/04/2025,5,409.56260869565216,0,255.99710856521742,0,255.99710856521742,1126.2971739130435
18/04/2025,6,409.56260869565216,0,255.99710856521742,0,255.99710856521742,1126.2971739130435
18/04/2025,7,409.56260869565216,0,255.99710856521742,0,255.99710856521742,1126.2971739130435
18/04/2025,8,409.56260869565216,0,255.99710856521742,0,255.99710856521742,1126.2971739130435
18/04/2025,9,409.56260869565216,0,255.99710856521742,0,255.99710856521742,1126.2971739130435
18/04/2025,10,409.56260869565216,0,255.99710856521742,0,255.99710856521742,1126.2971739130435
18/04/2025,11,409.56260869565216,0,255.99710856521742,0,255.99710856521742,1126.2971739130435
18/04/2025,12,409.56260869565216,0,255.99710856521742,0,255.99710856521742,1126.2971739130435
18/04/2025,13,409.56260869565216,0,255.99710856521742,0,255.99710856521742,1126.2971739130435
18/04/2025,14,409.56260869565216,0,255.99710856521742,0,255.99710856521742,1126.2971739130435
18/04/2025,15,409.56260869565216,0,255.99710856521742,0,255.99710856521742,1126.2971739130435
18/04/2025,16,409.56260869565216,0,255.99710856521742,0,255.99710856521742,1126.2971739130435
18/04/2025,17,409.56260869565216,0,255.99710856521742,0,255.99710856521742,1126.2971739130435
18/04/2025,18,409.56260869565216,0,255.99710856521742,0,255.99710856521742,1126.2971739130435
18/04/2025,19,409.56260869565216,0,255.99710856521742,0,255.99710856521742,1126.2971739130435
18/04/2025,20,409.56260869565216,0,255.99710856521742,0,255.99710856521742,1126.2971739130435
18/04/2025,21,409.56260869565216,0,255.99710856521742,0,255.99710856521742,1126.2971739130435
18/04/2025,22,409.56260869565216,0,255.99710856521742,0,255.99710856521742,1126.2971739130435
18/04/2025,23,409.56260869565216,0,255.99710856521742,0,255.99710856521742,1126.2971739130435
18/04/2025,24,409.56260869565216,0,255.99710856521742,0,255.99710856521742,1126.2971739130435
19/04/2025,1,409.56260869565216,0,255.99710856521742,0,255.99710856521742,1126.2971739130435
19/04/2025,2,409.56260869565216,0,255.99710856521742,0,255.99710856521742,1126.2971739130435
19/04/2025,3,409.56260869565216,0,255.99710856521742,0,255.99710856521742,1126.2971739130435
19/04/2025,4,409.56260869565216,0,255.99710856521742,0,255.99710856521742,1126.2971739130435
19/04/2025,5,409.56260869565216,0,255.99710856521742,0,255.99710856521742,1126.2971739130435
19/04/2025,6,409.56260869565216,0,255.99710856521742,0,255.99710856521742,1126.2971739130435
19/04/2025,7,409.56260869565216,0,255.99710856521742,0,255.99710856521742,1126.2971739130435
19/04/2025,8,409.56260869565216,0,255.99710856521742,0,255.99710856521742,1126.2971739130435
19/04/2025,9,409.56260869565216,0,255.99710856521742,0,255.99710856521742,1126.2971739130435
19/04/2025,10,409.56260869565216,0,255.99710856521742,0,255.99710856521742,1126.2971739130435
19/04/2025,11,409.56260869565216,0,255.99710856521742,0,255.99710856521742,1126.2971739130435
19/04/2025,12,409.56260869565216,0,255.99710856521742,0,255.99710856521742,1126.2971739130435
19/04/2025,13,409.56260869565216,0,255.99710856521742,0,255.99710856521742,1126.2971739130435
19/04/2025,14,409.56260869565216,0,255.99710856521742,0,255.99710856521742,1126.2971739130435
19/04/2025,15,409.56260869565216,0,255.99710856521742,0,255.99710856521742,1126.2971739130435
19/04/2025,16,409.56260869565216,0,255.99710856521742,0,255.99710856521742,1126.2971739130435
19/04/2025,17,409.56260869565216,0,255.99710856521742,0,255.99710856521742,1126.2971739130435
19/04/2025,18,409.56260869565216,0,255.99710856521742,0,255.99710856521742,1126.2971739130435
19/04/2025,19,409.56260869565216,0,255.99710856521742,0,255.99710856521742,1126.2971739130435
19/04/2025,20,409.56260869565216,0,255.99710856521742,0,255.99710856521742,1126.2971739130435
19/04/2025,21,409.56260869565216,0,255.99710856521742,0,255.99710856521742,1126.2971739130435
19/04/2025,22,409.56260869565216,0,255.99710856521742,0,255.99710856521742,1126.2971739130435
19/04/2025,23,409.56260869565216,0,255.99710856521742,0,255.99710856521742,1126.2971739130435
19/04/2025,24,409.56260869565216,0,255.99710856521742,0,255.99710856521742,1126.2971739130435
20/04/2025,1,409.56260869565216,0,255.99710856521742,0,255.99710856521742,1126.2971739130435
20/04/2025,2,409.56260869565216,0,255.99710856521742,0,255.99710856521742,1126.2971739130435
20/04/2025,3,409.56260869565216,0,255.99710856521742,0,255.99710856521742,1126.2971739130435
20/04/2025,4,409.56260869565216,0,255.99710856521742,0,255.99710856521742,1126.2971739130435
20/04/2025,5,409.56260869565216,0,255.99710856521742,0,255.99710856521742,1126.2971739130435
20/04/2025,6,409.56260869565216,0,255.99710856521742,0,255.99710856521742,1126.2971739130435
20/04/2025,7,409.56260869565216,0,255.99710856521742,0,255.99710856521742,1126.2971739130435
20/04/2025,8,409.56260869565216,0,255.99710856521742,0,255.99710856521742,1126.2971739130435
20/04/2025,9,409.56260869565216,0,255.99710856521742,0,255.99710856521742,1126.2971739130435
20/04/2025,10,409.56260869565216,0,255.99710856521742,0,255.99710856521742,1126.2971739130435
20/04/2025,11,409.56260869565216,0,255.99710856521742,0,255.99710856521742,1126.2971739130435
20/04/2025,12,409.56260869565216,0,255.99710856521742,0,255.99710856521742,1126.2971739130435
20/04/2025,13,409.56260869565216,0,255.99710856521742,0,255.99710856521742,1126.2971739130435
20/04/2025,14,409.56260869565216,0,255.99710856521742,0,255.99710856521742,1126.2971739130435
20/04/2025,15,409.56260869565216,0,255.99710856521742,0,255.99710856521742,1126.2971739130435
20/04/2025,16,409.56260869565216,0,255.99710856521742,0,255.99710856521742,1126.2971739130435
20/04/2025,17,409.56260869565216,0,255.99710856521742,0,255.99710856521742,1126.2971739130435
20/04/2025,18,409.56260869565216,0,255.99710856521742,0,255.99710856521742,1126.2971739130435
20/04/2025,19,409.56260869565216,0,255.99710856521742,0,255.99710856521742,1126.2971739130435
20/04/2025,20,409.56260869565216,0,255.99710856521742,0,255.99710856521742,1126.2971739130435
20/04/2025,21,409.56260869565216,0,255.99710856521742,0,255.99710856521742,1126.2971739130435
20/04/2025,22,409.56260869565216,0,255.99710856521742,0,255.99710856521742,1126.2971739130435
20/04/2025,23,409.56260869565216,0,255.99710856521742,0,255.99710856521742,1126.2971739130435
20/04/2025,24,409.56260869565216,0,255.99710856521742,0,255.99710856521742,1126.2971739130435
21/04/2025,1,409.56260869565216,0,255.99710856521742,0,255.99710856521742,1126.2971739130435
21/04/2025,2,409.56260869565216,0,255.99710856521742,0,255.99710856521742,1126.2971739130435
21/04/2025,3,409.56260869565216,0,255.99710856521742,0,255.99710856521742,1126.2971739130435
21/04/2025,4,409.56260869565216,0,255.99710856521742,0,255.99710856521742,1126.2971739130435
21/04/2025,5,409.56260869565216,0,255.99710856521742,0,255.99710856521742,1126.2971739130435
21/04/2025,6,409.56260869565216,0,255.99710856521742,0,255.99710856521742,1126.2971739130435
21/04/2025,7,409.56260869565216,0,255.99710856521742,0,255.99710856521742,1126.2971739130435
21/04/2025,8,409.56260869565216,0,255.99710856521742,0,255.99710856521742,1126.2971739130435
21/04/2025,9,409.56260869565216,0,255.99710856521742,0,255.99710856521742,1126.2971739130435
21/04/2025,10,409.56260869565216,0,255.99710856521742,0,255.99710856521742,1126.2971739130435
21/04/2025,11,409.56260869565216,0,255.99710856521742,0,255.99710856521742,1126.2971739130435
21/04/2025,12,409.56260869565216,0,255.99710856521742,0,255.99710856521742,1126.2971739130435
21/04/2025,13,409.56260869565216,0,255.99710856521742,0,255.99710856521742,1126.2971739130435
21/04/2025,14,409.56260869565216,0,255.99710856521742,0,255.99710856521742,1126.2971739130435
21/04/2025,15,409.56260869565216,0,255.99710856521742,0,255.99710856521742,1126.2971739130435
21/04/2025,16,409.56260869565216,0,255.99710856521742,0,255.99710856521742,1126.2971739130435
21/04/2025,17,409.56260869565216,0,255.99710856521742,0,255.99710856521742,1126.2971739130435
21/04/2025,18,409.56260869565216,0,255.99710856521742,0,255.99710856521742,1126.2971739130435
21/04/2025,19,409.56260869565216,0,255.99710856521742,0,255.99710856521742,1126.2971739130435
21/04/2025,20,409.56260869565216,0,255.99710856521742,0,255.99710856521742,1126.2971739130435
21/04/2025,21,409.56260869565216,0,255.99710856521742,0,255.99710856521742,1126.2971739130435
21/04/2025,22,409.56260869565216,0,255.99710856521742,0,255.99710856521742,1126.2971739130435
21/04/2025,23,409.56260869565216,0,255.99710856521742,0,255.99710856521742,1126.2971739130435
21/04/2025,24,409.56260869565216,0,255.99710856521742,0,255.99710856521742,1126.2971739130435
22/04/2025,1,409.56260869565216,0,255.99710856521742,0,255.99710856521742,1126.2971739130435
22/04/2025,2,409.56260869565216,0,255.99710856521742,0,255.99710856521742,1126.2971739130435
22/04/2025,3,409.56260869565216,0,255.99710856521742,0,255.99710856521742,1126.2971739130435
22/04/2025,4,409.56260869565216,0,255.99710856521742,0,255.99710856521742,1126.2971739130435
22/04/2025,5,409.56260869565216,0,255.99710856521742,0,255.99710856521742,1126.2971739130435
22/04/2025,6,409.56260869565216,0,255.99710856521742,0,255.99710856521742,1126.2971739130435
22/04/2025,7,409.56260869565216,0,255.99710856521742,0,255.99710856521742,1126.2971739130435
22/04/2025,8,409.56260869565216,0,255.99710856521742,0,255.99710856521742,1126.2971739130435
22/04/2025,9,409.56260869565216,0,255.99710856521742,0,255.99710856521742,1126.2971739130435
22/04/2025,10,409.56260869565216,0,255.99710856521742,0,255.99710856521742,1126.2971739130435
22/04/2025,11,409.56260869565216,0,255.99710856521742,0,255.99710856521742,1126.2971739130435
22/04/2025,12,409.56260869565216,0,255.99710856521742,0,255.99710856521742,1126.2971739130435
22/04/2025,13,409.56260869565216,0,255.99710856521742,0,255.99710856521742,1126.2971739130435
22/04/2025,14,409.56260869565216,0,255.99710856521742,0,255.99710856521742,1126.2971739130435
22/04/2025,15,409.56260869565216,0,255.99710856521742,0,255.99710856521742,1126.2971739130435
22/04/2025,16,409.56260869565216,0,255.99710856521742,0,255.99710856521742,1126.2971739130435
22/04/2025,17,409.56260869565216,0,255.99710856521742,0,255.99710856521742,1126.2971739130435
22/04/2025,18,409.56260869565216,0,255.99710856521742,0,255.99710856521742,1126.2971739130435
22/04/2025,19,409.56260869565216,0,255.99710856521742,0,255.99710856521742,1126.2971739130435
22/04/2025,20,409.56260869565216,0,255.99710856521742,0,255.99710856521742,1126.2971739130435
22/04/2025,21,409.56260869565216,0,255.99710856521742,0,255.99710856521742,1126.2971739130435
22/04/2025,22,409.56260869565216,0,255.99710856521742,0,255.99710856521742,1126.2971739130435
22/04/2025,23,409.56260869565216,0,255.99710856521742,0,255.99710856521742,1126.2971739130435
22/04/2025,24,409.56260869565216,0,255.99710856521742,0,255.99710856521742,1126.2971739130435
23/04/2025,1,409.56260869565216,0,255.99710856521742,0,255.99710856521742,1126.2971739130435
23/04/2025,2,409.56260869565216,0,255.99710856521742,0,255.99710856521742,1126.2971739130435
23/04/2025,3,409.56260869565216,0,255.99710856521742,0,255.99710856521742,1126.2971739130435
23/04/2025,4,409.56260869565216,0,255.99710856521742,0,255.99710856521742,1126.2971739130435
23/04/2025,5,409.56260869565216,0,255.99710856521742,0,255.99710856521742,1126.2971739130435
23/04/2025,6,409.56260869565216,0,255.99710856521742,0,255.99710856521742,1126.2971739130435
23/04/2025,7,409.56260869565216,0,255.99710856521742,0,255.99710856521742,1126.2971739130435
23/04/2025,8,409.56260869565216,0,255.99710856521742,0,255.99710856521742,1126.2971739130435
23/04/2025,9,409.56260869565216,0,255.99710856521742,0,255.99710856521742,1126.2971739130435
23/04/2025,10,409.56260869565216,0,255.99710856521742,0,255.99710856521742,1126.2971739130435
23/04/2025,11,409.56260869565216,0,255.99710856521742,0,255.99710856521742,1126.2971739130435
23/04/2025,12,409.56260869565216,0,255.99710856521742,0,255.99710856521742,1126.2971739130435
23/04/2025,13,409.56260869565216,0,255.99710856521742,0,255.99710856521742,1126.2971739130435
23/04/2025,14,409.56260869565216,0,255.99710856521742,0,255.99710856521742,1126.2971739130435
23/04/2025,15,409.56260869565216,0,255.99710856521742,0,255.99710856521742,1126.2971739130435
23/04/2025,16,409.56260869565216,0,255.99710856521742,0,255.99710856521742,1126.2971739130435
23/04/2025,17,409.56260869565216,0,255.99710856521742,0,255.99710856521742,1126.2971739130435
23/04/2025,18,409.56260869565216,0,255.99710856521742,0,255.99710856521742,1126.2971739130435
23/04/2025,19,409.56260869565216,0,255.99710856521742,0,255.99710856521742,1126.2971739130435
23/04/2025,20,409.56260869565216,0,255.99710856521742,0,255.99710856521742,1126.2971739130435
23/04/2025,21,409.56260869565216,0,255.99710856521742,0,255.99710856521742,1126.2971739130435
23/04/2025,22,409.56260869565216,0,255.99710856521742,0,255.99710856521742,1126.2971739130435
23/04/2025,23,409.56260869565216,0,255.99710856521742,0,255.99710856521742,1126.2971739130435
23/04/2025,24,409.56260869565216,0,255.99710856521742,0,255.99710856521742,1126.2971739130435
24/04/2025,1,409.56260869565216,0,255.99710856521742,0,255.99710856521742,1126.2971739130435
24/04/2025,2,409.56260869565216,0,255.99710856521742,0,255.99710856521742,1126.2971739130435
24/04/2025,3,409.56260869565216,0,255.99710856521742,0,255.99710856521742,1126.2971739130435
24/04/2025,4,409.56260869565216,0,255.99710856521742,0,255.99710856521742,1126.2971739130435
24/04/2025,5,409.56260869565216,0,255.99710856521742,0,255.99710856521742,1126.2971739130435
24/04/2025,6,409.56260869565216,0,255.99710856521742,0,255.99710856521742,1126.2971739130435
24/04/2025,7,409.56260869565216,0,255.99710856521742,0,255.99710856521742,1126.2971739130435
24/04/2025,8,409.56260869565216,0,255.99710856521742,0,255.99710856521742,1126.2971739130435
24/04/2025,9,409.56260869565216,0,255.99710856521742,0,255.99710856521742,1126.2971739130435
24/04/2025,10,409.56260869565216,0,255.99710856521742,0,255.99710856521742,1126.2971739130435
24/04/2025,11,409.56260869565216,0,255.99710856521742,0,255.99710856521742,1126.2971739130435
24/04/2025,12,409.56260869565216,0,255.99710856521742,0,255.99710856521742,1126.2971739130435
24/04/2025,13,409.56260869565216,0,255.99710856521742,0,255.99710856521742,1126.2971739130435
24/04/2025,14,409.56260869565216,0,255.99710856521742,0,255.99710856521742,1126.2971739130435
24/04/2025,15,409.56260869565216,0,255.99710856521742,0,255.99710856521742,1126.2971739130435
24/04/2025,16,409.56260869565216,0,255.99710856521742,0,255.99710856521742,1126.2971739130435
24/04/2025,17,409.56260869565216,0,255.99710856521742,0,255.99710856521742,1126.2971739130435
24/04/2025,18,409.56260869565216,0,255.99710856521742,0,255.99710856521742,1126.2971739130435
24/04/2025,19,409.56260869565216,0,255.99710856521742,0,255.99710856521742,1126.2971739130435
24/04/2025,20,409.56260869565216,0,255.99710856521742,0,255.99710856521742,1126.2971739130435
24/04/2025,21,409.56260869565216,0,255.99710856521742,0,255.99710856521742,1126.2971739130435
24/04/2025,22,409.56260869565216,0,255.99710856521742,0,255.99710856521742,1126.2971739130435
24/04/2025,23,409.56260869565216,0,255.99710856521742,0,255.99710856521742,1126.2971739130435
24/04/2025,24,409.56260869565216,0,255.99710856521742,0,255.99710856521742,1126.2971739130435
25/04/2025,1,409.56260869565216,0,255.99710856521742,0,255.99710856521742,1126.2971739130435
25/04/2025,2,409.56260869565216,0,255.99710856521742,0,255.99710856521742,1126.2971739130435
25/04/2025,3,409.56260869565216,0,255.99710856521742,0,255.99710856521742,1126.2971739130435
25/04/2025,4,409.56260869565216,0,255.99710856521742,0,255.99710856521742,1126.2971739130435
25/04/2025,5,409.56260869565216,0,255.99710856521742,0,255.99710856521742,1126.2971739130435
25/04/2025,6,409.56260869565216,0,255.99710856521742,0,255.99710856521742,1126.2971739130435
25/04/2025,7,409.56260869565216,0,255.99710856521742,0,255.99710856521742,1126.2971739130435
25/04/2025,8,409.56260869565216,0,255.99710856521742,0,255.99710856521742,1126.2971739130435
25/04/2025,9,409.56260869565216,0,255.99710856521742,0,255.99710856521742,1126.2971739130435
25/04/2025,10,409.56260869565216,0,255.99710856521742,0,255.99710856521742,1126.2971739130435
25/04/2025,11,409.56260869565216,0,255.99710856521742,0,255.99710856521742,1126.2971739130435
25/04/2025,12,409.56260869565216,0,255.99710856521742,0,255.99710856521742,1126.2971739130435
25/04/2025,13,409.56260869565216,0,255.99710856521742,0,255.99710856521742,1126.2971739130435
25/04/2025,14,409.56260869565216,0,255.99710856521742,0,255.99710856521742,1126.2971739130435
25/04/2025,15,409.56260869565216,0,255.99710856521742,0,255.99710856521742,1126.2971739130435
25/04/2025,16,409.56260869565216,0,255.99710856521742,0,255.99710856521742,1126.2971739130435
25/04/2025,17,409.56260869565216,0,255.99710856521742,0,255.99710856521742,1126.2971739130435
25/04/2025,18,409.56260869565216,0,255.99710856521742,0,255.99710856521742,1126.2971739130435
25/04/2025,19,409.56260869565216,0,255.99710856521742,0,255.99710856521742,1126.2971739130435
25/04/2025,20,409.56260869565216,0,255.99710856521742,0,255.99710856521742,1126.2971739130435
25/04/2025,21,409.56260869565216,0,255.99710856521742,0,255.99710856521742,1126.2971739130435
25/04/2025,22,409.56260869565216,0,255.99710856521742,0,255.99710856521742,1126.2971739130435
25/04/2025,23,409.56260869565216,0,255.99710856521742,0,255.99710856521742,1126.2971739130435
25/04/2025,24,409.56260869565216,0,255.99710856521742,0,255.99710856521742,1126.2971739130435
26/04/2025,1,409.56260869565216,0,255.99710856521742,0,255.99710856521742,1126.2971739130435
26/04/2025,2,409.56260869565216,0,255.99710856521742,0,255.99710856521742,1126.2971739130435
26/04/2025,3,409.56260869565216,0,255.99710856521742,0,255.99710856521742,1126.2971739130435
26/04/2025,4,409.56260869565216,0,255.99710856521742,0,255.99710856521742,1126.2971739130435
26/04/2025,5,409.56260869565216,0,255.99710856521742,0,255.99710856521742,1126.2971739130435
26/04/2025,6,409.56260869565216,0,255.99710856521742,0,255.99710856521742,1126.2971739130435
26/04/2025,7,409.56260869565216,0,255.99710856521742,0,255.99710856521742,1126.2971739130435
26/04/2025,8,409.56260869565216,0,255.99710856521742,0,255.99710856521742,1126.2971739130435
26/04/2025,9,409.56260869565216,0,255.99710856521742,0,255.99710856521742,1126.2971739130435
26/04/2025,10,409.56260869565216,0,255.99710856521742,0,255.99710856521742,1126.2971739130435
26/04/2025,11,409.56260869565216,0,255.99710856521742,0,255.99710856521742,1126.2971739130435
26/04/2025,12,409.56260869565216,0,255.99710856521742,0,255.99710856521742,1126.2971739130435
26/04/2025,13,409.56260869565216,0,255.99710856521742,0,255.99710856521742,1126.2971739130435
26/04/2025,14,409.56260869565216,0,255.99710856521742,0,255.99710856521742,1126.2971739130435
26/04/2025,15,409.56260869565216,0,255.99710856521742,0,255.99710856521742,1126.2971739130435
26/04/2025,16,409.56260869565216,0,255.99710856521742,0,255.99710856521742,1126.2971739130435
26/04/2025,17,409.56260869565216,0,255.99710856521742,0,255.99710856521742,1126.2971739130435
26/04/2025,18,409.56260869565216,0,255.99710856521742,0,255.99710856521742,1126.2971739130435
26/04/2025,19,409.56260869565216,0,255.99710856521742,0,255.99710856521742,1126.2971739130435
26/04/2025,20,409.56260869565216,0,255.99710856521742,0,255.99710856521742,1126.2971739130435
26/04/2025,21,409.56260869565216,0,255.99710856521742,0,255.99710856521742,1126.2971739130435
26/04/2025,22,409.56260869565216,0,255.99710856521742,0,255.99710856521742,1126.2971739130435
26/04/2025,23,409.56260869565216,0,255.99710856521742,0,255.99710856521742,1126.2971739130435
26/04/2025,24,409.56260869565216,0,255.99710856521742,0,255.99710856521742,1126.2971739130435
27/04/2025,1,409.56260869565216,0,255.99710856521742,0,255.99710856521742,1126.2971739130435
27/04/2025,2,409.56260869565216,0,255.99710856521742,0,255.99710856521742,1126.2971739130435
27/04/2025,3,409.56260869565216,0,255.99710856521742,0,255.99710856521742,1126.2971739130435
27/04/2025,4,409.56260869565216,0,255.99710856521742,0,255.99710856521742,1126.2971739130435
27/04/2025,5,409.56260869565216,0,255.99710856521742,0,255.99710856521742,1126.2971739130435
27/04/2025,6,409.56260869565216,0,255.99710856521742,0,255.99710856521742,1126.2971739130435
27/04/2025,7,409.56260869565216,0,255.99710856521742,0,255.99710856521742,1126.2971739130435
27/04/2025,8,409.56260869565216,0,255.99710856521742,0,255.99710856521742,1126.2971739130435
27/04/2025,9,409.56260869565216,0,255.99710856521742,0,255.99710856521742,1126.2971739130435
27/04/2025,10,409.56260869565216,0,255.99710856521742,0,255.99710856521742,1126.2971739130435
27/04/2025,11,409.56260869565216,0,255.99710856521742,0,255.99710856521742,1126.2971739130435
27/04/2025,12,409.56260869565216,0,255.99710856521742,0,255.99710856521742,1126.2971739130435
27/04/2025,13,409.56260869565216,0,255.99710856521742,0,255.99710856521742,1126.2971739130435
27/04/2025,14,409.56260869565216,0,255.99710856521742,0,255.99710856521742,1126.2971739130435
27/04/2025,15,409.56260869565216,0,255.99710856521742,0,255.99710856521742,1126.2971739130435
27/04/2025,16,409.56260869565216,0,255.99710856521742,0,255.99710856521742,1126.2971739130435
27/04/2025,17,409.56260869565216,0,255.99710856521742,0,255.99710856521742,1126.2971739130435
27/04/2025,18,409.56260869565216,0,255.99710856521742,0,255.99710856521742,1126.2971739130435
27/04/2025,19,409.56260869565216,0,255.99710856521742,0,255.99710856521742,1126.2971739130435
27/04/2025,20,409.56260869565216,0,255.99710856521742,0,255.99710856521742,1126.2971739130435
27/04/2025,21,409.56260869565216,0,255.99710856521742,0,255.99710856521742,1126.2971739130435
27/04/2025,22,409.56260869565216,0,255.99710856521742,0,255.99710856521742,1126.2971739130435
27/04/2025,23,409.56260869565216,0,255.99710856521742,0,255.99710856521742,1126.2971739130435
27/04/2025,24,409.56260869565216,0,255.99710856521742,0,255.99710856521742,1126.2971739130435
28/04/2025,1,409.56260869565216,0,255.99710856521742,0,255.99710856521742,1126.2971739130435
28/04/2025,2,409.56260869565216,0,255.99710856521742,0,255.99710856521742,1126.2971739130435
28/04/2025,3,409.56260869565216,0,255.99710856521742,0,255.99710856521742,1126.2971739130435
28/04/2025,4,409.56260869565216,0,255.99710856521742,0,255.99710856521742,1126.2971739130435
28/04/2025,5,409.56260869565216,0,255.99710856521742,0,255.99710856521742,1126.2971739130435
28/04/2025,6,409.56260869565216,0,255.99710856521742,0,255.99710856521742,1126.2971739130435
28/04/2025,7,409.56260869565216,0,255.99710856521742,0,255.99710856521742,1126.2971739130435
28/04/2025,8,409.56260869565216,0,255.99710856521742,0,255.99710856521742,1126.2971739130435
28/04/2025,9,409.56260869565216,0,255.99710856521742,0,255.99710856521742,1126.2971739130435
28/04/2025,10,409.56260869565216,0,255.99710856521742,0,255.99710856521742,1126.2971739130435
28/04/2025,11,409.56260869565216,0,255.99710856521742,0,255.99710856521742,1126.2971739130435
28/04/2025,12,409.56260869565216,0,255.99710856521742,0,255.99710856521742,1126.2971739130435
28/04/2025,13,409.56260869565216,0,255.99710856521742,0,255.99710856521742,1126.2971739130435
28/04/2025,14,409.56260869565216,0,255.99710856521742,0,255.99710856521742,1126.2971739130435
28/04/2025,15,409.56260869565216,0,255.99710856521742,0,255.99710856521742,1126.2971739130435
28/04/2025,16,409.56260869565216,0,255.99710856521742,0,255.99710856521742,1126.2971739130435
28/04/2025,17,409.56260869565216,0,255.99710856521742,0,255.99710856521742,1126.2971739130435
28/04/2025,18,409.56260869565216,0,255.99710856521742,0,255.99710856521742,1126.2971739130435
28/04/2025,19,409.56260869565216,0,255.99710856521742,0,255.99710856521742,1126.2971739130435
28/04/2025,20,409.56260869565216,0,255.99710856521742,0,255.99710856521742,1126.2971739130435
28/04/2025,21,409.56260869565216,0,255.99710856521742,0,255.99710856521742,1126.2971739130435
28/04/2025,22,409.56260869565216,0,255.99710856521742,0,255.99710856521742,1126.2971739130435
28/04/2025,23,409.56260869565216,0,255.99710856521742,0,255.99710856521742,1126.2971739130435
28/04/2025,24,409.56260869565216,0,255.99710856521742,0,255.99710856521742,1126.2971739130435
29/04/2025,1,409.56260869565216,0,255.99710856521742,0,255.99710856521742,1126.2971739130435
29/04/2025,2,409.56260869565216,0,255.99710856521742,0,255.99710856521742,1126.2971739130435
29/04/2025,3,409.56260869565216,0,255.99710856521742,0,255.99710856521742,1126.2971739130435
29/04/2025,4,409.56260869565216,0,255.99710856521742,0,255.99710856521742,1126.2971739130435
29/04/2025,5,409.56260869565216,0,255.99710856521742,0,255.99710856521742,1126.2971739130435
29/04/2025,6,409.56260869565216,0,255.99710856521742,0,255.99710856521742,1126.2971739130435
29/04/2025,7,409.56260869565216,0,255.99710856521742,0,255.99710856521742,1126.2971739130435
29/04/2025,8,409.56260869565216,0,255.99710856521742,0,255.99710856521742,1126.2971739130435
29/04/2025,9,409.56260869565216,0,255.99710856521742,0,255.99710856521742,1126.2971739130435
29/04/2025,10,409.56260869565216,0,255.99710856521742,0,255.99710856521742,1126.2971739130435
29/04/2025,11,409.56260869565216,0,255.99710856521742,0,255.99710856521742,1126.2971739130435
29/04/2025,12,409.56260869565216,0,255.99710856521742,0,255.99710856521742,1126.2971739130435
29/04/2025,13,409.56260869565216,0,255.99710856521742,0,255.99710856521742,1126.2971739130435
29/04/2025,14,409.56260869565216,0,255.99710856521742,0,255.99710856521742,1126.2971739130435
29/04/2025,15,409.56260869565216,0,255.99710856521742,0,255.99710856521742,1126.2971739130435
29/04/2025,16,409.56260869565216,0,255.99710856521742,0,255.99710856521742,1126.2971739130435
29/04/2025,17,409.56260869565216,0,255.99710856521742,0,255.99710856521742,1126.2971739130435
29/04/2025,18,409.56260869565216,0,255.99710856521742,0,255.99710856521742,1126.2971739130435
29/04/2025,19,409.56260869565216,0,255.99710856521742,0,255.99710856521742,1126.2971739130435
29/04/2025,20,409.56260869565216,0,255.99710856521742,0,255.99710856521742,1126.2971739130435
29/04/2025,21,409.56260869565216,0,255.99710856521742,0,255.99710856521742,1126.2971739130435
29/04/2025,22,409.56260869565216,0,255.99710856521742,0,255.99710856521742,1126.2971739130435
29/04/2025,23,409.56260869565216,0,255.99710856521742,0,255.99710856521742,1126.2971739130435
29/04/2025,24,409.56260869565216,0,255.99710856521742,0,255.99710856521742,1126.2971739130435
30/04/2025,1,409.56260869565216,0,255.99710856521742,0,255.99710856521742,1126.2971739130435
30/04/2025,2,409.56260869565216,0,255.99710856521742,0,255.99710856521742,1126.2971739130435
30/04/2025,3,409.56260869565216,0,255.99710856521742,0,255.99710856521742,1126.2971739130435
30/04/2025,4,409.56260869565216,0,255.99710856521742,0,255.99710856521742,1126.2971739130435
30/04/2025,5,409.56260869565216,0,255.99710856521742,0,255.99710856521742,1126.2971739130435
30/04/2025,6,409.56260869565216,0,255.99710856521742,0,255.99710856521742,1126.2971739130435
30/04/2025,7,409.56260869565216,0,255.99710856521742,0,255.99710856521742,1126.2971739130435
30/04/2025,8,409.56260869565216,0,255.99710856521742,0,255.99710856521742,1126.2971739130435
30/04/2025,9,409.56260869565216,0,255.99710856521742,0,255.99710856521742,1126.2971739130435
30/04/2025,10,409.56260869565216,0,255.99710856521742,0,255.99710856521742,1126.2971739130435
30/04/2025,11,409.56260869565216,0,255.99710856521742,0,255.99710856521742,1126.2971739130435
30/04/2025,12,409.56260869565216,0,255.99710856521742,0,255.99710856521742,1126.2971739130435
30/04/2025,13,409.56260869565216,0,255.99710856521742,0,255.99710856521742,1126.2971739130435
30/04/2025,14,409.56260869565216,0,255.99710856521742,0,255.99710856521742,1126.2971739130435
30/04/2025,15,409.56260869565216,0,255.99710856521742,0,255.99710856521742,1126.2971739130435
30/04/2025,16,409.56260869565216,0,255.99710856521742,0,255.99710856521742,1126.2971739130435
30/04/2025,17,409.56260869565216,0,255.99710856521742,0,255.99710856521742,1126.2971739130435
30/04/2025,18,409.56260869565216,0,255.99710856521742,0,255.99710856521742,1126.2971739130435
30/04/2025,19,409.56260869565216,0,255.99710856521742,0,255.99710856521742,1126.2971739130435
30/04/2025,20,409.56260869565216,0,255.99710856521742,0,255.99710856521742,1126.2971739130435
30/04/2025,21,409.56260869565216,0,255.99710856521742,0,255.99710856521742,1126.2971739130435
30/04/2025,22,409.56260869565216,0,255.99710856521742,0,255.99710856521742,1126.2971739130435
30/04/2025,23,409.56260869565216,0,255.99710856521742,0,255.99710856521742,1126.2971739130435
30/04/2025,24,409.56260869565216,0,255.99710856521742,0,255.99710856521742,1126.2971739130435
01/05/2025,1,409.56260869565216,0,255.99710856521742,0,255.99710856521742,1126.2971739130435
01/05/2025,2,409.56260869565216,0,255.99710856521742,0,255.99710856521742,1126.2971739130435
01/05/2025,3,409.56260869565216,0,255.99710856521742,0,255.99710856521742,1126.2971739130435
01/05/2025,4,409.56260869565216,0,255.99710856521742,0,255.99710856521742,1126.2971739130435
01/05/2025,5,409.56260869565216,0,255.99710856521742,0,255.99710856521742,1126.2971739130435
01/05/2025,6,409.56260869565216,0,255.99710856521742,0,255.99710856521742,1126.2971739130435
01/05/2025,7,409.56260869565216,0,255.99710856521742,0,255.99710856521742,1126.2971739130435
01/05/2025,8,409.56260869565216,0,255.99710856521742,0,255.99710856521742,1126.2971739130435
01/05/2025,9,409.56260869565216,0,255.99710856521742,0,255.99710856521742,1126.2971739130435
01/05/2025,10,409.56260869565216,0,255.99710856521742,0,255.99710856521742,1126.2971739130435
01/05/2025,11,409.56260869565216,0,255.99710856521742,0,255.99710856521742,1126.2971739130435
01/05/2025,12,409.56260869565216,0,255.99710856521742,0,255.99710856521742,1126.2971739130435
01/05/2025,13,409.56260869565216,0,255.99710856521742,0,255.99710856521742,1126.2971739130435
01/05/2025,14,409.56260869565216,0,255.99710856521742,0,255.99710856521742,1126.2971739130435
01/05/2025,15,409.56260869565216,0,255.99710856521742,0,255.99710856521742,1126.2971739130435
01/05/2025,16,409.56260869565216,0,255.99710856521742,0,255.99710856521742,1126.2971739130435
01/05/2025,17,409.56260869565216,0,255.99710856521742,0,255.99710856521742,1126.2971739130435
01/05/2025,18,409.56260869565216,0,255.99710856521742,0,255.99710856521742,1126.2971739130435
01/05/2025,19,409.56260869565216,0,255.99710856521742,0,255.99710856521742,1126.2971739130435
01/05/2025,20,409.56260869565216,0,255.99710856521742,0,255.99710856521742,1126.2971739130435
01/05/2025,21,409.56260869565216,0,255.99710856521742,0,255.99710856521742,1126.2971739130435
01/05/2025,22,409.56260869565216,0,255.99710856521742,0,255.99710856521742,1126.2971739130435
01/05/2025,23,409.56260869565216,0,255.99710856521742,0,255.99710856521742,1126.2971739130435
01/05/2025,24,409.56260869565216,0,255.99710856521742,0,255.99710856521742,1126.2971739130435
02/05/2025,1,409.56260869565216,0,255.99710856521742,0,255.99710856521742,1126.2971739130435
02/05/2025,2,409.56260869565216,0,255.99710856521742,0,255.99710856521742,1126.2971739130435
02/05/2025,3,409.56260869565216,0,255.99710856521742,0,255.99710856521742,1126.2971739130435
02/05/2025,4,409.56260869565216,0,255.99710856521742,0,255.99710856521742,1126.2971739130435
02/05/2025,5,409.56260869565216,0,255.99710856521742,0,255.99710856521742,1126.2971739130435
02/05/2025,6,409.56260869565216,0,255.99710856521742,0,255.99710856521742,1126.2971739130435
02/05/2025,7,409.56260869565216,0,255.99710856521742,0,255.99710856521742,1126.2971739130435
02/05/2025,8,409.56260869565216,0,255.99710856521742,0,255.99710856521742,1126.2971739130435
02/05/2025,9,409.56260869565216,0,255.99710856521742,0,255.99710856521742,1126.2971739130435
02/05/2025,10,409.56260869565216,0,255.99710856521742,0,255.99710856521742,1126.2971739130435
02/05/2025,11,409.56260869565216,0,255.99710856521742,0,255.99710856521742,1126.2971739130435
02/05/2025,12,409.56260869565216,0,255.99710856521742,0,255.99710856521742,1126.2971739130435
02/05/2025,13,409.56260869565216,0,255.99710856521742,0,255.99710856521742,1126.2971739130435
02/05/2025,14,409.56260869565216,0,255.99710856521742,0,255.99710856521742,1126.2971739130435
02/05/2025,15,409.56260869565216,0,255.99710856521742,0,255.99710856521742,1126.2971739130435
02/05/2025,16,409.56260869565216,0,255.99710856521742,0,255.99710856521742,1126.2971739130435
02/05/2025,17,409.56260869565216,0,255.99710856521742,0,255.99710856521742,1126.2971739130435
02/05/2025,18,409.56260869565216,0,255.99710856521742,0,255.99710856521742,1126.2971739130435
02/05/2025,19,409.56260869565216,0,255.99710856521742,0,255.99710856521742,1126.2971739130435
02/05/2025,20,409.56260869565216,0,255.99710856521742,0,255.99710856521742,1126.2971739130435
02/05/2025,21,409.56260869565216,0,255.99710856521742,0,255.99710856521742,1126.2971739130435
02/05/2025,22,409.56260869565216,0,255.99710856521742,0,255.99710856521742,1126.2971739130435
02/05/2025,23,409.56260869565216,0,255.99710856521742,0,255.99710856521742,1126.2971739130435
02/05/2025,24,409.56260869565216,0,255.99710856521742,0,255.99710856521742,1126.2971739130435
03/05/2025,1,409.56260869565216,0,255.99710856521742,0,255.99710856521742,1126.2971739130435
03/05/2025,2,409.56260869565216,0,255.99710856521742,0,255.99710856521742,1126.2971739130435
03/05/2025,3,409.56260869565216,0,255.99710856521742,0,255.99710856521742,1126.2971739130435
03/05/2025,4,409.56260869565216,0,255.99710856521742,0,255.99710856521742,1126.2971739130435
03/05/2025,5,409.56260869565216,0,255.99710856521742,0,255.99710856521742,1126.2971739130435
03/05/2025,6,409.56260869565216,0,255.99710856521742,0,255.99710856521742,1126.2971739130435
03/05/2025,7,409.56260869565216,0,255.99710856521742,0,255.99710856521742,1126.2971739130435
03/05/2025,8,409.56260869565216,0,255.99710856521742,0,255.99710856521742,1126.2971739130435
03/05/2025,9,409.56260869565216,0,255.99710856521742,0,255.99710856521742,1126.2971739130435
03/05/2025,10,409.56260869565216,0,255.99710856521742,0,255.99710856521742,1126.2971739130435
03/05/2025,11,409.56260869565216,0,255.99710856521742,0,255.99710856521742,1126.2971739130435
03/05/2025,12,409.56260869565216,0,255.99710856521742,0,255.99710856521742,1126.2971739130435
03/05/2025,13,409.56260869565216,0,255.99710856521742,0,255.99710856521742,1126.2971739130435
03/05/2025,14,409.56260869565216,0,255.99710856521742,0,255.99710856521742,1126.2971739130435
03/05/2025,15,409.56260869565216,0,255.99710856521742,0,255.99710856521742,1126.2971739130435
03/05/2025,16,409.56260869565216,0,255.99710856521742,0,255.99710856521742,1126.2971739130435
03/05/2025,17,409.56260869565216,0,255.99710856521742,0,255.99710856521742,1126.2971739130435
03/05/2025,18,409.56260869565216,0,255.99710856521742,0,255.99710856521742,1126.2971739130435
03/05/2025,19,409.56260869565216,0,255.99710856521742,0,255.99710856521742,1126.2971739130435
03/05/2025,20,409.56260869565216,0,255.99710856521742,0,255.99710856521742,1126.2971739130435
03/05/2025,21,409.56260869565216,0,255.99710856521742,0,255.99710856521742,1126.2971739130435
03/05/2025,22,409.56260869565216,0,255.99710856521742,0,255.99710856521742,1126.2971739130435
03/05/2025,23,409.56260869565216,0,255.99710856521742,0,255.99710856521742,1126.2971739130435
03/05/2025,24,409.56260869565216,0,255.99710856521742,0,255.99710856521742,1126.2971739130435
04/05/2025,1,409.56260869565216,0,255.99710856521742,0,255.99710856521742,1126.2971739130435
04/05/2025,2,409.56260869565216,0,255.99710856521742,0,255.99710856521742,1126.2971739130435
04/05/2025,3,409.56260869565216,0,255.99710856521742,0,255.99710856521742,1126.2971739130435
04/05/2025,4,409.56260869565216,0,255.99710856521742,0,255.99710856521742,1126.2971739130435
04/05/2025,5,409.56260869565216,0,255.99710856521742,0,255.99710856521742,1126.2971739130435
04/05/2025,6,409.56260869565216,0,255.99710856521742,0,255.99710856521742,1126.2971739130435
04/05/2025,7,409.56260869565216,0,255.99710856521742,0,255.99710856521742,1126.2971739130435
04/05/2025,8,409.56260869565216,0,255.99710856521742,0,255.99710856521742,1126.2971739130435
04/05/2025,9,409.56260869565216,0,255.99710856521742,0,255.99710856521742,1126.2971739130435
04/05/2025,10,409.56260869565216,0,255.99710856521742,0,255.99710856521742,1126.2971739130435
04/05/2025,11,409.56260869565216,0,255.99710856521742,0,255.99710856521742,1126.2971739130435
04/05/2025,12,409.56260869565216,0,255.99710856521742,0,255.99710856521742,1126.2971739130435
04/05/2025,13,409.56260869565216,0,255.99710856521742,0,255.99710856521742,1126.2971739130435
04/05/2025,14,409.56260869565216,0,255.99710856521742,0,255.99710856521742,1126.2971739130435
04/05/2025,15,409.56260869565216,0,255.99710856521742,0,255.99710856521742,1126.2971739130435
04/05/2025,16,409.56260869565216,0,255.99710856521742,0,255.99710856521742,1126.2971739130435
04/05/2025,17,409.56260869565216,0,255.99710856521742,0,255.99710856521742,1126.2971739130435
04/05/2025,18,409.56260869565216,0,255.99710856521742,0,255.99710856521742,1126.2971739130435
04/05/2025,19,409.56260869565216,0,255.99710856521742,0,255.99710856521742,1126.2971739130435
04/05/2025,20,409.56260869565216,0,255.99710856521742,0,255.99710856521742,1126.2971739130435
04/05/2025,21,409.56260869565216,0,255.99710856521742,0,255.99710856521742,1126.2971739130435
04/05/2025,22,409.56260869565216,0,255.99710856521742,0,255.99710856521742,1126.2971739130435
04/05/2025,23,409.56260869565216,0,255.99710856521742,0,255.99710856521742,1126.2971739130435
04/05/2025,24,409.56260869565216,0,255.99710856521742,0,255.99710856521742,1126.2971739130435
05/05/2025,1,409.56260869565216,0,255.99710856521742,0,255.99710856521742,1126.2971739130435
05/05/2025,2,409.56260869565216,0,255.99710856521742,0,255.99710856521742,1126.2971739130435
05/05/2025,3,409.56260869565216,0,255.99710856521742,0,255.99710856521742,1126.2971739130435
05/05/2025,4,409.56260869565216,0,255.99710856521742,0,255.99710856521742,1126.2971739130435
05/05/2025,5,409.56260869565216,0,255.99710856521742,0,255.99710856521742,1126.2971739130435
05/05/2025,6,409.56260869565216,0,255.99710856521742,0,255.99710856521742,1126.2971739130435
05/05/2025,7,409.56260869565216,0,255.99710856521742,0,255.99710856521742,1126.2971739130435
05/05/2025,8,409.56260869565216,0,255.99710856521742,0,255.99710856521742,1126.2971739130435
05/05/2025,9,409.56260869565216,0,255.99710856521742,0,255.99710856521742,1126.2971739130435
05/05/2025,10,409.56260869565216,0,255.99710856521742,0,255.99710856521742,1126.2971739130435
05/05/2025,11,409.56260869565216,0,255.99710856521742,0,255.99710856521742,1126.2971739130435
05/05/2025,12,409.56260869565216,0,255.99710856521742,0,255.99710856521742,1126.2971739130435
05/05/2025,13,409.56260869565216,0,255.99710856521742,0,255.99710856521742,1126.2971739130435
05/05/2025,14,409.56260869565216,0,255.99710856521742,0,255.99710856521742,1126.2971739130435
05/05/2025,15,409.56260869565216,0,255.99710856521742,0,255.99710856521742,1126.2971739130435
05/05/2025,16,409.56260869565216,0,255.99710856521742,0,255.99710856521742,1126.2971739130435
05/05/2025,17,409.56260869565216,0,255.99710856521742,0,255.99710856521742,1126.2971739130435
05/05/2025,18,409.56260869565216,0,255.99710856521742,0,255.99710856521742,1126.2971739130435
05/05/2025,19,409.56260869565216,0,255.99710856521742,0,255.99710856521742,1126.2971739130435
05/05/2025,20,409.56260869565216,0,255.99710856521742,0,255.99710856521742,1126.2971739130435
05/05/2025,21,409.56260869565216,0,255.99710856521742,0,255.99710856521742,1126.2971739130435
05/05/2025,22,409.56260869565216,0,255.99710856521742,0,255.99710856521742,1126.2971739130435
05/05/2025,23,409.56260869565216,0,255.99710856521742,0,255.99710856521742,1126.2971739130435
05/05/2025,24,409.56260869565216,0,255.99710856521742,0,255.99710856521742,1126.2971739130435
06/05/2025,1,409.56260869565216,0,255.99710856521742,0,255.99710856521742,1126.2971739130435
06/05/2025,2,409.56260869565216,0,255.99710856521742,0,255.99710856521742,1126.2971739130435
06/05/2025,3,409.56260869565216,0,255.99710856521742,0,255.99710856521742,1126.2971739130435
06/05/2025,4,409.56260869565216,0,255.99710856521742,0,255.99710856521742,1126.2971739130435
06/05/2025,5,409.56260869565216,0,255.99710856521742,0,255.99710856521742,1126.2971739130435
06/05/2025,6,409.56260869565216,0,255.99710856521742,0,255.99710856521742,1126.2971739130435
06/05/2025,7,409.56260869565216,0,255.99710856521742,0,255.99710856521742,1126.2971739130435
06/05/2025,8,409.56260869565216,0,255.99710856521742,0,255.99710856521742,1126.2971739130435
06/05/2025,9,409.56260869565216,0,255.99710856521742,0,255.99710856521742,1126.2971739130435
06/05/2025,10,409.56260869565216,0,255.99710856521742,0,255.99710856521742,1126.2971739130435
06/05/2025,11,409.56260869565216,0,255.99710856521742,0,255.99710856521742,1126.2971739130435
06/05/2025,12,409.56260869565216,0,255.99710856521742,0,255.99710856521742,1126.2971739130435
06/05/2025,13,409.56260869565216,0,255.99710856521742,0,255.99710856521742,1126.2971739130435
06/05/2025,14,409.56260869565216,0,255.99710856521742,0,255.99710856521742,1126.2971739130435
06/05/2025,15,409.56260869565216,0,255.99710856521742,0,255.99710856521742,1126.2971739130435
06/05/2025,16,409.56260869565216,0,255.99710856521742,0,255.99710856521742,1126.2971739130435
06/05/2025,17,409.56260869565216,0,255.99710856521742,0,255.99710856521742,1126.2971739130435
06/05/2025,18,409.56260869565216,0,255.99710856521742,0,255.99710856521742,1126.2971739130435
06/05/2025,19,409.56260869565216,0,255.99710856521742,0,255.99710856521742,1126.2971739130435
06/05/2025,20,409.56260869565216,0,255.99710856521742,0,255.99710856521742,1126.2971739130435
06/05/2025,21,409.56260869565216,0,255.99710856521742,0,255.99710856521742,1126.2971739130435
06/05/2025,22,409.56260869565216,0,255.99710856521742,0,255.99710856521742,1126.2971739130435
06/05/2025,23,409.56260869565216,0,255.99710856521742,0,255.99710856521742,1126.2971739130435
06/05/2025,24,409.56260869565216,0,255.99710856521742,0,255.99710856521742,1126.2971739130435
07/05/2025,1,409.56260869565216,0,255.99710856521742,0,255.99710856521742,1126.2971739130435
07/05/2025,2,409.56260869565216,0,255.99710856521742,0,255.99710856521742,1126.2971739130435
07/05/2025,3,409.56260869565216,0,255.99710856521742,0,255.99710856521742,1126.2971739130435
07/05/2025,4,409.56260869565216,0,255.99710856521742,0,255.99710856521742,1126.2971739130435
07/05/2025,5,409.56260869565216,0,255.99710856521742,0,255.99710856521742,1126.2971739130435
07/05/2025,6,409.56260869565216,0,255.99710856521742,0,255.99710856521742,1126.2971739130435
07/05/2025,7,409.56260869565216,0,255.99710856521742,0,255.99710856521742,1126.2971739130435
07/05/2025,8,409.56260869565216,0,255.99710856521742,0,255.99710856521742,1126.2971739130435
07/05/2025,9,409.56260869565216,0,255.99710856521742,0,255.99710856521742,1126.2971739130435
07/05/2025,10,409.56260869565216,0,255.99710856521742,0,255.99710856521742,1126.2971739130435
07/05/2025,11,409.56260869565216,0,255.99710856521742,0,255.99710856521742,1126.2971739130435
07/05/2025,12,409.56260869565216,0,255.99710856521742,0,255.99710856521742,1126.2971739130435
07/05/2025,13,409.56260869565216,0,255.99710856521742,0,255.99710856521742,1126.2971739130435
07/05/2025,14,409.56260869565216,0,255.99710856521742,0,255.99710856521742,1126.2971739130435
07/05/2025,15,409.56260869565216,0,255.99710856521742,0,255.99710856521742,1126.2971739130435
07/05/2025,16,409.56260869565216,0,255.99710856521742,0,255.99710856521742,1126.2971739130435
07/05/2025,17,409.56260869565216,0,255.99710856521742,0,255.99710856521742,1126.2971739130435
07/05/2025,18,409.56260869565216,0,255.99710856521742,0,255.99710856521742,1126.2971739130435
07/05/2025,19,409.56260869565216,0,255.99710856521742,0,255.99710856521742,1126.2971739130435
07/05/2025,20,409.56260869565216,0,255.99710856521742,0,255.99710856521742,1126.2971739130435
07/05/2025,21,409.56260869565216,0,255.99710856521742,0,255.99710856521742,1126.2971739130435
07/05/2025,22,409.56260869565216,0,255.99710856521742,0,255.99710856521742,1126.2971739130435
07/05/2025,23,409.56260869565216,0,255.99710856521742,0,255.99710856521742,1126.2971739130435
07/05/2025,24,409.56260869565216,0,255.99710856521742,0,255.99710856521742,1126.2971739130435
08/05/2025,1,409.56260869565216,0,255.99710856521742,0,255.99710856521742,1126.2971739130435
08/05/2025,2,409.56260869565216,0,255.99710856521742,0,255.99710856521742,1126.2971739130435
08/05/2025,3,409.56260869565216,0,255.99710856521742,0,255.99710856521742,1126.2971739130435
08/05/2025,4,409.56260869565216,0,255.99710856521742,0,255.99710856521742,1126.2971739130435
08/05/2025,5,409.56260869565216,0,255.99710856521742,0,255.99710856521742,1126.2971739130435
08/05/2025,6,409.56260869565216,0,255.99710856521742,0,255.99710856521742,1126.2971739130435
08/05/2025,7,409.56260869565216,0,255.99710856521742,0,255.99710856521742,1126.2971739130435
08/05/2025,8,409.56260869565216,0,255.99710856521742,0,255.99710856521742,1126.2971739130435
08/05/2025,9,409.56260869565216,0,255.99710856521742,0,255.99710856521742,1126.2971739130435
08/05/2025,10,409.56260869565216,0,255.99710856521742,0,255.99710856521742,1126.2971739130435
08/05/2025,11,409.56260869565216,0,255.99710856521742,0,255.99710856521742,1126.2971739130435
08/05/2025,12,409.56260869565216,0,255.99710856521742,0,255.99710856521742,1126.2971739130435
08/05/2025,13,409.56260869565216,0,255.99710856521742,0,255.99710856521742,1126.2971739130435
08/05/2025,14,409.56260869565216,0,255.99710856521742,0,255.99710856521742,1126.2971739130435
08/05/2025,15,409.56260869565216,0,255.99710856521742,0,255.99710856521742,1126.2971739130435
08/05/2025,16,409.56260869565216,0,255.99710856521742,0,255.99710856521742,1126.2971739130435
08/05/2025,17,409.56260869565216,0,255.99710856521742,0,255.99710856521742,1126.2971739130435
08/05/2025,18,409.56260869565216,0,255.99710856521742,0,255.99710856521742,1126.2971739130435
08/05/2025,19,409.56260869565216,0,255.99710856521742,0,255.99710856521742,1126.2971739130435
08/05/2025,20,409.56260869565216,0,255.99710856521742,0,255.99710856521742,1126.2971739130435
08/05/2025,21,409.56260869565216,0,255.99710856521742,0,255.99710856521742,1126.2971739130435
08/05/2025,22,409.56260869565216,0,255.99710856521742,0,255.99710856521742,1126.2971739130435
08/05/2025,23,409.56260869565216,0,255.99710856521742,0,255.99710856521742,1126.2971739130435
08/05/2025,24,409.56260869565216,0,255.99710856521742,0,255.99710856521742,1126.2971739130435
09/05/2025,1,409.56260869565216,0,255.99710856521742,0,255.99710856521742,1126.2971739130435
09/05/2025,2,409.56260869565216,0,255.99710856521742,0,255.99710856521742,1126.2971739130435
09/05/2025,3,409.56260869565216,0,255.99710856521742,0,255.99710856521742,1126.2971739130435
09/05/2025,4,409.56260869565216,0,255.99710856521742,0,255.99710856521742,1126.2971739130435
09/05/2025,5,409.56260869565216,0,255.99710856521742,0,255.99710856521742,1126.2971739130435
09/05/2025,6,409.56260869565216,0,255.99710856521742,0,255.99710856521742,1126.2971739130435
09/05/2025,7,409.56260869565216,0,255.99710856521742,0,255.99710856521742,1126.2971739130435
09/05/2025,8,409.56260869565216,0,255.99710856521742,0,255.99710856521742,1126.2971739130435
09/05/2025,9,409.56260869565216,0,255.99710856521742,0,255.99710856521742,1126.2971739130435
09/05/2025,10,409.56260869565216,0,255.99710856521742,0,255.99710856521742,1126.2971739130435
09/05/2025,11,409.56260869565216,0,255.99710856521742,0,255.99710856521742,1126.2971739130435
09/05/2025,12,409.56260869565216,0,255.99710856521742,0,255.99710856521742,1126.2971739130435
09/05/2025,13,409.56260869565216,0,255.99710856521742,0,255.99710856521742,1126.2971739130435
09/05/2025,14,409.56260869565216,0,255.99710856521742,0,255.99710856521742,1126.2971739130435
09/05/2025,15,409.56260869565216,0,255.99710856521742,0,255.99710856521742,1126.2971739130435
09/05/2025,16,409.56260869565216,0,255.99710856521742,0,255.99710856521742,1126.2971739130435
09/05/2025,17,409.56260869565216,0,255.99710856521742,0,255.99710856521742,1126.2971739130435
09/05/2025,18,409.56260869565216,0,255.99710856521742,0,255.99710856521742,1126.2971739130435
09/05/2025,19,409.56260869565216,0,255.99710856521742,0,255.99710856521742,1126.2971739130435
09/05/2025,20,409.56260869565216,0,255.99710856521742,0,255.99710856521742,1126.2971739130435
09/05/2025,21,409.56260869565216,0,255.99710856521742,0,255.99710856521742,1126.2971739130435
09/05/2025,22,409.56260869565216,0,255.99710856521742,0,255.99710856521742,1126.2971739130435
09/05/2025,23,409.56260869565216,0,255.99710856521742,0,255.99710856521742,1126.2971739130435
09/05/2025,24,409.56260869565216,0,255.99710856521742,0,255.99710856521742,1126.2971739130435
10/05/2025,1,409.56260869565216,0,255.99710856521742,0,255.99710856521742,1126.2971739130435
10/05/2025,2,409.56260869565216,0,255.99710856521742,0,255.99710856521742,1126.2971739130435
10/05/2025,3,409.56260869565216,0,255.99710856521742,0,255.99710856521742,1126.2971739130435
10/05/2025,4,409.56260869565216,0,255.99710856521742,0,255.99710856521742,1126.2971739130435
10/05/2025,5,409.56260869565216,0,255.99710856521742,0,255.99710856521742,1126.2971739130435
10/05/2025,6,409.56260869565216,0,255.99710856521742,0,255.99710856521742,1126.2971739130435
10/05/2025,7,409.56260869565216,0,255.99710856521742,0,255.99710856521742,1126.2971739130435
10/05/2025,8,409.56260869565216,0,255.99710856521742,0,255.99710856521742,1126.2971739130435
10/05/2025,9,409.56260869565216,0,255.99710856521742,0,255.99710856521742,1126.2971739130435
10/05/2025,10,409.56260869565216,0,255.99710856521742,0,255.99710856521742,1126.2971739130435
10/05/2025,11,409.56260869565216,0,255.99710856521742,0,255.99710856521742,1126.2971739130435
10/05/2025,12,409.56260869565216,0,255.99710856521742,0,255.99710856521742,1126.2971739130435
10/05/2025,13,409.56260869565216,0,255.99710856521742,0,255.99710856521742,1126.2971739130435
10/05/2025,14,409.56260869565216,0,255.99710856521742,0,255.99710856521742,1126.2971739130435
10/05/2025,15,409.56260869565216,0,255.99710856521742,0,255.99710856521742,1126.2971739130435
10/05/2025,16,409.56260869565216,0,255.99710856521742,0,255.99710856521742,1126.2971739130435
10/05/2025,17,409.56260869565216,0,255.99710856521742,0,255.99710856521742,1126.2971739130435
10/05/2025,18,409.56260869565216,0,255.99710856521742,0,255.99710856521742,1126.2971739130435
10/05/2025,19,409.56260869565216,0,255.99710856521742,0,255.99710856521742,1126.2971739130435
10/05/2025,20,409.56260869565216,0,255.99710856521742,0,255.99710856521742,1126.2971739130435
10/05/2025,21,409.56260869565216,0,255.99710856521742,0,255.99710856521742,1126.2971739130435
10/05/2025,22,409.56260869565216,0,255.99710856521742,0,255.99710856521742,1126.2971739130435
10/05/2025,23,409.56260869565216,0,255.99710856521742,0,255.99710856521742,1126.2971739130435
10/05/2025,24,409.56260869565216,0,255.99710856521742,0,255.99710856521742,1126.2971739130435
11/05/2025,1,409.56260869565216,0,255.99710856521742,0,255.99710856521742,1126.2971739130435
11/05/2025,2,409.56260869565216,0,255.99710856521742,0,255.99710856521742,1126.2971739130435
11/05/2025,3,409.56260869565216,0,255.99710856521742,0,255.99710856521742,1126.2971739130435
11/05/2025,4,409.56260869565216,0,255.99710856521742,0,255.99710856521742,1126.2971739130435
11/05/2025,5,409.56260869565216,0,255.99710856521742,0,255.99710856521742,1126.2971739130435
11/05/2025,6,409.56260869565216,0,255.99710856521742,0,255.99710856521742,1126.2971739130435
11/05/2025,7,409.56260869565216,0,255.99710856521742,0,255.99710856521742,1126.2971739130435
11/05/2025,8,409.56260869565216,0,255.99710856521742,0,255.99710856521742,1126.2971739130435
11/05/2025,9,409.56260869565216,0,255.99710856521742,0,255.99710856521742,1126.2971739130435
11/05/2025,10,409.56260869565216,0,255.99710856521742,0,255.99710856521742,1126.2971739130435
11/05/2025,11,409.56260869565216,0,255.99710856521742,0,255.99710856521742,1126.2971739130435
11/05/2025,12,409.56260869565216,0,255.99710856521742,0,255.99710856521742,1126.2971739130435
11/05/2025,13,409.56260869565216,0,255.99710856521742,0,255.99710856521742,1126.2971739130435
11/05/2025,14,409.56260869565216,0,255.99710856521742,0,255.99710856521742,1126.2971739130435
11/05/2025,15,409.56260869565216,0,255.99710856521742,0,255.99710856521742,1126.2971739130435
11/05/2025,16,409.56260869565216,0,255.99710856521742,0,255.99710856521742,1126.2971739130435
11/05/2025,17,409.56260869565216,0,255.99710856521742,0,255.99710856521742,1126.2971739130435
11/05/2025,18,409.56260869565216,0,255.99710856521742,0,255.99710856521742,1126.2971739130435
11/05/2025,19,409.56260869565216,0,255.99710856521742,0,255.99710856521742,1126.2971739130435
11/05/2025,20,409.56260869565216,0,255.99710856521742,0,255.99710856521742,1126.2971739130435
11/05/2025,21,409.56260869565216,0,255.99710856521742,0,255.99710856521742,1126.2971739130435
11/05/2025,22,409.56260869565216,0,255.99710856521742,0,255.99710856521742,1126.2971739130435
11/05/2025,23,409.56260869565216,0,255.99710856521742,0,255.99710856521742,1126.2971739130435
11/05/2025,24,409.56260869565216,0,255.99710856521742,0,255.99710856521742,1126.2971739130435
12/05/2025,1,409.56260869565216,0,255.99710856521742,0,255.99710856521742,1126.2971739130435
12/05/2025,2,409.56260869565216,0,255.99710856521742,0,255.99710856521742,1126.2971739130435
12/05/2025,3,409.56260869565216,0,255.99710856521742,0,255.99710856521742,1126.2971739130435
12/05/2025,4,409.56260869565216,0,255.99710856521742,0,255.99710856521742,1126.2971739130435
12/05/2025,5,409.56260869565216,0,255.99710856521742,0,255.99710856521742,1126.2971739130435
12/05/2025,6,409.56260869565216,0,255.99710856521742,0,255.99710856521742,1126.2971739130435
12/05/2025,7,409.56260869565216,0,255.99710856521742,0,255.99710856521742,1126.2971739130435
12/05/2025,8,409.56260869565216,0,255.99710856521742,0,255.99710856521742,1126.2971739130435
12/05/2025,9,409.56260869565216,0,255.99710856521742,0,255.99710856521742,1126.2971739130435
12/05/2025,10,409.56260869565216,0,255.99710856521742,0,255.99710856521742,1126.2971739130435
12/05/2025,11,409.56260869565216,0,255.99710856521742,0,255.99710856521742,1126.2971739130435
12/05/2025,12,409.56260869565216,0,255.99710856521742,0,255.99710856521742,1126.2971739130435
12/05/2025,13,409.56260869565216,0,255.99710856521742,0,255.99710856521742,1126.2971739130435
12/05/2025,14,409.56260869565216,0,255.99710856521742,0,255.99710856521742,1126.2971739130435
12/05/2025,15,409.56260869565216,0,255.99710856521742,0,255.99710856521742,1126.2971739130435
12/05/2025,16,409.56260869565216,0,255.99710856521742,0,255.99710856521742,1126.2971739130435
12/05/2025,17,409.56260869565216,0,255.99710856521742,0,255.99710856521742,1126.2971739130435
12/05/2025,18,409.56260869565216,0,255.99710856521742,0,255.99710856521742,1126.2971739130435
12/05/2025,19,409.56260869565216,0,255.99710856521742,0,255.99710856521742,1126.2971739130435
12/05/2025,20,409.56260869565216,0,255.99710856521742,0,255.99710856521742,1126.2971739130435
12/05/2025,21,409.56260869565216,0,255.99710856521742,0,255.99710856521742,1126.2971739130435
12/05/2025,22,409.56260869565216,0,255.99710856521742,0,255.99710856521742,1126.2971739130435
12/05/2025,23,409.56260869565216,0,255.99710856521742,0,255.99710856521742,1126.2971739130435
12/05/2025,24,409.56260869565216,0,255.99710856521742,0,255.99710856521742,1126.2971739130435
13/05/2025,1,409.56260869565216,0,255.99710856521742,0,255.99710856521742,1126.2971739130435
13/05/2025,2,409.56260869565216,0,255.99710856521742,0,255.99710856521742,1126.2971739130435
13/05/2025,3,409.56260869565216,0,255.99710856521742,0,255.99710856521742,1126.2971739130435
13/05/2025,4,409.56260869565216,0,255.99710856521742,0,255.99710856521742,1126.2971739130435
13/05/2025,5,409.56260869565216,0,255.99710856521742,0,255.99710856521742,1126.2971739130435
13/05/2025,6,409.56260869565216,0,255.99710856521742,0,255.99710856521742,1126.2971739130435
13/05/2025,7,409.56260869565216,0,255.99710856521742,0,255.99710856521742,1126.2971739130435
13/05/2025,8,409.56260869565216,0,255.99710856521742,0,255.99710856521742,1126.2971739130435
13/05/2025,9,409.56260869565216,0,255.99710856521742,0,255.99710856521742,1126.2971739130435
13/05/2025,10,409.56260869565216,0,255.99710856521742,0,255.99710856521742,1126.2971739130435
13/05/2025,11,409.56260869565216,0,255.99710856521742,0,255.99710856521742,1126.2971739130435
13/05/2025,12,409.56260869565216,0,255.99710856521742,0,255.99710856521742,1126.2971739130435
13/05/2025,13,409.56260869565216,0,255.99710856521742,0,255.99710856521742,1126.2971739130435
13/05/2025,14,409.56260869565216,0,255.99710856521742,0,255.99710856521742,1126.2971739130435
13/05/2025,15,409.56260869565216,0,255.99710856521742,0,255.99710856521742,1126.2971739130435
13/05/2025,16,409.56260869565216,0,255.99710856521742,0,255.99710856521742,1126.2971739130435
13/05/2025,17,409.56260869565216,0,255.99710856521742,0,255.99710856521742,1126.2971739130435
13/05/2025,18,409.56260869565216,0,255.99710856521742,0,255.99710856521742,1126.2971739130435
13/05/2025,19,409.56260869565216,0,255.99710856521742,0,255.99710856521742,1126.2971739130435
13/05/2025,20,409.56260869565216,0,255.99710856521742,0,255.99710856521742,1126.2971739130435
13/05/2025,21,409.56260869565216,0,255.99710856521742,0,255.99710856521742,1126.2971739130435
13/05/2025,22,409.56260869565216,0,255.99710856521742,0,255.99710856521742,1126.2971739130435
13/05/2025,23,409.56260869565216,0,255.99710856521742,0,255.99710856521742,1126.2971739130435
13/05/2025,24,409.56260869565216,0,255.99710856521742,0,255.99710856521742,1126.2971739130435
14/05/2025,1,409.56260869565216,0,255.99710856521742,0,255.99710856521742,1126.2971739130435
14/05/2025,2,409.56260869565216,0,255.99710856521742,0,255.99710856521742,1126.2971739130435
14/05/2025,3,409.56260869565216,0,255.99710856521742,0,255.99710856521742,1126.2971739130435
14/05/2025,4,409.56260869565216,0,255.99710856521742,0,255.99710856521742,1126.2971739130435
14/05/2025,5,409.56260869565216,0,255.99710856521742,0,255.99710856521742,1126.2971739130435
14/05/2025,6,409.56260869565216,0,255.99710856521742,0,255.99710856521742,1126.2971739130435
14/05/2025,7,409.56260869565216,0,255.99710856521742,0,255.99710856521742,1126.2971739130435
14/05/2025,8,409.56260869565216,0,255.99710856521742,0,255.99710856521742,1126.2971739130435
14/05/2025,9,409.56260869565216,0,255.99710856521742,0,255.99710856521742,1126.2971739130435
14/05/2025,10,409.56260869565216,0,255.99710856521742,0,255.99710856521742,1126.2971739130435
14/05/2025,11,409.56260869565216,0,255.99710856521742,0,255.99710856521742,1126.2971739130435
14/05/2025,12,409.56260869565216,0,255.99710856521742,0,255.99710856521742,1126.2971739130435
14/05/2025,13,409.56260869565216,0,255.99710856521742,0,255.99710856521742,1126.2971739130435
14/05/2025,14,409.56260869565216,0,255.99710856521742,0,255.99710856521742,1126.2971739130435
14/05/2025,15,409.56260869565216,0,255.99710856521742,0,255.99710856521742,1126.2971739130435
14/05/2025,16,409.56260869565216,0,255.99710856521742,0,255.99710856521742,1126.2971739130435
14/05/2025,17,409.56260869565216,0,255.99710856521742,0,255.99710856521742,1126.2971739130435
14/05/2025,18,409.56260869565216,0,255.99710856521742,0,255.99710856521742,1126.2971739130435
14/05/2025,19,409.56260869565216,0,255.99710856521742,0,255.99710856521742,1126.2971739130435
14/05/2025,20,409.56260869565216,0,255.99710856521742,0,255.99710856521742,1126.2971739130435
14/05/2025,21,409.56260869565216,0,255.99710856521742,0,255.99710856521742,1126.2971739130435
14/05/2025,22,409.56260869565216,0,255.99710856521742,0,255.99710856521742,1126.2971739130435
14/05/2025,23,409.56260869565216,0,255.99710856521742,0,255.99710856521742,1126.2971739130435
14/05/2025,24,409.56260869565216,0,255.99710856521742,0,255.99710856521742,1126.2971739130435
15/05/2025,1,409.56260869565216,0,255.99710856521742,0,255.99710856521742,1126.2971739130435
15/05/2025,2,409.56260869565216,0,255.99710856521742,0,255.99710856521742,1126.2971739130435
15/05/2025,3,409.56260869565216,0,255.99710856521742,0,255.99710856521742,1126.2971739130435
15/05/2025,4,409.56260869565216,0,255.99710856521742,0,255.99710856521742,1126.2971739130435
15/05/2025,5,409.56260869565216,0,255.99710856521742,0,255.99710856521742,1126.2971739130435
15/05/2025,6,409.56260869565216,0,255.99710856521742,0,255.99710856521742,1126.2971739130435
15/05/2025,7,409.56260869565216,0,255.99710856521742,0,255.99710856521742,1126.2971739130435
15/05/2025,8,409.56260869565216,0,255.99710856521742,0,255.99710856521742,1126.2971739130435
15/05/2025,9,409.56260869565216,0,255.99710856521742,0,255.99710856521742,1126.2971739130435
15/05/2025,10,409.56260869565216,0,255.99710856521742,0,255.99710856521742,1126.2971739130435
15/05/2025,11,409.56260869565216,0,255.99710856521742,0,255.99710856521742,1126.2971739130435
15/05/2025,12,409.56260869565216,0,255.99710856521742,0,255.99710856521742,1126.2971739130435
15/05/2025,13,409.56260869565216,0,255.99710856521742,0,255.99710856521742,1126.2971739130435
15/05/2025,14,409.56260869565216,0,255.99710856521742,0,255.99710856521742,1126.2971739130435
15/05/2025,15,409.56260869565216,0,255.99710856521742,0,255.99710856521742,1126.2971739130435
15/05/2025,16,409.56260869565216,0,255.99710856521742,0,255.99710856521742,1126.2971739130435
15/05/2025,17,409.56260869565216,0,255.99710856521742,0,255.99710856521742,1126.2971739130435
15/05/2025,18,409.56260869565216,0,255.99710856521742,0,255.99710856521742,1126.2971739130435
15/05/2025,19,409.56260869565216,0,255.99710856521742,0,255.99710856521742,1126.2971739130435
15/05/2025,20,409.56260869565216,0,255.99710856521742,0,255.99710856521742,1126.2971739130435
15/05/2025,21,409.56260869565216,0,255.99710856521742,0,255.99710856521742,1126.2971739130435
15/05/2025,22,409.56260869565216,0,255.99710856521742,0,255.99710856521742,1126.2971739130435
15/05/2025,23,409.56260869565216,0,255.99710856521742,0,255.99710856521742,1126.2971739130435
15/05/2025,24,409.56260869565216,0,255.99710856521742,0,255.99710856521742,1126.2971739130435
16/05/2025,1,409.56260869565216,0,255.99710856521742,0,255.99710856521742,1126.2971739130435
16/05/2025,2,409.56260869565216,0,255.99710856521742,0,255.99710856521742,1126.2971739130435
16/05/2025,3,409.56260869565216,0,255.99710856521742,0,255.99710856521742,1126.2971739130435
16/05/2025,4,409.56260869565216,0,255.99710856521742,0,255.99710856521742,1126.2971739130435
16/05/2025,5,409.56260869565216,0,255.99710856521742,0,255.99710856521742,1126.2971739130435
16/05/2025,6,409.56260869565216,0,255.99710856521742,0,255.99710856521742,1126.2971739130435
16/05/2025,7,409.56260869565216,0,255.99710856521742,0,255.99710856521742,1126.2971739130435
16/05/2025,8,409.56260869565216,0,255.99710856521742,0,255.99710856521742,1126.2971739130435
16/05/2025,9,409.56260869565216,0,255.99710856521742,0,255.99710856521742,1126.2971739130435
16/05/2025,10,409.56260869565216,0,255.99710856521742,0,255.99710856521742,1126.2971739130435
16/05/2025,11,409.56260869565216,0,255.99710856521742,0,255.99710856521742,1126.2971739130435
16/05/2025,12,409.56260869565216,0,255.99710856521742,0,255.99710856521742,1126.2971739130435
16/05/2025,13,409.56260869565216,0,255.99710856521742,0,255.99710856521742,1126.2971739130435
16/05/2025,14,409.56260869565216,0,255.99710856521742,0,255.99710856521742,1126.2971739130435
16/05/2025,15,409.56260869565216,0,255.99710856521742,0,255.99710856521742,1126.2971739130435
16/05/2025,16,409.56260869565216,0,255.99710856521742,0,255.99710856521742,1126.2971739130435
16/05/2025,17,409.56260869565216,0,255.99710856521742,0,255.99710856521742,1126.2971739130435
16/05/2025,18,409.56260869565216,0,255.99710856521742,0,255.99710856521742,1126.2971739130435
16/05/2025,19,409.56260869565216,0,255.99710856521742,0,255.99710856521742,1126.2971739130435
16/05/2025,20,409.56260869565216,0,255.99710856521742,0,255.99710856521742,1126.2971739130435
16/05/2025,21,409.56260869565216,0,255.99710856521742,0,255.99710856521742,1126.2971739130435
16/05/2025,22,409.56260869565216,0,255.99710856521742,0,255.99710856521742,1126.2971739130435
16/05/2025,23,409.56260869565216,0,255.99710856521742,0,255.99710856521742,1126.2971739130435
16/05/2025,24,409.56260869565216,0,255.99710856521742,0,255.99710856521742,1126.2971739130435
17/05/2025,1,409.56260869565216,0,255.99710856521742,0,255.99710856521742,1126.2971739130435
17/05/2025,2,409.56260869565216,0,255.99710856521742,0,255.99710856521742,1126.2971739130435
17/05/2025,3,409.56260869565216,0,255.99710856521742,0,255.99710856521742,1126.2971739130435
17/05/2025,4,409.56260869565216,0,255.99710856521742,0,255.99710856521742,1126.2971739130435
17/05/2025,5,409.56260869565216,0,255.99710856521742,0,255.99710856521742,1126.2971739130435
17/05/2025,6,409.56260869565216,0,255.99710856521742,0,255.99710856521742,1126.2971739130435
17/05/2025,7,409.56260869565216,0,255.99710856521742,0,255.99710856521742,1126.2971739130435
17/05/2025,8,409.56260869565216,0,255.99710856521742,0,255.99710856521742,1126.2971739130435
17/05/2025,9,409.56260869565216,0,255.99710856521742,0,255.99710856521742,1126.2971739130435
17/05/2025,10,409.56260869565216,0,255.99710856521742,0,255.99710856521742,1126.2971739130435
17/05/2025,11,409.56260869565216,0,255.99710856521742,0,255.99710856521742,1126.2971739130435
17/05/2025,12,409.56260869565216,0,255.99710856521742,0,255.99710856521742,1126.2971739130435
17/05/2025,13,409.56260869565216,0,255.99710856521742,0,255.99710856521742,1126.2971739130435
17/05/2025,14,409.56260869565216,0,255.99710856521742,0,255.99710856521742,1126.2971739130435
17/05/2025,15,409.56260869565216,0,255.99710856521742,0,255.99710856521742,1126.2971739130435
17/05/2025,16,409.56260869565216,0,255.99710856521742,0,255.99710856521742,1126.2971739130435
17/05/2025,17,409.56260869565216,0,255.99710856521742,0,255.99710856521742,1126.2971739130435
17/05/2025,18,409.56260869565216,0,255.99710856521742,0,255.99710856521742,1126.2971739130435
17/05/2025,19,409.56260869565216,0,255.99710856521742,0,255.99710856521742,1126.2971739130435
17/05/2025,20,409.56260869565216,0,255.99710856521742,0,255.99710856521742,1126.2971739130435
17/05/2025,21,409.56260869565216,0,255.99710856521742,0,255.99710856521742,1126.2971739130435
17/05/2025,22,409.56260869565216,0,255.99710856521742,0,255.99710856521742,1126.2971739130435
17/05/2025,23,409.56260869565216,0,255.99710856521742,0,255.99710856521742,1126.2971739130435
17/05/2025,24,409.56260869565216,0,255.99710856521742,0,255.99710856521742,1126.2971739130435
18/05/2025,1,409.56260869565216,0,255.99710856521742,0,255.99710856521742,1126.2971739130435
18/05/2025,2,409.56260869565216,0,255.99710856521742,0,255.99710856521742,1126.2971739130435
18/05/2025,3,409.56260869565216,0,255.99710856521742,0,255.99710856521742,1126.2971739130435
18/05/2025,4,409.56260869565216,0,255.99710856521742,0,255.99710856521742,1126.2971739130435
18/05/2025,5,409.56260869565216,0,255.99710856521742,0,255.99710856521742,1126.2971739130435
18/05/2025,6,409.56260869565216,0,255.99710856521742,0,255.99710856521742,1126.2971739130435
18/05/2025,7,409.56260869565216,0,255.99710856521742,0,255.99710856521742,1126.2971739130435
18/05/2025,8,409.56260869565216,0,255.99710856521742,0,255.99710856521742,1126.2971739130435
18/05/2025,9,409.56260869565216,0,255.99710856521742,0,255.99710856521742,1126.2971739130435
18/05/2025,10,409.56260869565216,0,255.99710856521742,0,255.99710856521742,1126.2971739130435
18/05/2025,11,409.56260869565216,0,255.99710856521742,0,255.99710856521742,1126.2971739130435
18/05/2025,12,409.56260869565216,0,255.99710856521742,0,255.99710856521742,1126.2971739130435
18/05/2025,13,409.56260869565216,0,255.99710856521742,0,255.99710856521742,1126.2971739130435
18/05/2025,14,409.56260869565216,0,255.99710856521742,0,255.99710856521742,1126.2971739130435
18/05/2025,15,409.56260869565216,0,255.99710856521742,0,255.99710856521742,1126.2971739130435
18/05/2025,16,409.56260869565216,0,255.99710856521742,0,255.99710856521742,1126.2971739130435
18/05/2025,17,409.56260869565216,0,255.99710856521742,0,255.99710856521742,1126.2971739130435
18/05/2025,18,409.56260869565216,0,255.99710856521742,0,255.99710856521742,1126.2971739130435
18/05/2025,19,409.56260869565216,0,255.99710856521742,0,255.99710856521742,1126.2971739130435
18/05/2025,20,409.56260869565216,0,255.99710856521742,0,255.99710856521742,1126.2971739130435
18/05/2025,21,409.56260869565216,0,255.99710856521742,0,255.99710856521742,1126.2971739130435
18/05/2025,22,409.56260869565216,0,255.99710856521742,0,255.99710856521742,1126.2971739130435
18/05/2025,23,409.56260869565216,0,255.99710856521742,0,255.99710856521742,1126.2971739130435
18/05/2025,24,409.56260869565216,0,255.99710856521742,0,255.99710856521742,1126.2971739130435
19/05/2025,1,409.56260869565216,0,255.99710856521742,0,255.99710856521742,1126.2971739130435
19/05/2025,2,409.56260869565216,0,255.99710856521742,0,255.99710856521742,1126.2971739130435
19/05/2025,3,409.56260869565216,0,255.99710856521742,0,255.99710856521742,1126.2971739130435
19/05/2025,4,409.56260869565216,0,255.99710856521742,0,255.99710856521742,1126.2971739130435
19/05/2025,5,409.56260869565216,0,255.99710856521742,0,255.99710856521742,1126.2971739130435
19/05/2025,6,409.56260869565216,0,255.99710856521742,0,255.99710856521742,1126.2971739130435
19/05/2025,7,409.56260869565216,0,255.99710856521742,0,255.99710856521742,1126.2971739130435
19/05/2025,8,409.56260869565216,0,255.99710856521742,0,255.99710856521742,1126.2971739130435
19/05/2025,9,409.56260869565216,0,255.99710856521742,0,255.99710856521742,1126.2971739130435
19/05/2025,10,409.56260869565216,0,255.99710856521742,0,255.99710856521742,1126.2971739130435
19/05/2025,11,409.56260869565216,0,255.99710856521742,0,255.99710856521742,1126.2971739130435
19/05/2025,12,409.56260869565216,0,255.99710856521742,0,255.99710856521742,1126.2971739130435
19/05/2025,13,409.56260869565216,0,255.99710856521742,0,255.99710856521742,1126.2971739130435
19/05/2025,14,409.56260869565216,0,255.99710856521742,0,255.99710856521742,1126.2971739130435
19/05/2025,15,409.56260869565216,0,255.99710856521742,0,255.99710856521742,1126.2971739130435
19/05/2025,16,409.56260869565216,0,255.99710856521742,0,255.99710856521742,1126.2971739130435
19/05/2025,17,409.56260869565216,0,255.99710856521742,0,255.99710856521742,1126.2971739130435
19/05/2025,18,409.56260869565216,0,255.99710856521742,0,255.99710856521742,1126.2971739130435
19/05/2025,19,409.56260869565216,0,255.99710856521742,0,255.99710856521742,1126.2971739130435
19/05/2025,20,409.56260869565216,0,255.99710856521742,0,255.99710856521742,1126.2971739130435
19/05/2025,21,409.56260869565216,0,255.99710856521742,0,255.99710856521742,1126.2971739130435
19/05/2025,22,409.56260869565216,0,255.99710856521742,0,255.99710856521742,1126.2971739130435
19/05/2025,23,409.56260869565216,0,255.99710856521742,0,255.99710856521742,1126.2971739130435
19/05/2025,24,409.56260869565216,0,255.99710856521742,0,255.99710856521742,1126.2971739130435
20/05/2025,1,409.56260869565216,0,255.99710856521742,0,255.99710856521742,1126.2971739130435
20/05/2025,2,409.56260869565216,0,255.99710856521742,0,255.99710856521742,1126.2971739130435
20/05/2025,3,409.56260869565216,0,255.99710856521742,0,255.99710856521742,1126.2971739130435
20/05/2025,4,409.56260869565216,0,255.99710856521742,0,255.99710856521742,1126.2971739130435
20/05/2025,5,409.56260869565216,0,255.99710856521742,0,255.99710856521742,1126.2971739130435
20/05/2025,6,409.56260869565216,0,255.99710856521742,0,255.99710856521742,1126.2971739130435
20/05/2025,7,409.56260869565216,0,255.99710856521742,0,255.99710856521742,1126.2971739130435
20/05/2025,8,409.56260869565216,0,255.99710856521742,0,255.99710856521742,1126.2971739130435
20/05/2025,9,409.56260869565216,0,255.99710856521742,0,255.99710856521742,1126.2971739130435
20/05/2025,10,409.56260869565216,0,255.99710856521742,0,255.99710856521742,1126.2971739130435
20/05/2025,11,409.56260869565216,0,255.99710856521742,0,255.99710856521742,1126.2971739130435
20/05/2025,12,409.56260869565216,0,255.99710856521742,0,255.99710856521742,1126.2971739130435
20/05/2025,13,409.56260869565216,0,255.99710856521742,0,255.99710856521742,1126.2971739130435
20/05/2025,14,409.56260869565216,0,255.99710856521742,0,255.99710856521742,1126.2971739130435
20/05/2025,15,409.56260869565216,0,255.99710856521742,0,255.99710856521742,1126.2971739130435
20/05/2025,16,409.56260869565216,0,255.99710856521742,0,255.99710856521742,1126.2971739130435
20/05/2025,17,409.56260869565216,0,255.99710856521742,0,255.99710856521742,1126.2971739130435
20/05/2025,18,409.56260869565216,0,255.99710856521742,0,255.99710856521742,1126.2971739130435
20/05/2025,19,409.56260869565216,0,255.99710856521742,0,255.99710856521742,1126.2971739130435
20/05/2025,20,409.56260869565216,0,255.99710856521742,0,255.99710856521742,1126.2971739130435
20/05/2025,21,409.56260869565216,0,255.99710856521742,0,255.99710856521742,1126.2971739130435
20/05/2025,22,409.56260869565216,0,255.99710856521742,0,255.99710856521742,1126.2971739130435
20/05/2025,23,409.56260869565216,0,255.99710856521742,0,255.99710856521742,1126.2971739130435
20/05/2025,24,409.56260869565216,0,255.99710856521742,0,255.99710856521742,1126.2971739130435
21/05/2025,1,409.56260869565216,0,255.99710856521742,0,255.99710856521742,1126.2971739130435
21/05/2025,2,409.56260869565216,0,255.99710856521742,0,255.99710856521742,1126.2971739130435
21/05/2025,3,409.56260869565216,0,255.99710856521742,0,255.99710856521742,1126.2971739130435
21/05/2025,4,409.56260869565216,0,255.99710856521742,0,255.99710856521742,1126.2971739130435
21/05/2025,5,409.56260869565216,0,255.99710856521742,0,255.99710856521742,1126.2971739130435
21/05/2025,6,409.56260869565216,0,255.99710856521742,0,255.99710856521742,1126.2971739130435
21/05/2025,7,409.56260869565216,0,255.99710856521742,0,255.99710856521742,1126.2971739130435
21/05/2025,8,409.56260869565216,0,255.99710856521742,0,255.99710856521742,1126.2971739130435
21/05/2025,9,409.56260869565216,0,255.99710856521742,0,255.99710856521742,1126.2971739130435
21/05/2025,10,409.56260869565216,0,255.99710856521742,0,255.99710856521742,1126.2971739130435
21/05/2025,11,409.56260869565216,0,255.99710856521742,0,255.99710856521742,1126.2971739130435
21/05/2025,12,409.56260869565216,0,255.99710856521742,0,255.99710856521742,1126.2971739130435
21/05/2025,13,409.56260869565216,0,255.99710856521742,0,255.99710856521742,1126.2971739130435
21/05/2025,14,409.56260869565216,0,255.99710856521742,0,255.99710856521742,1126.2971739130435
21/05/2025,15,409.56260869565216,0,255.99710856521742,0,255.99710856521742,1126.2971739130435
21/05/2025,16,409.56260869565216,0,255.99710856521742,0,255.99710856521742,1126.2971739130435
21/05/2025,17,409.56260869565216,0,255.99710856521742,0,255.99710856521742,1126.2971739130435
21/05/2025,18,409.56260869565216,0,255.99710856521742,0,255.99710856521742,1126.2971739130435
21/05/2025,19,409.56260869565216,0,255.99710856521742,0,255.99710856521742,1126.2971739130435
21/05/2025,20,409.56260869565216,0,255.99710856521742,0,255.99710856521742,1126.2971739130435
21/05/2025,21,409.56260869565216,0,255.99710856521742,0,255.99710856521742,1126.2971739130435
21/05/2025,22,409.56260869565216,0,255.99710856521742,0,255.99710856521742,1126.2971739130435
21/05/2025,23,409.56260869565216,0,255.99710856521742,0,255.99710856521742,1126.2971739130435
21/05/2025,24,409.56260869565216,0,255.99710856521742,0,255.99710856521742,1126.2971739130435
22/05/2025,1,409.56260869565216,0,255.99710856521742,0,255.99710856521742,1126.2971739130435
22/05/2025,2,409.56260869565216,0,255.99710856521742,0,255.99710856521742,1126.2971739130435
22/05/2025,3,409.56260869565216,0,255.99710856521742,0,255.99710856521742,1126.2971739130435
22/05/2025,4,409.56260869565216,0,255.99710856521742,0,255.99710856521742,1126.2971739130435
22/05/2025,5,409.56260869565216,0,255.99710856521742,0,255.99710856521742,1126.2971739130435
22/05/2025,6,409.56260869565216,0,255.99710856521742,0,255.99710856521742,1126.2971739130435
22/05/2025,7,409.56260869565216,0,255.99710856521742,0,255.99710856521742,1126.2971739130435
22/05/2025,8,409.56260869565216,0,255.99710856521742,0,255.99710856521742,1126.2971739130435
22/05/2025,9,409.56260869565216,0,255.99710856521742,0,255.99710856521742,1126.2971739130435
22/05/2025,10,409.56260869565216,0,255.99710856521742,0,255.99710856521742,1126.2971739130435
22/05/2025,11,409.56260869565216,0,255.99710856521742,0,255.99710856521742,1126.2971739130435
22/05/2025,12,409.56260869565216,0,255.99710856521742,0,255.99710856521742,1126.2971739130435
22/05/2025,13,409.56260869565216,0,255.99710856521742,0,255.99710856521742,1126.2971739130435
22/05/2025,14,409.56260869565216,0,255.99710856521742,0,255.99710856521742,1126.2971739130435
22/05/2025,15,409.56260869565216,0,255.99710856521742,0,255.99710856521742,1126.2971739130435
22/05/2025,16,409.56260869565216,0,255.99710856521742,0,255.99710856521742,1126.2971739130435
22/05/2025,17,409.56260869565216,0,255.99710856521742,0,255.99710856521742,1126.2971739130435
22/05/2025,18,409.56260869565216,0,255.99710856521742,0,255.99710856521742,1126.2971739130435
22/05/2025,19,409.56260869565216,0,255.99710856521742,0,255.99710856521742,1126.2971739130435
22/05/2025,20,409.56260869565216,0,255.99710856521742,0,255.99710856521742,1126.2971739130435
22/05/2025,21,409.56260869565216,0,255.99710856521742,0,255.99710856521742,1126.2971739130435
22/05/2025,22,409.56260869565216,0,255.99710856521742,0,255.99710856521742,1126.2971739130435
22/05/2025,23,409.56260869565216,0,255.99710856521742,0,255.99710856521742,1126.2971739130435
22/05/2025,24,409.56260869565216,0,255.99710856521742,0,255.99710856521742,1126.2971739130435
23/05/2025,1,409.56260869565216,0,255.99710856521742,0,255.99710856521742,1126.2971739130435
23/05/2025,2,409.56260869565216,0,255.99710856521742,0,255.99710856521742,1126.2971739130435
23/05/2025,3,409.56260869565216,0,255.99710856521742,0,255.99710856521742,1126.2971739130435
23/05/2025,4,409.56260869565216,0,255.99710856521742,0,255.99710856521742,1126.2971739130435
23/05/2025,5,409.56260869565216,0,255.99710856521742,0,255.99710856521742,1126.2971739130435
23/05/2025,6,409.56260869565216,0,255.99710856521742,0,255.99710856521742,1126.2971739130435
23/05/2025,7,409.56260869565216,0,255.99710856521742,0,255.99710856521742,1126.2971739130435
23/05/2025,8,409.56260869565216,0,255.99710856521742,0,255.99710856521742,1126.2971739130435
23/05/2025,9,409.56260869565216,0,255.99710856521742,0,255.99710856521742,1126.2971739130435
23/05/2025,10,409.56260869565216,0,255.99710856521742,0,255.99710856521742,1126.2971739130435
23/05/2025,11,409.56260869565216,0,255.99710856521742,0,255.99710856521742,1126.2971739130435
23/05/2025,12,409.56260869565216,0,255.99710856521742,0,255.99710856521742,1126.2971739130435
23/05/2025,13,409.56260869565216,0,255.99710856521742,0,255.99710856521742,1126.2971739130435
23/05/2025,14,409.56260869565216,0,255.99710856521742,0,255.99710856521742,1126.2971739130435
23/05/2025,15,409.56260869565216,0,255.99710856521742,0,255.99710856521742,1126.2971739130435
23/05/2025,16,409.56260869565216,0,255.99710856521742,0,255.99710856521742,1126.2971739130435
23/05/2025,17,409.56260869565216,0,255.99710856521742,0,255.99710856521742,1126.2971739130435
23/05/2025,18,409.56260869565216,0,255.99710856521742,0,255.99710856521742,1126.2971739130435
23/05/2025,19,409.56260869565216,0,255.99710856521742,0,255.99710856521742,1126.2971739130435
23/05/2025,20,409.56260869565216,0,255.99710856521742,0,255.99710856521742,1126.2971739130435
23/05/2025,21,409.56260869565216,0,255.99710856521742,0,255.99710856521742,1126.2971739130435
23/05/2025,22,409.56260869565216,0,255.99710856521742,0,255.99710856521742,1126.2971739130435
23/05/2025,23,409.56260869565216,0,255.99710856521742,0,255.99710856521742,1126.2971739130435
23/05/2025,24,409.56260869565216,0,255.99710856521742,0,255.99710856521742,1126.2971739130435
24/05/2025,1,409.56260869565216,0,255.99710856521742,0,255.99710856521742,1126.2971739130435
24/05/2025,2,409.56260869565216,0,255.99710856521742,0,255.99710856521742,1126.2971739130435
24/05/2025,3,409.56260869565216,0,255.99710856521742,0,255.99710856521742,1126.2971739130435
24/05/2025,4,409.56260869565216,0,255.99710856521742,0,255.99710856521742,1126.2971739130435
24/05/2025,5,409.56260869565216,0,255.99710856521742,0,255.99710856521742,1126.2971739130435
24/05/2025,6,409.56260869565216,0,255.99710856521742,0,255.99710856521742,1126.2971739130435
24/05/2025,7,409.56260869565216,0,255.99710856521742,0,255.99710856521742,1126.2971739130435
24/05/2025,8,409.56260869565216,0,255.99710856521742,0,255.99710856521742,1126.2971739130435
24/05/2025,9,409.56260869565216,0,255.99710856521742,0,255.99710856521742,1126.2971739130435
24/05/2025,10,409.56260869565216,0,255.99710856521742,0,255.99710856521742,1126.2971739130435
24/05/2025,11,409.56260869565216,0,255.99710856521742,0,255.99710856521742,1126.2971739130435
24/05/2025,12,409.56260869565216,0,255.99710856521742,0,255.99710856521742,1126.2971739130435
24/05/2025,13,409.56260869565216,0,255.99710856521742,0,255.99710856521742,1126.2971739130435
24/05/2025,14,409.56260869565216,0,255.99710856521742,0,255.99710856521742,1126.2971739130435
24/05/2025,15,409.56260869565216,0,255.99710856521742,0,255.99710856521742,1126.2971739130435
24/05/2025,16,409.56260869565216,0,255.99710856521742,0,255.99710856521742,1126.2971739130435
24/05/2025,17,409.56260869565216,0,255.99710856521742,0,255.99710856521742,1126.2971739130435
24/05/2025,18,409.56260869565216,0,255.99710856521742,0,255.99710856521742,1126.2971739130435
24/05/2025,19,409.56260869565216,0,255.99710856521742,0,255.99710856521742,1126.2971739130435
24/05/2025,20,409.56260869565216,0,255.99710856521742,0,255.99710856521742,1126.2971739130435
24/05/2025,21,409.56260869565216,0,255.99710856521742,0,255.99710856521742,1126.2971739130435
24/05/2025,22,409.56260869565216,0,255.99710856521742,0,255.99710856521742,1126.2971739130435
24/05/2025,23,409.56260869565216,0,255.99710856521742,0,255.99710856521742,1126.2971739130435
24/05/2025,24,409.56260869565216,0,255.99710856521742,0,255.99710856521742,1126.2971739130435
25/05/2025,1,409.56260869565216,0,255.99710856521742,0,255.99710856521742,1126.2971739130435
25/05/2025,2,409.56260869565216,0,255.99710856521742,0,255.99710856521742,1126.2971739130435
25/05/2025,3,409.56260869565216,0,255.99710856521742,0,255.99710856521742,1126.2971739130435
25/05/2025,4,409.56260869565216,0,255.99710856521742,0,255.99710856521742,1126.2971739130435
25/05/2025,5,409.56260869565216,0,255.99710856521742,0,255.99710856521742,1126.2971739130435
25/05/2025,6,409.56260869565216,0,255.99710856521742,0,255.99710856521742,1126.2971739130435
25/05/2025,7,409.56260869565216,0,255.99710856521742,0,255.99710856521742,1126.2971739130435
25/05/2025,8,409.56260869565216,0,255.99710856521742,0,255.99710856521742,1126.2971739130435
25/05/2025,9,409.56260869565216,0,255.99710856521742,0,255.99710856521742,1126.2971739130435
25/05/2025,10,409.56260869565216,0,255.99710856521742,0,255.99710856521742,1126.2971739130435
25/05/2025,11,409.56260869565216,0,255.99710856521742,0,255.99710856521742,1126.2971739130435
25/05/2025,12,409.56260869565216,0,255.99710856521742,0,255.99710856521742,1126.2971739130435
25/05/2025,13,409.56260869565216,0,255.99710856521742,0,255.99710856521742,1126.2971739130435
25/05/2025,14,409.56260869565216,0,255.99710856521742,0,255.99710856521742,1126.2971739130435
25/05/2025,15,409.56260869565216,0,255.99710856521742,0,255.99710856521742,1126.2971739130435
25/05/2025,16,409.56260869565216,0,255.99710856521742,0,255.99710856521742,1126.2971739130435
25/05/2025,17,409.56260869565216,0,255.99710856521742,0,255.99710856521742,1126.2971739130435
25/05/2025,18,409.56260869565216,0,255.99710856521742,0,255.99710856521742,1126.2971739130435
25/05/2025,19,409.56260869565216,0,255.99710856521742,0,255.99710856521742,1126.2971739130435
25/05/2025,20,409.56260869565216,0,255.99710856521742,0,255.99710856521742,1126.2971739130435
25/05/2025,21,409.56260869565216,0,255.99710856521742,0,255.99710856521742,1126.2971739130435
25/05/2025,22,409.56260869565216,0,255.99710856521742,0,255.99710856521742,1126.2971739130435
25/05/2025,23,409.56260869565216,0,255.99710856521742,0,255.99710856521742,1126.2971739130435
25/05/2025,24,409.56260869565216,0,255.99710856521742,0,255.99710856521742,1126.2971739130435
26/05/2025,1,409.56260869565216,0,255.99710856521742,0,255.99710856521742,1126.2971739130435
26/05/2025,2,409.56260869565216,0,255.99710856521742,0,255.99710856521742,1126.2971739130435
26/05/2025,3,409.56260869565216,0,255.99710856521742,0,255.99710856521742,1126.2971739130435
26/05/2025,4,409.56260869565216,0,255.99710856521742,0,255.99710856521742,1126.2971739130435
26/05/2025,5,409.56260869565216,0,255.99710856521742,0,255.99710856521742,1126.2971739130435
26/05/2025,6,409.56260869565216,0,255.99710856521742,0,255.99710856521742,1126.2971739130435
26/05/2025,7,409.56260869565216,0,255.99710856521742,0,255.99710856521742,1126.2971739130435
26/05/2025,8,409.56260869565216,0,255.99710856521742,0,255.99710856521742,1126.2971739130435
26/05/2025,9,409.56260869565216,0,255.99710856521742,0,255.99710856521742,1126.2971739130435
26/05/2025,10,409.56260869565216,0,255.99710856521742,0,255.99710856521742,1126.2971739130435
26/05/2025,11,409.56260869565216,0,255.99710856521742,0,255.99710856521742,1126.2971739130435
26/05/2025,12,409.56260869565216,0,255.99710856521742,0,255.99710856521742,1126.2971739130435
26/05/2025,13,409.56260869565216,0,255.99710856521742,0,255.99710856521742,1126.2971739130435
26/05/2025,14,409.56260869565216,0,255.99710856521742,0,255.99710856521742,1126.2971739130435
26/05/2025,15,409.56260869565216,0,255.99710856521742,0,255.99710856521742,1126.2971739130435
26/05/2025,16,409.56260869565216,0,255.99710856521742,0,255.99710856521742,1126.2971739130435
26/05/2025,17,409.56260869565216,0,255.99710856521742,0,255.99710856521742,1126.2971739130435
26/05/2025,18,409.56260869565216,0,255.99710856521742,0,255.99710856521742,1126.2971739130435
26/05/2025,19,409.56260869565216,0,255.99710856521742,0,255.99710856521742,1126.2971739130435
26/05/2025,20,409.56260869565216,0,255.99710856521742,0,255.99710856521742,1126.2971739130435
26/05/2025,21,409.56260869565216,0,255.99710856521742,0,255.99710856521742,1126.2971739130435
26/05/2025,22,409.56260869565216,0,255.99710856521742,0,255.99710856521742,1126.2971739130435
26/05/2025,23,409.56260869565216,0,255.99710856521742,0,255.99710856521742,1126.2971739130435
26/05/2025,24,409.56260869565216,0,255.99710856521742,0,255.99710856521742,1126.2971739130435
27/05/2025,1,409.56260869565216,0,255.99710856521742,0,255.99710856521742,1126.2971739130435
27/05/2025,2,409.56260869565216,0,255.99710856521742,0,255.99710856521742,1126.2971739130435
27/05/2025,3,409.56260869565216,0,255.99710856521742,0,255.99710856521742,1126.2971739130435
27/05/2025,4,409.56260869565216,0,255.99710856521742,0,255.99710856521742,1126.2971739130435
27/05/2025,5,409.56260869565216,0,255.99710856521742,0,255.99710856521742,1126.2971739130435
27/05/2025,6,409.56260869565216,0,255.99710856521742,0,255.99710856521742,1126.2971739130435
27/05/2025,7,409.56260869565216,0,255.99710856521742,0,255.99710856521742,1126.2971739130435
27/05/2025,8,409.56260869565216,0,255.99710856521742,0,255.99710856521742,1126.2971739130435
27/05/2025,9,409.56260869565216,0,255.99710856521742,0,255.99710856521742,1126.2971739130435
27/05/2025,10,409.56260869565216,0,255.99710856521742,0,255.99710856521742,1126.2971739130435
27/05/2025,11,409.56260869565216,0,255.99710856521742,0,255.99710856521742,1126.2971739130435
27/05/2025,12,409.56260869565216,0,255.99710856521742,0,255.99710856521742,1126.2971739130435
27/05/2025,13,409.56260869565216,0,255.99710856521742,0,255.99710856521742,1126.2971739130435
27/05/2025,14,409.56260869565216,0,255.99710856521742,0,255.99710856521742,1126.2971739130435
27/05/2025,15,409.56260869565216,0,255.99710856521742,0,255.99710856521742,1126.2971739130435
27/05/2025,16,409.56260869565216,0,255.99710856521742,0,255.99710856521742,1126.2971739130435
27/05/2025,17,409.56260869565216,0,255.99710856521742,0,255.99710856521742,1126.2971739130435
27/05/2025,18,409.56260869565216,0,255.99710856521742,0,255.99710856521742,1126.2971739130435
27/05/2025,19,409.56260869565216,0,255.99710856521742,0,255.99710856521742,1126.2971739130435
27/05/2025,20,409.56260869565216,0,255.99710856521742,0,255.99710856521742,1126.2971739130435
27/05/2025,21,409.56260869565216,0,255.99710856521742,0,255.99710856521742,1126.2971739130435
27/05/2025,22,409.56260869565216,0,255.99710856521742,0,255.99710856521742,1126.2971739130435
27/05/2025,23,409.56260869565216,0,255.99710856521742,0,255.99710856521742,1126.2971739130435
27/05/2025,24,409.56260869565216,0,255.99710856521742,0,255.99710856521742,1126.2971739130435
28/05/2025,1,409.56260869565216,0,255.99710856521742,0,255.99710856521742,1126.2971739130435
28/05/2025,2,409.56260869565216,0,255.99710856521742,0,255.99710856521742,1126.2971739130435
28/05/2025,3,409.56260869565216,0,255.99710856521742,0,255.99710856521742,1126.2971739130435
28/05/2025,4,409.56260869565216,0,255.99710856521742,0,255.99710856521742,1126.2971739130435
28/05/2025,5,409.56260869565216,0,255.99710856521742,0,255.99710856521742,1126.2971739130435
28/05/2025,6,409.56260869565216,0,255.99710856521742,0,255.99710856521742,1126.2971739130435
28/05/2025,7,409.56260869565216,0,255.99710856521742,0,255.99710856521742,1126.2971739130435
28/05/2025,8,409.56260869565216,0,255.99710856521742,0,255.99710856521742,1126.2971739130435
28/05/2025,9,409.56260869565216,0,255.99710856521742,0,255.99710856521742,1126.2971739130435
28/05/2025,10,409.56260869565216,0,255.99710856521742,0,255.99710856521742,1126.2971739130435
28/05/2025,11,409.56260869565216,0,255.99710856521742,0,255.99710856521742,1126.2971739130435
28/05/2025,12,409.56260869565216,0,255.99710856521742,0,255.99710856521742,1126.2971739130435
28/05/2025,13,409.56260869565216,0,255.99710856521742,0,255.99710856521742,1126.2971739130435
28/05/2025,14,409.56260869565216,0,255.99710856521742,0,255.99710856521742,1126.2971739130435
28/05/2025,15,409.56260869565216,0,255.99710856521742,0,255.99710856521742,1126.2971739130435
28/05/2025,16,409.56260869565216,0,255.99710856521742,0,255.99710856521742,1126.2971739130435
28/05/2025,17,409.56260869565216,0,255.99710856521742,0,255.99710856521742,1126.2971739130435
28/05/2025,18,409.56260869565216,0,255.99710856521742,0,255.99710856521742,1126.2971739130435
28/05/2025,19,409.56260869565216,0,255.99710856521742,0,255.99710856521742,1126.2971739130435
28/05/2025,20,409.56260869565216,0,255.99710856521742,0,255.99710856521742,1126.2971739130435
28/05/2025,21,409.56260869565216,0,255.99710856521742,0,255.99710856521742,1126.2971739130435
28/05/2025,22,409.56260869565216,0,255.99710856521742,0,255.99710856521742,1126.2971739130435
28/05/2025,23,409.56260869565216,0,255.99710856521742,0,255.99710856521742,1126.2971739130435
28/05/2025,24,409.56260869565216,0,255.99710856521742,0,255.99710856521742,1126.2971739130435
29/05/2025,1,409.56260869565216,0,255.99710856521742,0,255.99710856521742,1126.2971739130435
29/05/2025,2,409.56260869565216,0,255.99710856521742,0,255.99710856521742,1126.2971739130435
29/05/2025,3,409.56260869565216,0,255.99710856521742,0,255.99710856521742,1126.2971739130435
29/05/2025,4,409.56260869565216,0,255.99710856521742,0,255.99710856521742,1126.2971739130435
29/05/2025,5,409.56260869565216,0,255.99710856521742,0,255.99710856521742,1126.2971739130435
29/05/2025,6,409.56260869565216,0,255.99710856521742,0,255.99710856521742,1126.2971739130435
29/05/2025,7,409.56260869565216,0,255.99710856521742,0,255.99710856521742,1126.2971739130435
29/05/2025,8,409.56260869565216,0,255.99710856521742,0,255.99710856521742,1126.2971739130435
29/05/2025,9,409.56260869565216,0,255.99710856521742,0,255.99710856521742,1126.2971739130435
29/05/2025,10,409.56260869565216,0,255.99710856521742,0,255.99710856521742,1126.2971739130435
29/05/2025,11,409.56260869565216,0,255.99710856521742,0,255.99710856521742,1126.2971739130435
29/05/2025,12,409.56260869565216,0,255.99710856521742,0,255.99710856521742,1126.2971739130435
29/05/2025,13,409.56260869565216,0,255.99710856521742,0,255.99710856521742,1126.2971739130435
29/05/2025,14,409.56260869565216,0,255.99710856521742,0,255.99710856521742,1126.2971739130435
29/05/2025,15,409.56260869565216,0,255.99710856521742,0,255.99710856521742,1126.2971739130435
29/05/2025,16,409.56260869565216,0,255.99710856521742,0,255.99710856521742,1126.2971739130435
29/05/2025,17,409.56260869565216,0,255.99710856521742,0,255.99710856521742,1126.2971739130435
29/05/2025,18,409.56260869565216,0,255.99710856521742,0,255.99710856521742,1126.2971739130435
29/05/2025,19,409.56260869565216,0,255.99710856521742,0,255.99710856521742,1126.2971739130435
29/05/2025,20,409.56260869565216,0,255.99710856521742,0,255.99710856521742,1126.2971739130435
29/05/2025,21,409.56260869565216,0,255.99710856521742,0,255.99710856521742,1126.2971739130435
29/05/2025,22,409.56260869565216,0,255.99710856521742,0,255.99710856521742,1126.2971739130435
29/05/2025,23,409.56260869565216,0,255.99710856521742,0,255.99710856521742,1126.2971739130435
29/05/2025,24,409.56260869565216,0,255.99710856521742,0,255.99710856521742,1126.2971739130435
30/05/2025,1,409.56260869565216,0,255.99710856521742,0,255.99710856521742,1126.2971739130435
30/05/2025,2,409.56260869565216,0,255.99710856521742,0,255.99710856521742,1126.2971739130435
30/05/2025,3,409.56260869565216,0,255.99710856521742,0,255.99710856521742,1126.2971739130435
30/05/2025,4,409.56260869565216,0,255.99710856521742,0,255.99710856521742,1126.2971739130435
30/05/2025,5,409.56260869565216,0,255.99710856521742,0,255.99710856521742,1126.2971739130435
30/05/2025,6,409.56260869565216,0,255.99710856521742,0,255.99710856521742,1126.2971739130435
30/05/2025,7,409.56260869565216,0,255.99710856521742,0,255.99710856521742,1126.2971739130435
30/05/2025,8,409.56260869565216,0,255.99710856521742,0,255.99710856521742,1126.2971739130435
30/05/2025,9,409.56260869565216,0,255.99710856521742,0,255.99710856521742,1126.2971739130435
30/05/2025,10,409.56260869565216,0,255.99710856521742,0,255.99710856521742,1126.2971739130435
30/05/2025,11,409.56260869565216,0,255.99710856521742,0,255.99710856521742,1126.2971739130435
30/05/2025,12,409.56260869565216,0,255.99710856521742,0,255.99710856521742,1126.2971739130435
30/05/2025,13,409.56260869565216,0,255.99710856521742,0,255.99710856521742,1126.2971739130435
30/05/2025,14,409.56260869565216,0,255.99710856521742,0,255.99710856521742,1126.2971739130435
30/05/2025,15,409.56260869565216,0,255.99710856521742,0,255.99710856521742,1126.2971739130435
30/05/2025,16,409.56260869565216,0,255.99710856521742,0,255.99710856521742,1126.2971739130435
30/05/2025,17,409.56260869565216,0,255.99710856521742,0,255.99710856521742,1126.2971739130435
30/05/2025,18,409.56260869565216,0,255.99710856521742,0,255.99710856521742,1126.2971739130435
30/05/2025,19,409.56260869565216,0,255.99710856521742,0,255.99710856521742,1126.2971739130435
30/05/2025,20,409.56260869565216,0,255.99710856521742,0,255.99710856521742,1126.2971739130435
30/05/2025,21,409.56260869565216,0,255.99710856521742,0,255.99710856521742,1126.2971739130435
30/05/2025,22,409.56260869565216,0,255.99710856521742,0,255.99710856521742,1126.2971739130435
30/05/2025,23,409.56260869565216,0,255.99710856521742,0,255.99710856521742,1126.2971739130435
30/05/2025,24,409.56260869565216,0,255.99710856521742,0,255.99710856521742,1126.2971739130435
31/05/2025,1,409.56260869565216,0,255.99710856521742,0,255.99710856521742,1126.2971739130435
31/05/2025,2,409.56260869565216,0,255.99710856521742,0,255.99710856521742,1126.2971739130435
31/05/2025,3,409.56260869565216,0,255.99710856521742,0,255.99710856521742,1126.2971739130435
31/05/2025,4,409.56260869565216,0,255.99710856521742,0,255.99710856521742,1126.2971739130435
31/05/2025,5,409.56260869565216,0,255.99710856521742,0,255.99710856521742,1126.2971739130435
31/05/2025,6,409.56260869565216,0,255.99710856521742,0,255.99710856521742,1126.2971739130435
31/05/2025,7,409.56260869565216,0,255.99710856521742,0,255.99710856521742,1126.2971739130435
31/05/2025,8,409.56260869565216,0,255.99710856521742,0,255.99710856521742,1126.2971739130435
31/05/2025,9,409.56260869565216,0,255.99710856521742,0,255.99710856521742,1126.2971739130435
31/05/2025,10,409.56260869565216,0,255.99710856521742,0,255.99710856521742,1126.2971739130435
31/05/2025,11,409.56260869565216,0,255.99710856521742,0,255.99710856521742,1126.2971739130435
31/05/2025,12,409.56260869565216,0,255.99710856521742,0,255.99710856521742,1126.2971739130435
31/05/2025,13,409.56260869565216,0,255.99710856521742,0,255.99710856521742,1126.2971739130435
31/05/2025,14,409.56260869565216,0,255.99710856521742,0,255.99710856521742,1126.2971739130435
31/05/2025,15,409.56260869565216,0,255.99710856521742,0,255.99710856521742,1126.2971739130435
31/05/2025,16,409.56260869565216,0,255.99710856521742,0,255.99710856521742,1126.2971739130435
31/05/2025,17,409.56260869565216,0,255.99710856521742,0,255.99710856521742,1126.2971739130435
31/05/2025,18,409.56260869565216,0,255.99710856521742,0,255.99710856521742,1126.2971739130435
31/05/2025,19,409.56260869565216,0,255.99710856521742,0,255.99710856521742,1126.2971739130435
31/05/2025,20,409.56260869565216,0,255.99710856521742,0,255.99710856521742,1126.2971739130435
31/05/2025,21,409.56260869565216,0,255.99710856521742,0,255.99710856521742,1126.2971739130435
31/05/2025,22,409.56260869565216,0,255.99710856521742,0,255.99710856521742,1126.2971739130435
31/05/2025,23,409.56260869565216,0,255.99710856521742,0,255.99710856521742,1126.2971739130435
31/05/2025,24,409.56260869565216,0,255.99710856521742,0,255.99710856521742,1126.2971739130435
01/06/2025,1,409.56260869565216,0,255.99710856521742,0,255.99710856521742,1126.2971739130435
01/06/2025,2,409.56260869565216,0,255.99710856521742,0,255.99710856521742,1126.2971739130435
01/06/2025,3,409.56260869565216,0,255.99710856521742,0,255.99710856521742,1126.2971739130435
01/06/2025,4,409.56260869565216,0,255.99710856521742,0,255.99710856521742,1126.2971739130435
01/06/2025,5,409.56260869565216,0,255.99710856521742,0,255.99710856521742,1126.2971739130435
01/06/2025,6,409.56260869565216,0,255.99710856521742,0,255.99710856521742,1126.2971739130435
01/06/2025,7,409.56260869565216,0,255.99710856521742,0,255.99710856521742,1126.2971739130435
01/06/2025,8,409.56260869565216,0,255.99710856521742,0,255.99710856521742,1126.2971739130435
01/06/2025,9,409.56260869565216,0,255.99710856521742,0,255.99710856521742,1126.2971739130435
01/06/2025,10,409.56260869565216,0,255.99710856521742,0,255.99710856521742,1126.2971739130435
01/06/2025,11,409.56260869565216,0,255.99710856521742,0,255.99710856521742,1126.2971739130435
01/06/2025,12,409.56260869565216,0,255.99710856521742,0,255.99710856521742,1126.2971739130435
01/06/2025,13,409.56260869565216,0,255.99710856521742,0,255.99710856521742,1126.2971739130435
01/06/2025,14,409.56260869565216,0,255.99710856521742,0,255.99710856521742,1126.2971739130435
01/06/2025,15,409.56260869565216,0,255.99710856521742,0,255.99710856521742,1126.2971739130435
01/06/2025,16,409.56260869565216,0,255.99710856521742,0,255.99710856521742,1126.2971739130435
01/06/2025,17,409.56260869565216,0,255.99710856521742,0,255.99710856521742,1126.2971739130435
01/06/2025,18,409.56260869565216,0,255.99710856521742,0,255.99710856521742,1126.2971739130435
01/06/2025,19,409.56260869565216,0,255.99710856521742,0,255.99710856521742,1126.2971739130435
01/06/2025,20,409.56260869565216,0,255.99710856521742,0,255.99710856521742,1126.2971739130435
01/06/2025,21,409.56260869565216,0,255.99710856521742,0,255.99710856521742,1126.2971739130435
01/06/2025,22,409.56260869565216,0,255.99710856521742,0,255.99710856521742,1126.2971739130435
01/06/2025,23,409.56260869565216,0,255.99710856521742,0,255.99710856521742,1126.2971739130435
01/06/2025,24,409.56260869565216,0,255.99710856521742,0,255.99710856521742,1126.2971739130435
02/06/2025,1,409.56260869565216,0,255.99710856521742,0,255.99710856521742,1126.2971739130435
02/06/2025,2,409.56260869565216,0,255.99710856521742,0,255.99710856521742,1126.2971739130435
02/06/2025,3,409.56260869565216,0,255.99710856521742,0,255.99710856521742,1126.2971739130435
02/06/2025,4,409.56260869565216,0,255.99710856521742,0,255.99710856521742,1126.2971739130435
02/06/2025,5,409.56260869565216,0,255.99710856521742,0,255.99710856521742,1126.2971739130435
02/06/2025,6,409.56260869565216,0,255.99710856521742,0,255.99710856521742,1126.2971739130435
02/06/2025,7,409.56260869565216,0,255.99710856521742,0,255.99710856521742,1126.2971739130435
02/06/2025,8,409.56260869565216,0,255.99710856521742,0,255.99710856521742,1126.2971739130435
02/06/2025,9,409.56260869565216,0,255.99710856521742,0,255.99710856521742,1126.2971739130435
02/06/2025,10,409.56260869565216,0,255.99710856521742,0,255.99710856521742,1126.2971739130435
02/06/2025,11,409.56260869565216,0,255.99710856521742,0,255.99710856521742,1126.2971739130435
02/06/2025,12,409.56260869565216,0,255.99710856521742,0,255.99710856521742,1126.2971739130435
02/06/2025,13,409.56260869565216,0,255.99710856521742,0,255.99710856521742,1126.2971739130435
02/06/2025,14,409.56260869565216,0,255.99710856521742,0,255.99710856521742,1126.2971739130435
02/06/2025,15,409.56260869565216,0,255.99710856521742,0,255.99710856521742,1126.2971739130435
02/06/2025,16,409.56260869565216,0,255.99710856521742,0,255.99710856521742,1126.2971739130435
02/06/2025,17,409.56260869565216,0,255.99710856521742,0,255.99710856521742,1126.2971739130435
02/06/2025,18,409.56260869565216,0,255.99710856521742,0,255.99710856521742,1126.2971739130435
02/06/2025,19,409.56260869565216,0,255.99710856521742,0,255.99710856521742,1126.2971739130435
02/06/2025,20,409.56260869565216,0,255.99710856521742,0,255.99710856521742,1126.2971739130435
02/06/2025,21,409.56260869565216,0,255.99710856521742,0,255.99710856521742,1126.2971739130435
02/06/2025,22,409.56260869565216,0,255.99710856521742,0,255.99710856521742,1126.2971739130435
02/06/2025,23,409.56260869565216,0,255.99710856521742,0,255.99710856521742,1126.2971739130435
02/06/2025,24,409.56260869565216,0,255.99710856521742,0,255.99710856521742,1126.2971739130435
03/06/2025,1,409.56260869565216,0,255.99710856521742,0,255.99710856521742,1126.2971739130435
03/06/2025,2,409.56260869565216,0,255.99710856521742,0,255.99710856521742,1126.2971739130435
03/06/2025,3,409.56260869565216,0,255.99710856521742,0,255.99710856521742,1126.2971739130435
03/06/2025,4,409.56260869565216,0,255.99710856521742,0,255.99710856521742,1126.2971739130435
03/06/2025,5,409.56260869565216,0,255.99710856521742,0,255.99710856521742,1126.2971739130435
03/06/2025,6,409.56260869565216,0,255.99710856521742,0,255.99710856521742,1126.2971739130435
03/06/2025,7,409.56260869565216,0,255.99710856521742,0,255.99710856521742,1126.2971739130435
03/06/2025,8,409.56260869565216,0,255.99710856521742,0,255.99710856521742,1126.2971739130435
03/06/2025,9,409.56260869565216,0,255.99710856521742,0,255.99710856521742,1126.2971739130435
03/06/2025,10,409.56260869565216,0,255.99710856521742,0,255.99710856521742,1126.2971739130435
03/06/2025,11,409.56260869565216,0,255.99710856521742,0,255.99710856521742,1126.2971739130435
03/06/2025,12,409.56260869565216,0,255.99710856521742,0,255.99710856521742,1126.2971739130435
03/06/2025,13,409.56260869565216,0,255.99710856521742,0,255.99710856521742,1126.2971739130435
03/06/2025,14,409.56260869565216,0,255.99710856521742,0,255.99710856521742,1126.2971739130435
03/06/2025,15,409.56260869565216,0,255.99710856521742,0,255.99710856521742,1126.2971739130435
03/06/2025,16,409.56260869565216,0,255.99710856521742,0,255.99710856521742,1126.2971739130435
03/06/2025,17,409.56260869565216,0,255.99710856521742,0,255.99710856521742,1126.2971739130435
03/06/2025,18,409.56260869565216,0,255.99710856521742,0,255.99710856521742,1126.2971739130435
03/06/2025,19,409.56260869565216,0,255.99710856521742,0,255.99710856521742,1126.2971739130435
03/06/2025,20,409.56260869565216,0,255.99710856521742,0,255.99710856521742,1126.2971739130435
03/06/2025,21,409.56260869565216,0,255.99710856521742,0,255.99710856521742,1126.2971739130435
03/06/2025,22,409.56260869565216,0,255.99710856521742,0,255.99710856521742,1126.2971739130435
03/06/2025,23,409.56260869565216,0,255.99710856521742,0,255.99710856521742,1126.2971739130435
03/06/2025,24,409.56260869565216,0,255.99710856521742,0,255.99710856521742,1126.2971739130435
04/06/2025,1,409.56260869565216,0,255.99710856521742,0,255.99710856521742,1126.2971739130435
04/06/2025,2,409.56260869565216,0,255.99710856521742,0,255.99710856521742,1126.2971739130435
04/06/2025,3,409.56260869565216,0,255.99710856521742,0,255.99710856521742,1126.2971739130435
04/06/2025,4,409.56260869565216,0,255.99710856521742,0,255.99710856521742,1126.2971739130435
04/06/2025,5,409.56260869565216,0,255.99710856521742,0,255.99710856521742,1126.2971739130435
04/06/2025,6,409.56260869565216,0,255.99710856521742,0,255.99710856521742,1126.2971739130435
04/06/2025,7,409.56260869565216,0,255.99710856521742,0,255.99710856521742,1126.2971739130435
04/06/2025,8,409.56260869565216,0,255.99710856521742,0,255.99710856521742,1126.2971739130435
04/06/2025,9,409.56260869565216,0,255.99710856521742,0,255.99710856521742,1126.2971739130435
04/06/2025,10,409.56260869565216,0,255.99710856521742,0,255.99710856521742,1126.2971739130435
04/06/2025,11,409.56260869565216,0,255.99710856521742,0,255.99710856521742,1126.2971739130435
04/06/2025,12,409.56260869565216,0,255.99710856521742,0,255.99710856521742,1126.2971739130435
04/06/2025,13,409.56260869565216,0,255.99710856521742,0,255.99710856521742,1126.2971739130435
04/06/2025,14,409.56260869565216,0,255.99710856521742,0,255.99710856521742,1126.2971739130435
04/06/2025,15,409.56260869565216,0,255.99710856521742,0,255.99710856521742,1126.2971739130435
04/06/2025,16,409.56260869565216,0,255.99710856521742,0,255.99710856521742,1126.2971739130435
04/06/2025,17,409.56260869565216,0,255.99710856521742,0,255.99710856521742,1126.2971739130435
04/06/2025,18,409.56260869565216,0,255.99710856521742,0,255.99710856521742,1126.2971739130435
04/06/2025,19,409.56260869565216,0,255.99710856521742,0,255.99710856521742,1126.2971739130435
04/06/2025,20,409.56260869565216,0,255.99710856521742,0,255.99710856521742,1126.2971739130435
04/06/2025,21,409.56260869565216,0,255.99710856521742,0,255.99710856521742,1126.2971739130435
04/06/2025,22,409.56260869565216,0,255.99710856521742,0,255.99710856521742,1126.2971739130435
04/06/2025,23,409.56260869565216,0,255.99710856521742,0,255.99710856521742,1126.2971739130435
04/06/2025,24,409.56260869565216,0,255.99710856521742,0,255.99710856521742,1126.2971739130435
05/06/2025,1,409.56260869565216,0,255.99710856521742,0,255.99710856521742,1126.2971739130435
05/06/2025,2,409.56260869565216,0,255.99710856521742,0,255.99710856521742,1126.2971739130435
05/06/2025,3,409.56260869565216,0,255.99710856521742,0,255.99710856521742,1126.2971739130435
05/06/2025,4,409.56260869565216,0,255.99710856521742,0,255.99710856521742,1126.2971739130435
05/06/2025,5,409.56260869565216,0,255.99710856521742,0,255.99710856521742,1126.2971739130435
05/06/2025,6,409.56260869565216,0,255.99710856521742,0,255.99710856521742,1126.2971739130435
05/06/2025,7,409.56260869565216,0,255.99710856521742,0,255.99710856521742,1126.2971739130435
05/06/2025,8,409.56260869565216,0,255.99710856521742,0,255.99710856521742,1126.2971739130435
05/06/2025,9,409.56260869565216,0,255.99710856521742,0,255.99710856521742,1126.2971739130435
05/06/2025,10,409.56260869565216,0,255.99710856521742,0,255.99710856521742,1126.2971739130435
05/06/2025,11,409.56260869565216,0,255.99710856521742,0,255.99710856521742,1126.2971739130435
05/06/2025,12,409.56260869565216,0,255.99710856521742,0,255.99710856521742,1126.2971739130435
05/06/2025,13,409.56260869565216,0,255.99710856521742,0,255.99710856521742,1126.2971739130435
05/06/2025,14,409.56260869565216,0,255.99710856521742,0,255.99710856521742,1126.2971739130435
05/06/2025,15,409.56260869565216,0,255.99710856521742,0,255.99710856521742,1126.2971739130435
05/06/2025,16,409.56260869565216,0,255.99710856521742,0,255.99710856521742,1126.2971739130435
05/06/2025,17,409.56260869565216,0,255.99710856521742,0,255.99710856521742,1126.2971739130435
05/06/2025,18,409.56260869565216,0,255.99710856521742,0,255.99710856521742,1126.2971739130435
05/06/2025,19,409.56260869565216,0,255.99710856521742,0,255.99710856521742,1126.2971739130435
05/06/2025,20,409.56260869565216,0,255.99710856521742,0,255.99710856521742,1126.2971739130435
05/06/2025,21,409.56260869565216,0,255.99710856521742,0,255.99710856521742,1126.2971739130435
05/06/2025,22,409.56260869565216,0,255.99710856521742,0,255.99710856521742,1126.2971739130435
05/06/2025,23,409.56260869565216,0,255.99710856521742,0,255.99710856521742,1126.2971739130435
05/06/2025,24,409.56260869565216,0,255.99710856521742,0,255.99710856521742,1126.2971739130435
06/06/2025,1,409.56260869565216,0,255.99710856521742,0,255.99710856521742,1126.2971739130435
06/06/2025,2,409.56260869565216,0,255.99710856521742,0,255.99710856521742,1126.2971739130435
06/06/2025,3,409.56260869565216,0,255.99710856521742,0,255.99710856521742,1126.2971739130435
06/06/2025,4,409.56260869565216,0,255.99710856521742,0,255.99710856521742,1126.2971739130435
06/06/2025,5,409.56260869565216,0,255.99710856521742,0,255.99710856521742,1126.2971739130435
06/06/2025,6,409.56260869565216,0,255.99710856521742,0,255.99710856521742,1126.2971739130435
06/06/2025,7,409.56260869565216,0,255.99710856521742,0,255.99710856521742,1126.2971739130435
06/06/2025,8,409.56260869565216,0,255.99710856521742,0,255.99710856521742,1126.2971739130435
06/06/2025,9,409.56260869565216,0,255.99710856521742,0,255.99710856521742,1126.2971739130435
06/06/2025,10,409.56260869565216,0,255.99710856521742,0,255.99710856521742,1126.2971739130435
06/06/2025,11,409.56260869565216,0,255.99710856521742,0,255.99710856521742,1126.2971739130435
06/06/2025,12,409.56260869565216,0,255.99710856521742,0,255.99710856521742,1126.2971739130435
06/06/2025,13,409.56260869565216,0,255.99710856521742,0,255.99710856521742,1126.2971739130435
06/06/2025,14,409.56260869565216,0,255.99710856521742,0,255.99710856521742,1126.2971739130435
06/06/2025,15,409.56260869565216,0,255.99710856521742,0,255.99710856521742,1126.2971739130435
06/06/2025,16,409.56260869565216,0,255.99710856521742,0,255.99710856521742,1126.2971739130435
06/06/2025,17,409.56260869565216,0,255.99710856521742,0,255.99710856521742,1126.2971739130435
06/06/2025,18,409.56260869565216,0,255.99710856521742,0,255.99710856521742,1126.2971739130435
06/06/2025,19,409.56260869565216,0,255.99710856521742,0,255.99710856521742,1126.2971739130435
06/06/2025,20,409.56260869565216,0,255.99710856521742,0,255.99710856521742,1126.2971739130435
06/06/2025,21,409.56260869565216,0,255.99710856521742,0,255.99710856521742,1126.2971739130435
06/06/2025,22,409.56260869565216,0,255.99710856521742,0,255.99710856521742,1126.2971739130435
06/06/2025,23,409.56260869565216,0,255.99710856521742,0,255.99710856521742,1126.2971739130435
06/06/2025,24,409.56260869565216,0,255.99710856521742,0,255.99710856521742,1126.2971739130435
07/06/2025,1,409.56260869565216,0,255.99710856521742,0,255.99710856521742,1126.2971739130435
07/06/2025,2,409.56260869565216,0,255.99710856521742,0,255.99710856521742,1126.2971739130435
07/06/2025,3,409.56260869565216,0,255.99710856521742,0,255.99710856521742,1126.2971739130435
07/06/2025,4,409.56260869565216,0,255.99710856521742,0,255.99710856521742,1126.2971739130435
07/06/2025,5,409.56260869565216,0,255.99710856521742,0,255.99710856521742,1126.2971739130435
07/06/2025,6,409.56260869565216,0,255.99710856521742,0,255.99710856521742,1126.2971739130435
07/06/2025,7,409.56260869565216,0,255.99710856521742,0,255.99710856521742,1126.2971739130435
07/06/2025,8,409.56260869565216,0,255.99710856521742,0,255.99710856521742,1126.2971739130435
07/06/2025,9,409.56260869565216,0,255.99710856521742,0,255.99710856521742,1126.2971739130435
07/06/2025,10,409.56260869565216,0,255.99710856521742,0,255.99710856521742,1126.2971739130435
07/06/2025,11,409.56260869565216,0,255.99710856521742,0,255.99710856521742,1126.2971739130435
07/06/2025,12,409.56260869565216,0,255.99710856521742,0,255.99710856521742,1126.2971739130435
07/06/2025,13,409.56260869565216,0,255.99710856521742,0,255.99710856521742,1126.2971739130435
07/06/2025,14,409.56260869565216,0,255.99710856521742,0,255.99710856521742,1126.2971739130435
07/06/2025,15,409.56260869565216,0,255.99710856521742,0,255.99710856521742,1126.2971739130435
07/06/2025,16,409.56260869565216,0,255.99710856521742,0,255.99710856521742,1126.2971739130435
07/06/2025,17,409.56260869565216,0,255.99710856521742,0,255.99710856521742,1126.2971739130435
07/06/2025,18,409.56260869565216,0,255.99710856521742,0,255.99710856521742,1126.2971739130435
07/06/2025,19,409.56260869565216,0,255.99710856521742,0,255.99710856521742,1126.2971739130435
07/06/2025,20,409.56260869565216,0,255.99710856521742,0,255.99710856521742,1126.2971739130435
07/06/2025,21,409.56260869565216,0,255.99710856521742,0,255.99710856521742,1126.2971739130435
07/06/2025,22,409.56260869565216,0,255.99710856521742,0,255.99710856521742,1126.2971739130435
07/06/2025,23,409.56260869565216,0,255.99710856521742,0,255.99710856521742,1126.2971739130435
07/06/2025,24,409.56260869565216,0,255.99710856521742,0,255.99710856521742,1126.2971739130435
08/06/2025,1,409.56260869565216,0,255.99710856521742,0,255.99710856521742,1126.2971739130435
08/06/2025,2,409.56260869565216,0,255.99710856521742,0,255.99710856521742,1126.2971739130435
08/06/2025,3,409.56260869565216,0,255.99710856521742,0,255.99710856521742,1126.2971739130435
08/06/2025,4,409.56260869565216,0,255.99710856521742,0,255.99710856521742,1126.2971739130435
08/06/2025,5,409.56260869565216,0,255.99710856521742,0,255.99710856521742,1126.2971739130435
08/06/2025,6,409.56260869565216,0,255.99710856521742,0,255.99710856521742,1126.2971739130435
08/06/2025,7,409.56260869565216,0,255.99710856521742,0,255.99710856521742,1126.2971739130435
08/06/2025,8,409.56260869565216,0,255.99710856521742,0,255.99710856521742,1126.2971739130435
08/06/2025,9,409.56260869565216,0,255.99710856521742,0,255.99710856521742,1126.2971739130435
08/06/2025,10,409.56260869565216,0,255.99710856521742,0,255.99710856521742,1126.2971739130435
08/06/2025,11,409.56260869565216,0,255.99710856521742,0,255.99710856521742,1126.2971739130435
08/06/2025,12,409.56260869565216,0,255.99710856521742,0,255.99710856521742,1126.2971739130435
08/06/2025,13,409.56260869565216,0,255.99710856521742,0,255.99710856521742,1126.2971739130435
08/06/2025,14,409.56260869565216,0,255.99710856521742,0,255.99710856521742,1126.2971739130435
08/06/2025,15,409.56260869565216,0,255.99710856521742,0,255.99710856521742,1126.2971739130435
08/06/2025,16,409.56260869565216,0,255.99710856521742,0,255.99710856521742,1126.2971739130435
08/06/2025,17,409.56260869565216,0,255.99710856521742,0,255.99710856521742,1126.2971739130435
08/06/2025,18,409.56260869565216,0,255.99710856521742,0,255.99710856521742,1126.2971739130435
08/06/2025,19,409.56260869565216,0,255.99710856521742,0,255.99710856521742,1126.2971739130435
08/06/2025,20,409.56260869565216,0,255.99710856521742,0,255.99710856521742,1126.2971739130435
08/06/2025,21,409.56260869565216,0,255.99710856521742,0,255.99710856521742,1126.2971739130435
08/06/2025,22,409.56260869565216,0,255.99710856521742,0,255.99710856521742,1126.2971739130435
08/06/2025,23,409.56260869565216,0,255.99710856521742,0,255.99710856521742,1126.2971739130435
08/06/2025,24,409.56260869565216,0,255.99710856521742,0,255.99710856521742,1126.2971739130435
09/06/2025,1,409.56260869565216,0,255.99710856521742,0,255.99710856521742,1126.2971739130435
09/06/2025,2,409.56260869565216,0,255.99710856521742,0,255.99710856521742,1126.2971739130435
09/06/2025,3,409.56260869565216,0,255.99710856521742,0,255.99710856521742,1126.2971739130435
09/06/2025,4,409.56260869565216,0,255.99710856521742,0,255.99710856521742,1126.2971739130435
09/06/2025,5,409.56260869565216,0,255.99710856521742,0,255.99710856521742,1126.2971739130435
09/06/2025,6,409.56260869565216,0,255.99710856521742,0,255.99710856521742,1126.2971739130435
09/06/2025,7,409.56260869565216,0,255.99710856521742,0,255.99710856521742,1126.2971739130435
09/06/2025,8,409.56260869565216,0,255.99710856521742,0,255.99710856521742,1126.2971739130435
09/06/2025,9,409.56260869565216,0,255.99710856521742,0,255.99710856521742,1126.2971739130435
09/06/2025,10,409.56260869565216,0,255.99710856521742,0,255.99710856521742,1126.2971739130435
09/06/2025,11,409.56260869565216,0,255.99710856521742,0,255.99710856521742,1126.2971739130435
09/06/2025,12,409.56260869565216,0,255.99710856521742,0,255.99710856521742,1126.2971739130435
09/06/2025,13,409.56260869565216,0,255.99710856521742,0,255.99710856521742,1126.2971739130435
09/06/2025,14,409.56260869565216,0,255.99710856521742,0,255.99710856521742,1126.2971739130435
09/06/2025,15,409.56260869565216,0,255.99710856521742,0,255.99710856521742,1126.2971739130435
09/06/2025,16,409.56260869565216,0,255.99710856521742,0,255.99710856521742,1126.2971739130435
09/06/2025,17,409.56260869565216,0,255.99710856521742,0,255.99710856521742,1126.2971739130435
09/06/2025,18,409.56260869565216,0,255.99710856521742,0,255.99710856521742,1126.2971739130435
09/06/2025,19,409.56260869565216,0,255.99710856521742,0,255.99710856521742,1126.2971739130435
09/06/2025,20,409.56260869565216,0,255.99710856521742,0,255.99710856521742,1126.2971739130435
09/06/2025,21,409.56260869565216,0,255.99710856521742,0,255.99710856521742,1126.2971739130435
09/06/2025,22,409.56260869565216,0,255.99710856521742,0,255.99710856521742,1126.2971739130435
09/06/2025,23,409.56260869565216,0,255.99710856521742,0,255.99710856521742,1126.2971739130435
09/06/2025,24,409.56260869565216,0,255.99710856521742,0,255.99710856521742,1126.2971739130435
10/06/2025,1,409.56260869565216,0,255.99710856521742,0,255.99710856521742,1126.2971739130435
10/06/2025,2,409.56260869565216,0,255.99710856521742,0,255.99710856521742,1126.2971739130435
10/06/2025,3,409.56260869565216,0,255.99710856521742,0,255.99710856521742,1126.2971739130435
10/06/2025,4,409.56260869565216,0,255.99710856521742,0,255.99710856521742,1126.2971739130435
10/06/2025,5,409.56260869565216,0,255.99710856521742,0,255.99710856521742,1126.2971739130435
10/06/2025,6,409.56260869565216,0,255.99710856521742,0,255.99710856521742,1126.2971739130435
10/06/2025,7,409.56260869565216,0,255.99710856521742,0,255.99710856521742,1126.2971739130435
10/06/2025,8,409.56260869565216,0,255.99710856521742,0,255.99710856521742,1126.2971739130435
10/06/2025,9,409.56260869565216,0,255.99710856521742,0,255.99710856521742,1126.2971739130435
10/06/2025,10,409.56260869565216,0,255.99710856521742,0,255.99710856521742,1126.2971739130435
10/06/2025,11,409.56260869565216,0,255.99710856521742,0,255.99710856521742,1126.2971739130435
10/06/2025,12,409.56260869565216,0,255.99710856521742,0,255.99710856521742,1126.2971739130435
10/06/2025,13,409.56260869565216,0,255.99710856521742,0,255.99710856521742,1126.2971739130435
10/06/2025,14,409.56260869565216,0,255.99710856521742,0,255.99710856521742,1126.2971739130435
10/06/2025,15,409.56260869565216,0,255.99710856521742,0,255.99710856521742,1126.2971739130435
10/06/2025,16,409.56260869565216,0,255.99710856521742,0,255.99710856521742,1126.2971739130435
10/06/2025,17,409.56260869565216,0,255.99710856521742,0,255.99710856521742,1126.2971739130435
10/06/2025,18,409.56260869565216,0,255.99710856521742,0,255.99710856521742,1126.2971739130435
10/06/2025,19,409.56260869565216,0,255.99710856521742,0,255.99710856521742,1126.2971739130435
10/06/2025,20,409.56260869565216,0,255.99710856521742,0,255.99710856521742,1126.2971739130435
10/06/2025,21,409.56260869565216,0,255.99710856521742,0,255.99710856521742,1126.2971739130435
10/06/2025,22,409.56260869565216,0,255.99710856521742,0,255.99710856521742,1126.2971739130435
10/06/2025,23,409.56260869565216,0,255.99710856521742,0,255.99710856521742,1126.2971739130435
10/06/2025,24,409.56260869565216,0,255.99710856521742,0,255.99710856521742,1126.2971739130435
11/06/2025,1,409.56260869565216,0,255.99710856521742,0,255.99710856521742,1126.2971739130435
11/06/2025,2,409.56260869565216,0,255.99710856521742,0,255.99710856521742,1126.2971739130435
11/06/2025,3,409.56260869565216,0,255.99710856521742,0,255.99710856521742,1126.2971739130435
11/06/2025,4,409.56260869565216,0,255.99710856521742,0,255.99710856521742,1126.2971739130435
11/06/2025,5,409.56260869565216,0,255.99710856521742,0,255.99710856521742,1126.2971739130435
11/06/2025,6,409.56260869565216,0,255.99710856521742,0,255.99710856521742,1126.2971739130435
11/06/2025,7,409.56260869565216,0,255.99710856521742,0,255.99710856521742,1126.2971739130435
11/06/2025,8,409.56260869565216,0,255.99710856521742,0,255.99710856521742,1126.2971739130435
11/06/2025,9,409.56260869565216,0,255.99710856521742,0,255.99710856521742,1126.2971739130435
11/06/2025,10,409.56260869565216,0,255.99710856521742,0,255.99710856521742,1126.2971739130435
11/06/2025,11,409.56260869565216,0,255.99710856521742,0,255.99710856521742,1126.2971739130435
11/06/2025,12,409.56260869565216,0,255.99710856521742,0,255.99710856521742,1126.2971739130435
11/06/2025,13,409.56260869565216,0,255.99710856521742,0,255.99710856521742,1126.2971739130435
11/06/2025,14,409.56260869565216,0,255.99710856521742,0,255.99710856521742,1126.2971739130435
11/06/2025,15,409.56260869565216,0,255.99710856521742,0,255.99710856521742,1126.2971739130435
11/06/2025,16,409.56260869565216,0,255.99710856521742,0,255.99710856521742,1126.2971739130435
11/06/2025,17,409.56260869565216,0,255.99710856521742,0,255.99710856521742,1126.2971739130435
11/06/2025,18,409.56260869565216,0,255.99710856521742,0,255.99710856521742,1126.2971739130435
11/06/2025,19,409.56260869565216,0,255.99710856521742,0,255.99710856521742,1126.2971739130435
11/06/2025,20,409.56260869565216,0,255.99710856521742,0,255.99710856521742,1126.2971739130435
11/06/2025,21,409.56260869565216,0,255.99710856521742,0,255.99710856521742,1126.2971739130435
11/06/2025,22,409.56260869565216,0,255.99710856521742,0,255.99710856521742,1126.2971739130435
11/06/2025,23,409.56260869565216,0,255.99710856521742,0,255.99710856521742,1126.2971739130435
11/06/2025,24,409.56260869565216,0,255.99710856521742,0,255.99710856521742,1126.2971739130435
12/06/2025,1,409.56260869565216,0,255.99710856521742,0,255.99710856521742,1126.2971739130435
12/06/2025,2,409.56260869565216,0,255.99710856521742,0,255.99710856521742,1126.2971739130435
12/06/2025,3,409.56260869565216,0,255.99710856521742,0,255.99710856521742,1126.2971739130435
12/06/2025,4,409.56260869565216,0,255.99710856521742,0,255.99710856521742,1126.2971739130435
12/06/2025,5,409.56260869565216,0,255.99710856521742,0,255.99710856521742,1126.2971739130435
12/06/2025,6,409.56260869565216,0,255.99710856521742,0,255.99710856521742,1126.2971739130435
12/06/2025,7,409.56260869565216,0,255.99710856521742,0,255.99710856521742,1126.2971739130435
12/06/2025,8,409.56260869565216,0,255.99710856521742,0,255.99710856521742,1126.2971739130435
12/06/2025,9,409.56260869565216,0,255.99710856521742,0,255.99710856521742,1126.2971739130435
12/06/2025,10,409.56260869565216,0,255.99710856521742,0,255.99710856521742,1126.2971739130435
12/06/2025,11,409.56260869565216,0,255.99710856521742,0,255.99710856521742,1126.2971739130435
12/06/2025,12,409.56260869565216,0,255.99710856521742,0,255.99710856521742,1126.2971739130435
12/06/2025,13,409.56260869565216,0,255.99710856521742,0,255.99710856521742,1126.2971739130435
12/06/2025,14,409.56260869565216,0,255.99710856521742,0,255.99710856521742,1126.2971739130435
12/06/2025,15,409.56260869565216,0,255.99710856521742,0,255.99710856521742,1126.2971739130435
12/06/2025,16,409.56260869565216,0,255.99710856521742,0,255.99710856521742,1126.2971739130435
12/06/2025,17,409.56260869565216,0,255.99710856521742,0,255.99710856521742,1126.2971739130435
12/06/2025,18,409.56260869565216,0,255.99710856521742,0,255.99710856521742,1126.2971739130435
12/06/2025,19,409.56260869565216,0,255.99710856521742,0,255.99710856521742,1126.2971739130435
12/06/2025,20,409.56260869565216,0,255.99710856521742,0,255.99710856521742,1126.2971739130435
12/06/2025,21,409.56260869565216,0,255.99710856521742,0,255.99710856521742,1126.2971739130435
12/06/2025,22,409.56260869565216,0,255.99710856521742,0,255.99710856521742,1126.2971739130435
12/06/2025,23,409.56260869565216,0,255.99710856521742,0,255.99710856521742,1126.2971739130435
12/06/2025,24,409.56260869565216,0,255.99710856521742,0,255.99710856521742,1126.2971739130435
13/06/2025,1,409.56260869565216,0,255.99710856521742,0,255.99710856521742,1126.2971739130435
13/06/2025,2,409.56260869565216,0,255.99710856521742,0,255.99710856521742,1126.2971739130435
13/06/2025,3,409.56260869565216,0,255.99710856521742,0,255.99710856521742,1126.2971739130435
13/06/2025,4,409.56260869565216,0,255.99710856521742,0,255.99710856521742,1126.2971739130435
13/06/2025,5,409.56260869565216,0,255.99710856521742,0,255.99710856521742,1126.2971739130435
13/06/2025,6,409.56260869565216,0,255.99710856521742,0,255.99710856521742,1126.2971739130435
13/06/2025,7,409.56260869565216,0,255.99710856521742,0,255.99710856521742,1126.2971739130435
13/06/2025,8,409.56260869565216,0,255.99710856521742,0,255.99710856521742,1126.2971739130435
13/06/2025,9,409.56260869565216,0,255.99710856521742,0,255.99710856521742,1126.2971739130435
13/06/2025,10,409.56260869565216,0,255.99710856521742,0,255.99710856521742,1126.2971739130435
13/06/2025,11,409.56260869565216,0,255.99710856521742,0,255.99710856521742,1126.2971739130435
13/06/2025,12,409.56260869565216,0,255.99710856521742,0,255.99710856521742,1126.2971739130435
13/06/2025,13,409.56260869565216,0,255.99710856521742,0,255.99710856521742,1126.2971739130435
13/06/2025,14,409.56260869565216,0,255.99710856521742,0,255.99710856521742,1126.2971739130435
13/06/2025,15,409.56260869565216,0,255.99710856521742,0,255.99710856521742,1126.2971739130435
13/06/2025,16,409.56260869565216,0,255.99710856521742,0,255.99710856521742,1126.2971739130435
13/06/2025,17,409.56260869565216,0,255.99710856521742,0,255.99710856521742,1126.2971739130435
13/06/2025,18,409.56260869565216,0,255.99710856521742,0,255.99710856521742,1126.2971739130435
13/06/2025,19,409.56260869565216,0,255.99710856521742,0,255.99710856521742,1126.2971739130435
13/06/2025,20,409.56260869565216,0,255.99710856521742,0,255.99710856521742,1126.2971739130435
13/06/2025,21,409.56260869565216,0,255.99710856521742,0,255.99710856521742,1126.2971739130435
13/06/2025,22,409.56260869565216,0,255.99710856521742,0,255.99710856521742,1126.2971739130435
13/06/2025,23,409.56260869565216,0,255.99710856521742,0,255.99710856521742,1126.2971739130435
13/06/2025,24,409.56260869565216,0,255.99710856521742,0,255.99710856521742,1126.2971739130435
14/06/2025,1,409.56260869565216,0,255.99710856521742,0,255.99710856521742,1126.2971739130435
14/06/2025,2,409.56260869565216,0,255.99710856521742,0,255.99710856521742,1126.2971739130435
14/06/2025,3,409.56260869565216,0,255.99710856521742,0,255.99710856521742,1126.2971739130435
14/06/2025,4,409.56260869565216,0,255.99710856521742,0,255.99710856521742,1126.2971739130435
14/06/2025,5,409.56260869565216,0,255.99710856521742,0,255.99710856521742,1126.2971739130435
14/06/2025,6,409.56260869565216,0,255.99710856521742,0,255.99710856521742,1126.2971739130435
14/06/2025,7,409.56260869565216,0,255.99710856521742,0,255.99710856521742,1126.2971739130435
14/06/2025,8,409.56260869565216,0,255.99710856521742,0,255.99710856521742,1126.2971739130435
14/06/2025,9,409.56260869565216,0,255.99710856521742,0,255.99710856521742,1126.2971739130435
14/06/2025,10,409.56260869565216,0,255.99710856521742,0,255.99710856521742,1126.2971739130435
14/06/2025,11,409.56260869565216,0,255.99710856521742,0,255.99710856521742,1126.2971739130435
14/06/2025,12,409.56260869565216,0,255.99710856521742,0,255.99710856521742,1126.2971739130435
14/06/2025,13,409.56260869565216,0,255.99710856521742,0,255.99710856521742,1126.2971739130435
14/06/2025,14,409.56260869565216,0,255.99710856521742,0,255.99710856521742,1126.2971739130435
14/06/2025,15,409.56260869565216,0,255.99710856521742,0,255.99710856521742,1126.2971739130435
14/06/2025,16,409.56260869565216,0,255.99710856521742,0,255.99710856521742,1126.2971739130435
14/06/2025,17,409.56260869565216,0,255.99710856521742,0,255.99710856521742,1126.2971739130435
14/06/2025,18,409.56260869565216,0,255.99710856521742,0,255.99710856521742,1126.2971739130435
14/06/2025,19,409.56260869565216,0,255.99710856521742,0,255.99710856521742,1126.2971739130435
14/06/2025,20,409.56260869565216,0,255.99710856521742,0,255.99710856521742,1126.2971739130435
14/06/2025,21,409.56260869565216,0,255.99710856521742,0,255.99710856521742,1126.2971739130435
14/06/2025,22,409.56260869565216,0,255.99710856521742,0,255.99710856521742,1126.2971739130435
14/06/2025,23,409.56260869565216,0,255.99710856521742,0,255.99710856521742,1126.2971739130435
14/06/2025,24,409.56260869565216,0,255.99710856521742,0,255.99710856521742,1126.2971739130435
15/06/2025,1,409.56260869565216,0,255.99710856521742,0,255.99710856521742,1126.2971739130435
15/06/2025,2,409.56260869565216,0,255.99710856521742,0,255.99710856521742,1126.2971739130435
15/06/2025,3,409.56260869565216,0,255.99710856521742,0,255.99710856521742,1126.2971739130435
15/06/2025,4,409.56260869565216,0,255.99710856521742,0,255.99710856521742,1126.2971739130435
15/06/2025,5,409.56260869565216,0,255.99710856521742,0,255.99710856521742,1126.2971739130435
15/06/2025,6,409.56260869565216,0,255.99710856521742,0,255.99710856521742,1126.2971739130435
15/06/2025,7,409.56260869565216,0,255.99710856521742,0,255.99710856521742,1126.2971739130435
15/06/2025,8,409.56260869565216,0,255.99710856521742,0,255.99710856521742,1126.2971739130435
15/06/2025,9,409.56260869565216,0,255.99710856521742,0,255.99710856521742,1126.2971739130435
15/06/2025,10,409.56260869565216,0,255.99710856521742,0,255.99710856521742,1126.2971739130435
15/06/2025,11,409.56260869565216,0,255.99710856521742,0,255.99710856521742,1126.2971739130435
15/06/2025,12,409.56260869565216,0,255.99710856521742,0,255.99710856521742,1126.2971739130435
15/06/2025,13,409.56260869565216,0,255.99710856521742,0,255.99710856521742,1126.2971739130435
15/06/2025,14,409.56260869565216,0,255.99710856521742,0,255.99710856521742,1126.2971739130435
15/06/2025,15,409.56260869565216,0,255.99710856521742,0,255.99710856521742,1126.2971739130435
15/06/2025,16,409.56260869565216,0,255.99710856521742,0,255.99710856521742,1126.2971739130435
15/06/2025,17,409.56260869565216,0,255.99710856521742,0,255.99710856521742,1126.2971739130435
15/06/2025,18,409.56260869565216,0,255.99710856521742,0,255.99710856521742,1126.2971739130435
15/06/2025,19,409.56260869565216,0,255.99710856521742,0,255.99710856521742,1126.2971739130435
15/06/2025,20,409.56260869565216,0,255.99710856521742,0,255.99710856521742,1126.2971739130435
15/06/2025,21,409.56260869565216,0,255.99710856521742,0,255.99710856521742,1126.2971739130435
15/06/2025,22,409.56260869565216,0,255.99710856521742,0,255.99710856521742,1126.2971739130435
15/06/2025,23,409.56260869565216,0,255.99710856521742,0,255.99710856521742,1126.2971739130435
15/06/2025,24,409.56260869565216,0,255.99710856521742,0,255.99710856521742,1126.2971739130435
16/06/2025,1,409.56260869565216,0,255.99710856521742,0,255.99710856521742,1126.2971739130435
16/06/2025,2,409.56260869565216,0,255.99710856521742,0,255.99710856521742,1126.2971739130435
16/06/2025,3,409.56260869565216,0,255.99710856521742,0,255.99710856521742,1126.2971739130435
16/06/2025,4,409.56260869565216,0,255.99710856521742,0,255.99710856521742,1126.2971739130435
16/06/2025,5,409.56260869565216,0,255.99710856521742,0,255.99710856521742,1126.2971739130435
16/06/2025,6,409.56260869565216,0,255.99710856521742,0,255.99710856521742,1126.2971739130435
16/06/2025,7,409.56260869565216,0,255.99710856521742,0,255.99710856521742,1126.2971739130435
16/06/2025,8,409.56260869565216,0,255.99710856521742,0,255.99710856521742,1126.2971739130435
16/06/2025,9,409.56260869565216,0,255.99710856521742,0,255.99710856521742,1126.2971739130435
16/06/2025,10,409.56260869565216,0,255.99710856521742,0,255.99710856521742,1126.2971739130435
16/06/2025,11,409.56260869565216,0,255.99710856521742,0,255.99710856521742,1126.2971739130435
16/06/2025,12,409.56260869565216,0,255.99710856521742,0,255.99710856521742,1126.2971739130435
16/06/2025,13,409.56260869565216,0,255.99710856521742,0,255.99710856521742,1126.2971739130435
16/06/2025,14,409.56260869565216,0,255.99710856521742,0,255.99710856521742,1126.2971739130435
16/06/2025,15,409.56260869565216,0,255.99710856521742,0,255.99710856521742,1126.2971739130435
16/06/2025,16,409.56260869565216,0,255.99710856521742,0,255.99710856521742,1126.2971739130435
16/06/2025,17,409.56260869565216,0,255.99710856521742,0,255.99710856521742,1126.2971739130435
16/06/2025,18,409.56260869565216,0,255.99710856521742,0,255.99710856521742,1126.2971739130435
16/06/2025,19,409.56260869565216,0,255.99710856521742,0,255.99710856521742,1126.2971739130435
16/06/2025,20,409.56260869565216,0,255.99710856521742,0,255.99710856521742,1126.2971739130435
16/06/2025,21,409.56260869565216,0,255.99710856521742,0,255.99710856521742,1126.2971739130435
16/06/2025,22,409.56260869565216,0,255.99710856521742,0,255.99710856521742,1126.2971739130435
16/06/2025,23,409.56260869565216,0,255.99710856521742,0,255.99710856521742,1126.2971739130435
16/06/2025,24,409.56260869565216,0,255.99710856521742,0,255.99710856521742,1126.2971739130435
17/06/2025,1,409.56260869565216,0,255.99710856521742,0,255.99710856521742,1126.2971739130435
17/06/2025,2,409.56260869565216,0,255.99710856521742,0,255.99710856521742,1126.2971739130435
17/06/2025,3,409.56260869565216,0,255.99710856521742,0,255.99710856521742,1126.2971739130435
17/06/2025,4,409.56260869565216,0,255.99710856521742,0,255.99710856521742,1126.2971739130435
17/06/2025,5,409.56260869565216,0,255.99710856521742,0,255.99710856521742,1126.2971739130435
17/06/2025,6,409.56260869565216,0,255.99710856521742,0,255.99710856521742,1126.2971739130435
17/06/2025,7,409.56260869565216,0,255.99710856521742,0,255.99710856521742,1126.2971739130435
17/06/2025,8,409.56260869565216,0,255.99710856521742,0,255.99710856521742,1126.2971739130435
17/06/2025,9,409.56260869565216,0,255.99710856521742,0,255.99710856521742,1126.2971739130435
17/06/2025,10,409.56260869565216,0,255.99710856521742,0,255.99710856521742,1126.2971739130435
17/06/2025,11,409.56260869565216,0,255.99710856521742,0,255.99710856521742,1126.2971739130435
17/06/2025,12,409.56260869565216,0,255.99710856521742,0,255.99710856521742,1126.2971739130435
17/06/2025,13,409.56260869565216,0,255.99710856521742,0,255.99710856521742,1126.2971739130435
17/06/2025,14,409.56260869565216,0,255.99710856521742,0,255.99710856521742,1126.2971739130435
17/06/2025,15,409.56260869565216,0,255.99710856521742,0,255.99710856521742,1126.2971739130435
17/06/2025,16,409.56260869565216,0,255.99710856521742,0,255.99710856521742,1126.2971739130435
17/06/2025,17,409.56260869565216,0,255.99710856521742,0,255.99710856521742,1126.2971739130435
17/06/2025,18,409.56260869565216,0,255.99710856521742,0,255.99710856521742,1126.2971739130435
17/06/2025,19,409.56260869565216,0,255.99710856521742,0,255.99710856521742,1126.2971739130435
17/06/2025,20,409.56260869565216,0,255.99710856521742,0,255.99710856521742,1126.2971739130435
17/06/2025,21,409.56260869565216,0,255.99710856521742,0,255.99710856521742,1126.2971739130435
17/06/2025,22,409.56260869565216,0,255.99710856521742,0,255.99710856521742,1126.2971739130435
17/06/2025,23,409.56260869565216,0,255.99710856521742,0,255.99710856521742,1126.2971739130435
17/06/2025,24,409.56260869565216,0,255.99710856521742,0,255.99710856521742,1126.2971739130435
18/06/2025,1,409.56260869565216,0,255.99710856521742,0,255.99710856521742,1126.2971739130435
18/06/2025,2,409.56260869565216,0,255.99710856521742,0,255.99710856521742,1126.2971739130435
18/06/2025,3,409.56260869565216,0,255.99710856521742,0,255.99710856521742,1126.2971739130435
18/06/2025,4,409.56260869565216,0,255.99710856521742,0,255.99710856521742,1126.2971739130435
18/06/2025,5,409.56260869565216,0,255.99710856521742,0,255.99710856521742,1126.2971739130435
18/06/2025,6,409.56260869565216,0,255.99710856521742,0,255.99710856521742,1126.2971739130435
18/06/2025,7,409.56260869565216,0,255.99710856521742,0,255.99710856521742,1126.2971739130435
18/06/2025,8,409.56260869565216,0,255.99710856521742,0,255.99710856521742,1126.2971739130435
18/06/2025,9,409.56260869565216,0,255.99710856521742,0,255.99710856521742,1126.2971739130435
18/06/2025,10,409.56260869565216,0,255.99710856521742,0,255.99710856521742,1126.2971739130435
18/06/2025,11,409.56260869565216,0,255.99710856521742,0,255.99710856521742,1126.2971739130435
18/06/2025,12,409.56260869565216,0,255.99710856521742,0,255.99710856521742,1126.2971739130435
18/06/2025,13,409.56260869565216,0,255.99710856521742,0,255.99710856521742,1126.2971739130435
18/06/2025,14,409.56260869565216,0,255.99710856521742,0,255.99710856521742,1126.2971739130435
18/06/2025,15,409.56260869565216,0,255.99710856521742,0,255.99710856521742,1126.2971739130435
18/06/2025,16,409.56260869565216,0,255.99710856521742,0,255.99710856521742,1126.2971739130435
18/06/2025,17,409.56260869565216,0,255.99710856521742,0,255.99710856521742,1126.2971739130435
18/06/2025,18,409.56260869565216,0,255.99710856521742,0,255.99710856521742,1126.2971739130435
18/06/2025,19,409.56260869565216,0,255.99710856521742,0,255.99710856521742,1126.2971739130435
18/06/2025,20,409.56260869565216,0,255.99710856521742,0,255.99710856521742,1126.2971739130435
18/06/2025,21,409.56260869565216,0,255.99710856521742,0,255.99710856521742,1126.2971739130435
18/06/2025,22,409.56260869565216,0,255.99710856521742,0,255.99710856521742,1126.2971739130435
18/06/2025,23,409.56260869565216,0,255.99710856521742,0,255.99710856521742,1126.2971739130435
18/06/2025,24,409.56260869565216,0,255.99710856521742,0,255.99710856521742,1126.2971739130435
19/06/2025,1,409.56260869565216,0,255.99710856521742,0,255.99710856521742,1126.2971739130435
19/06/2025,2,409.56260869565216,0,255.99710856521742,0,255.99710856521742,1126.2971739130435
19/06/2025,3,409.56260869565216,0,255.99710856521742,0,255.99710856521742,1126.2971739130435
19/06/2025,4,409.56260869565216,0,255.99710856521742,0,255.99710856521742,1126.2971739130435
19/06/2025,5,409.56260869565216,0,255.99710856521742,0,255.99710856521742,1126.2971739130435
19/06/2025,6,409.56260869565216,0,255.99710856521742,0,255.99710856521742,1126.2971739130435
19/06/2025,7,409.56260869565216,0,255.99710856521742,0,255.99710856521742,1126.2971739130435
19/06/2025,8,409.56260869565216,0,255.99710856521742,0,255.99710856521742,1126.2971739130435
19/06/2025,9,409.56260869565216,0,255.99710856521742,0,255.99710856521742,1126.2971739130435
19/06/2025,10,409.56260869565216,0,255.99710856521742,0,255.99710856521742,1126.2971739130435
19/06/2025,11,409.56260869565216,0,255.99710856521742,0,255.99710856521742,1126.2971739130435
19/06/2025,12,409.56260869565216,0,255.99710856521742,0,255.99710856521742,1126.2971739130435
19/06/2025,13,409.56260869565216,0,255.99710856521742,0,255.99710856521742,1126.2971739130435
19/06/2025,14,409.56260869565216,0,255.99710856521742,0,255.99710856521742,1126.2971739130435
19/06/2025,15,409.56260869565216,0,255.99710856521742,0,255.99710856521742,1126.2971739130435
19/06/2025,16,409.56260869565216,0,255.99710856521742,0,255.99710856521742,1126.2971739130435
19/06/2025,17,409.56260869565216,0,255.99710856521742,0,255.99710856521742,1126.2971739130435
19/06/2025,18,409.56260869565216,0,255.99710856521742,0,255.99710856521742,1126.2971739130435
19/06/2025,19,409.56260869565216,0,255.99710856521742,0,255.99710856521742,1126.2971739130435
19/06/2025,20,409.56260869565216,0,255.99710856521742,0,255.99710856521742,1126.2971739130435
19/06/2025,21,409.56260869565216,0,255.99710856521742,0,255.99710856521742,1126.2971739130435
19/06/2025,22,409.56260869565216,0,255.99710856521742,0,255.99710856521742,1126.2971739130435
19/06/2025,23,409.56260869565216,0,255.99710856521742,0,255.99710856521742,1126.2971739130435
19/06/2025,24,409.56260869565216,0,255.99710856521742,0,255.99710856521742,1126.2971739130435
20/06/2025,1,409.56260869565216,0,255.99710856521742,0,255.99710856521742,1126.2971739130435
20/06/2025,2,409.56260869565216,0,255.99710856521742,0,255.99710856521742,1126.2971739130435
20/06/2025,3,409.56260869565216,0,255.99710856521742,0,255.99710856521742,1126.2971739130435
20/06/2025,4,409.56260869565216,0,255.99710856521742,0,255.99710856521742,1126.2971739130435
20/06/2025,5,409.56260869565216,0,255.99710856521742,0,255.99710856521742,1126.2971739130435
20/06/2025,6,409.56260869565216,0,255.99710856521742,0,255.99710856521742,1126.2971739130435
20/06/2025,7,409.56260869565216,0,255.99710856521742,0,255.99710856521742,1126.2971739130435
20/06/2025,8,409.56260869565216,0,255.99710856521742,0,255.99710856521742,1126.2971739130435
20/06/2025,9,409.56260869565216,0,255.99710856521742,0,255.99710856521742,1126.2971739130435
20/06/2025,10,409.56260869565216,0,255.99710856521742,0,255.99710856521742,1126.2971739130435
20/06/2025,11,409.56260869565216,0,255.99710856521742,0,255.99710856521742,1126.2971739130435
20/06/2025,12,409.56260869565216,0,255.99710856521742,0,255.99710856521742,1126.2971739130435
20/06/2025,13,409.56260869565216,0,255.99710856521742,0,255.99710856521742,1126.2971739130435
20/06/2025,14,409.56260869565216,0,255.99710856521742,0,255.99710856521742,1126.2971739130435
20/06/2025,15,409.56260869565216,0,255.99710856521742,0,255.99710856521742,1126.2971739130435
20/06/2025,16,409.56260869565216,0,255.99710856521742,0,255.99710856521742,1126.2971739130435
20/06/2025,17,409.56260869565216,0,255.99710856521742,0,255.99710856521742,1126.2971739130435
20/06/2025,18,409.56260869565216,0,255.99710856521742,0,255.99710856521742,1126.2971739130435
20/06/2025,19,409.56260869565216,0,255.99710856521742,0,255.99710856521742,1126.2971739130435
20/06/2025,20,409.56260869565216,0,255.99710856521742,0,255.99710856521742,1126.2971739130435
20/06/2025,21,409.56260869565216,0,255.99710856521742,0,255.99710856521742,1126.2971739130435
20/06/2025,22,409.56260869565216,0,255.99710856521742,0,255.99710856521742,1126.2971739130435
20/06/2025,23,409.56260869565216,0,255.99710856521742,0,255.99710856521742,1126.2971739130435
20/06/2025,24,409.56260869565216,0,255.99710856521742,0,255.99710856521742,1126.2971739130435
21/06/2025,1,409.56260869565216,0,255.99710856521742,0,255.99710856521742,1126.2971739130435
21/06/2025,2,409.56260869565216,0,255.99710856521742,0,255.99710856521742,1126.2971739130435
21/06/2025,3,409.56260869565216,0,255.99710856521742,0,255.99710856521742,1126.2971739130435
21/06/2025,4,409.56260869565216,0,255.99710856521742,0,255.99710856521742,1126.2971739130435
21/06/2025,5,409.56260869565216,0,255.99710856521742,0,255.99710856521742,1126.2971739130435
21/06/2025,6,409.56260869565216,0,255.99710856521742,0,255.99710856521742,1126.2971739130435
21/06/2025,7,409.56260869565216,0,255.99710856521742,0,255.99710856521742,1126.2971739130435
21/06/2025,8,409.56260869565216,0,255.99710856521742,0,255.99710856521742,1126.2971739130435
21/06/2025,9,409.56260869565216,0,255.99710856521742,0,255.99710856521742,1126.2971739130435
21/06/2025,10,409.56260869565216,0,255.99710856521742,0,255.99710856521742,1126.2971739130435
21/06/2025,11,409.56260869565216,0,255.99710856521742,0,255.99710856521742,1126.2971739130435
21/06/2025,12,409.56260869565216,0,255.99710856521742,0,255.99710856521742,1126.2971739130435
21/06/2025,13,409.56260869565216,0,255.99710856521742,0,255.99710856521742,1126.2971739130435
21/06/2025,14,409.56260869565216,0,255.99710856521742,0,255.99710856521742,1126.2971739130435
21/06/2025,15,409.56260869565216,0,255.99710856521742,0,255.99710856521742,1126.2971739130435
21/06/2025,16,409.56260869565216,0,255.99710856521742,0,255.99710856521742,1126.2971739130435
21/06/2025,17,409.56260869565216,0,255.99710856521742,0,255.99710856521742,1126.2971739130435
21/06/2025,18,409.56260869565216,0,255.99710856521742,0,255.99710856521742,1126.2971739130435
21/06/2025,19,409.56260869565216,0,255.99710856521742,0,255.99710856521742,1126.2971739130435
21/06/2025,20,409.56260869565216,0,255.99710856521742,0,255.99710856521742,1126.2971739130435
21/06/2025,21,409.56260869565216,0,255.99710856521742,0,255.99710856521742,1126.2971739130435
21/06/2025,22,409.56260869565216,0,255.99710856521742,0,255.99710856521742,1126.2971739130435
21/06/2025,23,409.56260869565216,0,255.99710856521742,0,255.99710856521742,1126.2971739130435
21/06/2025,24,409.56260869565216,0,255.99710856521742,0,255.99710856521742,1126.2971739130435
22/06/2025,1,409.56260869565216,0,255.99710856521742,0,255.99710856521742,1126.2971739130435
22/06/2025,2,409.56260869565216,0,255.99710856521742,0,255.99710856521742,1126.2971739130435
22/06/2025,3,409.56260869565216,0,255.99710856521742,0,255.99710856521742,1126.2971739130435
22/06/2025,4,409.56260869565216,0,255.99710856521742,0,255.99710856521742,1126.2971739130435
22/06/2025,5,409.56260869565216,0,255.99710856521742,0,255.99710856521742,1126.2971739130435
22/06/2025,6,409.56260869565216,0,255.99710856521742,0,255.99710856521742,1126.2971739130435
22/06/2025,7,409.56260869565216,0,255.99710856521742,0,255.99710856521742,1126.2971739130435
22/06/2025,8,409.56260869565216,0,255.99710856521742,0,255.99710856521742,1126.2971739130435
22/06/2025,9,409.56260869565216,0,255.99710856521742,0,255.99710856521742,1126.2971739130435
22/06/2025,10,409.56260869565216,0,255.99710856521742,0,255.99710856521742,1126.2971739130435
22/06/2025,11,409.56260869565216,0,255.99710856521742,0,255.99710856521742,1126.2971739130435
22/06/2025,12,409.56260869565216,0,255.99710856521742,0,255.99710856521742,1126.2971739130435
22/06/2025,13,409.56260869565216,0,255.99710856521742,0,255.99710856521742,1126.2971739130435
22/06/2025,14,409.56260869565216,0,255.99710856521742,0,255.99710856521742,1126.2971739130435
22/06/2025,15,409.56260869565216,0,255.99710856521742,0,255.99710856521742,1126.2971739130435
22/06/2025,16,409.56260869565216,0,255.99710856521742,0,255.99710856521742,1126.2971739130435
22/06/2025,17,409.56260869565216,0,255.99710856521742,0,255.99710856521742,1126.2971739130435
22/06/2025,18,409.56260869565216,0,255.99710856521742,0,255.99710856521742,1126.2971739130435
22/06/2025,19,409.56260869565216,0,255.99710856521742,0,255.99710856521742,1126.2971739130435
22/06/2025,20,409.56260869565216,0,255.99710856521742,0,255.99710856521742,1126.2971739130435
22/06/2025,21,409.56260869565216,0,255.99710856521742,0,255.99710856521742,1126.2971739130435
22/06/2025,22,409.56260869565216,0,255.99710856521742,0,255.99710856521742,1126.2971739130435
22/06/2025,23,409.56260869565216,0,255.99710856521742,0,255.99710856521742,1126.2971739130435
22/06/2025,24,409.56260869565216,0,255.99710856521742,0,255.99710856521742,1126.2971739130435
23/06/2025,1,409.56260869565216,0,255.99710856521742,0,255.99710856521742,1126.2971739130435
23/06/2025,2,409.56260869565216,0,255.99710856521742,0,255.99710856521742,1126.2971739130435
23/06/2025,3,409.56260869565216,0,255.99710856521742,0,255.99710856521742,1126.2971739130435
23/06/2025,4,409.56260869565216,0,255.99710856521742,0,255.99710856521742,1126.2971739130435
23/06/2025,5,409.56260869565216,0,255.99710856521742,0,255.99710856521742,1126.2971739130435
23/06/2025,6,409.56260869565216,0,255.99710856521742,0,255.99710856521742,1126.2971739130435
23/06/2025,7,409.56260869565216,0,255.99710856521742,0,255.99710856521742,1126.2971739130435
23/06/2025,8,409.56260869565216,0,255.99710856521742,0,255.99710856521742,1126.2971739130435
23/06/2025,9,409.56260869565216,0,255.99710856521742,0,255.99710856521742,1126.2971739130435
23/06/2025,10,409.56260869565216,0,255.99710856521742,0,255.99710856521742,1126.2971739130435
23/06/2025,11,409.56260869565216,0,255.99710856521742,0,255.99710856521742,1126.2971739130435
23/06/2025,12,409.56260869565216,0,255.99710856521742,0,255.99710856521742,1126.2971739130435
23/06/2025,13,409.56260869565216,0,255.99710856521742,0,255.99710856521742,1126.2971739130435
23/06/2025,14,409.56260869565216,0,255.99710856521742,0,255.99710856521742,1126.2971739130435
23/06/2025,15,409.56260869565216,0,255.99710856521742,0,255.99710856521742,1126.2971739130435
23/06/2025,16,409.56260869565216,0,255.99710856521742,0,255.99710856521742,1126.2971739130435
23/06/2025,17,409.56260869565216,0,255.99710856521742,0,255.99710856521742,1126.2971739130435
23/06/2025,18,409.56260869565216,0,255.99710856521742,0,255.99710856521742,1126.2971739130435
23/06/2025,19,409.56260869565216,0,255.99710856521742,0,255.99710856521742,1126.2971739130435
23/06/2025,20,409.56260869565216,0,255.99710856521742,0,255.99710856521742,1126.2971739130435
23/06/2025,21,409.56260869565216,0,255.99710856521742,0,255.99710856521742,1126.2971739130435
23/06/2025,22,409.56260869565216,0,255.99710856521742,0,255.99710856521742,1126.2971739130435
23/06/2025,23,409.56260869565216,0,255.99710856521742,0,255.99710856521742,1126.2971739130435
23/06/2025,24,409.56260869565216,0,255.99710856521742,0,255.99710856521742,1126.2971739130435
24/06/2025,1,409.56260869565216,0,255.99710856521742,0,255.99710856521742,1126.2971739130435
24/06/2025,2,409.56260869565216,0,255.99710856521742,0,255.99710856521742,1126.2971739130435
24/06/2025,3,409.56260869565216,0,255.99710856521742,0,255.99710856521742,1126.2971739130435
24/06/2025,4,409.56260869565216,0,255.99710856521742,0,255.99710856521742,1126.2971739130435
24/06/2025,5,409.56260869565216,0,255.99710856521742,0,255.99710856521742,1126.2971739130435
24/06/2025,6,409.56260869565216,0,255.99710856521742,0,255.99710856521742,1126.2971739130435
24/06/2025,7,409.56260869565216,0,255.99710856521742,0,255.99710856521742,1126.2971739130435
24/06/2025,8,409.56260869565216,0,255.99710856521742,0,255.99710856521742,1126.2971739130435
24/06/2025,9,409.56260869565216,0,255.99710856521742,0,255.99710856521742,1126.2971739130435
24/06/2025,10,409.56260869565216,0,255.99710856521742,0,255.99710856521742,1126.2971739130435
24/06/2025,11,409.56260869565216,0,255.99710856521742,0,255.99710856521742,1126.2971739130435
24/06/2025,12,409.56260869565216,0,255.99710856521742,0,255.99710856521742,1126.2971739130435
24/06/2025,13,409.56260869565216,0,255.99710856521742,0,255.99710856521742,1126.2971739130435
24/06/2025,14,409.56260869565216,0,255.99710856521742,0,255.99710856521742,1126.2971739130435
24/06/2025,15,409.56260869565216,0,255.99710856521742,0,255.99710856521742,1126.2971739130435
24/06/2025,16,409.56260869565216,0,255.99710856521742,0,255.99710856521742,1126.2971739130435
24/06/2025,17,409.56260869565216,0,255.99710856521742,0,255.99710856521742,1126.2971739130435
24/06/2025,18,409.56260869565216,0,255.99710856521742,0,255.99710856521742,1126.2971739130435
24/06/2025,19,409.56260869565216,0,255.99710856521742,0,255.99710856521742,1126.2971739130435
24/06/2025,20,409.56260869565216,0,255.99710856521742,0,255.99710856521742,1126.2971739130435
24/06/2025,21,409.56260869565216,0,255.99710856521742,0,255.99710856521742,1126.2971739130435
24/06/2025,22,409.56260869565216,0,255.99710856521742,0,255.99710856521742,1126.2971739130435
24/06/2025,23,409.56260869565216,0,255.99710856521742,0,255.99710856521742,1126.2971739130435
24/06/2025,24,409.56260869565216,0,255.99710856521742,0,255.99710856521742,1126.2971739130435
25/06/2025,1,409.56260869565216,0,255.99710856521742,0,255.99710856521742,1126.2971739130435
25/06/2025,2,409.56260869565216,0,255.99710856521742,0,255.99710856521742,1126.2971739130435
25/06/2025,3,409.56260869565216,0,255.99710856521742,0,255.99710856521742,1126.2971739130435
25/06/2025,4,409.56260869565216,0,255.99710856521742,0,255.99710856521742,1126.2971739130435
25/06/2025,5,409.56260869565216,0,255.99710856521742,0,255.99710856521742,1126.2971739130435
25/06/2025,6,409.56260869565216,0,255.99710856521742,0,255.99710856521742,1126.2971739130435
25/06/2025,7,409.56260869565216,0,255.99710856521742,0,255.99710856521742,1126.2971739130435
25/06/2025,8,409.56260869565216,0,255.99710856521742,0,255.99710856521742,1126.2971739130435
25/06/2025,9,409.56260869565216,0,255.99710856521742,0,255.99710856521742,1126.2971739130435
25/06/2025,10,409.56260869565216,0,255.99710856521742,0,255.99710856521742,1126.2971739130435
25/06/2025,11,409.56260869565216,0,255.99710856521742,0,255.99710856521742,1126.2971739130435
25/06/2025,12,409.56260869565216,0,255.99710856521742,0,255.99710856521742,1126.2971739130435
25/06/2025,13,409.56260869565216,0,255.99710856521742,0,255.99710856521742,1126.2971739130435
25/06/2025,14,409.56260869565216,0,255.99710856521742,0,255.99710856521742,1126.2971739130435
25/06/2025,15,409.56260869565216,0,255.99710856521742,0,255.99710856521742,1126.2971739130435
25/06/2025,16,409.56260869565216,0,255.99710856521742,0,255.99710856521742,1126.2971739130435
25/06/2025,17,409.56260869565216,0,255.99710856521742,0,255.99710856521742,1126.2971739130435
25/06/2025,18,409.56260869565216,0,255.99710856521742,0,255.99710856521742,1126.2971739130435
25/06/2025,19,409.56260869565216,0,255.99710856521742,0,255.99710856521742,1126.2971739130435
25/06/2025,20,409.56260869565216,0,255.99710856521742,0,255.99710856521742,1126.2971739130435
25/06/2025,21,409.56260869565216,0,255.99710856521742,0,255.99710856521742,1126.2971739130435
25/06/2025,22,409.56260869565216,0,255.99710856521742,0,255.99710856521742,1126.2971739130435
25/06/2025,23,409.56260869565216,0,255.99710856521742,0,255.99710856521742,1126.2971739130435
25/06/2025,24,409.56260869565216,0,255.99710856521742,0,255.99710856521742,1126.2971739130435
26/06/2025,1,409.56260869565216,0,255.99710856521742,0,255.99710856521742,1126.2971739130435
26/06/2025,2,409.56260869565216,0,255.99710856521742,0,255.99710856521742,1126.2971739130435
26/06/2025,3,409.56260869565216,0,255.99710856521742,0,255.99710856521742,1126.2971739130435
26/06/2025,4,409.56260869565216,0,255.99710856521742,0,255.99710856521742,1126.2971739130435
26/06/2025,5,409.56260869565216,0,255.99710856521742,0,255.99710856521742,1126.2971739130435
26/06/2025,6,409.56260869565216,0,255.99710856521742,0,255.99710856521742,1126.2971739130435
26/06/2025,7,409.56260869565216,0,255.99710856521742,0,255.99710856521742,1126.2971739130435
26/06/2025,8,409.56260869565216,0,255.99710856521742,0,255.99710856521742,1126.2971739130435
26/06/2025,9,409.56260869565216,0,255.99710856521742,0,255.99710856521742,1126.2971739130435
26/06/2025,10,409.56260869565216,0,255.99710856521742,0,255.99710856521742,1126.2971739130435
26/06/2025,11,409.56260869565216,0,255.99710856521742,0,255.99710856521742,1126.2971739130435
26/06/2025,12,409.56260869565216,0,255.99710856521742,0,255.99710856521742,1126.2971739130435
26/06/2025,13,409.56260869565216,0,255.99710856521742,0,255.99710856521742,1126.2971739130435
26/06/2025,14,409.56260869565216,0,255.99710856521742,0,255.99710856521742,1126.2971739130435
26/06/2025,15,409.56260869565216,0,255.99710856521742,0,255.99710856521742,1126.2971739130435
26/06/2025,16,409.56260869565216,0,255.99710856521742,0,255.99710856521742,1126.2971739130435
26/06/2025,17,409.56260869565216,0,255.99710856521742,0,255.99710856521742,1126.2971739130435
26/06/2025,18,409.56260869565216,0,255.99710856521742,0,255.99710856521742,1126.2971739130435
26/06/2025,19,409.56260869565216,0,255.99710856521742,0,255.99710856521742,1126.2971739130435
26/06/2025,20,409.56260869565216,0,255.99710856521742,0,255.99710856521742,1126.2971739130435
26/06/2025,21,409.56260869565216,0,255.99710856521742,0,255.99710856521742,1126.2971739130435
26/06/2025,22,409.56260869565216,0,255.99710856521742,0,255.99710856521742,1126.2971739130435
26/06/2025,23,409.56260869565216,0,255.99710856521742,0,255.99710856521742,1126.2971739130435
26/06/2025,24,409.56260869565216,0,255.99710856521742,0,255.99710856521742,1126.2971739130435
27/06/2025,1,409.56260869565216,0,255.99710856521742,0,255.99710856521742,1126.2971739130435
27/06/2025,2,409.56260869565216,0,255.99710856521742,0,255.99710856521742,1126.2971739130435
27/06/2025,3,409.56260869565216,0,255.99710856521742,0,255.99710856521742,1126.2971739130435
27/06/2025,4,409.56260869565216,0,255.99710856521742,0,255.99710856521742,1126.2971739130435
27/06/2025,5,409.56260869565216,0,255.99710856521742,0,255.99710856521742,1126.2971739130435
27/06/2025,6,409.56260869565216,0,255.99710856521742,0,255.99710856521742,1126.2971739130435
27/06/2025,7,409.56260869565216,0,255.99710856521742,0,255.99710856521742,1126.2971739130435
27/06/2025,8,409.56260869565216,0,255.99710856521742,0,255.99710856521742,1126.2971739130435
27/06/2025,9,409.56260869565216,0,255.99710856521742,0,255.99710856521742,1126.2971739130435
27/06/2025,10,409.56260869565216,0,255.99710856521742,0,255.99710856521742,1126.2971739130435
27/06/2025,11,409.56260869565216,0,255.99710856521742,0,255.99710856521742,1126.2971739130435
27/06/2025,12,409.56260869565216,0,255.99710856521742,0,255.99710856521742,1126.2971739130435
27/06/2025,13,409.56260869565216,0,255.99710856521742,0,255.99710856521742,1126.2971739130435
27/06/2025,14,409.56260869565216,0,255.99710856521742,0,255.99710856521742,1126.2971739130435
27/06/2025,15,409.56260869565216,0,255.99710856521742,0,255.99710856521742,1126.2971739130435
27/06/2025,16,409.56260869565216,0,255.99710856521742,0,255.99710856521742,1126.2971739130435
27/06/2025,17,409.56260869565216,0,255.99710856521742,0,255.99710856521742,1126.2971739130435
27/06/2025,18,409.56260869565216,0,255.99710856521742,0,255.99710856521742,1126.2971739130435
27/06/2025,19,409.56260869565216,0,255.99710856521742,0,255.99710856521742,1126.2971739130435
27/06/2025,20,409.56260869565216,0,255.99710856521742,0,255.99710856521742,1126.2971739130435
27/06/2025,21,409.56260869565216,0,255.99710856521742,0,255.99710856521742,1126.2971739130435
27/06/2025,22,409.56260869565216,0,255.99710856521742,0,255.99710856521742,1126.2971739130435
27/06/2025,23,409.56260869565216,0,255.99710856521742,0,255.99710856521742,1126.2971739130435
27/06/2025,24,409.56260869565216,0,255.99710856521742,0,255.99710856521742,1126.2971739130435
28/06/2025,1,409.56260869565216,0,255.99710856521742,0,255.99710856521742,1126.2971739130435
28/06/2025,2,409.56260869565216,0,255.99710856521742,0,255.99710856521742,1126.2971739130435
28/06/2025,3,409.56260869565216,0,255.99710856521742,0,255.99710856521742,1126.2971739130435
28/06/2025,4,409.56260869565216,0,255.99710856521742,0,255.99710856521742,1126.2971739130435
28/06/2025,5,409.56260869565216,0,255.99710856521742,0,255.99710856521742,1126.2971739130435
28/06/2025,6,409.56260869565216,0,255.99710856521742,0,255.99710856521742,1126.2971739130435
28/06/2025,7,409.56260869565216,0,255.99710856521742,0,255.99710856521742,1126.2971739130435
28/06/2025,8,409.56260869565216,0,255.99710856521742,0,255.99710856521742,1126.2971739130435
28/06/2025,9,409.56260869565216,0,255.99710856521742,0,255.99710856521742,1126.2971739130435
28/06/2025,10,409.56260869565216,0,255.99710856521742,0,255.99710856521742,1126.2971739130435
28/06/2025,11,409.56260869565216,0,255.99710856521742,0,255.99710856521742,1126.2971739130435
28/06/2025,12,409.56260869565216,0,255.99710856521742,0,255.99710856521742,1126.2971739130435
28/06/2025,13,409.56260869565216,0,255.99710856521742,0,255.99710856521742,1126.2971739130435
28/06/2025,14,409.56260869565216,0,255.99710856521742,0,255.99710856521742,1126.2971739130435
28/06/2025,15,409.56260869565216,0,255.99710856521742,0,255.99710856521742,1126.2971739130435
28/06/2025,16,409.56260869565216,0,255.99710856521742,0,255.99710856521742,1126.2971739130435
28/06/2025,17,409.56260869565216,0,255.99710856521742,0,255.99710856521742,1126.2971739130435
28/06/2025,18,409.56260869565216,0,255.99710856521742,0,255.99710856521742,1126.2971739130435
28/06/2025,19,409.56260869565216,0,255.99710856521742,0,255.99710856521742,1126.2971739130435
28/06/2025,20,409.56260869565216,0,255.99710856521742,0,255.99710856521742,1126.2971739130435
28/06/2025,21,409.56260869565216,0,255.99710856521742,0,255.99710856521742,1126.2971739130435
28/06/2025,22,409.56260869565216,0,255.99710856521742,0,255.99710856521742,1126.2971739130435
28/06/2025,23,409.56260869565216,0,255.99710856521742,0,255.99710856521742,1126.2971739130435
28/06/2025,24,409.56260869565216,0,255.99710856521742,0,255.99710856521742,1126.2971739130435
29/06/2025,1,409.56260869565216,0,255.99710856521742,0,255.99710856521742,1126.2971739130435
29/06/2025,2,409.56260869565216,0,255.99710856521742,0,255.99710856521742,1126.2971739130435
29/06/2025,3,409.56260869565216,0,255.99710856521742,0,255.99710856521742,1126.2971739130435
29/06/2025,4,409.56260869565216,0,255.99710856521742,0,255.99710856521742,1126.2971739130435
29/06/2025,5,409.56260869565216,0,255.99710856521742,0,255.99710856521742,1126.2971739130435
29/06/2025,6,409.56260869565216,0,255.99710856521742,0,255.99710856521742,1126.2971739130435
29/06/2025,7,409.56260869565216,0,255.99710856521742,0,255.99710856521742,1126.2971739130435
29/06/2025,8,409.56260869565216,0,255.99710856521742,0,255.99710856521742,1126.2971739130435
29/06/2025,9,409.56260869565216,0,255.99710856521742,0,255.99710856521742,1126.2971739130435
29/06/2025,10,409.56260869565216,0,255.99710856521742,0,255.99710856521742,1126.2971739130435
29/06/2025,11,409.56260869565216,0,255.99710856521742,0,255.99710856521742,1126.2971739130435
29/06/2025,12,409.56260869565216,0,255.99710856521742,0,255.99710856521742,1126.2971739130435
29/06/2025,13,409.56260869565216,0,255.99710856521742,0,255.99710856521742,1126.2971739130435
29/06/2025,14,409.56260869565216,0,255.99710856521742,0,255.99710856521742,1126.2971739130435
29/06/2025,15,409.56260869565216,0,255.99710856521742,0,255.99710856521742,1126.2971739130435
29/06/2025,16,409.56260869565216,0,255.99710856521742,0,255.99710856521742,1126.2971739130435
29/06/2025,17,409.56260869565216,0,255.99710856521742,0,255.99710856521742,1126.2971739130435
29/06/2025,18,409.56260869565216,0,255.99710856521742,0,255.99710856521742,1126.2971739130435
29/06/2025,19,409.56260869565216,0,255.99710856521742,0,255.99710856521742,1126.2971739130435
29/06/2025,20,409.56260869565216,0,255.99710856521742,0,255.99710856521742,1126.2971739130435
29/06/2025,21,409.56260869565216,0,255.99710856521742,0,255.99710856521742,1126.2971739130435
29/06/2025,22,409.56260869565216,0,255.99710856521742,0,255.99710856521742,1126.2971739130435
29/06/2025,23,409.56260869565216,0,255.99710856521742,0,255.99710856521742,1126.2971739130435
29/06/2025,24,409.56260869565216,0,255.99710856521742,0,255.99710856521742,1126.2971739130435
30/06/2025,1,409.56260869565216,0,255.99710856521742,0,255.99710856521742,1126.2971739130435
30/06/2025,2,409.56260869565216,0,255.99710856521742,0,255.99710856521742,1126.2971739130435
30/06/2025,3,409.56260869565216,0,255.99710856521742,0,255.99710856521742,1126.2971739130435
30/06/2025,4,409.56260869565216,0,255.99710856521742,0,255.99710856521742,1126.2971739130435
30/06/2025,5,409.56260869565216,0,255.99710856521742,0,255.99710856521742,1126.2971739130435
30/06/2025,6,409.56260869565216,0,255.99710856521742,0,255.99710856521742,1126.2971739130435
30/06/2025,7,409.56260869565216,0,255.99710856521742,0,255.99710856521742,1126.2971739130435
30/06/2025,8,409.56260869565216,0,255.99710856521742,0,255.99710856521742,1126.2971739130435
30/06/2025,9,409.56260869565216,0,255.99710856521742,0,255.99710856521742,1126.2971739130435
30/06/2025,10,409.56260869565216,0,255.99710856521742,0,255.99710856521742,1126.2971739130435
30/06/2025,11,409.56260869565216,0,255.99710856521742,0,255.99710856521742,1126.2971739130435
30/06/2025,12,409.56260869565216,0,255.99710856521742,0,255.99710856521742,1126.2971739130435
30/06/2025,13,409.56260869565216,0,255.99710856521742,0,255.99710856521742,1126.2971739130435
30/06/2025,14,409.56260869565216,0,255.99710856521742,0,255.99710856521742,1126.2971739130435
30/06/2025,15,409.56260869565216,0,255.99710856521742,0,255.99710856521742,1126.2971739130435
30/06/2025,16,409.56260869565216,0,255.99710856521742,0,255.99710856521742,1126.2971739130435
30/06/2025,17,409.56260869565216,0,255.99710856521742,0,255.99710856521742,1126.2971739130435
30/06/2025,18,409.56260869565216,0,255.99710856521742,0,255.99710856521742,1126.2971739130435
30/06/2025,19,409.56260869565216,0,255.99710856521742,0,255.99710856521742,1126.2971739130435
30/06/2025,20,409.56260869565216,0,255.99710856521742,0,255.99710856521742,1126.2971739130435
30/06/2025,21,409.56260869565216,0,255.99710856521742,0,255.99710856521742,1126.2971739130435
30/06/2025,22,409.56260869565216,0,255.99710856521742,0,255.99710856521742,1126.2971739130435
30/06/2025,23,409.56260869565216,0,255.99710856521742,0,255.99710856521742,1126.2971739130435
30/06/2025,24,409.56260869565216,0,255.99710856521742,0,255.99710856521742,1126.2971739130435
01/07/2025,1,409.56260869565216,0,255.99710856521742,0,255.99710856521742,1126.2971739130435
01/07/2025,2,409.56260869565216,0,255.99710856521742,0,255.99710856521742,1126.2971739130435
01/07/2025,3,409.56260869565216,0,255.99710856521742,0,255.99710856521742,1126.2971739130435
01/07/2025,4,409.56260869565216,0,255.99710856521742,0,255.99710856521742,1126.2971739130435
01/07/2025,5,409.56260869565216,0,255.99710856521742,0,255.99710856521742,1126.2971739130435
01/07/2025,6,409.56260869565216,0,255.99710856521742,0,255.99710856521742,1126.2971739130435
01/07/2025,7,409.56260869565216,0,255.99710856521742,0,255.99710856521742,1126.2971739130435
01/07/2025,8,409.56260869565216,0,255.99710856521742,0,255.99710856521742,1126.2971739130435
01/07/2025,9,409.56260869565216,0,255.99710856521742,0,255.99710856521742,1126.2971739130435
01/07/2025,10,409.56260869565216,0,255.99710856521742,0,255.99710856521742,1126.2971739130435
01/07/2025,11,409.56260869565216,0,255.99710856521742,0,255.99710856521742,1126.2971739130435
01/07/2025,12,409.56260869565216,0,255.99710856521742,0,255.99710856521742,1126.2971739130435
01/07/2025,13,409.56260869565216,0,255.99710856521742,0,255.99710856521742,1126.2971739130435
01/07/2025,14,409.56260869565216,0,255.99710856521742,0,255.99710856521742,1126.2971739130435
01/07/2025,15,409.56260869565216,0,255.99710856521742,0,255.99710856521742,1126.2971739130435
01/07/2025,16,409.56260869565216,0,255.99710856521742,0,255.99710856521742,1126.2971739130435
01/07/2025,17,409.56260869565216,0,255.99710856521742,0,255.99710856521742,1126.2971739130435
01/07/2025,18,409.56260869565216,0,255.99710856521742,0,255.99710856521742,1126.2971739130435
01/07/2025,19,409.56260869565216,0,255.99710856521742,0,255.99710856521742,1126.2971739130435
01/07/2025,20,409.56260869565216,0,255.99710856521742,0,255.99710856521742,1126.2971739130435
01/07/2025,21,409.56260869565216,0,255.99710856521742,0,255.99710856521742,1126.2971739130435
01/07/2025,22,409.56260869565216,0,255.99710856521742,0,255.99710856521742,1126.2971739130435
01/07/2025,23,409.56260869565216,0,255.99710856521742,0,255.99710856521742,1126.2971739130435
01/07/2025,24,409.56260869565216,0,255.99710856521742,0,255.99710856521742,1126.2971739130435
02/07/2025,1,409.56260869565216,0,255.99710856521742,0,255.99710856521742,1126.2971739130435
02/07/2025,2,409.56260869565216,0,255.99710856521742,0,255.99710856521742,1126.2971739130435
02/07/2025,3,409.56260869565216,0,255.99710856521742,0,255.99710856521742,1126.2971739130435
02/07/2025,4,409.56260869565216,0,255.99710856521742,0,255.99710856521742,1126.2971739130435
02/07/2025,5,409.56260869565216,0,255.99710856521742,0,255.99710856521742,1126.2971739130435
02/07/2025,6,409.56260869565216,0,255.99710856521742,0,255.99710856521742,1126.2971739130435
02/07/2025,7,409.56260869565216,0,255.99710856521742,0,255.99710856521742,1126.2971739130435
02/07/2025,8,409.56260869565216,0,255.99710856521742,0,255.99710856521742,1126.2971739130435
02/07/2025,9,409.56260869565216,0,255.99710856521742,0,255.99710856521742,1126.2971739130435
02/07/2025,10,409.56260869565216,0,255.99710856521742,0,255.99710856521742,1126.2971739130435
02/07/2025,11,409.56260869565216,0,255.99710856521742,0,255.99710856521742,1126.2971739130435
02/07/2025,12,409.56260869565216,0,255.99710856521742,0,255.99710856521742,1126.2971739130435
02/07/2025,13,409.56260869565216,0,255.99710856521742,0,255.99710856521742,1126.2971739130435
02/07/2025,14,409.56260869565216,0,255.99710856521742,0,255.99710856521742,1126.2971739130435
02/07/2025,15,409.56260869565216,0,255.99710856521742,0,255.99710856521742,1126.2971739130435
02/07/2025,16,409.56260869565216,0,255.99710856521742,0,255.99710856521742,1126.2971739130435
02/07/2025,17,409.56260869565216,0,255.99710856521742,0,255.99710856521742,1126.2971739130435
02/07/2025,18,409.56260869565216,0,255.99710856521742,0,255.99710856521742,1126.2971739130435
02/07/2025,19,409.56260869565216,0,255.99710856521742,0,255.99710856521742,1126.2971739130435
02/07/2025,20,409.56260869565216,0,255.99710856521742,0,255.99710856521742,1126.2971739130435
02/07/2025,21,409.56260869565216,0,255.99710856521742,0,255.99710856521742,1126.2971739130435
02/07/2025,22,409.56260869565216,0,255.99710856521742,0,255.99710856521742,1126.2971739130435
02/07/2025,23,409.56260869565216,0,255.99710856521742,0,255.99710856521742,1126.2971739130435
02/07/2025,24,409.56260869565216,0,255.99710856521742,0,255.99710856521742,1126.2971739130435
03/07/2025,1,409.56260869565216,0,255.99710856521742,0,255.99710856521742,1126.2971739130435
03/07/2025,2,409.56260869565216,0,255.99710856521742,0,255.99710856521742,1126.2971739130435
03/07/2025,3,409.56260869565216,0,255.99710856521742,0,255.99710856521742,1126.2971739130435
03/07/2025,4,409.56260869565216,0,255.99710856521742,0,255.99710856521742,1126.2971739130435
03/07/2025,5,409.56260869565216,0,255.99710856521742,0,255.99710856521742,1126.2971739130435
03/07/2025,6,409.56260869565216,0,255.99710856521742,0,255.99710856521742,1126.2971739130435
03/07/2025,7,409.56260869565216,0,255.99710856521742,0,255.99710856521742,1126.2971739130435
03/07/2025,8,409.56260869565216,0,255.99710856521742,0,255.99710856521742,1126.2971739130435
03/07/2025,9,409.56260869565216,0,255.99710856521742,0,255.99710856521742,1126.2971739130435
03/07/2025,10,409.56260869565216,0,255.99710856521742,0,255.99710856521742,1126.2971739130435
03/07/2025,11,409.56260869565216,0,255.99710856521742,0,255.99710856521742,1126.2971739130435
03/07/2025,12,409.56260869565216,0,255.99710856521742,0,255.99710856521742,1126.2971739130435
03/07/2025,13,409.56260869565216,0,255.99710856521742,0,255.99710856521742,1126.2971739130435
03/07/2025,14,409.56260869565216,0,255.99710856521742,0,255.99710856521742,1126.2971739130435
03/07/2025,15,409.56260869565216,0,255.99710856521742,0,255.99710856521742,1126.2971739130435
03/07/2025,16,409.56260869565216,0,255.99710856521742,0,255.99710856521742,1126.2971739130435
03/07/2025,17,409.56260869565216,0,255.99710856521742,0,255.99710856521742,1126.2971739130435
03/07/2025,18,409.56260869565216,0,255.99710856521742,0,255.99710856521742,1126.2971739130435
03/07/2025,19,409.56260869565216,0,255.99710856521742,0,255.99710856521742,1126.2971739130435
03/07/2025,20,409.56260869565216,0,255.99710856521742,0,255.99710856521742,1126.2971739130435
03/07/2025,21,409.56260869565216,0,255.99710856521742,0,255.99710856521742,1126.2971739130435
03/07/2025,22,409.56260869565216,0,255.99710856521742,0,255.99710856521742,1126.2971739130435
03/07/2025,23,409.56260869565216,0,255.99710856521742,0,255.99710856521742,1126.2971739130435
03/07/2025,24,409.56260869565216,0,255.99710856521742,0,255.99710856521742,1126.2971739130435
04/07/2025,1,409.56260869565216,0,255.99710856521742,0,255.99710856521742,1126.2971739130435
04/07/2025,2,409.56260869565216,0,255.99710856521742,0,255.99710856521742,1126.2971739130435
04/07/2025,3,409.56260869565216,0,255.99710856521742,0,255.99710856521742,1126.2971739130435
04/07/2025,4,409.56260869565216,0,255.99710856521742,0,255.99710856521742,1126.2971739130435
04/07/2025,5,409.56260869565216,0,255.99710856521742,0,255.99710856521742,1126.2971739130435
04/07/2025,6,409.56260869565216,0,255.99710856521742,0,255.99710856521742,1126.2971739130435
04/07/2025,7,409.56260869565216,0,255.99710856521742,0,255.99710856521742,1126.2971739130435
04/07/2025,8,409.56260869565216,0,255.99710856521742,0,255.99710856521742,1126.2971739130435
04/07/2025,9,409.56260869565216,0,255.99710856521742,0,255.99710856521742,1126.2971739130435
04/07/2025,10,409.56260869565216,0,255.99710856521742,0,255.99710856521742,1126.2971739130435
04/07/2025,11,409.56260869565216,0,255.99710856521742,0,255.99710856521742,1126.2971739130435
04/07/2025,12,409.56260869565216,0,255.99710856521742,0,255.99710856521742,1126.2971739130435
04/07/2025,13,409.56260869565216,0,255.99710856521742,0,255.99710856521742,1126.2971739130435
04/07/2025,14,409.56260869565216,0,255.99710856521742,0,255.99710856521742,1126.2971739130435
04/07/2025,15,409.56260869565216,0,255.99710856521742,0,255.99710856521742,1126.2971739130435
04/07/2025,16,409.56260869565216,0,255.99710856521742,0,255.99710856521742,1126.2971739130435
04/07/2025,17,409.56260869565216,0,255.99710856521742,0,255.99710856521742,1126.2971739130435
04/07/2025,18,409.56260869565216,0,255.99710856521742,0,255.99710856521742,1126.2971739130435
04/07/2025,19,409.56260869565216,0,255.99710856521742,0,255.99710856521742,1126.2971739130435
04/07/2025,20,409.56260869565216,0,255.99710856521742,0,255.99710856521742,1126.2971739130435
04/07/2025,21,409.56260869565216,0,255.99710856521742,0,255.99710856521742,1126.2971739130435
04/07/2025,22,409.56260869565216,0,255.99710856521742,0,255.99710856521742,1126.2971739130435
04/07/2025,23,409.56260869565216,0,255.99710856521742,0,255.99710856521742,1126.2971739130435
04/07/2025,24,409.56260869565216,0,255.99710856521742,0,255.99710856521742,1126.2971739130435
05/07/2025,1,409.56260869565216,0,255.99710856521742,0,255.99710856521742,1126.2971739130435
05/07/2025,2,409.56260869565216,0,255.99710856521742,0,255.99710856521742,1126.2971739130435
05/07/2025,3,409.56260869565216,0,255.99710856521742,0,255.99710856521742,1126.2971739130435
05/07/2025,4,409.56260869565216,0,255.99710856521742,0,255.99710856521742,1126.2971739130435
05/07/2025,5,409.56260869565216,0,255.99710856521742,0,255.99710856521742,1126.2971739130435
05/07/2025,6,409.56260869565216,0,255.99710856521742,0,255.99710856521742,1126.2971739130435
05/07/2025,7,409.56260869565216,0,255.99710856521742,0,255.99710856521742,1126.2971739130435
05/07/2025,8,409.56260869565216,0,255.99710856521742,0,255.99710856521742,1126.2971739130435
05/07/2025,9,409.56260869565216,0,255.99710856521742,0,255.99710856521742,1126.2971739130435
05/07/2025,10,409.56260869565216,0,255.99710856521742,0,255.99710856521742,1126.2971739130435
05/07/2025,11,409.56260869565216,0,255.99710856521742,0,255.99710856521742,1126.2971739130435
05/07/2025,12,409.56260869565216,0,255.99710856521742,0,255.99710856521742,1126.2971739130435
05/07/2025,13,409.56260869565216,0,255.99710856521742,0,255.99710856521742,1126.2971739130435
05/07/2025,14,409.56260869565216,0,255.99710856521742,0,255.99710856521742,1126.2971739130435
05/07/2025,15,409.56260869565216,0,255.99710856521742,0,255.99710856521742,1126.2971739130435
05/07/2025,16,409.56260869565216,0,255.99710856521742,0,255.99710856521742,1126.2971739130435
05/07/2025,17,409.56260869565216,0,255.99710856521742,0,255.99710856521742,1126.2971739130435
05/07/2025,18,409.56260869565216,0,255.99710856521742,0,255.99710856521742,1126.2971739130435
05/07/2025,19,409.56260869565216,0,255.99710856521742,0,255.99710856521742,1126.2971739130435
05/07/2025,20,409.56260869565216,0,255.99710856521742,0,255.99710856521742,1126.2971739130435
05/07/2025,21,409.56260869565216,0,255.99710856521742,0,255.99710856521742,1126.2971739130435
05/07/2025,22,409.56260869565216,0,255.99710856521742,0,255.99710856521742,1126.2971739130435
05/07/2025,23,409.56260869565216,0,255.99710856521742,0,255.99710856521742,1126.2971739130435
05/07/2025,24,409.56260869565216,0,255.99710856521742,0,255.99710856521742,1126.2971739130435
06/07/2025,1,409.56260869565216,0,255.99710856521742,0,255.99710856521742,1126.2971739130435
06/07/2025,2,409.56260869565216,0,255.99710856521742,0,255.99710856521742,1126.2971739130435
06/07/2025,3,409.56260869565216,0,255.99710856521742,0,255.99710856521742,1126.2971739130435
06/07/2025,4,409.56260869565216,0,255.99710856521742,0,255.99710856521742,1126.2971739130435
06/07/2025,5,409.56260869565216,0,255.99710856521742,0,255.99710856521742,1126.2971739130435
06/07/2025,6,409.56260869565216,0,255.99710856521742,0,255.99710856521742,1126.2971739130435
06/07/2025,7,409.56260869565216,0,255.99710856521742,0,255.99710856521742,1126.2971739130435
06/07/2025,8,409.56260869565216,0,255.99710856521742,0,255.99710856521742,1126.2971739130435
06/07/2025,9,409.56260869565216,0,255.99710856521742,0,255.99710856521742,1126.2971739130435
06/07/2025,10,409.56260869565216,0,255.99710856521742,0,255.99710856521742,1126.2971739130435
06/07/2025,11,409.56260869565216,0,255.99710856521742,0,255.99710856521742,1126.2971739130435
06/07/2025,12,409.56260869565216,0,255.99710856521742,0,255.99710856521742,1126.2971739130435
06/07/2025,13,409.56260869565216,0,255.99710856521742,0,255.99710856521742,1126.2971739130435
06/07/2025,14,409.56260869565216,0,255.99710856521742,0,255.99710856521742,1126.2971739130435
06/07/2025,15,409.56260869565216,0,255.99710856521742,0,255.99710856521742,1126.2971739130435
06/07/2025,16,409.56260869565216,0,255.99710856521742,0,255.99710856521742,1126.2971739130435
06/07/2025,17,409.56260869565216,0,255.99710856521742,0,255.99710856521742,1126.2971739130435
06/07/2025,18,409.56260869565216,0,255.99710856521742,0,255.99710856521742,1126.2971739130435
06/07/2025,19,409.56260869565216,0,255.99710856521742,0,255.99710856521742,1126.2971739130435
06/07/2025,20,409.56260869565216,0,255.99710856521742,0,255.99710856521742,1126.2971739130435
06/07/2025,21,409.56260869565216,0,255.99710856521742,0,255.99710856521742,1126.2971739130435
06/07/2025,22,409.56260869565216,0,255.99710856521742,0,255.99710856521742,1126.2971739130435
06/07/2025,23,409.56260869565216,0,255.99710856521742,0,255.99710856521742,1126.2971739130435
06/07/2025,24,409.56260869565216,0,255.99710856521742,0,255.99710856521742,1126.2971739130435
07/07/2025,1,409.56260869565216,0,255.99710856521742,0,255.99710856521742,1126.2971739130435
07/07/2025,2,409.56260869565216,0,255.99710856521742,0,255.99710856521742,1126.2971739130435
07/07/2025,3,409.56260869565216,0,255.99710856521742,0,255.99710856521742,1126.2971739130435
07/07/2025,4,409.56260869565216,0,255.99710856521742,0,255.99710856521742,1126.2971739130435
07/07/2025,5,409.56260869565216,0,255.99710856521742,0,255.99710856521742,1126.2971739130435
07/07/2025,6,409.56260869565216,0,255.99710856521742,0,255.99710856521742,1126.2971739130435
07/07/2025,7,409.56260869565216,0,255.99710856521742,0,255.99710856521742,1126.2971739130435
07/07/2025,8,409.56260869565216,0,255.99710856521742,0,255.99710856521742,1126.2971739130435
07/07/2025,9,409.56260869565216,0,255.99710856521742,0,255.99710856521742,1126.2971739130435
07/07/2025,10,409.56260869565216,0,255.99710856521742,0,255.99710856521742,1126.2971739130435
07/07/2025,11,409.56260869565216,0,255.99710856521742,0,255.99710856521742,1126.2971739130435
07/07/2025,12,409.56260869565216,0,255.99710856521742,0,255.99710856521742,1126.2971739130435
07/07/2025,13,409.56260869565216,0,255.99710856521742,0,255.99710856521742,1126.2971739130435
07/07/2025,14,409.56260869565216,0,255.99710856521742,0,255.99710856521742,1126.2971739130435
07/07/2025,15,409.56260869565216,0,255.99710856521742,0,255.99710856521742,1126.2971739130435
07/07/2025,16,409.56260869565216,0,255.99710856521742,0,255.99710856521742,1126.2971739130435
07/07/2025,17,409.56260869565216,0,255.99710856521742,0,255.99710856521742,1126.2971739130435
07/07/2025,18,409.56260869565216,0,255.99710856521742,0,255.99710856521742,1126.2971739130435
07/07/2025,19,409.56260869565216,0,255.99710856521742,0,255.99710856521742,1126.2971739130435
07/07/2025,20,409.56260869565216,0,255.99710856521742,0,255.99710856521742,1126.2971739130435
07/07/2025,21,409.56260869565216,0,255.99710856521742,0,255.99710856521742,1126.2971739130435
07/07/2025,22,409.56260869565216,0,255.99710856521742,0,255.99710856521742,1126.2971739130435
07/07/2025,23,409.56260869565216,0,255.99710856521742,0,255.99710856521742,1126.2971739130435
07/07/2025,24,409.56260869565216,0,255.99710856521742,0,255.99710856521742,1126.2971739130435
08/07/2025,1,409.56260869565216,0,255.99710856521742,0,255.99710856521742,1126.2971739130435
08/07/2025,2,409.56260869565216,0,255.99710856521742,0,255.99710856521742,1126.2971739130435
08/07/2025,3,409.56260869565216,0,255.99710856521742,0,255.99710856521742,1126.2971739130435
08/07/2025,4,409.56260869565216,0,255.99710856521742,0,255.99710856521742,1126.2971739130435
08/07/2025,5,409.56260869565216,0,255.99710856521742,0,255.99710856521742,1126.2971739130435
08/07/2025,6,409.56260869565216,0,255.99710856521742,0,255.99710856521742,1126.2971739130435
08/07/2025,7,409.56260869565216,0,255.99710856521742,0,255.99710856521742,1126.2971739130435
08/07/2025,8,409.56260869565216,0,255.99710856521742,0,255.99710856521742,1126.2971739130435
08/07/2025,9,409.56260869565216,0,255.99710856521742,0,255.99710856521742,1126.2971739130435
08/07/2025,10,409.56260869565216,0,255.99710856521742,0,255.99710856521742,1126.2971739130435
08/07/2025,11,409.56260869565216,0,255.99710856521742,0,255.99710856521742,1126.2971739130435
08/07/2025,12,409.56260869565216,0,255.99710856521742,0,255.99710856521742,1126.2971739130435
08/07/2025,13,409.56260869565216,0,255.99710856521742,0,255.99710856521742,1126.2971739130435
08/07/2025,14,409.56260869565216,0,255.99710856521742,0,255.99710856521742,1126.2971739130435
08/07/2025,15,409.56260869565216,0,255.99710856521742,0,255.99710856521742,1126.2971739130435
08/07/2025,16,409.56260869565216,0,255.99710856521742,0,255.99710856521742,1126.2971739130435
08/07/2025,17,409.56260869565216,0,255.99710856521742,0,255.99710856521742,1126.2971739130435
08/07/2025,18,409.56260869565216,0,255.99710856521742,0,255.99710856521742,1126.2971739130435
08/07/2025,19,409.56260869565216,0,255.99710856521742,0,255.99710856521742,1126.2971739130435
08/07/2025,20,409.56260869565216,0,255.99710856521742,0,255.99710856521742,1126.2971739130435
08/07/2025,21,409.56260869565216,0,255.99710856521742,0,255.99710856521742,1126.2971739130435
08/07/2025,22,409.56260869565216,0,255.99710856521742,0,255.99710856521742,1126.2971739130435
08/07/2025,23,409.56260869565216,0,255.99710856521742,0,255.99710856521742,1126.2971739130435
08/07/2025,24,409.56260869565216,0,255.99710856521742,0,255.99710856521742,1126.2971739130435
09/07/2025,1,409.56260869565216,0,255.99710856521742,0,255.99710856521742,1126.2971739130435
09/07/2025,2,409.56260869565216,0,255.99710856521742,0,255.99710856521742,1126.2971739130435
09/07/2025,3,409.56260869565216,0,255.99710856521742,0,255.99710856521742,1126.2971739130435
09/07/2025,4,409.56260869565216,0,255.99710856521742,0,255.99710856521742,1126.2971739130435
09/07/2025,5,409.56260869565216,0,255.99710856521742,0,255.99710856521742,1126.2971739130435
09/07/2025,6,409.56260869565216,0,255.99710856521742,0,255.99710856521742,1126.2971739130435
09/07/2025,7,409.56260869565216,0,255.99710856521742,0,255.99710856521742,1126.2971739130435
09/07/2025,8,409.56260869565216,0,255.99710856521742,0,255.99710856521742,1126.2971739130435
09/07/2025,9,409.56260869565216,0,255.99710856521742,0,255.99710856521742,1126.2971739130435
09/07/2025,10,409.56260869565216,0,255.99710856521742,0,255.99710856521742,1126.2971739130435
09/07/2025,11,409.56260869565216,0,255.99710856521742,0,255.99710856521742,1126.2971739130435
09/07/2025,12,409.56260869565216,0,255.99710856521742,0,255.99710856521742,1126.2971739130435
09/07/2025,13,409.56260869565216,0,255.99710856521742,0,255.99710856521742,1126.2971739130435
09/07/2025,14,409.56260869565216,0,255.99710856521742,0,255.99710856521742,1126.2971739130435
09/07/2025,15,409.56260869565216,0,255.99710856521742,0,255.99710856521742,1126.2971739130435
09/07/2025,16,409.56260869565216,0,255.99710856521742,0,255.99710856521742,1126.2971739130435
09/07/2025,17,409.56260869565216,0,255.99710856521742,0,255.99710856521742,1126.2971739130435
09/07/2025,18,409.56260869565216,0,255.99710856521742,0,255.99710856521742,1126.2971739130435
09/07/2025,19,409.56260869565216,0,255.99710856521742,0,255.99710856521742,1126.2971739130435
09/07/2025,20,409.56260869565216,0,255.99710856521742,0,255.99710856521742,1126.2971739130435
09/07/2025,21,409.56260869565216,0,255.99710856521742,0,255.99710856521742,1126.2971739130435
09/07/2025,22,409.56260869565216,0,255.99710856521742,0,255.99710856521742,1126.2971739130435
09/07/2025,23,409.56260869565216,0,255.99710856521742,0,255.99710856521742,1126.2971739130435
09/07/2025,24,409.56260869565216,0,255.99710856521742,0,255.99710856521742,1126.2971739130435
10/07/2025,1,409.56260869565216,0,255.99710856521742,0,255.99710856521742,1126.2971739130435
10/07/2025,2,409.56260869565216,0,255.99710856521742,0,255.99710856521742,1126.2971739130435
10/07/2025,3,409.56260869565216,0,255.99710856521742,0,255.99710856521742,1126.2971739130435
10/07/2025,4,409.56260869565216,0,255.99710856521742,0,255.99710856521742,1126.2971739130435
10/07/2025,5,409.56260869565216,0,255.99710856521742,0,255.99710856521742,1126.2971739130435
10/07/2025,6,409.56260869565216,0,255.99710856521742,0,255.99710856521742,1126.2971739130435
10/07/2025,7,409.56260869565216,0,255.99710856521742,0,255.99710856521742,1126.2971739130435
10/07/2025,8,409.56260869565216,0,255.99710856521742,0,255.99710856521742,1126.2971739130435
10/07/2025,9,409.56260869565216,0,255.99710856521742,0,255.99710856521742,1126.2971739130435
10/07/2025,10,409.56260869565216,0,255.99710856521742,0,255.99710856521742,1126.2971739130435
10/07/2025,11,409.56260869565216,0,255.99710856521742,0,255.99710856521742,1126.2971739130435
10/07/2025,12,409.56260869565216,0,255.99710856521742,0,255.99710856521742,1126.2971739130435
10/07/2025,13,409.56260869565216,0,255.99710856521742,0,255.99710856521742,1126.2971739130435
10/07/2025,14,409.56260869565216,0,255.99710856521742,0,255.99710856521742,1126.2971739130435
10/07/2025,15,409.56260869565216,0,255.99710856521742,0,255.99710856521742,1126.2971739130435
10/07/2025,16,409.56260869565216,0,255.99710856521742,0,255.99710856521742,1126.2971739130435
10/07/2025,17,409.56260869565216,0,255.99710856521742,0,255.99710856521742,1126.2971739130435
10/07/2025,18,409.56260869565216,0,255.99710856521742,0,255.99710856521742,1126.2971739130435
10/07/2025,19,409.56260869565216,0,255.99710856521742,0,255.99710856521742,1126.2971739130435
10/07/2025,20,409.56260869565216,0,255.99710856521742,0,255.99710856521742,1126.2971739130435
10/07/2025,21,409.56260869565216,0,255.99710856521742,0,255.99710856521742,1126.2971739130435
10/07/2025,22,409.56260869565216,0,255.99710856521742,0,255.99710856521742,1126.2971739130435
10/07/2025,23,409.56260869565216,0,255.99710856521742,0,255.99710856521742,1126.2971739130435
10/07/2025,24,409.56260869565216,0,255.99710856521742,0,255.99710856521742,1126.2971739130435
11/07/2025,1,409.56260869565216,0,255.99710856521742,0,255.99710856521742,1126.2971739130435
11/07/2025,2,409.56260869565216,0,255.99710856521742,0,255.99710856521742,1126.2971739130435
11/07/2025,3,409.56260869565216,0,255.99710856521742,0,255.99710856521742,1126.2971739130435
11/07/2025,4,409.56260869565216,0,255.99710856521742,0,255.99710856521742,1126.2971739130435
11/07/2025,5,409.56260869565216,0,255.99710856521742,0,255.99710856521742,1126.2971739130435
11/07/2025,6,409.56260869565216,0,255.99710856521742,0,255.99710856521742,1126.2971739130435
11/07/2025,7,409.56260869565216,0,255.99710856521742,0,255.99710856521742,1126.2971739130435
11/07/2025,8,409.56260869565216,0,255.99710856521742,0,255.99710856521742,1126.2971739130435
11/07/2025,9,409.56260869565216,0,255.99710856521742,0,255.99710856521742,1126.2971739130435
11/07/2025,10,409.56260869565216,0,255.99710856521742,0,255.99710856521742,1126.2971739130435
11/07/2025,11,409.56260869565216,0,255.99710856521742,0,255.99710856521742,1126.2971739130435
11/07/2025,12,409.56260869565216,0,255.99710856521742,0,255.99710856521742,1126.2971739130435
11/07/2025,13,409.56260869565216,0,255.99710856521742,0,255.99710856521742,1126.2971739130435
11/07/2025,14,409.56260869565216,0,255.99710856521742,0,255.99710856521742,1126.2971739130435
11/07/2025,15,409.56260869565216,0,255.99710856521742,0,255.99710856521742,1126.2971739130435
11/07/2025,16,409.56260869565216,0,255.99710856521742,0,255.99710856521742,1126.2971739130435
11/07/2025,17,409.56260869565216,0,255.99710856521742,0,255.99710856521742,1126.2971739130435
11/07/2025,18,409.56260869565216,0,255.99710856521742,0,255.99710856521742,1126.2971739130435
11/07/2025,19,409.56260869565216,0,255.99710856521742,0,255.99710856521742,1126.2971739130435
11/07/2025,20,409.56260869565216,0,255.99710856521742,0,255.99710856521742,1126.2971739130435
11/07/2025,21,409.56260869565216,0,255.99710856521742,0,255.99710856521742,1126.2971739130435
11/07/2025,22,409.56260869565216,0,255.99710856521742,0,255.99710856521742,1126.2971739130435
11/07/2025,23,409.56260869565216,0,255.99710856521742,0,255.99710856521742,1126.2971739130435
11/07/2025,24,409.56260869565216,0,255.99710856521742,0,255.99710856521742,1126.2971739130435
12/07/2025,1,409.56260869565216,0,255.99710856521742,0,255.99710856521742,1126.2971739130435
12/07/2025,2,409.56260869565216,0,255.99710856521742,0,255.99710856521742,1126.2971739130435
12/07/2025,3,409.56260869565216,0,255.99710856521742,0,255.99710856521742,1126.2971739130435
12/07/2025,4,409.56260869565216,0,255.99710856521742,0,255.99710856521742,1126.2971739130435
12/07/2025,5,409.56260869565216,0,255.99710856521742,0,255.99710856521742,1126.2971739130435
12/07/2025,6,409.56260869565216,0,255.99710856521742,0,255.99710856521742,1126.2971739130435
12/07/2025,7,409.56260869565216,0,255.99710856521742,0,255.99710856521742,1126.2971739130435
12/07/2025,8,409.56260869565216,0,255.99710856521742,0,255.99710856521742,1126.2971739130435
12/07/2025,9,409.56260869565216,0,255.99710856521742,0,255.99710856521742,1126.2971739130435
12/07/2025,10,409.56260869565216,0,255.99710856521742,0,255.99710856521742,1126.2971739130435
12/07/2025,11,409.56260869565216,0,255.99710856521742,0,255.99710856521742,1126.2971739130435
12/07/2025,12,409.56260869565216,0,255.99710856521742,0,255.99710856521742,1126.2971739130435
12/07/2025,13,409.56260869565216,0,255.99710856521742,0,255.99710856521742,1126.2971739130435
12/07/2025,14,409.56260869565216,0,255.99710856521742,0,255.99710856521742,1126.2971739130435
12/07/2025,15,409.56260869565216,0,255.99710856521742,0,255.99710856521742,1126.2971739130435
12/07/2025,16,409.56260869565216,0,255.99710856521742,0,255.99710856521742,1126.2971739130435
12/07/2025,17,409.56260869565216,0,255.99710856521742,0,255.99710856521742,1126.2971739130435
12/07/2025,18,409.56260869565216,0,255.99710856521742,0,255.99710856521742,1126.2971739130435
12/07/2025,19,409.56260869565216,0,255.99710856521742,0,255.99710856521742,1126.2971739130435
12/07/2025,20,409.56260869565216,0,255.99710856521742,0,255.99710856521742,1126.2971739130435
12/07/2025,21,409.56260869565216,0,255.99710856521742,0,255.99710856521742,1126.2971739130435
12/07/2025,22,409.56260869565216,0,255.99710856521742,0,255.99710856521742,1126.2971739130435
12/07/2025,23,409.56260869565216,0,255.99710856521742,0,255.99710856521742,1126.2971739130435
12/07/2025,24,409.56260869565216,0,255.99710856521742,0,255.99710856521742,1126.2971739130435
13/07/2025,1,409.56260869565216,0,255.99710856521742,0,255.99710856521742,1126.2971739130435
13/07/2025,2,409.56260869565216,0,255.99710856521742,0,255.99710856521742,1126.2971739130435
13/07/2025,3,409.56260869565216,0,255.99710856521742,0,255.99710856521742,1126.2971739130435
13/07/2025,4,409.56260869565216,0,255.99710856521742,0,255.99710856521742,1126.2971739130435
13/07/2025,5,409.56260869565216,0,255.99710856521742,0,255.99710856521742,1126.2971739130435
13/07/2025,6,409.56260869565216,0,255.99710856521742,0,255.99710856521742,1126.2971739130435
13/07/2025,7,409.56260869565216,0,255.99710856521742,0,255.99710856521742,1126.2971739130435
13/07/2025,8,409.56260869565216,0,255.99710856521742,0,255.99710856521742,1126.2971739130435
13/07/2025,9,409.56260869565216,0,255.99710856521742,0,255.99710856521742,1126.2971739130435
13/07/2025,10,409.56260869565216,0,255.99710856521742,0,255.99710856521742,1126.2971739130435
13/07/2025,11,409.56260869565216,0,255.99710856521742,0,255.99710856521742,1126.2971739130435
13/07/2025,12,409.56260869565216,0,255.99710856521742,0,255.99710856521742,1126.2971739130435
13/07/2025,13,409.56260869565216,0,255.99710856521742,0,255.99710856521742,1126.2971739130435
13/07/2025,14,409.56260869565216,0,255.99710856521742,0,255.99710856521742,1126.2971739130435
13/07/2025,15,409.56260869565216,0,255.99710856521742,0,255.99710856521742,1126.2971739130435
13/07/2025,16,409.56260869565216,0,255.99710856521742,0,255.99710856521742,1126.2971739130435
13/07/2025,17,409.56260869565216,0,255.99710856521742,0,255.99710856521742,1126.2971739130435
13/07/2025,18,409.56260869565216,0,255.99710856521742,0,255.99710856521742,1126.2971739130435
13/07/2025,19,409.56260869565216,0,255.99710856521742,0,255.99710856521742,1126.2971739130435
13/07/2025,20,409.56260869565216,0,255.99710856521742,0,255.99710856521742,1126.2971739130435
13/07/2025,21,409.56260869565216,0,255.99710856521742,0,255.99710856521742,1126.2971739130435
13/07/2025,22,409.56260869565216,0,255.99710856521742,0,255.99710856521742,1126.2971739130435
13/07/2025,23,409.56260869565216,0,255.99710856521742,0,255.99710856521742,1126.2971739130435
13/07/2025,24,409.56260869565216,0,255.99710856521742,0,255.99710856521742,1126.2971739130435
14/07/2025,1,409.56260869565216,0,255.99710856521742,0,255.99710856521742,1126.2971739130435
14/07/2025,2,409.56260869565216,0,255.99710856521742,0,255.99710856521742,1126.2971739130435
14/07/2025,3,409.56260869565216,0,255.99710856521742,0,255.99710856521742,1126.2971739130435
14/07/2025,4,409.56260869565216,0,255.99710856521742,0,255.99710856521742,1126.2971739130435
14/07/2025,5,409.56260869565216,0,255.99710856521742,0,255.99710856521742,1126.2971739130435
14/07/2025,6,409.56260869565216,0,255.99710856521742,0,255.99710856521742,1126.2971739130435
14/07/2025,7,409.56260869565216,0,255.99710856521742,0,255.99710856521742,1126.2971739130435
14/07/2025,8,409.56260869565216,0,255.99710856521742,0,255.99710856521742,1126.2971739130435
14/07/2025,9,409.56260869565216,0,255.99710856521742,0,255.99710856521742,1126.2971739130435
14/07/2025,10,409.56260869565216,0,255.99710856521742,0,255.99710856521742,1126.2971739130435
14/07/2025,11,409.56260869565216,0,255.99710856521742,0,255.99710856521742,1126.2971739130435
14/07/2025,12,409.56260869565216,0,255.99710856521742,0,255.99710856521742,1126.2971739130435
14/07/2025,13,409.56260869565216,0,255.99710856521742,0,255.99710856521742,1126.2971739130435
14/07/2025,14,409.56260869565216,0,255.99710856521742,0,255.99710856521742,1126.2971739130435
14/07/2025,15,409.56260869565216,0,255.99710856521742,0,255.99710856521742,1126.2971739130435
14/07/2025,16,409.56260869565216,0,255.99710856521742,0,255.99710856521742,1126.2971739130435
14/07/2025,17,409.56260869565216,0,255.99710856521742,0,255.99710856521742,1126.2971739130435
14/07/2025,18,409.56260869565216,0,255.99710856521742,0,255.99710856521742,1126.2971739130435
14/07/2025,19,409.56260869565216,0,255.99710856521742,0,255.99710856521742,1126.2971739130435
14/07/2025,20,409.56260869565216,0,255.99710856521742,0,255.99710856521742,1126.2971739130435
14/07/2025,21,409.56260869565216,0,255.99710856521742,0,255.99710856521742,1126.2971739130435
14/07/2025,22,409.56260869565216,0,255.99710856521742,0,255.99710856521742,1126.2971739130435
14/07/2025,23,409.56260869565216,0,255.99710856521742,0,255.99710856521742,1126.2971739130435
14/07/2025,24,409.56260869565216,0,255.99710856521742,0,255.99710856521742,1126.2971739130435
15/07/2025,1,409.56260869565216,0,255.99710856521742,0,255.99710856521742,1126.2971739130435
15/07/2025,2,409.56260869565216,0,255.99710856521742,0,255.99710856521742,1126.2971739130435
15/07/2025,3,409.56260869565216,0,255.99710856521742,0,255.99710856521742,1126.2971739130435
15/07/2025,4,409.56260869565216,0,255.99710856521742,0,255.99710856521742,1126.2971739130435
15/07/2025,5,409.56260869565216,0,255.99710856521742,0,255.99710856521742,1126.2971739130435
15/07/2025,6,409.56260869565216,0,255.99710856521742,0,255.99710856521742,1126.2971739130435
15/07/2025,7,409.56260869565216,0,255.99710856521742,0,255.99710856521742,1126.2971739130435
15/07/2025,8,409.56260869565216,0,255.99710856521742,0,255.99710856521742,1126.2971739130435
15/07/2025,9,409.56260869565216,0,255.99710856521742,0,255.99710856521742,1126.2971739130435
15/07/2025,10,409.56260869565216,0,255.99710856521742,0,255.99710856521742,1126.2971739130435
15/07/2025,11,409.56260869565216,0,255.99710856521742,0,255.99710856521742,1126.2971739130435
15/07/2025,12,409.56260869565216,0,255.99710856521742,0,255.99710856521742,1126.2971739130435
15/07/2025,13,409.56260869565216,0,255.99710856521742,0,255.99710856521742,1126.2971739130435
15/07/2025,14,409.56260869565216,0,255.99710856521742,0,255.99710856521742,1126.2971739130435
15/07/2025,15,409.56260869565216,0,255.99710856521742,0,255.99710856521742,1126.2971739130435
15/07/2025,16,409.56260869565216,0,255.99710856521742,0,255.99710856521742,1126.2971739130435
15/07/2025,17,409.56260869565216,0,255.99710856521742,0,255.99710856521742,1126.2971739130435
15/07/2025,18,409.56260869565216,0,255.99710856521742,0,255.99710856521742,1126.2971739130435
15/07/2025,19,409.56260869565216,0,255.99710856521742,0,255.99710856521742,1126.2971739130435
15/07/2025,20,409.56260869565216,0,255.99710856521742,0,255.99710856521742,1126.2971739130435
15/07/2025,21,409.56260869565216,0,255.99710856521742,0,255.99710856521742,1126.2971739130435
15/07/2025,22,409.56260869565216,0,255.99710856521742,0,255.99710856521742,1126.2971739130435
15/07/2025,23,409.56260869565216,0,255.99710856521742,0,255.99710856521742,1126.2971739130435
15/07/2025,24,409.56260869565216,0,255.99710856521742,0,255.99710856521742,1126.2971739130435
16/07/2025,1,409.56260869565216,0,255.99710856521742,0,255.99710856521742,1126.2971739130435
16/07/2025,2,409.56260869565216,0,255.99710856521742,0,255.99710856521742,1126.2971739130435
16/07/2025,3,409.56260869565216,0,255.99710856521742,0,255.99710856521742,1126.2971739130435
16/07/2025,4,409.56260869565216,0,255.99710856521742,0,255.99710856521742,1126.2971739130435
16/07/2025,5,409.56260869565216,0,255.99710856521742,0,255.99710856521742,1126.2971739130435
16/07/2025,6,409.56260869565216,0,255.99710856521742,0,255.99710856521742,1126.2971739130435
16/07/2025,7,409.56260869565216,0,255.99710856521742,0,255.99710856521742,1126.2971739130435
16/07/2025,8,409.56260869565216,0,255.99710856521742,0,255.99710856521742,1126.2971739130435
16/07/2025,9,409.56260869565216,0,255.99710856521742,0,255.99710856521742,1126.2971739130435
16/07/2025,10,409.56260869565216,0,255.99710856521742,0,255.99710856521742,1126.2971739130435
16/07/2025,11,409.56260869565216,0,255.99710856521742,0,255.99710856521742,1126.2971739130435
16/07/2025,12,409.56260869565216,0,255.99710856521742,0,255.99710856521742,1126.2971739130435
16/07/2025,13,409.56260869565216,0,255.99710856521742,0,255.99710856521742,1126.2971739130435
16/07/2025,14,409.56260869565216,0,255.99710856521742,0,255.99710856521742,1126.2971739130435
16/07/2025,15,409.56260869565216,0,255.99710856521742,0,255.99710856521742,1126.2971739130435
16/07/2025,16,409.56260869565216,0,255.99710856521742,0,255.99710856521742,1126.2971739130435
16/07/2025,17,409.56260869565216,0,255.99710856521742,0,255.99710856521742,1126.2971739130435
16/07/2025,18,409.56260869565216,0,255.99710856521742,0,255.99710856521742,1126.2971739130435
16/07/2025,19,409.56260869565216,0,255.99710856521742,0,255.99710856521742,1126.2971739130435
16/07/2025,20,409.56260869565216,0,255.99710856521742,0,255.99710856521742,1126.2971739130435
16/07/2025,21,409.56260869565216,0,255.99710856521742,0,255.99710856521742,1126.2971739130435
16/07/2025,22,409.56260869565216,0,255.99710856521742,0,255.99710856521742,1126.2971739130435
16/07/2025,23,409.56260869565216,0,255.99710856521742,0,255.99710856521742,1126.2971739130435
16/07/2025,24,409.56260869565216,0,255.99710856521742,0,255.99710856521742,1126.2971739130435
17/07/2025,1,409.56260869565216,0,255.99710856521742,0,255.99710856521742,1126.2971739130435
17/07/2025,2,409.56260869565216,0,255.99710856521742,0,255.99710856521742,1126.2971739130435
17/07/2025,3,409.56260869565216,0,255.99710856521742,0,255.99710856521742,1126.2971739130435
17/07/2025,4,409.56260869565216,0,255.99710856521742,0,255.99710856521742,1126.2971739130435
17/07/2025,5,409.56260869565216,0,255.99710856521742,0,255.99710856521742,1126.2971739130435
17/07/2025,6,409.56260869565216,0,255.99710856521742,0,255.99710856521742,1126.2971739130435
17/07/2025,7,409.56260869565216,0,255.99710856521742,0,255.99710856521742,1126.2971739130435
17/07/2025,8,409.56260869565216,0,255.99710856521742,0,255.99710856521742,1126.2971739130435
17/07/2025,9,409.56260869565216,0,255.99710856521742,0,255.99710856521742,1126.2971739130435
17/07/2025,10,409.56260869565216,0,255.99710856521742,0,255.99710856521742,1126.2971739130435
17/07/2025,11,409.56260869565216,0,255.99710856521742,0,255.99710856521742,1126.2971739130435
17/07/2025,12,409.56260869565216,0,255.99710856521742,0,255.99710856521742,1126.2971739130435
17/07/2025,13,409.56260869565216,0,255.99710856521742,0,255.99710856521742,1126.2971739130435
17/07/2025,14,409.56260869565216,0,255.99710856521742,0,255.99710856521742,1126.2971739130435
17/07/2025,15,409.56260869565216,0,255.99710856521742,0,255.99710856521742,1126.2971739130435
17/07/2025,16,409.56260869565216,0,255.99710856521742,0,255.99710856521742,1126.2971739130435
17/07/2025,17,409.56260869565216,0,255.99710856521742,0,255.99710856521742,1126.2971739130435
17/07/2025,18,409.56260869565216,0,255.99710856521742,0,255.99710856521742,1126.2971739130435
17/07/2025,19,409.56260869565216,0,255.99710856521742,0,255.99710856521742,1126.2971739130435
17/07/2025,20,409.56260869565216,0,255.99710856521742,0,255.99710856521742,1126.2971739130435
17/07/2025,21,409.56260869565216,0,255.99710856521742,0,255.99710856521742,1126.2971739130435
17/07/2025,22,409.56260869565216,0,255.99710856521742,0,255.99710856521742,1126.2971739130435
17/07/2025,23,409.56260869565216,0,255.99710856521742,0,255.99710856521742,1126.2971739130435
17/07/2025,24,409.56260869565216,0,255.99710856521742,0,255.99710856521742,1126.2971739130435
18/07/2025,1,409.56260869565216,0,255.99710856521742,0,255.99710856521742,1126.2971739130435
18/07/2025,2,409.56260869565216,0,255.99710856521742,0,255.99710856521742,1126.2971739130435
18/07/2025,3,409.56260869565216,0,255.99710856521742,0,255.99710856521742,1126.2971739130435
18/07/2025,4,409.56260869565216,0,255.99710856521742,0,255.99710856521742,1126.2971739130435
18/07/2025,5,409.56260869565216,0,255.99710856521742,0,255.99710856521742,1126.2971739130435
18/07/2025,6,409.56260869565216,0,255.99710856521742,0,255.99710856521742,1126.2971739130435
18/07/2025,7,409.56260869565216,0,255.99710856521742,0,255.99710856521742,1126.2971739130435
18/07/2025,8,409.56260869565216,0,255.99710856521742,0,255.99710856521742,1126.2971739130435
18/07/2025,9,409.56260869565216,0,255.99710856521742,0,255.99710856521742,1126.2971739130435
18/07/2025,10,409.56260869565216,0,255.99710856521742,0,255.99710856521742,1126.2971739130435
18/07/2025,11,409.56260869565216,0,255.99710856521742,0,255.99710856521742,1126.2971739130435
18/07/2025,12,409.56260869565216,0,255.99710856521742,0,255.99710856521742,1126.2971739130435
18/07/2025,13,409.56260869565216,0,255.99710856521742,0,255.99710856521742,1126.2971739130435
18/07/2025,14,409.56260869565216,0,255.99710856521742,0,255.99710856521742,1126.2971739130435
18/07/2025,15,409.56260869565216,0,255.99710856521742,0,255.99710856521742,1126.2971739130435
18/07/2025,16,409.56260869565216,0,255.99710856521742,0,255.99710856521742,1126.2971739130435
18/07/2025,17,409.56260869565216,0,255.99710856521742,0,255.99710856521742,1126.2971739130435
18/07/2025,18,409.56260869565216,0,255.99710856521742,0,255.99710856521742,1126.2971739130435
18/07/2025,19,409.56260869565216,0,255.99710856521742,0,255.99710856521742,1126.2971739130435
18/07/2025,20,409.56260869565216,0,255.99710856521742,0,255.99710856521742,1126.2971739130435
18/07/2025,21,409.56260869565216,0,255.99710856521742,0,255.99710856521742,1126.2971739130435
18/07/2025,22,409.56260869565216,0,255.99710856521742,0,255.99710856521742,1126.2971739130435
18/07/2025,23,409.56260869565216,0,255.99710856521742,0,255.99710856521742,1126.2971739130435
18/07/2025,24,409.56260869565216,0,255.99710856521742,0,255.99710856521742,1126.2971739130435
19/07/2025,1,409.56260869565216,0,255.99710856521742,0,255.99710856521742,1126.2971739130435
19/07/2025,2,409.56260869565216,0,255.99710856521742,0,255.99710856521742,1126.2971739130435
19/07/2025,3,409.56260869565216,0,255.99710856521742,0,255.99710856521742,1126.2971739130435
19/07/2025,4,409.56260869565216,0,255.99710856521742,0,255.99710856521742,1126.2971739130435
19/07/2025,5,409.56260869565216,0,255.99710856521742,0,255.99710856521742,1126.2971739130435
19/07/2025,6,409.56260869565216,0,255.99710856521742,0,255.99710856521742,1126.2971739130435
19/07/2025,7,409.56260869565216,0,255.99710856521742,0,255.99710856521742,1126.2971739130435
19/07/2025,8,409.56260869565216,0,255.99710856521742,0,255.99710856521742,1126.2971739130435
19/07/2025,9,409.56260869565216,0,255.99710856521742,0,255.99710856521742,1126.2971739130435
19/07/2025,10,409.56260869565216,0,255.99710856521742,0,255.99710856521742,1126.2971739130435
19/07/2025,11,409.56260869565216,0,255.99710856521742,0,255.99710856521742,1126.2971739130435
19/07/2025,12,409.56260869565216,0,255.99710856521742,0,255.99710856521742,1126.2971739130435
19/07/2025,13,409.56260869565216,0,255.99710856521742,0,255.99710856521742,1126.2971739130435
19/07/2025,14,409.56260869565216,0,255.99710856521742,0,255.99710856521742,1126.2971739130435
19/07/2025,15,409.56260869565216,0,255.99710856521742,0,255.99710856521742,1126.2971739130435
19/07/2025,16,409.56260869565216,0,255.99710856521742,0,255.99710856521742,1126.2971739130435
19/07/2025,17,409.56260869565216,0,255.99710856521742,0,255.99710856521742,1126.2971739130435
19/07/2025,18,409.56260869565216,0,255.99710856521742,0,255.99710856521742,1126.2971739130435
19/07/2025,19,409.56260869565216,0,255.99710856521742,0,255.99710856521742,1126.2971739130435
19/07/2025,20,409.56260869565216,0,255.99710856521742,0,255.99710856521742,1126.2971739130435
19/07/2025,21,409.56260869565216,0,255.99710856521742,0,255.99710856521742,1126.2971739130435
19/07/2025,22,409.56260869565216,0,255.99710856521742,0,255.99710856521742,1126.2971739130435
19/07/2025,23,409.56260869565216,0,255.99710856521742,0,255.99710856521742,1126.2971739130435
19/07/2025,24,409.56260869565216,0,255.99710856521742,0,255.99710856521742,1126.2971739130435
20/07/2025,1,409.56260869565216,0,255.99710856521742,0,255.99710856521742,1126.2971739130435
20/07/2025,2,409.56260869565216,0,255.99710856521742,0,255.99710856521742,1126.2971739130435
20/07/2025,3,409.56260869565216,0,255.99710856521742,0,255.99710856521742,1126.2971739130435
20/07/2025,4,409.56260869565216,0,255.99710856521742,0,255.99710856521742,1126.2971739130435
20/07/2025,5,409.56260869565216,0,255.99710856521742,0,255.99710856521742,1126.2971739130435
20/07/2025,6,409.56260869565216,0,255.99710856521742,0,255.99710856521742,1126.2971739130435
20/07/2025,7,409.56260869565216,0,255.99710856521742,0,255.99710856521742,1126.2971739130435
20/07/2025,8,409.56260869565216,0,255.99710856521742,0,255.99710856521742,1126.2971739130435
20/07/2025,9,409.56260869565216,0,255.99710856521742,0,255.99710856521742,1126.2971739130435
20/07/2025,10,409.56260869565216,0,255.99710856521742,0,255.99710856521742,1126.2971739130435
20/07/2025,11,409.56260869565216,0,255.99710856521742,0,255.99710856521742,1126.2971739130435
20/07/2025,12,409.56260869565216,0,255.99710856521742,0,255.99710856521742,1126.2971739130435
20/07/2025,13,409.56260869565216,0,255.99710856521742,0,255.99710856521742,1126.2971739130435
20/07/2025,14,409.56260869565216,0,255.99710856521742,0,255.99710856521742,1126.2971739130435
20/07/2025,15,409.56260869565216,0,255.99710856521742,0,255.99710856521742,1126.2971739130435
20/07/2025,16,409.56260869565216,0,255.99710856521742,0,255.99710856521742,1126.2971739130435
20/07/2025,17,409.56260869565216,0,255.99710856521742,0,255.99710856521742,1126.2971739130435
20/07/2025,18,409.56260869565216,0,255.99710856521742,0,255.99710856521742,1126.2971739130435
20/07/2025,19,409.56260869565216,0,255.99710856521742,0,255.99710856521742,1126.2971739130435
20/07/2025,20,409.56260869565216,0,255.99710856521742,0,255.99710856521742,1126.2971739130435
20/07/2025,21,409.56260869565216,0,255.99710856521742,0,255.99710856521742,1126.2971739130435
20/07/2025,22,409.56260869565216,0,255.99710856521742,0,255.99710856521742,1126.2971739130435
20/07/2025,23,409.56260869565216,0,255.99710856521742,0,255.99710856521742,1126.2971739130435
20/07/2025,24,409.56260869565216,0,255.99710856521742,0,255.99710856521742,1126.2971739130435
21/07/2025,1,409.56260869565216,0,255.99710856521742,0,255.99710856521742,1126.2971739130435
21/07/2025,2,409.56260869565216,0,255.99710856521742,0,255.99710856521742,1126.2971739130435
21/07/2025,3,409.56260869565216,0,255.99710856521742,0,255.99710856521742,1126.2971739130435
21/07/2025,4,409.56260869565216,0,255.99710856521742,0,255.99710856521742,1126.2971739130435
21/07/2025,5,409.56260869565216,0,255.99710856521742,0,255.99710856521742,1126.2971739130435
21/07/2025,6,409.56260869565216,0,255.99710856521742,0,255.99710856521742,1126.2971739130435
21/07/2025,7,409.56260869565216,0,255.99710856521742,0,255.99710856521742,1126.2971739130435
21/07/2025,8,409.56260869565216,0,255.99710856521742,0,255.99710856521742,1126.2971739130435
21/07/2025,9,409.56260869565216,0,255.99710856521742,0,255.99710856521742,1126.2971739130435
21/07/2025,10,409.56260869565216,0,255.99710856521742,0,255.99710856521742,1126.2971739130435
21/07/2025,11,409.56260869565216,0,255.99710856521742,0,255.99710856521742,1126.2971739130435
21/07/2025,12,409.56260869565216,0,255.99710856521742,0,255.99710856521742,1126.2971739130435
21/07/2025,13,409.56260869565216,0,255.99710856521742,0,255.99710856521742,1126.2971739130435
21/07/2025,14,409.56260869565216,0,255.99710856521742,0,255.99710856521742,1126.2971739130435
21/07/2025,15,409.56260869565216,0,255.99710856521742,0,255.99710856521742,1126.2971739130435
21/07/2025,16,409.56260869565216,0,255.99710856521742,0,255.99710856521742,1126.2971739130435
21/07/2025,17,409.56260869565216,0,255.99710856521742,0,255.99710856521742,1126.2971739130435
21/07/2025,18,409.56260869565216,0,255.99710856521742,0,255.99710856521742,1126.2971739130435
21/07/2025,19,409.56260869565216,0,255.99710856521742,0,255.99710856521742,1126.2971739130435
21/07/2025,20,409.56260869565216,0,255.99710856521742,0,255.99710856521742,1126.2971739130435
21/07/2025,21,409.56260869565216,0,255.99710856521742,0,255.99710856521742,1126.2971739130435
21/07/2025,22,409.56260869565216,0,255.99710856521742,0,255.99710856521742,1126.2971739130435
21/07/2025,23,409.56260869565216,0,255.99710856521742,0,255.99710856521742,1126.2971739130435
21/07/2025,24,409.56260869565216,0,255.99710856521742,0,255.99710856521742,1126.2971739130435
22/07/2025,1,409.56260869565216,0,255.99710856521742,0,255.99710856521742,1126.2971739130435
22/07/2025,2,409.56260869565216,0,255.99710856521742,0,255.99710856521742,1126.2971739130435
22/07/2025,3,409.56260869565216,0,255.99710856521742,0,255.99710856521742,1126.2971739130435
22/07/2025,4,409.56260869565216,0,255.99710856521742,0,255.99710856521742,1126.2971739130435
22/07/2025,5,409.56260869565216,0,255.99710856521742,0,255.99710856521742,1126.2971739130435
22/07/2025,6,409.56260869565216,0,255.99710856521742,0,255.99710856521742,1126.2971739130435
22/07/2025,7,409.56260869565216,0,255.99710856521742,0,255.99710856521742,1126.2971739130435
22/07/2025,8,409.56260869565216,0,255.99710856521742,0,255.99710856521742,1126.2971739130435
22/07/2025,9,409.56260869565216,0,255.99710856521742,0,255.99710856521742,1126.2971739130435
22/07/2025,10,409.56260869565216,0,255.99710856521742,0,255.99710856521742,1126.2971739130435
22/07/2025,11,409.56260869565216,0,255.99710856521742,0,255.99710856521742,1126.2971739130435
22/07/2025,12,409.56260869565216,0,255.99710856521742,0,255.99710856521742,1126.2971739130435
22/07/2025,13,409.56260869565216,0,255.99710856521742,0,255.99710856521742,1126.2971739130435
22/07/2025,14,409.56260869565216,0,255.99710856521742,0,255.99710856521742,1126.2971739130435
22/07/2025,15,409.56260869565216,0,255.99710856521742,0,255.99710856521742,1126.2971739130435
22/07/2025,16,409.56260869565216,0,255.99710856521742,0,255.99710856521742,1126.2971739130435
22/07/2025,17,409.56260869565216,0,255.99710856521742,0,255.99710856521742,1126.2971739130435
22/07/2025,18,409.56260869565216,0,255.99710856521742,0,255.99710856521742,1126.2971739130435
22/07/2025,19,409.56260869565216,0,255.99710856521742,0,255.99710856521742,1126.2971739130435
22/07/2025,20,409.56260869565216,0,255.99710856521742,0,255.99710856521742,1126.2971739130435
22/07/2025,21,409.56260869565216,0,255.99710856521742,0,255.99710856521742,1126.2971739130435
22/07/2025,22,409.56260869565216,0,255.99710856521742,0,255.99710856521742,1126.2971739130435
22/07/2025,23,409.56260869565216,0,255.99710856521742,0,255.99710856521742,1126.2971739130435
22/07/2025,24,409.56260869565216,0,255.99710856521742,0,255.99710856521742,1126.2971739130435
23/07/2025,1,409.56260869565216,0,255.99710856521742,0,255.99710856521742,1126.2971739130435
23/07/2025,2,409.56260869565216,0,255.99710856521742,0,255.99710856521742,1126.2971739130435
23/07/2025,3,409.56260869565216,0,255.99710856521742,0,255.99710856521742,1126.2971739130435
23/07/2025,4,409.56260869565216,0,255.99710856521742,0,255.99710856521742,1126.2971739130435
23/07/2025,5,409.56260869565216,0,255.99710856521742,0,255.99710856521742,1126.2971739130435
23/07/2025,6,409.56260869565216,0,255.99710856521742,0,255.99710856521742,1126.2971739130435
23/07/2025,7,409.56260869565216,0,255.99710856521742,0,255.99710856521742,1126.2971739130435
23/07/2025,8,409.56260869565216,0,255.99710856521742,0,255.99710856521742,1126.2971739130435
23/07/2025,9,409.56260869565216,0,255.99710856521742,0,255.99710856521742,1126.2971739130435
23/07/2025,10,409.56260869565216,0,255.99710856521742,0,255.99710856521742,1126.2971739130435
23/07/2025,11,409.56260869565216,0,255.99710856521742,0,255.99710856521742,1126.2971739130435
23/07/2025,12,409.56260869565216,0,255.99710856521742,0,255.99710856521742,1126.2971739130435
23/07/2025,13,409.56260869565216,0,255.99710856521742,0,255.99710856521742,1126.2971739130435
23/07/2025,14,409.56260869565216,0,255.99710856521742,0,255.99710856521742,1126.2971739130435
23/07/2025,15,409.56260869565216,0,255.99710856521742,0,255.99710856521742,1126.2971739130435
23/07/2025,16,409.56260869565216,0,255.99710856521742,0,255.99710856521742,1126.2971739130435
23/07/2025,17,409.56260869565216,0,255.99710856521742,0,255.99710856521742,1126.2971739130435
23/07/2025,18,409.56260869565216,0,255.99710856521742,0,255.99710856521742,1126.2971739130435
23/07/2025,19,409.56260869565216,0,255.99710856521742,0,255.99710856521742,1126.2971739130435
23/07/2025,20,409.56260869565216,0,255.99710856521742,0,255.99710856521742,1126.2971739130435
23/07/2025,21,409.56260869565216,0,255.99710856521742,0,255.99710856521742,1126.2971739130435
23/07/2025,22,409.56260869565216,0,255.99710856521742,0,255.99710856521742,1126.2971739130435
23/07/2025,23,409.56260869565216,0,255.99710856521742,0,255.99710856521742,1126.2971739130435
23/07/2025,24,409.56260869565216,0,255.99710856521742,0,255.99710856521742,1126.2971739130435
24/07/2025,1,409.56260869565216,0,255.99710856521742,0,255.99710856521742,1126.2971739130435
24/07/2025,2,409.56260869565216,0,255.99710856521742,0,255.99710856521742,1126.2971739130435
24/07/2025,3,409.56260869565216,0,255.99710856521742,0,255.99710856521742,1126.2971739130435
24/07/2025,4,409.56260869565216,0,255.99710856521742,0,255.99710856521742,1126.2971739130435
24/07/2025,5,409.56260869565216,0,255.99710856521742,0,255.99710856521742,1126.2971739130435
24/07/2025,6,409.56260869565216,0,255.99710856521742,0,255.99710856521742,1126.2971739130435
24/07/2025,7,409.56260869565216,0,255.99710856521742,0,255.99710856521742,1126.2971739130435
24/07/2025,8,409.56260869565216,0,255.99710856521742,0,255.99710856521742,1126.2971739130435
24/07/2025,9,409.56260869565216,0,255.99710856521742,0,255.99710856521742,1126.2971739130435
24/07/2025,10,409.56260869565216,0,255.99710856521742,0,255.99710856521742,1126.2971739130435
24/07/2025,11,409.56260869565216,0,255.99710856521742,0,255.99710856521742,1126.2971739130435
24/07/2025,12,409.56260869565216,0,255.99710856521742,0,255.99710856521742,1126.2971739130435
24/07/2025,13,409.56260869565216,0,255.99710856521742,0,255.99710856521742,1126.2971739130435
24/07/2025,14,409.56260869565216,0,255.99710856521742,0,255.99710856521742,1126.2971739130435
24/07/2025,15,409.56260869565216,0,255.99710856521742,0,255.99710856521742,1126.2971739130435
24/07/2025,16,409.56260869565216,0,255.99710856521742,0,255.99710856521742,1126.2971739130435
24/07/2025,17,409.56260869565216,0,255.99710856521742,0,255.99710856521742,1126.2971739130435
24/07/2025,18,409.56260869565216,0,255.99710856521742,0,255.99710856521742,1126.2971739130435
24/07/2025,19,409.56260869565216,0,255.99710856521742,0,255.99710856521742,1126.2971739130435
24/07/2025,20,409.56260869565216,0,255.99710856521742,0,255.99710856521742,1126.2971739130435
24/07/2025,21,409.56260869565216,0,255.99710856521742,0,255.99710856521742,1126.2971739130435
24/07/2025,22,409.56260869565216,0,255.99710856521742,0,255.99710856521742,1126.2971739130435
24/07/2025,23,409.56260869565216,0,255.99710856521742,0,255.99710856521742,1126.2971739130435
24/07/2025,24,409.56260869565216,0,255.99710856521742,0,255.99710856521742,1126.2971739130435
25/07/2025,1,409.56260869565216,0,255.99710856521742,0,255.99710856521742,1126.2971739130435
25/07/2025,2,409.56260869565216,0,255.99710856521742,0,255.99710856521742,1126.2971739130435
25/07/2025,3,409.56260869565216,0,255.99710856521742,0,255.99710856521742,1126.2971739130435
25/07/2025,4,409.56260869565216,0,255.99710856521742,0,255.99710856521742,1126.2971739130435
25/07/2025,5,409.56260869565216,0,255.99710856521742,0,255.99710856521742,1126.2971739130435
25/07/2025,6,409.56260869565216,0,255.99710856521742,0,255.99710856521742,1126.2971739130435
25/07/2025,7,409.56260869565216,0,255.99710856521742,0,255.99710856521742,1126.2971739130435
25/07/2025,8,409.56260869565216,0,255.99710856521742,0,255.99710856521742,1126.2971739130435
25/07/2025,9,409.56260869565216,0,255.99710856521742,0,255.99710856521742,1126.2971739130435
25/07/2025,10,409.56260869565216,0,255.99710856521742,0,255.99710856521742,1126.2971739130435
25/07/2025,11,409.56260869565216,0,255.99710856521742,0,255.99710856521742,1126.2971739130435
25/07/2025,12,409.56260869565216,0,255.99710856521742,0,255.99710856521742,1126.2971739130435
25/07/2025,13,409.56260869565216,0,255.99710856521742,0,255.99710856521742,1126.2971739130435
25/07/2025,14,409.56260869565216,0,255.99710856521742,0,255.99710856521742,1126.2971739130435
25/07/2025,15,409.56260869565216,0,255.99710856521742,0,255.99710856521742,1126.2971739130435
25/07/2025,16,409.56260869565216,0,255.99710856521742,0,255.99710856521742,1126.2971739130435
25/07/2025,17,409.56260869565216,0,255.99710856521742,0,255.99710856521742,1126.2971739130435
25/07/2025,18,409.56260869565216,0,255.99710856521742,0,255.99710856521742,1126.2971739130435
25/07/2025,19,409.56260869565216,0,255.99710856521742,0,255.99710856521742,1126.2971739130435
25/07/2025,20,409.56260869565216,0,255.99710856521742,0,255.99710856521742,1126.2971739130435
25/07/2025,21,409.56260869565216,0,255.99710856521742,0,255.99710856521742,1126.2971739130435
25/07/2025,22,409.56260869565216,0,255.99710856521742,0,255.99710856521742,1126.2971739130435
25/07/2025,23,409.56260869565216,0,255.99710856521742,0,255.99710856521742,1126.2971739130435
25/07/2025,24,409.56260869565216,0,255.99710856521742,0,255.99710856521742,1126.2971739130435
26/07/2025,1,409.56260869565216,0,255.99710856521742,0,255.99710856521742,1126.2971739130435
26/07/2025,2,409.56260869565216,0,255.99710856521742,0,255.99710856521742,1126.2971739130435
26/07/2025,3,409.56260869565216,0,255.99710856521742,0,255.99710856521742,1126.2971739130435
26/07/2025,4,409.56260869565216,0,255.99710856521742,0,255.99710856521742,1126.2971739130435
26/07/2025,5,409.56260869565216,0,255.99710856521742,0,255.99710856521742,1126.2971739130435
26/07/2025,6,409.56260869565216,0,255.99710856521742,0,255.99710856521742,1126.2971739130435
26/07/2025,7,409.56260869565216,0,255.99710856521742,0,255.99710856521742,1126.2971739130435
26/07/2025,8,409.56260869565216,0,255.99710856521742,0,255.99710856521742,1126.2971739130435
26/07/2025,9,409.56260869565216,0,255.99710856521742,0,255.99710856521742,1126.2971739130435
26/07/2025,10,409.56260869565216,0,255.99710856521742,0,255.99710856521742,1126.2971739130435
26/07/2025,11,409.56260869565216,0,255.99710856521742,0,255.99710856521742,1126.2971739130435
26/07/2025,12,409.56260869565216,0,255.99710856521742,0,255.99710856521742,1126.2971739130435
26/07/2025,13,409.56260869565216,0,255.99710856521742,0,255.99710856521742,1126.2971739130435
26/07/2025,14,409.56260869565216,0,255.99710856521742,0,255.99710856521742,1126.2971739130435
26/07/2025,15,409.56260869565216,0,255.99710856521742,0,255.99710856521742,1126.2971739130435
26/07/2025,16,409.56260869565216,0,255.99710856521742,0,255.99710856521742,1126.2971739130435
26/07/2025,17,409.56260869565216,0,255.99710856521742,0,255.99710856521742,1126.2971739130435
26/07/2025,18,409.56260869565216,0,255.99710856521742,0,255.99710856521742,1126.2971739130435
26/07/2025,19,409.56260869565216,0,255.99710856521742,0,255.99710856521742,1126.2971739130435
26/07/2025,20,409.56260869565216,0,255.99710856521742,0,255.99710856521742,1126.2971739130435
26/07/2025,21,409.56260869565216,0,255.99710856521742,0,255.99710856521742,1126.2971739130435
26/07/2025,22,409.56260869565216,0,255.99710856521742,0,255.99710856521742,1126.2971739130435
26/07/2025,23,409.56260869565216,0,255.99710856521742,0,255.99710856521742,1126.2971739130435
26/07/2025,24,409.56260869565216,0,255.99710856521742,0,255.99710856521742,1126.2971739130435
27/07/2025,1,409.56260869565216,0,255.99710856521742,0,255.99710856521742,1126.2971739130435
27/07/2025,2,409.56260869565216,0,255.99710856521742,0,255.99710856521742,1126.2971739130435
27/07/2025,3,409.56260869565216,0,255.99710856521742,0,255.99710856521742,1126.2971739130435
27/07/2025,4,409.56260869565216,0,255.99710856521742,0,255.99710856521742,1126.2971739130435
27/07/2025,5,409.56260869565216,0,255.99710856521742,0,255.99710856521742,1126.2971739130435
27/07/2025,6,409.56260869565216,0,255.99710856521742,0,255.99710856521742,1126.2971739130435
27/07/2025,7,409.56260869565216,0,255.99710856521742,0,255.99710856521742,1126.2971739130435
27/07/2025,8,409.56260869565216,0,255.99710856521742,0,255.99710856521742,1126.2971739130435
27/07/2025,9,409.56260869565216,0,255.99710856521742,0,255.99710856521742,1126.2971739130435
27/07/2025,10,409.56260869565216,0,255.99710856521742,0,255.99710856521742,1126.2971739130435
27/07/2025,11,409.56260869565216,0,255.99710856521742,0,255.99710856521742,1126.2971739130435
27/07/2025,12,409.56260869565216,0,255.99710856521742,0,255.99710856521742,1126.2971739130435
27/07/2025,13,409.56260869565216,0,255.99710856521742,0,255.99710856521742,1126.2971739130435
27/07/2025,14,409.56260869565216,0,255.99710856521742,0,255.99710856521742,1126.2971739130435
27/07/2025,15,409.56260869565216,0,255.99710856521742,0,255.99710856521742,1126.2971739130435
27/07/2025,16,409.56260869565216,0,255.99710856521742,0,255.99710856521742,1126.2971739130435
27/07/2025,17,409.56260869565216,0,255.99710856521742,0,255.99710856521742,1126.2971739130435
27/07/2025,18,409.56260869565216,0,255.99710856521742,0,255.99710856521742,1126.2971739130435
27/07/2025,19,409.56260869565216,0,255.99710856521742,0,255.99710856521742,1126.2971739130435
27/07/2025,20,409.56260869565216,0,255.99710856521742,0,255.99710856521742,1126.2971739130435
27/07/2025,21,409.56260869565216,0,255.99710856521742,0,255.99710856521742,1126.2971739130435
27/07/2025,22,409.56260869565216,0,255.99710856521742,0,255.99710856521742,1126.2971739130435
27/07/2025,23,409.56260869565216,0,255.99710856521742,0,255.99710856521742,1126.2971739130435
27/07/2025,24,409.56260869565216,0,255.99710856521742,0,255.99710856521742,1126.2971739130435
28/07/2025,1,409.56260869565216,0,255.99710856521742,0,255.99710856521742,1126.2971739130435
28/07/2025,2,409.56260869565216,0,255.99710856521742,0,255.99710856521742,1126.2971739130435
28/07/2025,3,409.56260869565216,0,255.99710856521742,0,255.99710856521742,1126.2971739130435
28/07/2025,4,409.56260869565216,0,255.99710856521742,0,255.99710856521742,1126.2971739130435
28/07/2025,5,409.56260869565216,0,255.99710856521742,0,255.99710856521742,1126.2971739130435
28/07/2025,6,409.56260869565216,0,255.99710856521742,0,255.99710856521742,1126.2971739130435
28/07/2025,7,409.56260869565216,0,255.99710856521742,0,255.99710856521742,1126.2971739130435
28/07/2025,8,409.56260869565216,0,255.99710856521742,0,255.99710856521742,1126.2971739130435
28/07/2025,9,409.56260869565216,0,255.99710856521742,0,255.99710856521742,1126.2971739130435
28/07/2025,10,409.56260869565216,0,255.99710856521742,0,255.99710856521742,1126.2971739130435
28/07/2025,11,409.56260869565216,0,255.99710856521742,0,255.99710856521742,1126.2971739130435
28/07/2025,12,409.56260869565216,0,255.99710856521742,0,255.99710856521742,1126.2971739130435
28/07/2025,13,409.56260869565216,0,255.99710856521742,0,255.99710856521742,1126.2971739130435
28/07/2025,14,409.56260869565216,0,255.99710856521742,0,255.99710856521742,1126.2971739130435
28/07/2025,15,409.56260869565216,0,255.99710856521742,0,255.99710856521742,1126.2971739130435
28/07/2025,16,409.56260869565216,0,255.99710856521742,0,255.99710856521742,1126.2971739130435
28/07/2025,17,409.56260869565216,0,255.99710856521742,0,255.99710856521742,1126.2971739130435
28/07/2025,18,409.56260869565216,0,255.99710856521742,0,255.99710856521742,1126.2971739130435
28/07/2025,19,409.56260869565216,0,255.99710856521742,0,255.99710856521742,1126.2971739130435
28/07/2025,20,409.56260869565216,0,255.99710856521742,0,255.99710856521742,1126.2971739130435
28/07/2025,21,409.56260869565216,0,255.99710856521742,0,255.99710856521742,1126.2971739130435
28/07/2025,22,409.56260869565216,0,255.99710856521742,0,255.99710856521742,1126.2971739130435
28/07/2025,23,409.56260869565216,0,255.99710856521742,0,255.99710856521742,1126.2971739130435
28/07/2025,24,409.56260869565216,0,255.99710856521742,0,255.99710856521742,1126.2971739130435
29/07/2025,1,409.56260869565216,0,255.99710856521742,0,255.99710856521742,1126.2971739130435
29/07/2025,2,409.56260869565216,0,255.99710856521742,0,255.99710856521742,1126.2971739130435
29/07/2025,3,409.56260869565216,0,255.99710856521742,0,255.99710856521742,1126.2971739130435
29/07/2025,4,409.56260869565216,0,255.99710856521742,0,255.99710856521742,1126.2971739130435
29/07/2025,5,409.56260869565216,0,255.99710856521742,0,255.99710856521742,1126.2971739130435
29/07/2025,6,409.56260869565216,0,255.99710856521742,0,255.99710856521742,1126.2971739130435
29/07/2025,7,409.56260869565216,0,255.99710856521742,0,255.99710856521742,1126.2971739130435
29/07/2025,8,409.56260869565216,0,255.99710856521742,0,255.99710856521742,1126.2971739130435
29/07/2025,9,409.56260869565216,0,255.99710856521742,0,255.99710856521742,1126.2971739130435
29/07/2025,10,409.56260869565216,0,255.99710856521742,0,255.99710856521742,1126.2971739130435
29/07/2025,11,409.56260869565216,0,255.99710856521742,0,255.99710856521742,1126.2971739130435
29/07/2025,12,409.56260869565216,0,255.99710856521742,0,255.99710856521742,1126.2971739130435
29/07/2025,13,409.56260869565216,0,255.99710856521742,0,255.99710856521742,1126.2971739130435
29/07/2025,14,409.56260869565216,0,255.99710856521742,0,255.99710856521742,1126.2971739130435
29/07/2025,15,409.56260869565216,0,255.99710856521742,0,255.99710856521742,1126.2971739130435
29/07/2025,16,409.56260869565216,0,255.99710856521742,0,255.99710856521742,1126.2971739130435
29/07/2025,17,409.56260869565216,0,255.99710856521742,0,255.99710856521742,1126.2971739130435
29/07/2025,18,409.56260869565216,0,255.99710856521742,0,255.99710856521742,1126.2971739130435
29/07/2025,19,409.56260869565216,0,255.99710856521742,0,255.99710856521742,1126.2971739130435
29/07/2025,20,409.56260869565216,0,255.99710856521742,0,255.99710856521742,1126.2971739130435
29/07/2025,21,409.56260869565216,0,255.99710856521742,0,255.99710856521742,1126.2971739130435
29/07/2025,22,409.56260869565216,0,255.99710856521742,0,255.99710856521742,1126.2971739130435
29/07/2025,23,409.56260869565216,0,255.99710856521742,0,255.99710856521742,1126.2971739130435
29/07/2025,24,409.56260869565216,0,255.99710856521742,0,255.99710856521742,1126.2971739130435
30/07/2025,1,409.56260869565216,0,255.99710856521742,0,255.99710856521742,1126.2971739130435
30/07/2025,2,409.56260869565216,0,255.99710856521742,0,255.99710856521742,1126.2971739130435
30/07/2025,3,409.56260869565216,0,255.99710856521742,0,255.99710856521742,1126.2971739130435
30/07/2025,4,409.56260869565216,0,255.99710856521742,0,255.99710856521742,1126.2971739130435
30/07/2025,5,409.56260869565216,0,255.99710856521742,0,255.99710856521742,1126.2971739130435
30/07/2025,6,409.56260869565216,0,255.99710856521742,0,255.99710856521742,1126.2971739130435
30/07/2025,7,409.56260869565216,0,255.99710856521742,0,255.99710856521742,1126.2971739130435
30/07/2025,8,409.56260869565216,0,255.99710856521742,0,255.99710856521742,1126.2971739130435
30/07/2025,9,409.56260869565216,0,255.99710856521742,0,255.99710856521742,1126.2971739130435
30/07/2025,10,409.56260869565216,0,255.99710856521742,0,255.99710856521742,1126.2971739130435
30/07/2025,11,409.56260869565216,0,255.99710856521742,0,255.99710856521742,1126.2971739130435
30/07/2025,12,409.56260869565216,0,255.99710856521742,0,255.99710856521742,1126.2971739130435
30/07/2025,13,409.56260869565216,0,255.99710856521742,0,255.99710856521742,1126.2971739130435
30/07/2025,14,409.56260869565216,0,255.99710856521742,0,255.99710856521742,1126.2971739130435
30/07/2025,15,409.56260869565216,0,255.99710856521742,0,255.99710856521742,1126.2971739130435
30/07/2025,16,409.56260869565216,0,255.99710856521742,0,255.99710856521742,1126.2971739130435
30/07/2025,17,409.56260869565216,0,255.99710856521742,0,255.99710856521742,1126.2971739130435
30/07/2025,18,409.56260869565216,0,255.99710856521742,0,255.99710856521742,1126.2971739130435
30/07/2025,19,409.56260869565216,0,255.99710856521742,0,255.99710856521742,1126.2971739130435
30/07/2025,20,409.56260869565216,0,255.99710856521742,0,255.99710856521742,1126.2971739130435
30/07/2025,21,409.56260869565216,0,255.99710856521742,0,255.99710856521742,1126.2971739130435
30/07/2025,22,409.56260869565216,0,255.99710856521742,0,255.99710856521742,1126.2971739130435
30/07/2025,23,409.56260869565216,0,255.99710856521742,0,255.99710856521742,1126.2971739130435
30/07/2025,24,409.56260869565216,0,255.99710856521742,0,255.99710856521742,1126.2971739130435
31/07/2025,1,409.56260869565216,0,255.99710856521742,0,255.99710856521742,1126.2971739130435
31/07/2025,2,409.56260869565216,0,255.99710856521742,0,255.99710856521742,1126.2971739130435
31/07/2025,3,409.56260869565216,0,255.99710856521742,0,255.99710856521742,1126.2971739130435
31/07/2025,4,409.56260869565216,0,255.99710856521742,0,255.99710856521742,1126.2971739130435
31/07/2025,5,409.56260869565216,0,255.99710856521742,0,255.99710856521742,1126.2971739130435
31/07/2025,6,409.56260869565216,0,255.99710856521742,0,255.99710856521742,1126.2971739130435
31/07/2025,7,409.56260869565216,0,255.99710856521742,0,255.99710856521742,1126.2971739130435
31/07/2025,8,409.56260869565216,0,255.99710856521742,0,255.99710856521742,1126.2971739130435
31/07/2025,9,409.56260869565216,0,255.99710856521742,0,255.99710856521742,1126.2971739130435
31/07/2025,10,409.56260869565216,0,255.99710856521742,0,255.99710856521742,1126.2971739130435
31/07/2025,11,409.56260869565216,0,255.99710856521742,0,255.99710856521742,1126.2971739130435
31/07/2025,12,409.56260869565216,0,255.99710856521742,0,255.99710856521742,1126.2971739130435
31/07/2025,13,409.56260869565216,0,255.99710856521742,0,255.99710856521742,1126.2971739130435
31/07/2025,14,409.56260869565216,0,255.99710856521742,0,255.99710856521742,1126.2971739130435
31/07/2025,15,409.56260869565216,0,255.99710856521742,0,255.99710856521742,1126.2971739130435
31/07/2025,16,409.56260869565216,0,255.99710856521742,0,255.99710856521742,1126.2971739130435
31/07/2025,17,409.56260869565216,0,255.99710856521742,0,255.99710856521742,1126.2971739130435
31/07/2025,18,409.56260869565216,0,255.99710856521742,0,255.99710856521742,1126.2971739130435
31/07/2025,19,409.56260869565216,0,255.99710856521742,0,255.99710856521742,1126.2971739130435
31/07/2025,20,409.56260869565216,0,255.99710856521742,0,255.99710856521742,1126.2971739130435
31/07/2025,21,409.56260869565216,0,255.99710856521742,0,255.99710856521742,1126.2971739130435
31/07/2025,22,409.56260869565216,0,255.99710856521742,0,255.99710856521742,1126.2971739130435
31/07/2025,23,409.56260869565216,0,255.99710856521742,0,255.99710856521742,1126.2971739130435
31/07/2025,24,409.56260869565216,0,255.99710856521742,0,255.99710856521742,1126.2971739130435
01/08/2025,1,409.56260869565216,0,255.99710856521742,0,255.99710856521742,1126.2971739130435
01/08/2025,2,409.56260869565216,0,255.99710856521742,0,255.99710856521742,1126.2971739130435
01/08/2025,3,409.56260869565216,0,255.99710856521742,0,255.99710856521742,1126.2971739130435
01/08/2025,4,409.56260869565216,0,255.99710856521742,0,255.99710856521742,1126.2971739130435
01/08/2025,5,409.56260869565216,0,255.99710856521742,0,255.99710856521742,1126.2971739130435
01/08/2025,6,409.56260869565216,0,255.99710856521742,0,255.99710856521742,1126.2971739130435
01/08/2025,7,409.56260869565216,0,255.99710856521742,0,255.99710856521742,1126.2971739130435
01/08/2025,8,409.56260869565216,0,255.99710856521742,0,255.99710856521742,1126.2971739130435
01/08/2025,9,409.56260869565216,0,255.99710856521742,0,255.99710856521742,1126.2971739130435
01/08/2025,10,409.56260869565216,0,255.99710856521742,0,255.99710856521742,1126.2971739130435
01/08/2025,11,409.56260869565216,0,255.99710856521742,0,255.99710856521742,1126.2971739130435
01/08/2025,12,409.56260869565216,0,255.99710856521742,0,255.99710856521742,1126.2971739130435
01/08/2025,13,409.56260869565216,0,255.99710856521742,0,255.99710856521742,1126.2971739130435
01/08/2025,14,409.56260869565216,0,255.99710856521742,0,255.99710856521742,1126.2971739130435
01/08/2025,15,409.56260869565216,0,255.99710856521742,0,255.99710856521742,1126.2971739130435
01/08/2025,16,409.56260869565216,0,255.99710856521742,0,255.99710856521742,1126.2971739130435
01/08/2025,17,409.56260869565216,0,255.99710856521742,0,255.99710856521742,1126.2971739130435
01/08/2025,18,409.56260869565216,0,255.99710856521742,0,255.99710856521742,1126.2971739130435
01/08/2025,19,409.56260869565216,0,255.99710856521742,0,255.99710856521742,1126.2971739130435
01/08/2025,20,409.56260869565216,0,255.99710856521742,0,255.99710856521742,1126.2971739130435
01/08/2025,21,409.56260869565216,0,255.99710856521742,0,255.99710856521742,1126.2971739130435
01/08/2025,22,409.56260869565216,0,255.99710856521742,0,255.99710856521742,1126.2971739130435
01/08/2025,23,409.56260869565216,0,255.99710856521742,0,255.99710856521742,1126.2971739130435
01/08/2025,24,409.56260869565216,0,255.99710856521742,0,255.99710856521742,1126.2971739130435
02/08/2025,1,409.56260869565216,0,255.99710856521742,0,255.99710856521742,1126.2971739130435
02/08/2025,2,409.56260869565216,0,255.99710856521742,0,255.99710856521742,1126.2971739130435
02/08/2025,3,409.56260869565216,0,255.99710856521742,0,255.99710856521742,1126.2971739130435
02/08/2025,4,409.56260869565216,0,255.99710856521742,0,255.99710856521742,1126.2971739130435
02/08/2025,5,409.56260869565216,0,255.99710856521742,0,255.99710856521742,1126.2971739130435
02/08/2025,6,409.56260869565216,0,255.99710856521742,0,255.99710856521742,1126.2971739130435
02/08/2025,7,409.56260869565216,0,255.99710856521742,0,255.99710856521742,1126.2971739130435
02/08/2025,8,409.56260869565216,0,255.99710856521742,0,255.99710856521742,1126.2971739130435
02/08/2025,9,409.56260869565216,0,255.99710856521742,0,255.99710856521742,1126.2971739130435
02/08/2025,10,409.56260869565216,0,255.99710856521742,0,255.99710856521742,1126.2971739130435
02/08/2025,11,409.56260869565216,0,255.99710856521742,0,255.99710856521742,1126.2971739130435
02/08/2025,12,409.56260869565216,0,255.99710856521742,0,255.99710856521742,1126.2971739130435
02/08/2025,13,409.56260869565216,0,255.99710856521742,0,255.99710856521742,1126.2971739130435
02/08/2025,14,409.56260869565216,0,255.99710856521742,0,255.99710856521742,1126.2971739130435
02/08/2025,15,409.56260869565216,0,255.99710856521742,0,255.99710856521742,1126.2971739130435
02/08/2025,16,409.56260869565216,0,255.99710856521742,0,255.99710856521742,1126.2971739130435
02/08/2025,17,409.56260869565216,0,255.99710856521742,0,255.99710856521742,1126.2971739130435
02/08/2025,18,409.56260869565216,0,255.99710856521742,0,255.99710856521742,1126.2971739130435
02/08/2025,19,409.56260869565216,0,255.99710856521742,0,255.99710856521742,1126.2971739130435
02/08/2025,20,409.56260869565216,0,255.99710856521742,0,255.99710856521742,1126.2971739130435
02/08/2025,21,409.56260869565216,0,255.99710856521742,0,255.99710856521742,1126.2971739130435
02/08/2025,22,409.56260869565216,0,255.99710856521742,0,255.99710856521742,1126.2971739130435
02/08/2025,23,409.56260869565216,0,255.99710856521742,0,255.99710856521742,1126.2971739130435
02/08/2025,24,409.56260869565216,0,255.99710856521742,0,255.99710856521742,1126.2971739130435
03/08/2025,1,409.56260869565216,0,255.99710856521742,0,255.99710856521742,1126.2971739130435
03/08/2025,2,409.56260869565216,0,255.99710856521742,0,255.99710856521742,1126.2971739130435
03/08/2025,3,409.56260869565216,0,255.99710856521742,0,255.99710856521742,1126.2971739130435
03/08/2025,4,409.56260869565216,0,255.99710856521742,0,255.99710856521742,1126.2971739130435
03/08/2025,5,409.56260869565216,0,255.99710856521742,0,255.99710856521742,1126.2971739130435
03/08/2025,6,409.56260869565216,0,255.99710856521742,0,255.99710856521742,1126.2971739130435
03/08/2025,7,409.56260869565216,0,255.99710856521742,0,255.99710856521742,1126.2971739130435
03/08/2025,8,409.56260869565216,0,255.99710856521742,0,255.99710856521742,1126.2971739130435
03/08/2025,9,409.56260869565216,0,255.99710856521742,0,255.99710856521742,1126.2971739130435
03/08/2025,10,409.56260869565216,0,255.99710856521742,0,255.99710856521742,1126.2971739130435
03/08/2025,11,409.56260869565216,0,255.99710856521742,0,255.99710856521742,1126.2971739130435
03/08/2025,12,409.56260869565216,0,255.99710856521742,0,255.99710856521742,1126.2971739130435
03/08/2025,13,409.56260869565216,0,255.99710856521742,0,255.99710856521742,1126.2971739130435
03/08/2025,14,409.56260869565216,0,255.99710856521742,0,255.99710856521742,1126.2971739130435
03/08/2025,15,409.56260869565216,0,255.99710856521742,0,255.99710856521742,1126.2971739130435
03/08/2025,16,409.56260869565216,0,255.99710856521742,0,255.99710856521742,1126.2971739130435
03/08/2025,17,409.56260869565216,0,255.99710856521742,0,255.99710856521742,1126.2971739130435
03/08/2025,18,409.56260869565216,0,255.99710856521742,0,255.99710856521742,1126.2971739130435
03/08/2025,19,409.56260869565216,0,255.99710856521742,0,255.99710856521742,1126.2971739130435
03/08/2025,20,409.56260869565216,0,255.99710856521742,0,255.99710856521742,1126.2971739130435
03/08/2025,21,409.56260869565216,0,255.99710856521742,0,255.99710856521742,1126.2971739130435
03/08/2025,22,409.56260869565216,0,255.99710856521742,0,255.99710856521742,1126.2971739130435
03/08/2025,23,409.56260869565216,0,255.99710856521742,0,255.99710856521742,1126.2971739130435
03/08/2025,24,409.56260869565216,0,255.99710856521742,0,255.99710856521742,1126.2971739130435
04/08/2025,1,409.56260869565216,0,255.99710856521742,0,255.99710856521742,1126.2971739130435
04/08/2025,2,409.56260869565216,0,255.99710856521742,0,255.99710856521742,1126.2971739130435
04/08/2025,3,409.56260869565216,0,255.99710856521742,0,255.99710856521742,1126.2971739130435
04/08/2025,4,409.56260869565216,0,255.99710856521742,0,255.99710856521742,1126.2971739130435
04/08/2025,5,409.56260869565216,0,255.99710856521742,0,255.99710856521742,1126.2971739130435
04/08/2025,6,409.56260869565216,0,255.99710856521742,0,255.99710856521742,1126.2971739130435
04/08/2025,7,409.56260869565216,0,255.99710856521742,0,255.99710856521742,1126.2971739130435
04/08/2025,8,409.56260869565216,0,255.99710856521742,0,255.99710856521742,1126.2971739130435
04/08/2025,9,409.56260869565216,0,255.99710856521742,0,255.99710856521742,1126.2971739130435
04/08/2025,10,409.56260869565216,0,255.99710856521742,0,255.99710856521742,1126.2971739130435
04/08/2025,11,409.56260869565216,0,255.99710856521742,0,255.99710856521742,1126.2971739130435
04/08/2025,12,409.56260869565216,0,255.99710856521742,0,255.99710856521742,1126.2971739130435
04/08/2025,13,409.56260869565216,0,255.99710856521742,0,255.99710856521742,1126.2971739130435
04/08/2025,14,409.56260869565216,0,255.99710856521742,0,255.99710856521742,1126.2971739130435
04/08/2025,15,409.56260869565216,0,255.99710856521742,0,255.99710856521742,1126.2971739130435
04/08/2025,16,409.56260869565216,0,255.99710856521742,0,255.99710856521742,1126.2971739130435
04/08/2025,17,409.56260869565216,0,255.99710856521742,0,255.99710856521742,1126.2971739130435
04/08/2025,18,409.56260869565216,0,255.99710856521742,0,255.99710856521742,1126.2971739130435
04/08/2025,19,409.56260869565216,0,255.99710856521742,0,255.99710856521742,1126.2971739130435
04/08/2025,20,409.56260869565216,0,255.99710856521742,0,255.99710856521742,1126.2971739130435
04/08/2025,21,409.56260869565216,0,255.99710856521742,0,255.99710856521742,1126.2971739130435
04/08/2025,22,409.56260869565216,0,255.99710856521742,0,255.99710856521742,1126.2971739130435
04/08/2025,23,409.56260869565216,0,255.99710856521742,0,255.99710856521742,1126.2971739130435
04/08/2025,24,409.56260869565216,0,255.99710856521742,0,255.99710856521742,1126.2971739130435
05/08/2025,1,409.56260869565216,0,255.99710856521742,0,255.99710856521742,1126.2971739130435
05/08/2025,2,409.56260869565216,0,255.99710856521742,0,255.99710856521742,1126.2971739130435
05/08/2025,3,409.56260869565216,0,255.99710856521742,0,255.99710856521742,1126.2971739130435
05/08/2025,4,409.56260869565216,0,255.99710856521742,0,255.99710856521742,1126.2971739130435
05/08/2025,5,409.56260869565216,0,255.99710856521742,0,255.99710856521742,1126.2971739130435
05/08/2025,6,409.56260869565216,0,255.99710856521742,0,255.99710856521742,1126.2971739130435
05/08/2025,7,409.56260869565216,0,255.99710856521742,0,255.99710856521742,1126.2971739130435
05/08/2025,8,409.56260869565216,0,255.99710856521742,0,255.99710856521742,1126.2971739130435
05/08/2025,9,409.56260869565216,0,255.99710856521742,0,255.99710856521742,1126.2971739130435
05/08/2025,10,409.56260869565216,0,255.99710856521742,0,255.99710856521742,1126.2971739130435
05/08/2025,11,409.56260869565216,0,255.99710856521742,0,255.99710856521742,1126.2971739130435
05/08/2025,12,409.56260869565216,0,255.99710856521742,0,255.99710856521742,1126.2971739130435
05/08/2025,13,409.56260869565216,0,255.99710856521742,0,255.99710856521742,1126.2971739130435
05/08/2025,14,409.56260869565216,0,255.99710856521742,0,255.99710856521742,1126.2971739130435
05/08/2025,15,409.56260869565216,0,255.99710856521742,0,255.99710856521742,1126.2971739130435
05/08/2025,16,409.56260869565216,0,255.99710856521742,0,255.99710856521742,1126.2971739130435
05/08/2025,17,409.56260869565216,0,255.99710856521742,0,255.99710856521742,1126.2971739130435
05/08/2025,18,409.56260869565216,0,255.99710856521742,0,255.99710856521742,1126.2971739130435
05/08/2025,19,409.56260869565216,0,255.99710856521742,0,255.99710856521742,1126.2971739130435
05/08/2025,20,409.56260869565216,0,255.99710856521742,0,255.99710856521742,1126.2971739130435
05/08/2025,21,409.56260869565216,0,255.99710856521742,0,255.99710856521742,1126.2971739130435
05/08/2025,22,409.56260869565216,0,255.99710856521742,0,255.99710856521742,1126.2971739130435
05/08/2025,23,409.56260869565216,0,255.99710856521742,0,255.99710856521742,1126.2971739130435
05/08/2025,24,409.56260869565216,0,255.99710856521742,0,255.99710856521742,1126.2971739130435
06/08/2025,1,409.56260869565216,0,255.99710856521742,0,255.99710856521742,1126.2971739130435
06/08/2025,2,409.56260869565216,0,255.99710856521742,0,255.99710856521742,1126.2971739130435
06/08/2025,3,409.56260869565216,0,255.99710856521742,0,255.99710856521742,1126.2971739130435
06/08/2025,4,409.56260869565216,0,255.99710856521742,0,255.99710856521742,1126.2971739130435
06/08/2025,5,409.56260869565216,0,255.99710856521742,0,255.99710856521742,1126.2971739130435
06/08/2025,6,409.56260869565216,0,255.99710856521742,0,255.99710856521742,1126.2971739130435
06/08/2025,7,409.56260869565216,0,255.99710856521742,0,255.99710856521742,1126.2971739130435
06/08/2025,8,409.56260869565216,0,255.99710856521742,0,255.99710856521742,1126.2971739130435
06/08/2025,9,409.56260869565216,0,255.99710856521742,0,255.99710856521742,1126.2971739130435
06/08/2025,10,409.56260869565216,0,255.99710856521742,0,255.99710856521742,1126.2971739130435
06/08/2025,11,409.56260869565216,0,255.99710856521742,0,255.99710856521742,1126.2971739130435
06/08/2025,12,409.56260869565216,0,255.99710856521742,0,255.99710856521742,1126.2971739130435
06/08/2025,13,409.56260869565216,0,255.99710856521742,0,255.99710856521742,1126.2971739130435
06/08/2025,14,409.56260869565216,0,255.99710856521742,0,255.99710856521742,1126.2971739130435
06/08/2025,15,409.56260869565216,0,255.99710856521742,0,255.99710856521742,1126.2971739130435
06/08/2025,16,409.56260869565216,0,255.99710856521742,0,255.99710856521742,1126.2971739130435
06/08/2025,17,409.56260869565216,0,255.99710856521742,0,255.99710856521742,1126.2971739130435
06/08/2025,18,409.56260869565216,0,255.99710856521742,0,255.99710856521742,1126.2971739130435
06/08/2025,19,409.56260869565216,0,255.99710856521742,0,255.99710856521742,1126.2971739130435
06/08/2025,20,409.56260869565216,0,255.99710856521742,0,255.99710856521742,1126.2971739130435
06/08/2025,21,409.56260869565216,0,255.99710856521742,0,255.99710856521742,1126.2971739130435
06/08/2025,22,409.56260869565216,0,255.99710856521742,0,255.99710856521742,1126.2971739130435
06/08/2025,23,409.56260869565216,0,255.99710856521742,0,255.99710856521742,1126.2971739130435
06/08/2025,24,409.56260869565216,0,255.99710856521742,0,255.99710856521742,1126.2971739130435
07/08/2025,1,409.56260869565216,0,255.99710856521742,0,255.99710856521742,1126.2971739130435
07/08/2025,2,409.56260869565216,0,255.99710856521742,0,255.99710856521742,1126.2971739130435
07/08/2025,3,409.56260869565216,0,255.99710856521742,0,255.99710856521742,1126.2971739130435
07/08/2025,4,409.56260869565216,0,255.99710856521742,0,255.99710856521742,1126.2971739130435
07/08/2025,5,409.56260869565216,0,255.99710856521742,0,255.99710856521742,1126.2971739130435
07/08/2025,6,409.56260869565216,0,255.99710856521742,0,255.99710856521742,1126.2971739130435
07/08/2025,7,409.56260869565216,0,255.99710856521742,0,255.99710856521742,1126.2971739130435
07/08/2025,8,409.56260869565216,0,255.99710856521742,0,255.99710856521742,1126.2971739130435
07/08/2025,9,409.56260869565216,0,255.99710856521742,0,255.99710856521742,1126.2971739130435
07/08/2025,10,409.56260869565216,0,255.99710856521742,0,255.99710856521742,1126.2971739130435
07/08/2025,11,409.56260869565216,0,255.99710856521742,0,255.99710856521742,1126.2971739130435
07/08/2025,12,409.56260869565216,0,255.99710856521742,0,255.99710856521742,1126.2971739130435
07/08/2025,13,409.56260869565216,0,255.99710856521742,0,255.99710856521742,1126.2971739130435
07/08/2025,14,409.56260869565216,0,255.99710856521742,0,255.99710856521742,1126.2971739130435
07/08/2025,15,409.56260869565216,0,255.99710856521742,0,255.99710856521742,1126.2971739130435
07/08/2025,16,409.56260869565216,0,255.99710856521742,0,255.99710856521742,1126.2971739130435
07/08/2025,17,409.56260869565216,0,255.99710856521742,0,255.99710856521742,1126.2971739130435
07/08/2025,18,409.56260869565216,0,255.99710856521742,0,255.99710856521742,1126.2971739130435
07/08/2025,19,409.56260869565216,0,255.99710856521742,0,255.99710856521742,1126.2971739130435
07/08/2025,20,409.56260869565216,0,255.99710856521742,0,255.99710856521742,1126.2971739130435
07/08/2025,21,409.56260869565216,0,255.99710856521742,0,255.99710856521742,1126.2971739130435
07/08/2025,22,409.56260869565216,0,255.99710856521742,0,255.99710856521742,1126.2971739130435
07/08/2025,23,409.56260869565216,0,255.99710856521742,0,255.99710856521742,1126.2971739130435
07/08/2025,24,409.56260869565216,0,255.99710856521742,0,255.99710856521742,1126.2971739130435
08/08/2025,1,409.56260869565216,0,255.99710856521742,0,255.99710856521742,1126.2971739130435
08/08/2025,2,409.56260869565216,0,255.99710856521742,0,255.99710856521742,1126.2971739130435
08/08/2025,3,409.56260869565216,0,255.99710856521742,0,255.99710856521742,1126.2971739130435
08/08/2025,4,409.56260869565216,0,255.99710856521742,0,255.99710856521742,1126.2971739130435
08/08/2025,5,409.56260869565216,0,255.99710856521742,0,255.99710856521742,1126.2971739130435
08/08/2025,6,409.56260869565216,0,255.99710856521742,0,255.99710856521742,1126.2971739130435
08/08/2025,7,409.56260869565216,0,255.99710856521742,0,255.99710856521742,1126.2971739130435
08/08/2025,8,409.56260869565216,0,255.99710856521742,0,255.99710856521742,1126.2971739130435
08/08/2025,9,409.56260869565216,0,255.99710856521742,0,255.99710856521742,1126.2971739130435
08/08/2025,10,409.56260869565216,0,255.99710856521742,0,255.99710856521742,1126.2971739130435
08/08/2025,11,409.56260869565216,0,255.99710856521742,0,255.99710856521742,1126.2971739130435
08/08/2025,12,409.56260869565216,0,255.99710856521742,0,255.99710856521742,1126.2971739130435
08/08/2025,13,409.56260869565216,0,255.99710856521742,0,255.99710856521742,1126.2971739130435
08/08/2025,14,409.56260869565216,0,255.99710856521742,0,255.99710856521742,1126.2971739130435
08/08/2025,15,409.56260869565216,0,255.99710856521742,0,255.99710856521742,1126.2971739130435
08/08/2025,16,409.56260869565216,0,255.99710856521742,0,255.99710856521742,1126.2971739130435
08/08/2025,17,409.56260869565216,0,255.99710856521742,0,255.99710856521742,1126.2971739130435
08/08/2025,18,409.56260869565216,0,255.99710856521742,0,255.99710856521742,1126.2971739130435
08/08/2025,19,409.56260869565216,0,255.99710856521742,0,255.99710856521742,1126.2971739130435
08/08/2025,20,409.56260869565216,0,255.99710856521742,0,255.99710856521742,1126.2971739130435
08/08/2025,21,409.56260869565216,0,255.99710856521742,0,255.99710856521742,1126.2971739130435
08/08/2025,22,409.56260869565216,0,255.99710856521742,0,255.99710856521742,1126.2971739130435
08/08/2025,23,409.56260869565216,0,255.99710856521742,0,255.99710856521742,1126.2971739130435
08/08/2025,24,409.56260869565216,0,255.99710856521742,0,255.99710856521742,1126.2971739130435
09/08/2025,1,409.56260869565216,0,255.99710856521742,0,255.99710856521742,1126.2971739130435
09/08/2025,2,409.56260869565216,0,255.99710856521742,0,255.99710856521742,1126.2971739130435
09/08/2025,3,409.56260869565216,0,255.99710856521742,0,255.99710856521742,1126.2971739130435
09/08/2025,4,409.56260869565216,0,255.99710856521742,0,255.99710856521742,1126.2971739130435
09/08/2025,5,409.56260869565216,0,255.99710856521742,0,255.99710856521742,1126.2971739130435
09/08/2025,6,409.56260869565216,0,255.99710856521742,0,255.99710856521742,1126.2971739130435
09/08/2025,7,409.56260869565216,0,255.99710856521742,0,255.99710856521742,1126.2971739130435
09/08/2025,8,409.56260869565216,0,255.99710856521742,0,255.99710856521742,1126.2971739130435
09/08/2025,9,409.56260869565216,0,255.99710856521742,0,255.99710856521742,1126.2971739130435
09/08/2025,10,409.56260869565216,0,255.99710856521742,0,255.99710856521742,1126.2971739130435
09/08/2025,11,409.56260869565216,0,255.99710856521742,0,255.99710856521742,1126.2971739130435
09/08/2025,12,409.56260869565216,0,255.99710856521742,0,255.99710856521742,1126.2971739130435
09/08/2025,13,409.56260869565216,0,255.99710856521742,0,255.99710856521742,1126.2971739130435
09/08/2025,14,409.56260869565216,0,255.99710856521742,0,255.99710856521742,1126.2971739130435
09/08/2025,15,409.56260869565216,0,255.99710856521742,0,255.99710856521742,1126.2971739130435
09/08/2025,16,409.56260869565216,0,255.99710856521742,0,255.99710856521742,1126.2971739130435
09/08/2025,17,409.56260869565216,0,255.99710856521742,0,255.99710856521742,1126.2971739130435
09/08/2025,18,409.56260869565216,0,255.99710856521742,0,255.99710856521742,1126.2971739130435
09/08/2025,19,409.56260869565216,0,255.99710856521742,0,255.99710856521742,1126.2971739130435
09/08/2025,20,409.56260869565216,0,255.99710856521742,0,255.99710856521742,1126.2971739130435
09/08/2025,21,409.56260869565216,0,255.99710856521742,0,255.99710856521742,1126.2971739130435
09/08/2025,22,409.56260869565216,0,255.99710856521742,0,255.99710856521742,1126.2971739130435
09/08/2025,23,409.56260869565216,0,255.99710856521742,0,255.99710856521742,1126.2971739130435
09/08/2025,24,409.56260869565216,0,255.99710856521742,0,255.99710856521742,1126.2971739130435
10/08/2025,1,409.56260869565216,0,255.99710856521742,0,255.99710856521742,1126.2971739130435
10/08/2025,2,409.56260869565216,0,255.99710856521742,0,255.99710856521742,1126.2971739130435
10/08/2025,3,409.56260869565216,0,255.99710856521742,0,255.99710856521742,1126.2971739130435
10/08/2025,4,409.56260869565216,0,255.99710856521742,0,255.99710856521742,1126.2971739130435
10/08/2025,5,409.56260869565216,0,255.99710856521742,0,255.99710856521742,1126.2971739130435
10/08/2025,6,409.56260869565216,0,255.99710856521742,0,255.99710856521742,1126.2971739130435
10/08/2025,7,409.56260869565216,0,255.99710856521742,0,255.99710856521742,1126.2971739130435
10/08/2025,8,409.56260869565216,0,255.99710856521742,0,255.99710856521742,1126.2971739130435
10/08/2025,9,409.56260869565216,0,255.99710856521742,0,255.99710856521742,1126.2971739130435
10/08/2025,10,409.56260869565216,0,255.99710856521742,0,255.99710856521742,1126.2971739130435
10/08/2025,11,409.56260869565216,0,255.99710856521742,0,255.99710856521742,1126.2971739130435
10/08/2025,12,409.56260869565216,0,255.99710856521742,0,255.99710856521742,1126.2971739130435
10/08/2025,13,409.56260869565216,0,255.99710856521742,0,255.99710856521742,1126.2971739130435
10/08/2025,14,409.56260869565216,0,255.99710856521742,0,255.99710856521742,1126.2971739130435
10/08/2025,15,409.56260869565216,0,255.99710856521742,0,255.99710856521742,1126.2971739130435
10/08/2025,16,409.56260869565216,0,255.99710856521742,0,255.99710856521742,1126.2971739130435
10/08/2025,17,409.56260869565216,0,255.99710856521742,0,255.99710856521742,1126.2971739130435
10/08/2025,18,409.56260869565216,0,255.99710856521742,0,255.99710856521742,1126.2971739130435
10/08/2025,19,409.56260869565216,0,255.99710856521742,0,255.99710856521742,1126.2971739130435
10/08/2025,20,409.56260869565216,0,255.99710856521742,0,255.99710856521742,1126.2971739130435
10/08/2025,21,409.56260869565216,0,255.99710856521742,0,255.99710856521742,1126.2971739130435
10/08/2025,22,409.56260869565216,0,255.99710856521742,0,255.99710856521742,1126.2971739130435
10/08/2025,23,409.56260869565216,0,255.99710856521742,0,255.99710856521742,1126.2971739130435
10/08/2025,24,409.56260869565216,0,255.99710856521742,0,255.99710856521742,1126.2971739130435
11/08/2025,1,409.56260869565216,0,255.99710856521742,0,255.99710856521742,1126.2971739130435
11/08/2025,2,409.56260869565216,0,255.99710856521742,0,255.99710856521742,1126.2971739130435
11/08/2025,3,409.56260869565216,0,255.99710856521742,0,255.99710856521742,1126.2971739130435
11/08/2025,4,409.56260869565216,0,255.99710856521742,0,255.99710856521742,1126.2971739130435
11/08/2025,5,409.56260869565216,0,255.99710856521742,0,255.99710856521742,1126.2971739130435
11/08/2025,6,409.56260869565216,0,255.99710856521742,0,255.99710856521742,1126.2971739130435
11/08/2025,7,409.56260869565216,0,255.99710856521742,0,255.99710856521742,1126.2971739130435
11/08/2025,8,409.56260869565216,0,255.99710856521742,0,255.99710856521742,1126.2971739130435
11/08/2025,9,409.56260869565216,0,255.99710856521742,0,255.99710856521742,1126.2971739130435
11/08/2025,10,409.56260869565216,0,255.99710856521742,0,255.99710856521742,1126.2971739130435
11/08/2025,11,409.56260869565216,0,255.99710856521742,0,255.99710856521742,1126.2971739130435
11/08/2025,12,409.56260869565216,0,255.99710856521742,0,255.99710856521742,1126.2971739130435
11/08/2025,13,409.56260869565216,0,255.99710856521742,0,255.99710856521742,1126.2971739130435
11/08/2025,14,409.56260869565216,0,255.99710856521742,0,255.99710856521742,1126.2971739130435
11/08/2025,15,409.56260869565216,0,255.99710856521742,0,255.99710856521742,1126.2971739130435
11/08/2025,16,409.56260869565216,0,255.99710856521742,0,255.99710856521742,1126.2971739130435
11/08/2025,17,409.56260869565216,0,255.99710856521742,0,255.99710856521742,1126.2971739130435
11/08/2025,18,409.56260869565216,0,255.99710856521742,0,255.99710856521742,1126.2971739130435
11/08/2025,19,409.56260869565216,0,255.99710856521742,0,255.99710856521742,1126.2971739130435
11/08/2025,20,409.56260869565216,0,255.99710856521742,0,255.99710856521742,1126.2971739130435
11/08/2025,21,409.56260869565216,0,255.99710856521742,0,255.99710856521742,1126.2971739130435
11/08/2025,22,409.56260869565216,0,255.99710856521742,0,255.99710856521742,1126.2971739130435
11/08/2025,23,409.56260869565216,0,255.99710856521742,0,255.99710856521742,1126.2971739130435
11/08/2025,24,409.56260869565216,0,255.99710856521742,0,255.99710856521742,1126.2971739130435
12/08/2025,1,409.56260869565216,0,255.99710856521742,0,255.99710856521742,1126.2971739130435
12/08/2025,2,409.56260869565216,0,255.99710856521742,0,255.99710856521742,1126.2971739130435
12/08/2025,3,409.56260869565216,0,255.99710856521742,0,255.99710856521742,1126.2971739130435
12/08/2025,4,409.56260869565216,0,255.99710856521742,0,255.99710856521742,1126.2971739130435
12/08/2025,5,409.56260869565216,0,255.99710856521742,0,255.99710856521742,1126.2971739130435
12/08/2025,6,409.56260869565216,0,255.99710856521742,0,255.99710856521742,1126.2971739130435
12/08/2025,7,409.56260869565216,0,255.99710856521742,0,255.99710856521742,1126.2971739130435
12/08/2025,8,409.56260869565216,0,255.99710856521742,0,255.99710856521742,1126.2971739130435
12/08/2025,9,409.56260869565216,0,255.99710856521742,0,255.99710856521742,1126.2971739130435
12/08/2025,10,409.56260869565216,0,255.99710856521742,0,255.99710856521742,1126.2971739130435
12/08/2025,11,409.56260869565216,0,255.99710856521742,0,255.99710856521742,1126.2971739130435
12/08/2025,12,409.56260869565216,0,255.99710856521742,0,255.99710856521742,1126.2971739130435
12/08/2025,13,409.56260869565216,0,255.99710856521742,0,255.99710856521742,1126.2971739130435
12/08/2025,14,409.56260869565216,0,255.99710856521742,0,255.99710856521742,1126.2971739130435
12/08/2025,15,409.56260869565216,0,255.99710856521742,0,255.99710856521742,1126.2971739130435
12/08/2025,16,409.56260869565216,0,255.99710856521742,0,255.99710856521742,1126.2971739130435
12/08/2025,17,409.56260869565216,0,255.99710856521742,0,255.99710856521742,1126.2971739130435
12/08/2025,18,409.56260869565216,0,255.99710856521742,0,255.99710856521742,1126.2971739130435
12/08/2025,19,409.56260869565216,0,255.99710856521742,0,255.99710856521742,1126.2971739130435
12/08/2025,20,409.56260869565216,0,255.99710856521742,0,255.99710856521742,1126.2971739130435
12/08/2025,21,409.56260869565216,0,255.99710856521742,0,255.99710856521742,1126.2971739130435
12/08/2025,22,409.56260869565216,0,255.99710856521742,0,255.99710856521742,1126.2971739130435
12/08/2025,23,409.56260869565216,0,255.99710856521742,0,255.99710856521742,1126.2971739130435
12/08/2025,24,409.56260869565216,0,255.99710856521742,0,255.99710856521742,1126.2971739130435
13/08/2025,1,409.56260869565216,0,255.99710856521742,0,255.99710856521742,1126.2971739130435
13/08/2025,2,409.56260869565216,0,255.99710856521742,0,255.99710856521742,1126.2971739130435
13/08/2025,3,409.56260869565216,0,255.99710856521742,0,255.99710856521742,1126.2971739130435
13/08/2025,4,409.56260869565216,0,255.99710856521742,0,255.99710856521742,1126.2971739130435
13/08/2025,5,409.56260869565216,0,255.99710856521742,0,255.99710856521742,1126.2971739130435
13/08/2025,6,409.56260869565216,0,255.99710856521742,0,255.99710856521742,1126.2971739130435
13/08/2025,7,409.56260869565216,0,255.99710856521742,0,255.99710856521742,1126.2971739130435
13/08/2025,8,409.56260869565216,0,255.99710856521742,0,255.99710856521742,1126.2971739130435
13/08/2025,9,409.56260869565216,0,255.99710856521742,0,255.99710856521742,1126.2971739130435
13/08/2025,10,409.56260869565216,0,255.99710856521742,0,255.99710856521742,1126.2971739130435
13/08/2025,11,409.56260869565216,0,255.99710856521742,0,255.99710856521742,1126.2971739130435
13/08/2025,12,409.56260869565216,0,255.99710856521742,0,255.99710856521742,1126.2971739130435
13/08/2025,13,409.56260869565216,0,255.99710856521742,0,255.99710856521742,1126.2971739130435
13/08/2025,14,409.56260869565216,0,255.99710856521742,0,255.99710856521742,1126.2971739130435
13/08/2025,15,409.56260869565216,0,255.99710856521742,0,255.99710856521742,1126.2971739130435
13/08/2025,16,409.56260869565216,0,255.99710856521742,0,255.99710856521742,1126.2971739130435
13/08/2025,17,409.56260869565216,0,255.99710856521742,0,255.99710856521742,1126.2971739130435
13/08/2025,18,409.56260869565216,0,255.99710856521742,0,255.99710856521742,1126.2971739130435
13/08/2025,19,409.56260869565216,0,255.99710856521742,0,255.99710856521742,1126.2971739130435
13/08/2025,20,409.56260869565216,0,255.99710856521742,0,255.99710856521742,1126.2971739130435
13/08/2025,21,409.56260869565216,0,255.99710856521742,0,255.99710856521742,1126.2971739130435
13/08/2025,22,409.56260869565216,0,255.99710856521742,0,255.99710856521742,1126.2971739130435
13/08/2025,23,409.56260869565216,0,255.99710856521742,0,255.99710856521742,1126.2971739130435
13/08/2025,24,409.56260869565216,0,255.99710856521742,0,255.99710856521742,1126.2971739130435
14/08/2025,1,409.56260869565216,0,255.99710856521742,0,255.99710856521742,1126.2971739130435
14/08/2025,2,409.56260869565216,0,255.99710856521742,0,255.99710856521742,1126.2971739130435
14/08/2025,3,409.56260869565216,0,255.99710856521742,0,255.99710856521742,1126.2971739130435
14/08/2025,4,409.56260869565216,0,255.99710856521742,0,255.99710856521742,1126.2971739130435
14/08/2025,5,409.56260869565216,0,255.99710856521742,0,255.99710856521742,1126.2971739130435
14/08/2025,6,409.56260869565216,0,255.99710856521742,0,255.99710856521742,1126.2971739130435
14/08/2025,7,409.56260869565216,0,255.99710856521742,0,255.99710856521742,1126.2971739130435
14/08/2025,8,409.56260869565216,0,255.99710856521742,0,255.99710856521742,1126.2971739130435
14/08/2025,9,409.56260869565216,0,255.99710856521742,0,255.99710856521742,1126.2971739130435
14/08/2025,10,409.56260869565216,0,255.99710856521742,0,255.99710856521742,1126.2971739130435
14/08/2025,11,409.56260869565216,0,255.99710856521742,0,255.99710856521742,1126.2971739130435
14/08/2025,12,409.56260869565216,0,255.99710856521742,0,255.99710856521742,1126.2971739130435
14/08/2025,13,409.56260869565216,0,255.99710856521742,0,255.99710856521742,1126.2971739130435
14/08/2025,14,409.56260869565216,0,255.99710856521742,0,255.99710856521742,1126.2971739130435
14/08/2025,15,409.56260869565216,0,255.99710856521742,0,255.99710856521742,1126.2971739130435
14/08/2025,16,409.56260869565216,0,255.99710856521742,0,255.99710856521742,1126.2971739130435
14/08/2025,17,409.56260869565216,0,255.99710856521742,0,255.99710856521742,1126.2971739130435
14/08/2025,18,409.56260869565216,0,255.99710856521742,0,255.99710856521742,1126.2971739130435
14/08/2025,19,409.56260869565216,0,255.99710856521742,0,255.99710856521742,1126.2971739130435
14/08/2025,20,409.56260869565216,0,255.99710856521742,0,255.99710856521742,1126.2971739130435
14/08/2025,21,409.56260869565216,0,255.99710856521742,0,255.99710856521742,1126.2971739130435
14/08/2025,22,409.56260869565216,0,255.99710856521742,0,255.99710856521742,1126.2971739130435
14/08/2025,23,409.56260869565216,0,255.99710856521742,0,255.99710856521742,1126.2971739130435
14/08/2025,24,409.56260869565216,0,255.99710856521742,0,255.99710856521742,1126.2971739130435
15/08/2025,1,409.56260869565216,0,255.99710856521742,0,255.99710856521742,1126.2971739130435
15/08/2025,2,409.56260869565216,0,255.99710856521742,0,255.99710856521742,1126.2971739130435
15/08/2025,3,409.56260869565216,0,255.99710856521742,0,255.99710856521742,1126.2971739130435
15/08/2025,4,409.56260869565216,0,255.99710856521742,0,255.99710856521742,1126.2971739130435
15/08/2025,5,409.56260869565216,0,255.99710856521742,0,255.99710856521742,1126.2971739130435
15/08/2025,6,409.56260869565216,0,255.99710856521742,0,255.99710856521742,1126.2971739130435
15/08/2025,7,409.56260869565216,0,255.99710856521742,0,255.99710856521742,1126.2971739130435
15/08/2025,8,409.56260869565216,0,255.99710856521742,0,255.99710856521742,1126.2971739130435
15/08/2025,9,409.56260869565216,0,255.99710856521742,0,255.99710856521742,1126.2971739130435
15/08/2025,10,409.56260869565216,0,255.99710856521742,0,255.99710856521742,1126.2971739130435
15/08/2025,11,409.56260869565216,0,255.99710856521742,0,255.99710856521742,1126.2971739130435
15/08/2025,12,409.56260869565216,0,255.99710856521742,0,255.99710856521742,1126.2971739130435
15/08/2025,13,409.56260869565216,0,255.99710856521742,0,255.99710856521742,1126.2971739130435
15/08/2025,14,409.56260869565216,0,255.99710856521742,0,255.99710856521742,1126.2971739130435
15/08/2025,15,409.56260869565216,0,255.99710856521742,0,255.99710856521742,1126.2971739130435
15/08/2025,16,409.56260869565216,0,255.99710856521742,0,255.99710856521742,1126.2971739130435
15/08/2025,17,409.56260869565216,0,255.99710856521742,0,255.99710856521742,1126.2971739130435
15/08/2025,18,409.56260869565216,0,255.99710856521742,0,255.99710856521742,1126.2971739130435
15/08/2025,19,409.56260869565216,0,255.99710856521742,0,255.99710856521742,1126.2971739130435
15/08/2025,20,409.56260869565216,0,255.99710856521742,0,255.99710856521742,1126.2971739130435
15/08/2025,21,409.56260869565216,0,255.99710856521742,0,255.99710856521742,1126.2971739130435
15/08/2025,22,409.56260869565216,0,255.99710856521742,0,255.99710856521742,1126.2971739130435
15/08/2025,23,409.56260869565216,0,255.99710856521742,0,255.99710856521742,1126.2971739130435
15/08/2025,24,409.56260869565216,0,255.99710856521742,0,255.99710856521742,1126.2971739130435
16/08/2025,1,409.56260869565216,0,255.99710856521742,0,255.99710856521742,1126.2971739130435
16/08/2025,2,409.56260869565216,0,255.99710856521742,0,255.99710856521742,1126.2971739130435
16/08/2025,3,409.56260869565216,0,255.99710856521742,0,255.99710856521742,1126.2971739130435
16/08/2025,4,409.56260869565216,0,255.99710856521742,0,255.99710856521742,1126.2971739130435
16/08/2025,5,409.56260869565216,0,255.99710856521742,0,255.99710856521742,1126.2971739130435
16/08/2025,6,409.56260869565216,0,255.99710856521742,0,255.99710856521742,1126.2971739130435
16/08/2025,7,409.56260869565216,0,255.99710856521742,0,255.99710856521742,1126.2971739130435
16/08/2025,8,409.56260869565216,0,255.99710856521742,0,255.99710856521742,1126.2971739130435
16/08/2025,9,409.56260869565216,0,255.99710856521742,0,255.99710856521742,1126.2971739130435
16/08/2025,10,409.56260869565216,0,255.99710856521742,0,255.99710856521742,1126.2971739130435
16/08/2025,11,409.56260869565216,0,255.99710856521742,0,255.99710856521742,1126.2971739130435
16/08/2025,12,409.56260869565216,0,255.99710856521742,0,255.99710856521742,1126.2971739130435
16/08/2025,13,409.56260869565216,0,255.99710856521742,0,255.99710856521742,1126.2971739130435
16/08/2025,14,409.56260869565216,0,255.99710856521742,0,255.99710856521742,1126.2971739130435
16/08/2025,15,409.56260869565216,0,255.99710856521742,0,255.99710856521742,1126.2971739130435
16/08/2025,16,409.56260869565216,0,255.99710856521742,0,255.99710856521742,1126.2971739130435
16/08/2025,17,409.56260869565216,0,255.99710856521742,0,255.99710856521742,1126.2971739130435
16/08/2025,18,409.56260869565216,0,255.99710856521742,0,255.99710856521742,1126.2971739130435
16/08/2025,19,409.56260869565216,0,255.99710856521742,0,255.99710856521742,1126.2971739130435
16/08/2025,20,409.56260869565216,0,255.99710856521742,0,255.99710856521742,1126.2971739130435
16/08/2025,21,409.56260869565216,0,255.99710856521742,0,255.99710856521742,1126.2971739130435
16/08/2025,22,409.56260869565216,0,255.99710856521742,0,255.99710856521742,1126.2971739130435
16/08/2025,23,409.56260869565216,0,255.99710856521742,0,255.99710856521742,1126.2971739130435
16/08/2025,24,409.56260869565216,0,255.99710856521742,0,255.99710856521742,1126.2971739130435
17/08/2025,1,409.56260869565216,0,255.99710856521742,0,255.99710856521742,1126.2971739130435
17/08/2025,2,409.56260869565216,0,255.99710856521742,0,255.99710856521742,1126.2971739130435
17/08/2025,3,409.56260869565216,0,255.99710856521742,0,255.99710856521742,1126.2971739130435
17/08/2025,4,409.56260869565216,0,255.99710856521742,0,255.99710856521742,1126.2971739130435
17/08/2025,5,409.56260869565216,0,255.99710856521742,0,255.99710856521742,1126.2971739130435
17/08/2025,6,409.56260869565216,0,255.99710856521742,0,255.99710856521742,1126.2971739130435
17/08/2025,7,409.56260869565216,0,255.99710856521742,0,255.99710856521742,1126.2971739130435
17/08/2025,8,409.56260869565216,0,255.99710856521742,0,255.99710856521742,1126.2971739130435
17/08/2025,9,409.56260869565216,0,255.99710856521742,0,255.99710856521742,1126.2971739130435
17/08/2025,10,409.56260869565216,0,255.99710856521742,0,255.99710856521742,1126.2971739130435
17/08/2025,11,409.56260869565216,0,255.99710856521742,0,255.99710856521742,1126.2971739130435
17/08/2025,12,409.56260869565216,0,255.99710856521742,0,255.99710856521742,1126.2971739130435
17/08/2025,13,409.56260869565216,0,255.99710856521742,0,255.99710856521742,1126.2971739130435
17/08/2025,14,409.56260869565216,0,255.99710856521742,0,255.99710856521742,1126.2971739130435
17/08/2025,15,409.56260869565216,0,255.99710856521742,0,255.99710856521742,1126.2971739130435
17/08/2025,16,409.56260869565216,0,255.99710856521742,0,255.99710856521742,1126.2971739130435
17/08/2025,17,409.56260869565216,0,255.99710856521742,0,255.99710856521742,1126.2971739130435
17/08/2025,18,409.56260869565216,0,255.99710856521742,0,255.99710856521742,1126.2971739130435
17/08/2025,19,409.56260869565216,0,255.99710856521742,0,255.99710856521742,1126.2971739130435
17/08/2025,20,409.56260869565216,0,255.99710856521742,0,255.99710856521742,1126.2971739130435
17/08/2025,21,409.56260869565216,0,255.99710856521742,0,255.99710856521742,1126.2971739130435
17/08/2025,22,409.56260869565216,0,255.99710856521742,0,255.99710856521742,1126.2971739130435
17/08/2025,23,409.56260869565216,0,255.99710856521742,0,255.99710856521742,1126.2971739130435
17/08/2025,24,409.56260869565216,0,255.99710856521742,0,255.99710856521742,1126.2971739130435
18/08/2025,1,409.56260869565216,0,255.99710856521742,0,255.99710856521742,1126.2971739130435
18/08/2025,2,409.56260869565216,0,255.99710856521742,0,255.99710856521742,1126.2971739130435
18/08/2025,3,409.56260869565216,0,255.99710856521742,0,255.99710856521742,1126.2971739130435
18/08/2025,4,409.56260869565216,0,255.99710856521742,0,255.99710856521742,1126.2971739130435
18/08/2025,5,409.56260869565216,0,255.99710856521742,0,255.99710856521742,1126.2971739130435
18/08/2025,6,409.56260869565216,0,255.99710856521742,0,255.99710856521742,1126.2971739130435
18/08/2025,7,409.56260869565216,0,255.99710856521742,0,255.99710856521742,1126.2971739130435
18/08/2025,8,409.56260869565216,0,255.99710856521742,0,255.99710856521742,1126.2971739130435
18/08/2025,9,409.56260869565216,0,255.99710856521742,0,255.99710856521742,1126.2971739130435
18/08/2025,10,409.56260869565216,0,255.99710856521742,0,255.99710856521742,1126.2971739130435
18/08/2025,11,409.56260869565216,0,255.99710856521742,0,255.99710856521742,1126.2971739130435
18/08/2025,12,409.56260869565216,0,255.99710856521742,0,255.99710856521742,1126.2971739130435
18/08/2025,13,409.56260869565216,0,255.99710856521742,0,255.99710856521742,1126.2971739130435
18/08/2025,14,409.56260869565216,0,255.99710856521742,0,255.99710856521742,1126.2971739130435
18/08/2025,15,409.56260869565216,0,255.99710856521742,0,255.99710856521742,1126.2971739130435
18/08/2025,16,409.56260869565216,0,255.99710856521742,0,255.99710856521742,1126.2971739130435
18/08/2025,17,409.56260869565216,0,255.99710856521742,0,255.99710856521742,1126.2971739130435
18/08/2025,18,409.56260869565216,0,255.99710856521742,0,255.99710856521742,1126.2971739130435
18/08/2025,19,409.56260869565216,0,255.99710856521742,0,255.99710856521742,1126.2971739130435
18/08/2025,20,409.56260869565216,0,255.99710856521742,0,255.99710856521742,1126.2971739130435
18/08/2025,21,409.56260869565216,0,255.99710856521742,0,255.99710856521742,1126.2971739130435
18/08/2025,22,409.56260869565216,0,255.99710856521742,0,255.99710856521742,1126.2971739130435
18/08/2025,23,409.56260869565216,0,255.99710856521742,0,255.99710856521742,1126.2971739130435
18/08/2025,24,409.56260869565216,0,255.99710856521742,0,255.99710856521742,1126.2971739130435
19/08/2025,1,409.56260869565216,0,255.99710856521742,0,255.99710856521742,1126.2971739130435
19/08/2025,2,409.56260869565216,0,255.99710856521742,0,255.99710856521742,1126.2971739130435
19/08/2025,3,409.56260869565216,0,255.99710856521742,0,255.99710856521742,1126.2971739130435
19/08/2025,4,409.56260869565216,0,255.99710856521742,0,255.99710856521742,1126.2971739130435
19/08/2025,5,409.56260869565216,0,255.99710856521742,0,255.99710856521742,1126.2971739130435
19/08/2025,6,409.56260869565216,0,255.99710856521742,0,255.99710856521742,1126.2971739130435
19/08/2025,7,409.56260869565216,0,255.99710856521742,0,255.99710856521742,1126.2971739130435
19/08/2025,8,409.56260869565216,0,255.99710856521742,0,255.99710856521742,1126.2971739130435
19/08/2025,9,409.56260869565216,0,255.99710856521742,0,255.99710856521742,1126.2971739130435
19/08/2025,10,409.56260869565216,0,255.99710856521742,0,255.99710856521742,1126.2971739130435
19/08/2025,11,409.56260869565216,0,255.99710856521742,0,255.99710856521742,1126.2971739130435
19/08/2025,12,409.56260869565216,0,255.99710856521742,0,255.99710856521742,1126.2971739130435
19/08/2025,13,409.56260869565216,0,255.99710856521742,0,255.99710856521742,1126.2971739130435
19/08/2025,14,409.56260869565216,0,255.99710856521742,0,255.99710856521742,1126.2971739130435
19/08/2025,15,409.56260869565216,0,255.99710856521742,0,255.99710856521742,1126.2971739130435
19/08/2025,16,409.56260869565216,0,255.99710856521742,0,255.99710856521742,1126.2971739130435
19/08/2025,17,409.56260869565216,0,255.99710856521742,0,255.99710856521742,1126.2971739130435
19/08/2025,18,409.56260869565216,0,255.99710856521742,0,255.99710856521742,1126.2971739130435
19/08/2025,19,409.56260869565216,0,255.99710856521742,0,255.99710856521742,1126.2971739130435
19/08/2025,20,409.56260869565216,0,255.99710856521742,0,255.99710856521742,1126.2971739130435
19/08/2025,21,409.56260869565216,0,255.99710856521742,0,255.99710856521742,1126.2971739130435
19/08/2025,22,409.56260869565216,0,255.99710856521742,0,255.99710856521742,1126.2971739130435
19/08/2025,23,409.56260869565216,0,255.99710856521742,0,255.99710856521742,1126.2971739130435
19/08/2025,24,409.56260869565216,0,255.99710856521742,0,255.99710856521742,1126.2971739130435
20/08/2025,1,409.56260869565216,0,255.99710856521742,0,255.99710856521742,1126.2971739130435
20/08/2025,2,409.56260869565216,0,255.99710856521742,0,255.99710856521742,1126.2971739130435
20/08/2025,3,409.56260869565216,0,255.99710856521742,0,255.99710856521742,1126.2971739130435
20/08/2025,4,409.56260869565216,0,255.99710856521742,0,255.99710856521742,1126.2971739130435
20/08/2025,5,409.56260869565216,0,255.99710856521742,0,255.99710856521742,1126.2971739130435
20/08/2025,6,409.56260869565216,0,255.99710856521742,0,255.99710856521742,1126.2971739130435
20/08/2025,7,409.56260869565216,0,255.99710856521742,0,255.99710856521742,1126.2971739130435
20/08/2025,8,409.56260869565216,0,255.99710856521742,0,255.99710856521742,1126.2971739130435
20/08/2025,9,409.56260869565216,0,255.99710856521742,0,255.99710856521742,1126.2971739130435
20/08/2025,10,409.56260869565216,0,255.99710856521742,0,255.99710856521742,1126.2971739130435
20/08/2025,11,409.56260869565216,0,255.99710856521742,0,255.99710856521742,1126.2971739130435
20/08/2025,12,409.56260869565216,0,255.99710856521742,0,255.99710856521742,1126.2971739130435
20/08/2025,13,409.56260869565216,0,255.99710856521742,0,255.99710856521742,1126.2971739130435
20/08/2025,14,409.56260869565216,0,255.99710856521742,0,255.99710856521742,1126.2971739130435
20/08/2025,15,409.56260869565216,0,255.99710856521742,0,255.99710856521742,1126.2971739130435
20/08/2025,16,409.56260869565216,0,255.99710856521742,0,255.99710856521742,1126.2971739130435
20/08/2025,17,409.56260869565216,0,255.99710856521742,0,255.99710856521742,1126.2971739130435
20/08/2025,18,409.56260869565216,0,255.99710856521742,0,255.99710856521742,1126.2971739130435
20/08/2025,19,409.56260869565216,0,255.99710856521742,0,255.99710856521742,1126.2971739130435
20/08/2025,20,409.56260869565216,0,255.99710856521742,0,255.99710856521742,1126.2971739130435
20/08/2025,21,409.56260869565216,0,255.99710856521742,0,255.99710856521742,1126.2971739130435
20/08/2025,22,409.56260869565216,0,255.99710856521742,0,255.99710856521742,1126.2971739130435
20/08/2025,23,409.56260869565216,0,255.99710856521742,0,255.99710856521742,1126.2971739130435
20/08/2025,24,409.56260869565216,0,255.99710856521742,0,255.99710856521742,1126.2971739130435
21/08/2025,1,409.56260869565216,0,255.99710856521742,0,255.99710856521742,1126.2971739130435
21/08/2025,2,409.56260869565216,0,255.99710856521742,0,255.99710856521742,1126.2971739130435
21/08/2025,3,409.56260869565216,0,255.99710856521742,0,255.99710856521742,1126.2971739130435
21/08/2025,4,409.56260869565216,0,255.99710856521742,0,255.99710856521742,1126.2971739130435
21/08/2025,5,409.56260869565216,0,255.99710856521742,0,255.99710856521742,1126.2971739130435
21/08/2025,6,409.56260869565216,0,255.99710856521742,0,255.99710856521742,1126.2971739130435
21/08/2025,7,409.56260869565216,0,255.99710856521742,0,255.99710856521742,1126.2971739130435
21/08/2025,8,409.56260869565216,0,255.99710856521742,0,255.99710856521742,1126.2971739130435
21/08/2025,9,409.56260869565216,0,255.99710856521742,0,255.99710856521742,1126.2971739130435
21/08/2025,10,409.56260869565216,0,255.99710856521742,0,255.99710856521742,1126.2971739130435
21/08/2025,11,409.56260869565216,0,255.99710856521742,0,255.99710856521742,1126.2971739130435
21/08/2025,12,409.56260869565216,0,255.99710856521742,0,255.99710856521742,1126.2971739130435
21/08/2025,13,409.56260869565216,0,255.99710856521742,0,255.99710856521742,1126.2971739130435
21/08/2025,14,409.56260869565216,0,255.99710856521742,0,255.99710856521742,1126.2971739130435
21/08/2025,15,409.56260869565216,0,255.99710856521742,0,255.99710856521742,1126.2971739130435
21/08/2025,16,409.56260869565216,0,255.99710856521742,0,255.99710856521742,1126.2971739130435
21/08/2025,17,409.56260869565216,0,255.99710856521742,0,255.99710856521742,1126.2971739130435
21/08/2025,18,409.56260869565216,0,255.99710856521742,0,255.99710856521742,1126.2971739130435
21/08/2025,19,409.56260869565216,0,255.99710856521742,0,255.99710856521742,1126.2971739130435
21/08/2025,20,409.56260869565216,0,255.99710856521742,0,255.99710856521742,1126.2971739130435
21/08/2025,21,409.56260869565216,0,255.99710856521742,0,255.99710856521742,1126.2971739130435
21/08/2025,22,409.56260869565216,0,255.99710856521742,0,255.99710856521742,1126.2971739130435
21/08/2025,23,409.56260869565216,0,255.99710856521742,0,255.99710856521742,1126.2971739130435
21/08/2025,24,409.56260869565216,0,255.99710856521742,0,255.99710856521742,1126.2971739130435
22/08/2025,1,409.56260869565216,0,255.99710856521742,0,255.99710856521742,1126.2971739130435
22/08/2025,2,409.56260869565216,0,255.99710856521742,0,255.99710856521742,1126.2971739130435
22/08/2025,3,409.56260869565216,0,255.99710856521742,0,255.99710856521742,1126.2971739130435
22/08/2025,4,409.56260869565216,0,255.99710856521742,0,255.99710856521742,1126.2971739130435
22/08/2025,5,409.56260869565216,0,255.99710856521742,0,255.99710856521742,1126.2971739130435
22/08/2025,6,409.56260869565216,0,255.99710856521742,0,255.99710856521742,1126.2971739130435
22/08/2025,7,409.56260869565216,0,255.99710856521742,0,255.99710856521742,1126.2971739130435
22/08/2025,8,409.56260869565216,0,255.99710856521742,0,255.99710856521742,1126.2971739130435
22/08/2025,9,409.56260869565216,0,255.99710856521742,0,255.99710856521742,1126.2971739130435
22/08/2025,10,409.56260869565216,0,255.99710856521742,0,255.99710856521742,1126.2971739130435
22/08/2025,11,409.56260869565216,0,255.99710856521742,0,255.99710856521742,1126.2971739130435
22/08/2025,12,409.56260869565216,0,255.99710856521742,0,255.99710856521742,1126.2971739130435
22/08/2025,13,409.56260869565216,0,255.99710856521742,0,255.99710856521742,1126.2971739130435
22/08/2025,14,409.56260869565216,0,255.99710856521742,0,255.99710856521742,1126.2971739130435
22/08/2025,15,409.56260869565216,0,255.99710856521742,0,255.99710856521742,1126.2971739130435
22/08/2025,16,409.56260869565216,0,255.99710856521742,0,255.99710856521742,1126.2971739130435
22/08/2025,17,409.56260869565216,0,255.99710856521742,0,255.99710856521742,1126.2971739130435
22/08/2025,18,409.56260869565216,0,255.99710856521742,0,255.99710856521742,1126.2971739130435
22/08/2025,19,409.56260869565216,0,255.99710856521742,0,255.99710856521742,1126.2971739130435
22/08/2025,20,409.56260869565216,0,255.99710856521742,0,255.99710856521742,1126.2971739130435
22/08/2025,21,409.56260869565216,0,255.99710856521742,0,255.99710856521742,1126.2971739130435
22/08/2025,22,409.56260869565216,0,255.99710856521742,0,255.99710856521742,1126.2971739130435
22/08/2025,23,409.56260869565216,0,255.99710856521742,0,255.99710856521742,1126.2971739130435
22/08/2025,24,409.56260869565216,0,255.99710856521742,0,255.99710856521742,1126.2971739130435
23/08/2025,1,409.56260869565216,0,255.99710856521742,0,255.99710856521742,1126.2971739130435
23/08/2025,2,409.56260869565216,0,255.99710856521742,0,255.99710856521742,1126.2971739130435
23/08/2025,3,409.56260869565216,0,255.99710856521742,0,255.99710856521742,1126.2971739130435
23/08/2025,4,409.56260869565216,0,255.99710856521742,0,255.99710856521742,1126.2971739130435
23/08/2025,5,409.56260869565216,0,255.99710856521742,0,255.99710856521742,1126.2971739130435
23/08/2025,6,409.56260869565216,0,255.99710856521742,0,255.99710856521742,1126.2971739130435
23/08/2025,7,409.56260869565216,0,255.99710856521742,0,255.99710856521742,1126.2971739130435
23/08/2025,8,409.56260869565216,0,255.99710856521742,0,255.99710856521742,1126.2971739130435
23/08/2025,9,409.56260869565216,0,255.99710856521742,0,255.99710856521742,1126.2971739130435
23/08/2025,10,409.56260869565216,0,255.99710856521742,0,255.99710856521742,1126.2971739130435
23/08/2025,11,409.56260869565216,0,255.99710856521742,0,255.99710856521742,1126.2971739130435
23/08/2025,12,409.56260869565216,0,255.99710856521742,0,255.99710856521742,1126.2971739130435
23/08/2025,13,409.56260869565216,0,255.99710856521742,0,255.99710856521742,1126.2971739130435
23/08/2025,14,409.56260869565216,0,255.99710856521742,0,255.99710856521742,1126.2971739130435
23/08/2025,15,409.56260869565216,0,255.99710856521742,0,255.99710856521742,1126.2971739130435
23/08/2025,16,409.56260869565216,0,255.99710856521742,0,255.99710856521742,1126.2971739130435
23/08/2025,17,409.56260869565216,0,255.99710856521742,0,255.99710856521742,1126.2971739130435
23/08/2025,18,409.56260869565216,0,255.99710856521742,0,255.99710856521742,1126.2971739130435
23/08/2025,19,409.56260869565216,0,255.99710856521742,0,255.99710856521742,1126.2971739130435
23/08/2025,20,409.56260869565216,0,255.99710856521742,0,255.99710856521742,1126.2971739130435
23/08/2025,21,409.56260869565216,0,255.99710856521742,0,255.99710856521742,1126.2971739130435
23/08/2025,22,409.56260869565216,0,255.99710856521742,0,255.99710856521742,1126.2971739130435
23/08/2025,23,409.56260869565216,0,255.99710856521742,0,255.99710856521742,1126.2971739130435
23/08/2025,24,409.56260869565216,0,255.99710856521742,0,255.99710856521742,1126.2971739130435
24/08/2025,1,409.56260869565216,0,255.99710856521742,0,255.99710856521742,1126.2971739130435
24/08/2025,2,409.56260869565216,0,255.99710856521742,0,255.99710856521742,1126.2971739130435
24/08/2025,3,409.56260869565216,0,255.99710856521742,0,255.99710856521742,1126.2971739130435
24/08/2025,4,409.56260869565216,0,255.99710856521742,0,255.99710856521742,1126.2971739130435
24/08/2025,5,409.56260869565216,0,255.99710856521742,0,255.99710856521742,1126.2971739130435
24/08/2025,6,409.56260869565216,0,255.99710856521742,0,255.99710856521742,1126.2971739130435
24/08/2025,7,409.56260869565216,0,255.99710856521742,0,255.99710856521742,1126.2971739130435
24/08/2025,8,409.56260869565216,0,255.99710856521742,0,255.99710856521742,1126.2971739130435
24/08/2025,9,409.56260869565216,0,255.99710856521742,0,255.99710856521742,1126.2971739130435
24/08/2025,10,409.56260869565216,0,255.99710856521742,0,255.99710856521742,1126.2971739130435
24/08/2025,11,409.56260869565216,0,255.99710856521742,0,255.99710856521742,1126.2971739130435
24/08/2025,12,409.56260869565216,0,255.99710856521742,0,255.99710856521742,1126.2971739130435
24/08/2025,13,409.56260869565216,0,255.99710856521742,0,255.99710856521742,1126.2971739130435
24/08/2025,14,409.56260869565216,0,255.99710856521742,0,255.99710856521742,1126.2971739130435
24/08/2025,15,409.56260869565216,0,255.99710856521742,0,255.99710856521742,1126.2971739130435
24/08/2025,16,409.56260869565216,0,255.99710856521742,0,255.99710856521742,1126.2971739130435
24/08/2025,17,409.56260869565216,0,255.99710856521742,0,255.99710856521742,1126.2971739130435
24/08/2025,18,409.56260869565216,0,255.99710856521742,0,255.99710856521742,1126.2971739130435
24/08/2025,19,409.56260869565216,0,255.99710856521742,0,255.99710856521742,1126.2971739130435
24/08/2025,20,409.56260869565216,0,255.99710856521742,0,255.99710856521742,1126.2971739130435
24/08/2025,21,409.56260869565216,0,255.99710856521742,0,255.99710856521742,1126.2971739130435
24/08/2025,22,409.56260869565216,0,255.99710856521742,0,255.99710856521742,1126.2971739130435
24/08/2025,23,409.56260869565216,0,255.99710856521742,0,255.99710856521742,1126.2971739130435
24/08/2025,24,409.56260869565216,0,255.99710856521742,0,255.99710856521742,1126.2971739130435
25/08/2025,1,409.56260869565216,0,255.99710856521742,0,255.99710856521742,1126.2971739130435
25/08/2025,2,409.56260869565216,0,255.99710856521742,0,255.99710856521742,1126.2971739130435
25/08/2025,3,409.56260869565216,0,255.99710856521742,0,255.99710856521742,1126.2971739130435
25/08/2025,4,409.56260869565216,0,255.99710856521742,0,255.99710856521742,1126.2971739130435
25/08/2025,5,409.56260869565216,0,255.99710856521742,0,255.99710856521742,1126.2971739130435
25/08/2025,6,409.56260869565216,0,255.99710856521742,0,255.99710856521742,1126.2971739130435
25/08/2025,7,409.56260869565216,0,255.99710856521742,0,255.99710856521742,1126.2971739130435
25/08/2025,8,409.56260869565216,0,255.99710856521742,0,255.99710856521742,1126.2971739130435
25/08/2025,9,409.56260869565216,0,255.99710856521742,0,255.99710856521742,1126.2971739130435
25/08/2025,10,409.56260869565216,0,255.99710856521742,0,255.99710856521742,1126.2971739130435
25/08/2025,11,409.56260869565216,0,255.99710856521742,0,255.99710856521742,1126.2971739130435
25/08/2025,12,409.56260869565216,0,255.99710856521742,0,255.99710856521742,1126.2971739130435
25/08/2025,13,409.56260869565216,0,255.99710856521742,0,255.99710856521742,1126.2971739130435
25/08/2025,14,409.56260869565216,0,255.99710856521742,0,255.99710856521742,1126.2971739130435
25/08/2025,15,409.56260869565216,0,255.99710856521742,0,255.99710856521742,1126.2971739130435
25/08/2025,16,409.56260869565216,0,255.99710856521742,0,255.99710856521742,1126.2971739130435
25/08/2025,17,409.56260869565216,0,255.99710856521742,0,255.99710856521742,1126.2971739130435
25/08/2025,18,409.56260869565216,0,255.99710856521742,0,255.99710856521742,1126.2971739130435
25/08/2025,19,409.56260869565216,0,255.99710856521742,0,255.99710856521742,1126.2971739130435
25/08/2025,20,409.56260869565216,0,255.99710856521742,0,255.99710856521742,1126.2971739130435
25/08/2025,21,409.56260869565216,0,255.99710856521742,0,255.99710856521742,1126.2971739130435
25/08/2025,22,409.56260869565216,0,255.99710856521742,0,255.99710856521742,1126.2971739130435
25/08/2025,23,409.56260869565216,0,255.99710856521742,0,255.99710856521742,1126.2971739130435
25/08/2025,24,409.56260869565216,0,255.99710856521742,0,255.99710856521742,1126.2971739130435
26/08/2025,1,409.56260869565216,0,255.99710856521742,0,255.99710856521742,1126.2971739130435
26/08/2025,2,409.56260869565216,0,255.99710856521742,0,255.99710856521742,1126.2971739130435
26/08/2025,3,409.56260869565216,0,255.99710856521742,0,255.99710856521742,1126.2971739130435
26/08/2025,4,409.56260869565216,0,255.99710856521742,0,255.99710856521742,1126.2971739130435
26/08/2025,5,409.56260869565216,0,255.99710856521742,0,255.99710856521742,1126.2971739130435
26/08/2025,6,409.56260869565216,0,255.99710856521742,0,255.99710856521742,1126.2971739130435
26/08/2025,7,409.56260869565216,0,255.99710856521742,0,255.99710856521742,1126.2971739130435
26/08/2025,8,409.56260869565216,0,255.99710856521742,0,255.99710856521742,1126.2971739130435
26/08/2025,9,409.56260869565216,0,255.99710856521742,0,255.99710856521742,1126.2971739130435
26/08/2025,10,409.56260869565216,0,255.99710856521742,0,255.99710856521742,1126.2971739130435
26/08/2025,11,409.56260869565216,0,255.99710856521742,0,255.99710856521742,1126.2971739130435
26/08/2025,12,409.56260869565216,0,255.99710856521742,0,255.99710856521742,1126.2971739130435
26/08/2025,13,409.56260869565216,0,255.99710856521742,0,255.99710856521742,1126.2971739130435
26/08/2025,14,409.56260869565216,0,255.99710856521742,0,255.99710856521742,1126.2971739130435
26/08/2025,15,409.56260869565216,0,255.99710856521742,0,255.99710856521742,1126.2971739130435
26/08/2025,16,409.56260869565216,0,255.99710856521742,0,255.99710856521742,1126.2971739130435
26/08/2025,17,409.56260869565216,0,255.99710856521742,0,255.99710856521742,1126.2971739130435
26/08/2025,18,409.56260869565216,0,255.99710856521742,0,255.99710856521742,1126.2971739130435
26/08/2025,19,409.56260869565216,0,255.99710856521742,0,255.99710856521742,1126.2971739130435
26/08/2025,20,409.56260869565216,0,255.99710856521742,0,255.99710856521742,1126.2971739130435
26/08/2025,21,409.56260869565216,0,255.99710856521742,0,255.99710856521742,1126.2971739130435
26/08/2025,22,409.56260869565216,0,255.99710856521742,0,255.99710856521742,1126.2971739130435
26/08/2025,23,409.56260869565216,0,255.99710856521742,0,255.99710856521742,1126.2971739130435
26/08/2025,24,409.56260869565216,0,255.99710856521742,0,255.99710856521742,1126.2971739130435
27/08/2025,1,409.56260869565216,0,255.99710856521742,0,255.99710856521742,1126.2971739130435
27/08/2025,2,409.56260869565216,0,255.99710856521742,0,255.99710856521742,1126.2971739130435
27/08/2025,3,409.56260869565216,0,255.99710856521742,0,255.99710856521742,1126.2971739130435
27/08/2025,4,409.56260869565216,0,255.99710856521742,0,255.99710856521742,1126.2971739130435
27/08/2025,5,409.56260869565216,0,255.99710856521742,0,255.99710856521742,1126.2971739130435
27/08/2025,6,409.56260869565216,0,255.99710856521742,0,255.99710856521742,1126.2971739130435
27/08/2025,7,409.56260869565216,0,255.99710856521742,0,255.99710856521742,1126.2971739130435
27/08/2025,8,409.56260869565216,0,255.99710856521742,0,255.99710856521742,1126.2971739130435
27/08/2025,9,409.56260869565216,0,255.99710856521742,0,255.99710856521742,1126.2971739130435
27/08/2025,10,409.56260869565216,0,255.99710856521742,0,255.99710856521742,1126.2971739130435
27/08/2025,11,409.56260869565216,0,255.99710856521742,0,255.99710856521742,1126.2971739130435
27/08/2025,12,409.56260869565216,0,255.99710856521742,0,255.99710856521742,1126.2971739130435
27/08/2025,13,409.56260869565216,0,255.99710856521742,0,255.99710856521742,1126.2971739130435
27/08/2025,14,409.56260869565216,0,255.99710856521742,0,255.99710856521742,1126.2971739130435
27/08/2025,15,409.56260869565216,0,255.99710856521742,0,255.99710856521742,1126.2971739130435
27/08/2025,16,409.56260869565216,0,255.99710856521742,0,255.99710856521742,1126.2971739130435
27/08/2025,17,409.56260869565216,0,255.99710856521742,0,255.99710856521742,1126.2971739130435
27/08/2025,18,409.56260869565216,0,255.99710856521742,0,255.99710856521742,1126.2971739130435
27/08/2025,19,409.56260869565216,0,255.99710856521742,0,255.99710856521742,1126.2971739130435
27/08/2025,20,409.56260869565216,0,255.99710856521742,0,255.99710856521742,1126.2971739130435
27/08/2025,21,409.56260869565216,0,255.99710856521742,0,255.99710856521742,1126.2971739130435
27/08/2025,22,409.56260869565216,0,255.99710856521742,0,255.99710856521742,1126.2971739130435
27/08/2025,23,409.56260869565216,0,255.99710856521742,0,255.99710856521742,1126.2971739130435
27/08/2025,24,409.56260869565216,0,255.99710856521742,0,255.99710856521742,1126.2971739130435
28/08/2025,1,409.56260869565216,0,255.99710856521742,0,255.99710856521742,1126.2971739130435
28/08/2025,2,409.56260869565216,0,255.99710856521742,0,255.99710856521742,1126.2971739130435
28/08/2025,3,409.56260869565216,0,255.99710856521742,0,255.99710856521742,1126.2971739130435
28/08/2025,4,409.56260869565216,0,255.99710856521742,0,255.99710856521742,1126.2971739130435
28/08/2025,5,409.56260869565216,0,255.99710856521742,0,255.99710856521742,1126.2971739130435
28/08/2025,6,409.56260869565216,0,255.99710856521742,0,255.99710856521742,1126.2971739130435
28/08/2025,7,409.56260869565216,0,255.99710856521742,0,255.99710856521742,1126.2971739130435
28/08/2025,8,409.56260869565216,0,255.99710856521742,0,255.99710856521742,1126.2971739130435
28/08/2025,9,409.56260869565216,0,255.99710856521742,0,255.99710856521742,1126.2971739130435
28/08/2025,10,409.56260869565216,0,255.99710856521742,0,255.99710856521742,1126.2971739130435
28/08/2025,11,409.56260869565216,0,255.99710856521742,0,255.99710856521742,1126.2971739130435
28/08/2025,12,409.56260869565216,0,255.99710856521742,0,255.99710856521742,1126.2971739130435
28/08/2025,13,409.56260869565216,0,255.99710856521742,0,255.99710856521742,1126.2971739130435
28/08/2025,14,409.56260869565216,0,255.99710856521742,0,255.99710856521742,1126.2971739130435
28/08/2025,15,409.56260869565216,0,255.99710856521742,0,255.99710856521742,1126.2971739130435
28/08/2025,16,409.56260869565216,0,255.99710856521742,0,255.99710856521742,1126.2971739130435
28/08/2025,17,409.56260869565216,0,255.99710856521742,0,255.99710856521742,1126.2971739130435
28/08/2025,18,409.56260869565216,0,255.99710856521742,0,255.99710856521742,1126.2971739130435
28/08/2025,19,409.56260869565216,0,255.99710856521742,0,255.99710856521742,1126.2971739130435
28/08/2025,20,409.56260869565216,0,255.99710856521742,0,255.99710856521742,1126.2971739130435
28/08/2025,21,409.56260869565216,0,255.99710856521742,0,255.99710856521742,1126.2971739130435
28/08/2025,22,409.56260869565216,0,255.99710856521742,0,255.99710856521742,1126.2971739130435
28/08/2025,23,409.56260869565216,0,255.99710856521742,0,255.99710856521742,1126.2971739130435
28/08/2025,24,409.56260869565216,0,255.99710856521742,0,255.99710856521742,1126.2971739130435
29/08/2025,1,409.56260869565216,0,255.99710856521742,0,255.99710856521742,1126.2971739130435
29/08/2025,2,409.56260869565216,0,255.99710856521742,0,255.99710856521742,1126.2971739130435
29/08/2025,3,409.56260869565216,0,255.99710856521742,0,255.99710856521742,1126.2971739130435
29/08/2025,4,409.56260869565216,0,255.99710856521742,0,255.99710856521742,1126.2971739130435
29/08/2025,5,409.56260869565216,0,255.99710856521742,0,255.99710856521742,1126.2971739130435
29/08/2025,6,409.56260869565216,0,255.99710856521742,0,255.99710856521742,1126.2971739130435
29/08/2025,7,409.56260869565216,0,255.99710856521742,0,255.99710856521742,1126.2971739130435
29/08/2025,8,409.56260869565216,0,255.99710856521742,0,255.99710856521742,1126.2971739130435
29/08/2025,9,409.56260869565216,0,255.99710856521742,0,255.99710856521742,1126.2971739130435
29/08/2025,10,409.56260869565216,0,255.99710856521742,0,255.99710856521742,1126.2971739130435
29/08/2025,11,409.56260869565216,0,255.99710856521742,0,255.99710856521742,1126.2971739130435
29/08/2025,12,409.56260869565216,0,255.99710856521742,0,255.99710856521742,1126.2971739130435
29/08/2025,13,409.56260869565216,0,255.99710856521742,0,255.99710856521742,1126.2971739130435
29/08/2025,14,409.56260869565216,0,255.99710856521742,0,255.99710856521742,1126.2971739130435
29/08/2025,15,409.56260869565216,0,255.99710856521742,0,255.99710856521742,1126.2971739130435
29/08/2025,16,409.56260869565216,0,255.99710856521742,0,255.99710856521742,1126.2971739130435
29/08/2025,17,409.56260869565216,0,255.99710856521742,0,255.99710856521742,1126.2971739130435
29/08/2025,18,409.56260869565216,0,255.99710856521742,0,255.99710856521742,1126.2971739130435
29/08/2025,19,409.56260869565216,0,255.99710856521742,0,255.99710856521742,1126.2971739130435
29/08/2025,20,409.56260869565216,0,255.99710856521742,0,255.99710856521742,1126.2971739130435
29/08/2025,21,409.56260869565216,0,255.99710856521742,0,255.99710856521742,1126.2971739130435
29/08/2025,22,409.56260869565216,0,255.99710856521742,0,255.99710856521742,1126.2971739130435
29/08/2025,23,409.56260869565216,0,255.99710856521742,0,255.99710856521742,1126.2971739130435
29/08/2025,24,409.56260869565216,0,255.99710856521742,0,255.99710856521742,1126.2971739130435
30/08/2025,1,409.56260869565216,0,255.99710856521742,0,255.99710856521742,1126.2971739130435
30/08/2025,2,409.56260869565216,0,255.99710856521742,0,255.99710856521742,1126.2971739130435
30/08/2025,3,409.56260869565216,0,255.99710856521742,0,255.99710856521742,1126.2971739130435
30/08/2025,4,409.56260869565216,0,255.99710856521742,0,255.99710856521742,1126.2971739130435
30/08/2025,5,409.56260869565216,0,255.99710856521742,0,255.99710856521742,1126.2971739130435
30/08/2025,6,409.56260869565216,0,255.99710856521742,0,255.99710856521742,1126.2971739130435
30/08/2025,7,409.56260869565216,0,255.99710856521742,0,255.99710856521742,1126.2971739130435
30/08/2025,8,409.56260869565216,0,255.99710856521742,0,255.99710856521742,1126.2971739130435
30/08/2025,9,409.56260869565216,0,255.99710856521742,0,255.99710856521742,1126.2971739130435
30/08/2025,10,409.56260869565216,0,255.99710856521742,0,255.99710856521742,1126.2971739130435
30/08/2025,11,409.56260869565216,0,255.99710856521742,0,255.99710856521742,1126.2971739130435
30/08/2025,12,409.56260869565216,0,255.99710856521742,0,255.99710856521742,1126.2971739130435
30/08/2025,13,409.56260869565216,0,255.99710856521742,0,255.99710856521742,1126.2971739130435
30/08/2025,14,409.56260869565216,0,255.99710856521742,0,255.99710856521742,1126.2971739130435
30/08/2025,15,409.56260869565216,0,255.99710856521742,0,255.99710856521742,1126.2971739130435
30/08/2025,16,409.56260869565216,0,255.99710856521742,0,255.99710856521742,1126.2971739130435
30/08/2025,17,409.56260869565216,0,255.99710856521742,0,255.99710856521742,1126.2971739130435
30/08/2025,18,409.56260869565216,0,255.99710856521742,0,255.99710856521742,1126.2971739130435
30/08/2025,19,409.56260869565216,0,255.99710856521742,0,255.99710856521742,1126.2971739130435
30/08/2025,20,409.56260869565216,0,255.99710856521742,0,255.99710856521742,1126.2971739130435
30/08/2025,21,409.56260869565216,0,255.99710856521742,0,255.99710856521742,1126.2971739130435
30/08/2025,22,409.56260869565216,0,255.99710856521742,0,255.99710856521742,1126.2971739130435
30/08/2025,23,409.56260869565216,0,255.99710856521742,0,255.99710856521742,1126.2971739130435
30/08/2025,24,409.56260869565216,0,255.99710856521742,0,255.99710856521742,1126.2971739130435
31/08/2025,1,409.56260869565216,0,255.99710856521742,0,255.99710856521742,1126.2971739130435
31/08/2025,2,409.56260869565216,0,255.99710856521742,0,255.99710856521742,1126.2971739130435
31/08/2025,3,409.56260869565216,0,255.99710856521742,0,255.99710856521742,1126.2971739130435
31/08/2025,4,409.56260869565216,0,255.99710856521742,0,255.99710856521742,1126.2971739130435
31/08/2025,5,409.56260869565216,0,255.99710856521742,0,255.99710856521742,1126.2971739130435
31/08/2025,6,409.56260869565216,0,255.99710856521742,0,255.99710856521742,1126.2971739130435
31/08/2025,7,409.56260869565216,0,255.99710856521742,0,255.99710856521742,1126.2971739130435
31/08/2025,8,409.56260869565216,0,255.99710856521742,0,255.99710856521742,1126.2971739130435
31/08/2025,9,409.56260869565216,0,255.99710856521742,0,255.99710856521742,1126.2971739130435
31/08/2025,10,409.56260869565216,0,255.99710856521742,0,255.99710856521742,1126.2971739130435
31/08/2025,11,409.56260869565216,0,255.99710856521742,0,255.99710856521742,1126.2971739130435
31/08/2025,12,409.56260869565216,0,255.99710856521742,0,255.99710856521742,1126.2971739130435
31/08/2025,13,409.56260869565216,0,255.99710856521742,0,255.99710856521742,1126.2971739130435
31/08/2025,14,409.56260869565216,0,255.99710856521742,0,255.99710856521742,1126.2971739130435
31/08/2025,15,409.56260869565216,0,255.99710856521742,0,255.99710856521742,1126.2971739130435
31/08/2025,16,409.56260869565216,0,255.99710856521742,0,255.99710856521742,1126.2971739130435
31/08/2025,17,409.56260869565216,0,255.99710856521742,0,255.99710856521742,1126.2971739130435
31/08/2025,18,409.56260869565216,0,255.99710856521742,0,255.99710856521742,1126.2971739130435
31/08/2025,19,409.56260869565216,0,255.99710856521742,0,255.99710856521742,1126.2971739130435
31/08/2025,20,409.56260869565216,0,255.99710856521742,0,255.99710856521742,1126.2971739130435
31/08/2025,21,409.56260869565216,0,255.99710856521742,0,255.99710856521742,1126.2971739130435
31/08/2025,22,409.56260869565216,0,255.99710856521742,0,255.99710856521742,1126.2971739130435
31/08/2025,23,409.56260869565216,0,255.99710856521742,0,255.99710856521742,1126.2971739130435
31/08/2025,24,409.56260869565216,0,255.99710856521742,0,255.99710856521742,1126.2971739130435
01/09/2025,1,409.56260869565216,0,255.99710856521742,0,255.99710856521742,1126.2971739130435
01/09/2025,2,409.56260869565216,0,255.99710856521742,0,255.99710856521742,1126.2971739130435
01/09/2025,3,409.56260869565216,0,255.99710856521742,0,255.99710856521742,1126.2971739130435
01/09/2025,4,409.56260869565216,0,255.99710856521742,0,255.99710856521742,1126.2971739130435
01/09/2025,5,409.56260869565216,0,255.99710856521742,0,255.99710856521742,1126.2971739130435
01/09/2025,6,409.56260869565216,0,255.99710856521742,0,255.99710856521742,1126.2971739130435
01/09/2025,7,409.56260869565216,0,255.99710856521742,0,255.99710856521742,1126.2971739130435
01/09/2025,8,409.56260869565216,0,255.99710856521742,0,255.99710856521742,1126.2971739130435
01/09/2025,9,409.56260869565216,0,255.99710856521742,0,255.99710856521742,1126.2971739130435
01/09/2025,10,409.56260869565216,0,255.99710856521742,0,255.99710856521742,1126.2971739130435
01/09/2025,11,409.56260869565216,0,255.99710856521742,0,255.99710856521742,1126.2971739130435
01/09/2025,12,409.56260869565216,0,255.99710856521742,0,255.99710856521742,1126.2971739130435
01/09/2025,13,409.56260869565216,0,255.99710856521742,0,255.99710856521742,1126.2971739130435
01/09/2025,14,409.56260869565216,0,255.99710856521742,0,255.99710856521742,1126.2971739130435
01/09/2025,15,409.56260869565216,0,255.99710856521742,0,255.99710856521742,1126.2971739130435
01/09/2025,16,409.56260869565216,0,255.99710856521742,0,255.99710856521742,1126.2971739130435
01/09/2025,17,409.56260869565216,0,255.99710856521742,0,255.99710856521742,1126.2971739130435
01/09/2025,18,409.56260869565216,0,255.99710856521742,0,255.99710856521742,1126.2971739130435
01/09/2025,19,409.56260869565216,0,255.99710856521742,0,255.99710856521742,1126.2971739130435
01/09/2025,20,409.56260869565216,0,255.99710856521742,0,255.99710856521742,1126.2971739130435
01/09/2025,21,409.56260869565216,0,255.99710856521742,0,255.99710856521742,1126.2971739130435
01/09/2025,22,409.56260869565216,0,255.99710856521742,0,255.99710856521742,1126.2971739130435
01/09/2025,23,409.56260869565216,0,255.99710856521742,0,255.99710856521742,1126.2971739130435
01/09/2025,24,409.56260869565216,0,255.99710856521742,0,255.99710856521742,1126.2971739130435
02/09/2025,1,409.56260869565216,0,255.99710856521742,0,255.99710856521742,1126.2971739130435
02/09/2025,2,409.56260869565216,0,255.99710856521742,0,255.99710856521742,1126.2971739130435
02/09/2025,3,409.56260869565216,0,255.99710856521742,0,255.99710856521742,1126.2971739130435
02/09/2025,4,409.56260869565216,0,255.99710856521742,0,255.99710856521742,1126.2971739130435
02/09/2025,5,409.56260869565216,0,255.99710856521742,0,255.99710856521742,1126.2971739130435
02/09/2025,6,409.56260869565216,0,255.99710856521742,0,255.99710856521742,1126.2971739130435
02/09/2025,7,409.56260869565216,0,255.99710856521742,0,255.99710856521742,1126.2971739130435
02/09/2025,8,409.56260869565216,0,255.99710856521742,0,255.99710856521742,1126.2971739130435
02/09/2025,9,409.56260869565216,0,255.99710856521742,0,255.99710856521742,1126.2971739130435
02/09/2025,10,409.56260869565216,0,255.99710856521742,0,255.99710856521742,1126.2971739130435
02/09/2025,11,409.56260869565216,0,255.99710856521742,0,255.99710856521742,1126.2971739130435
02/09/2025,12,409.56260869565216,0,255.99710856521742,0,255.99710856521742,1126.2971739130435
02/09/2025,13,409.56260869565216,0,255.99710856521742,0,255.99710856521742,1126.2971739130435
02/09/2025,14,409.56260869565216,0,255.99710856521742,0,255.99710856521742,1126.2971739130435
02/09/2025,15,409.56260869565216,0,255.99710856521742,0,255.99710856521742,1126.2971739130435
02/09/2025,16,409.56260869565216,0,255.99710856521742,0,255.99710856521742,1126.2971739130435
02/09/2025,17,409.56260869565216,0,255.99710856521742,0,255.99710856521742,1126.2971739130435
02/09/2025,18,409.56260869565216,0,255.99710856521742,0,255.99710856521742,1126.2971739130435
02/09/2025,19,409.56260869565216,0,255.99710856521742,0,255.99710856521742,1126.2971739130435
02/09/2025,20,409.56260869565216,0,255.99710856521742,0,255.99710856521742,1126.2971739130435
02/09/2025,21,409.56260869565216,0,255.99710856521742,0,255.99710856521742,1126.2971739130435
02/09/2025,22,409.56260869565216,0,255.99710856521742,0,255.99710856521742,1126.2971739130435
02/09/2025,23,409.56260869565216,0,255.99710856521742,0,255.99710856521742,1126.2971739130435
02/09/2025,24,409.56260869565216,0,255.99710856521742,0,255.99710856521742,1126.2971739130435
03/09/2025,1,409.56260869565216,0,255.99710856521742,0,255.99710856521742,1126.2971739130435
03/09/2025,2,409.56260869565216,0,255.99710856521742,0,255.99710856521742,1126.2971739130435
03/09/2025,3,409.56260869565216,0,255.99710856521742,0,255.99710856521742,1126.2971739130435
03/09/2025,4,409.56260869565216,0,255.99710856521742,0,255.99710856521742,1126.2971739130435
03/09/2025,5,409.56260869565216,0,255.99710856521742,0,255.99710856521742,1126.2971739130435
03/09/2025,6,409.56260869565216,0,255.99710856521742,0,255.99710856521742,1126.2971739130435
03/09/2025,7,409.56260869565216,0,255.99710856521742,0,255.99710856521742,1126.2971739130435
03/09/2025,8,409.56260869565216,0,255.99710856521742,0,255.99710856521742,1126.2971739130435
03/09/2025,9,409.56260869565216,0,255.99710856521742,0,255.99710856521742,1126.2971739130435
03/09/2025,10,409.56260869565216,0,255.99710856521742,0,255.99710856521742,1126.2971739130435
03/09/2025,11,409.56260869565216,0,255.99710856521742,0,255.99710856521742,1126.2971739130435
03/09/2025,12,409.56260869565216,0,255.99710856521742,0,255.99710856521742,1126.2971739130435
03/09/2025,13,409.56260869565216,0,255.99710856521742,0,255.99710856521742,1126.2971739130435
03/09/2025,14,409.56260869565216,0,255.99710856521742,0,255.99710856521742,1126.2971739130435
03/09/2025,15,409.56260869565216,0,255.99710856521742,0,255.99710856521742,1126.2971739130435
03/09/2025,16,409.56260869565216,0,255.99710856521742,0,255.99710856521742,1126.2971739130435
03/09/2025,17,409.56260869565216,0,255.99710856521742,0,255.99710856521742,1126.2971739130435
03/09/2025,18,409.56260869565216,0,255.99710856521742,0,255.99710856521742,1126.2971739130435
03/09/2025,19,409.56260869565216,0,255.99710856521742,0,255.99710856521742,1126.2971739130435
03/09/2025,20,409.56260869565216,0,255.99710856521742,0,255.99710856521742,1126.2971739130435
03/09/2025,21,409.56260869565216,0,255.99710856521742,0,255.99710856521742,1126.2971739130435
03/09/2025,22,409.56260869565216,0,255.99710856521742,0,255.99710856521742,1126.2971739130435
03/09/2025,23,409.56260869565216,0,255.99710856521742,0,255.99710856521742,1126.2971739130435
03/09/2025,24,409.56260869565216,0,255.99710856521742,0,255.99710856521742,1126.2971739130435
04/09/2025,1,409.56260869565216,0,255.99710856521742,0,255.99710856521742,1126.2971739130435
04/09/2025,2,409.56260869565216,0,255.99710856521742,0,255.99710856521742,1126.2971739130435
04/09/2025,3,409.56260869565216,0,255.99710856521742,0,255.99710856521742,1126.2971739130435
04/09/2025,4,409.56260869565216,0,255.99710856521742,0,255.99710856521742,1126.2971739130435
04/09/2025,5,409.56260869565216,0,255.99710856521742,0,255.99710856521742,1126.2971739130435
04/09/2025,6,409.56260869565216,0,255.99710856521742,0,255.99710856521742,1126.2971739130435
04/09/2025,7,409.56260869565216,0,255.99710856521742,0,255.99710856521742,1126.2971739130435
04/09/2025,8,409.56260869565216,0,255.99710856521742,0,255.99710856521742,1126.2971739130435
04/09/2025,9,409.56260869565216,0,255.99710856521742,0,255.99710856521742,1126.2971739130435
04/09/2025,10,409.56260869565216,0,255.99710856521742,0,255.99710856521742,1126.2971739130435
04/09/2025,11,409.56260869565216,0,255.99710856521742,0,255.99710856521742,1126.2971739130435
04/09/2025,12,409.56260869565216,0,255.99710856521742,0,255.99710856521742,1126.2971739130435
04/09/2025,13,409.56260869565216,0,255.99710856521742,0,255.99710856521742,1126.2971739130435
04/09/2025,14,409.56260869565216,0,255.99710856521742,0,255.99710856521742,1126.2971739130435
04/09/2025,15,409.56260869565216,0,255.99710856521742,0,255.99710856521742,1126.2971739130435
04/09/2025,16,409.56260869565216,0,255.99710856521742,0,255.99710856521742,1126.2971739130435
04/09/2025,17,409.56260869565216,0,255.99710856521742,0,255.99710856521742,1126.2971739130435
04/09/2025,18,409.56260869565216,0,255.99710856521742,0,255.99710856521742,1126.2971739130435
04/09/2025,19,409.56260869565216,0,255.99710856521742,0,255.99710856521742,1126.2971739130435
04/09/2025,20,409.56260869565216,0,255.99710856521742,0,255.99710856521742,1126.2971739130435
04/09/2025,21,409.56260869565216,0,255.99710856521742,0,255.99710856521742,1126.2971739130435
04/09/2025,22,409.56260869565216,0,255.99710856521742,0,255.99710856521742,1126.2971739130435
04/09/2025,23,409.56260869565216,0,255.99710856521742,0,255.99710856521742,1126.2971739130435
04/09/2025,24,409.56260869565216,0,255.99710856521742,0,255.99710856521742,1126.2971739130435
05/09/2025,1,409.56260869565216,0,255.99710856521742,0,255.99710856521742,1126.2971739130435
05/09/2025,2,409.56260869565216,0,255.99710856521742,0,255.99710856521742,1126.2971739130435
05/09/2025,3,409.56260869565216,0,255.99710856521742,0,255.99710856521742,1126.2971739130435
05/09/2025,4,409.56260869565216,0,255.99710856521742,0,255.99710856521742,1126.2971739130435
05/09/2025,5,409.56260869565216,0,255.99710856521742,0,255.99710856521742,1126.2971739130435
05/09/2025,6,409.56260869565216,0,255.99710856521742,0,255.99710856521742,1126.2971739130435
05/09/2025,7,409.56260869565216,0,255.99710856521742,0,255.99710856521742,1126.2971739130435
05/09/2025,8,409.56260869565216,0,255.99710856521742,0,255.99710856521742,1126.2971739130435
05/09/2025,9,409.56260869565216,0,255.99710856521742,0,255.99710856521742,1126.2971739130435
05/09/2025,10,409.56260869565216,0,255.99710856521742,0,255.99710856521742,1126.2971739130435
05/09/2025,11,409.56260869565216,0,255.99710856521742,0,255.99710856521742,1126.2971739130435
05/09/2025,12,409.56260869565216,0,255.99710856521742,0,255.99710856521742,1126.2971739130435
05/09/2025,13,409.56260869565216,0,255.99710856521742,0,255.99710856521742,1126.2971739130435
05/09/2025,14,409.56260869565216,0,255.99710856521742,0,255.99710856521742,1126.2971739130435
05/09/2025,15,409.56260869565216,0,255.99710856521742,0,255.99710856521742,1126.2971739130435
05/09/2025,16,409.56260869565216,0,255.99710856521742,0,255.99710856521742,1126.2971739130435
05/09/2025,17,409.56260869565216,0,255.99710856521742,0,255.99710856521742,1126.2971739130435
05/09/2025,18,409.56260869565216,0,255.99710856521742,0,255.99710856521742,1126.2971739130435
05/09/2025,19,409.56260869565216,0,255.99710856521742,0,255.99710856521742,1126.2971739130435
05/09/2025,20,409.56260869565216,0,255.99710856521742,0,255.99710856521742,1126.2971739130435
05/09/2025,21,409.56260869565216,0,255.99710856521742,0,255.99710856521742,1126.2971739130435
05/09/2025,22,409.56260869565216,0,255.99710856521742,0,255.99710856521742,1126.2971739130435
05/09/2025,23,409.56260869565216,0,255.99710856521742,0,255.99710856521742,1126.2971739130435
05/09/2025,24,409.56260869565216,0,255.99710856521742,0,255.99710856521742,1126.2971739130435
06/09/2025,1,409.56260869565216,0,255.99710856521742,0,255.99710856521742,1126.2971739130435
06/09/2025,2,409.56260869565216,0,255.99710856521742,0,255.99710856521742,1126.2971739130435
06/09/2025,3,409.56260869565216,0,255.99710856521742,0,255.99710856521742,1126.2971739130435
06/09/2025,4,409.56260869565216,0,255.99710856521742,0,255.99710856521742,1126.2971739130435
06/09/2025,5,409.56260869565216,0,255.99710856521742,0,255.99710856521742,1126.2971739130435
06/09/2025,6,409.56260869565216,0,255.99710856521742,0,255.99710856521742,1126.2971739130435
06/09/2025,7,409.56260869565216,0,255.99710856521742,0,255.99710856521742,1126.2971739130435
06/09/2025,8,409.56260869565216,0,255.99710856521742,0,255.99710856521742,1126.2971739130435
06/09/2025,9,409.56260869565216,0,255.99710856521742,0,255.99710856521742,1126.2971739130435
06/09/2025,10,409.56260869565216,0,255.99710856521742,0,255.99710856521742,1126.2971739130435
06/09/2025,11,409.56260869565216,0,255.99710856521742,0,255.99710856521742,1126.2971739130435
06/09/2025,12,409.56260869565216,0,255.99710856521742,0,255.99710856521742,1126.2971739130435
06/09/2025,13,409.56260869565216,0,255.99710856521742,0,255.99710856521742,1126.2971739130435
06/09/2025,14,409.56260869565216,0,255.99710856521742,0,255.99710856521742,1126.2971739130435
06/09/2025,15,409.56260869565216,0,255.99710856521742,0,255.99710856521742,1126.2971739130435
06/09/2025,16,409.56260869565216,0,255.99710856521742,0,255.99710856521742,1126.2971739130435
06/09/2025,17,409.56260869565216,0,255.99710856521742,0,255.99710856521742,1126.2971739130435
06/09/2025,18,409.56260869565216,0,255.99710856521742,0,255.99710856521742,1126.2971739130435
06/09/2025,19,409.56260869565216,0,255.99710856521742,0,255.99710856521742,1126.2971739130435
06/09/2025,20,409.56260869565216,0,255.99710856521742,0,255.99710856521742,1126.2971739130435
06/09/2025,21,409.56260869565216,0,255.99710856521742,0,255.99710856521742,1126.2971739130435
06/09/2025,22,409.56260869565216,0,255.99710856521742,0,255.99710856521742,1126.2971739130435
06/09/2025,23,409.56260869565216,0,255.99710856521742,0,255.99710856521742,1126.2971739130435
06/09/2025,24,409.56260869565216,0,255.99710856521742,0,255.99710856521742,1126.2971739130435
07/09/2025,1,409.56260869565216,0,255.99710856521742,0,255.99710856521742,1126.2971739130435
07/09/2025,2,409.56260869565216,0,255.99710856521742,0,255.99710856521742,1126.2971739130435
07/09/2025,3,409.56260869565216,0,255.99710856521742,0,255.99710856521742,1126.2971739130435
07/09/2025,4,409.56260869565216,0,255.99710856521742,0,255.99710856521742,1126.2971739130435
07/09/2025,5,409.56260869565216,0,255.99710856521742,0,255.99710856521742,1126.2971739130435
07/09/2025,6,409.56260869565216,0,255.99710856521742,0,255.99710856521742,1126.2971739130435
07/09/2025,7,409.56260869565216,0,255.99710856521742,0,255.99710856521742,1126.2971739130435
07/09/2025,8,409.56260869565216,0,255.99710856521742,0,255.99710856521742,1126.2971739130435
07/09/2025,9,409.56260869565216,0,255.99710856521742,0,255.99710856521742,1126.2971739130435
07/09/2025,10,409.56260869565216,0,255.99710856521742,0,255.99710856521742,1126.2971739130435
07/09/2025,11,409.56260869565216,0,255.99710856521742,0,255.99710856521742,1126.2971739130435
07/09/2025,12,409.56260869565216,0,255.99710856521742,0,255.99710856521742,1126.2971739130435
07/09/2025,13,409.56260869565216,0,255.99710856521742,0,255.99710856521742,1126.2971739130435
07/09/2025,14,409.56260869565216,0,255.99710856521742,0,255.99710856521742,1126.2971739130435
07/09/2025,15,409.56260869565216,0,255.99710856521742,0,255.99710856521742,1126.2971739130435
07/09/2025,16,409.56260869565216,0,255.99710856521742,0,255.99710856521742,1126.2971739130435
07/09/2025,17,409.56260869565216,0,255.99710856521742,0,255.99710856521742,1126.2971739130435
07/09/2025,18,409.56260869565216,0,255.99710856521742,0,255.99710856521742,1126.2971739130435
07/09/2025,19,409.56260869565216,0,255.99710856521742,0,255.99710856521742,1126.2971739130435
07/09/2025,20,409.56260869565216,0,255.99710856521742,0,255.99710856521742,1126.2971739130435
07/09/2025,21,409.56260869565216,0,255.99710856521742,0,255.99710856521742,1126.2971739130435
07/09/2025,22,409.56260869565216,0,255.99710856521742,0,255.99710856521742,1126.2971739130435
07/09/2025,23,409.56260869565216,0,255.99710856521742,0,255.99710856521742,1126.2971739130435
07/09/2025,24,409.56260869565216,0,255.99710856521742,0,255.99710856521742,1126.2971739130435
08/09/2025,1,409.56260869565216,0,255.99710856521742,0,255.99710856521742,1126.2971739130435
08/09/2025,2,409.56260869565216,0,255.99710856521742,0,255.99710856521742,1126.2971739130435
08/09/2025,3,409.56260869565216,0,255.99710856521742,0,255.99710856521742,1126.2971739130435
08/09/2025,4,409.56260869565216,0,255.99710856521742,0,255.99710856521742,1126.2971739130435
08/09/2025,5,409.56260869565216,0,255.99710856521742,0,255.99710856521742,1126.2971739130435
08/09/2025,6,409.56260869565216,0,255.99710856521742,0,255.99710856521742,1126.2971739130435
08/09/2025,7,409.56260869565216,0,255.99710856521742,0,255.99710856521742,1126.2971739130435
08/09/2025,8,409.56260869565216,0,255.99710856521742,0,255.99710856521742,1126.2971739130435
08/09/2025,9,409.56260869565216,0,255.99710856521742,0,255.99710856521742,1126.2971739130435
08/09/2025,10,409.56260869565216,0,255.99710856521742,0,255.99710856521742,1126.2971739130435
08/09/2025,11,409.56260869565216,0,255.99710856521742,0,255.99710856521742,1126.2971739130435
08/09/2025,12,409.56260869565216,0,255.99710856521742,0,255.99710856521742,1126.2971739130435
08/09/2025,13,409.56260869565216,0,255.99710856521742,0,255.99710856521742,1126.2971739130435
08/09/2025,14,409.56260869565216,0,255.99710856521742,0,255.99710856521742,1126.2971739130435
08/09/2025,15,409.56260869565216,0,255.99710856521742,0,255.99710856521742,1126.2971739130435
08/09/2025,16,409.56260869565216,0,255.99710856521742,0,255.99710856521742,1126.2971739130435
08/09/2025,17,409.56260869565216,0,255.99710856521742,0,255.99710856521742,1126.2971739130435
08/09/2025,18,409.56260869565216,0,255.99710856521742,0,255.99710856521742,1126.2971739130435
08/09/2025,19,409.56260869565216,0,255.99710856521742,0,255.99710856521742,1126.2971739130435
08/09/2025,20,409.56260869565216,0,255.99710856521742,0,255.99710856521742,1126.2971739130435
08/09/2025,21,409.56260869565216,0,255.99710856521742,0,255.99710856521742,1126.2971739130435
08/09/2025,22,409.56260869565216,0,255.99710856521742,0,255.99710856521742,1126.2971739130435
08/09/2025,23,409.56260869565216,0,255.99710856521742,0,255.99710856521742,1126.2971739130435
08/09/2025,24,409.56260869565216,0,255.99710856521742,0,255.99710856521742,1126.2971739130435
09/09/2025,1,409.56260869565216,0,255.99710856521742,0,255.99710856521742,1126.2971739130435
09/09/2025,2,409.56260869565216,0,255.99710856521742,0,255.99710856521742,1126.2971739130435
09/09/2025,3,409.56260869565216,0,255.99710856521742,0,255.99710856521742,1126.2971739130435
09/09/2025,4,409.56260869565216,0,255.99710856521742,0,255.99710856521742,1126.2971739130435
09/09/2025,5,409.56260869565216,0,255.99710856521742,0,255.99710856521742,1126.2971739130435
09/09/2025,6,409.56260869565216,0,255.99710856521742,0,255.99710856521742,1126.2971739130435
09/09/2025,7,409.56260869565216,0,255.99710856521742,0,255.99710856521742,1126.2971739130435
09/09/2025,8,409.56260869565216,0,255.99710856521742,0,255.99710856521742,1126.2971739130435
09/09/2025,9,409.56260869565216,0,255.99710856521742,0,255.99710856521742,1126.2971739130435
09/09/2025,10,409.56260869565216,0,255.99710856521742,0,255.99710856521742,1126.2971739130435
09/09/2025,11,409.56260869565216,0,255.99710856521742,0,255.99710856521742,1126.2971739130435
09/09/2025,12,409.56260869565216,0,255.99710856521742,0,255.99710856521742,1126.2971739130435
09/09/2025,13,409.56260869565216,0,255.99710856521742,0,255.99710856521742,1126.2971739130435
09/09/2025,14,409.56260869565216,0,255.99710856521742,0,255.99710856521742,1126.2971739130435
09/09/2025,15,409.56260869565216,0,255.99710856521742,0,255.99710856521742,1126.2971739130435
09/09/2025,16,409.56260869565216,0,255.99710856521742,0,255.99710856521742,1126.2971739130435
09/09/2025,17,409.56260869565216,0,255.99710856521742,0,255.99710856521742,1126.2971739130435
09/09/2025,18,409.56260869565216,0,255.99710856521742,0,255.99710856521742,1126.2971739130435
09/09/2025,19,409.56260869565216,0,255.99710856521742,0,255.99710856521742,1126.2971739130435
09/09/2025,20,409.56260869565216,0,255.99710856521742,0,255.99710856521742,1126.2971739130435
09/09/2025,21,409.56260869565216,0,255.99710856521742,0,255.99710856521742,1126.2971739130435
09/09/2025,22,409.56260869565216,0,255.99710856521742,0,255.99710856521742,1126.2971739130435
09/09/2025,23,409.56260869565216,0,255.99710856521742,0,255.99710856521742,1126.2971739130435
09/09/2025,24,409.56260869565216,0,255.99710856521742,0,255.99710856521742,1126.2971739130435
10/09/2025,1,409.56260869565216,0,255.99710856521742,0,255.99710856521742,1126.2971739130435
10/09/2025,2,409.56260869565216,0,255.99710856521742,0,255.99710856521742,1126.2971739130435
10/09/2025,3,409.56260869565216,0,255.99710856521742,0,255.99710856521742,1126.2971739130435
10/09/2025,4,409.56260869565216,0,255.99710856521742,0,255.99710856521742,1126.2971739130435
10/09/2025,5,409.56260869565216,0,255.99710856521742,0,255.99710856521742,1126.2971739130435
10/09/2025,6,409.56260869565216,0,255.99710856521742,0,255.99710856521742,1126.2971739130435
10/09/2025,7,409.56260869565216,0,255.99710856521742,0,255.99710856521742,1126.2971739130435
10/09/2025,8,409.56260869565216,0,255.99710856521742,0,255.99710856521742,1126.2971739130435
10/09/2025,9,409.56260869565216,0,255.99710856521742,0,255.99710856521742,1126.2971739130435
10/09/2025,10,409.56260869565216,0,255.99710856521742,0,255.99710856521742,1126.2971739130435
10/09/2025,11,409.56260869565216,0,255.99710856521742,0,255.99710856521742,1126.2971739130435
10/09/2025,12,409.56260869565216,0,255.99710856521742,0,255.99710856521742,1126.2971739130435
10/09/2025,13,409.56260869565216,0,255.99710856521742,0,255.99710856521742,1126.2971739130435
10/09/2025,14,409.56260869565216,0,255.99710856521742,0,255.99710856521742,1126.2971739130435
10/09/2025,15,409.56260869565216,0,255.99710856521742,0,255.99710856521742,1126.2971739130435
10/09/2025,16,409.56260869565216,0,255.99710856521742,0,255.99710856521742,1126.2971739130435
10/09/2025,17,409.56260869565216,0,255.99710856521742,0,255.99710856521742,1126.2971739130435
10/09/2025,18,409.56260869565216,0,255.99710856521742,0,255.99710856521742,1126.2971739130435
10/09/2025,19,409.56260869565216,0,255.99710856521742,0,255.99710856521742,1126.2971739130435
10/09/2025,20,409.56260869565216,0,255.99710856521742,0,255.99710856521742,1126.2971739130435
10/09/2025,21,409.56260869565216,0,255.99710856521742,0,255.99710856521742,1126.2971739130435
10/09/2025,22,409.56260869565216,0,255.99710856521742,0,255.99710856521742,1126.2971739130435
10/09/2025,23,409.56260869565216,0,255.99710856521742,0,255.99710856521742,1126.2971739130435
10/09/2025,24,409.56260869565216,0,255.99710856521742,0,255.99710856521742,1126.2971739130435
11/09/2025,1,409.56260869565216,0,255.99710856521742,0,255.99710856521742,1126.2971739130435
11/09/2025,2,409.56260869565216,0,255.99710856521742,0,255.99710856521742,1126.2971739130435
11/09/2025,3,409.56260869565216,0,255.99710856521742,0,255.99710856521742,1126.2971739130435
11/09/2025,4,409.56260869565216,0,255.99710856521742,0,255.99710856521742,1126.2971739130435
11/09/2025,5,409.56260869565216,0,255.99710856521742,0,255.99710856521742,1126.2971739130435
11/09/2025,6,409.56260869565216,0,255.99710856521742,0,255.99710856521742,1126.2971739130435
11/09/2025,7,409.56260869565216,0,255.99710856521742,0,255.99710856521742,1126.2971739130435
11/09/2025,8,409.56260869565216,0,255.99710856521742,0,255.99710856521742,1126.2971739130435
11/09/2025,9,409.56260869565216,0,255.99710856521742,0,255.99710856521742,1126.2971739130435
11/09/2025,10,409.56260869565216,0,255.99710856521742,0,255.99710856521742,1126.2971739130435
11/09/2025,11,409.56260869565216,0,255.99710856521742,0,255.99710856521742,1126.2971739130435
11/09/2025,12,409.56260869565216,0,255.99710856521742,0,255.99710856521742,1126.2971739130435
11/09/2025,13,409.56260869565216,0,255.99710856521742,0,255.99710856521742,1126.2971739130435
11/09/2025,14,409.56260869565216,0,255.99710856521742,0,255.99710856521742,1126.2971739130435
11/09/2025,15,409.56260869565216,0,255.99710856521742,0,255.99710856521742,1126.2971739130435
11/09/2025,16,409.56260869565216,0,255.99710856521742,0,255.99710856521742,1126.2971739130435
11/09/2025,17,409.56260869565216,0,255.99710856521742,0,255.99710856521742,1126.2971739130435
11/09/2025,18,409.56260869565216,0,255.99710856521742,0,255.99710856521742,1126.2971739130435
11/09/2025,19,409.56260869565216,0,255.99710856521742,0,255.99710856521742,1126.2971739130435
11/09/2025,20,409.56260869565216,0,255.99710856521742,0,255.99710856521742,1126.2971739130435
11/09/2025,21,409.56260869565216,0,255.99710856521742,0,255.99710856521742,1126.2971739130435
11/09/2025,22,409.56260869565216,0,255.99710856521742,0,255.99710856521742,1126.2971739130435
11/09/2025,23,409.56260869565216,0,255.99710856521742,0,255.99710856521742,1126.2971739130435
11/09/2025,24,409.56260869565216,0,255.99710856521742,0,255.99710856521742,1126.2971739130435
12/09/2025,1,409.56260869565216,0,255.99710856521742,0,255.99710856521742,1126.2971739130435
12/09/2025,2,409.56260869565216,0,255.99710856521742,0,255.99710856521742,1126.2971739130435
12/09/2025,3,409.56260869565216,0,255.99710856521742,0,255.99710856521742,1126.2971739130435
12/09/2025,4,409.56260869565216,0,255.99710856521742,0,255.99710856521742,1126.2971739130435
12/09/2025,5,409.56260869565216,0,255.99710856521742,0,255.99710856521742,1126.2971739130435
12/09/2025,6,409.56260869565216,0,255.99710856521742,0,255.99710856521742,1126.2971739130435
12/09/2025,7,409.56260869565216,0,255.99710856521742,0,255.99710856521742,1126.2971739130435
12/09/2025,8,409.56260869565216,0,255.99710856521742,0,255.99710856521742,1126.2971739130435
12/09/2025,9,409.56260869565216,0,255.99710856521742,0,255.99710856521742,1126.2971739130435
12/09/2025,10,409.56260869565216,0,255.99710856521742,0,255.99710856521742,1126.2971739130435
12/09/2025,11,409.56260869565216,0,255.99710856521742,0,255.99710856521742,1126.2971739130435
12/09/2025,12,409.56260869565216,0,255.99710856521742,0,255.99710856521742,1126.2971739130435
12/09/2025,13,409.56260869565216,0,255.99710856521742,0,255.99710856521742,1126.2971739130435
12/09/2025,14,409.56260869565216,0,255.99710856521742,0,255.99710856521742,1126.2971739130435
12/09/2025,15,409.56260869565216,0,255.99710856521742,0,255.99710856521742,1126.2971739130435
12/09/2025,16,409.56260869565216,0,255.99710856521742,0,255.99710856521742,1126.2971739130435
12/09/2025,17,409.56260869565216,0,255.99710856521742,0,255.99710856521742,1126.2971739130435
12/09/2025,18,409.56260869565216,0,255.99710856521742,0,255.99710856521742,1126.2971739130435
12/09/2025,19,409.56260869565216,0,255.99710856521742,0,255.99710856521742,1126.2971739130435
12/09/2025,20,409.56260869565216,0,255.99710856521742,0,255.99710856521742,1126.2971739130435
12/09/2025,21,409.56260869565216,0,255.99710856521742,0,255.99710856521742,1126.2971739130435
12/09/2025,22,409.56260869565216,0,255.99710856521742,0,255.99710856521742,1126.2971739130435
12/09/2025,23,409.56260869565216,0,255.99710856521742,0,255.99710856521742,1126.2971739130435
12/09/2025,24,409.56260869565216,0,255.99710856521742,0,255.99710856521742,1126.2971739130435
13/09/2025,1,409.56260869565216,0,255.99710856521742,0,255.99710856521742,1126.2971739130435
13/09/2025,2,409.56260869565216,0,255.99710856521742,0,255.99710856521742,1126.2971739130435
13/09/2025,3,409.56260869565216,0,255.99710856521742,0,255.99710856521742,1126.2971739130435
13/09/2025,4,409.56260869565216,0,255.99710856521742,0,255.99710856521742,1126.2971739130435
13/09/2025,5,409.56260869565216,0,255.99710856521742,0,255.99710856521742,1126.2971739130435
13/09/2025,6,409.56260869565216,0,255.99710856521742,0,255.99710856521742,1126.2971739130435
13/09/2025,7,409.56260869565216,0,255.99710856521742,0,255.99710856521742,1126.2971739130435
13/09/2025,8,409.56260869565216,0,255.99710856521742,0,255.99710856521742,1126.2971739130435
13/09/2025,9,409.56260869565216,0,255.99710856521742,0,255.99710856521742,1126.2971739130435
13/09/2025,10,409.56260869565216,0,255.99710856521742,0,255.99710856521742,1126.2971739130435
13/09/2025,11,409.56260869565216,0,255.99710856521742,0,255.99710856521742,1126.2971739130435
13/09/2025,12,409.56260869565216,0,255.99710856521742,0,255.99710856521742,1126.2971739130435
13/09/2025,13,409.56260869565216,0,255.99710856521742,0,255.99710856521742,1126.2971739130435
13/09/2025,14,409.56260869565216,0,255.99710856521742,0,255.99710856521742,1126.2971739130435
13/09/2025,15,409.56260869565216,0,255.99710856521742,0,255.99710856521742,1126.2971739130435
13/09/2025,16,409.56260869565216,0,255.99710856521742,0,255.99710856521742,1126.2971739130435
13/09/2025,17,409.56260869565216,0,255.99710856521742,0,255.99710856521742,1126.2971739130435
13/09/2025,18,409.56260869565216,0,255.99710856521742,0,255.99710856521742,1126.2971739130435
13/09/2025,19,409.56260869565216,0,255.99710856521742,0,255.99710856521742,1126.2971739130435
13/09/2025,20,409.56260869565216,0,255.99710856521742,0,255.99710856521742,1126.2971739130435
13/09/2025,21,409.56260869565216,0,255.99710856521742,0,255.99710856521742,1126.2971739130435
13/09/2025,22,409.56260869565216,0,255.99710856521742,0,255.99710856521742,1126.2971739130435
13/09/2025,23,409.56260869565216,0,255.99710856521742,0,255.99710856521742,1126.2971739130435
13/09/2025,24,409.56260869565216,0,255.99710856521742,0,255.99710856521742,1126.2971739130435
14/09/2025,1,409.56260869565216,0,255.99710856521742,0,255.99710856521742,1126.2971739130435
14/09/2025,2,409.56260869565216,0,255.99710856521742,0,255.99710856521742,1126.2971739130435
14/09/2025,3,409.56260869565216,0,255.99710856521742,0,255.99710856521742,1126.2971739130435
14/09/2025,4,409.56260869565216,0,255.99710856521742,0,255.99710856521742,1126.2971739130435
14/09/2025,5,409.56260869565216,0,255.99710856521742,0,255.99710856521742,1126.2971739130435
14/09/2025,6,409.56260869565216,0,255.99710856521742,0,255.99710856521742,1126.2971739130435
14/09/2025,7,409.56260869565216,0,255.99710856521742,0,255.99710856521742,1126.2971739130435
14/09/2025,8,409.56260869565216,0,255.99710856521742,0,255.99710856521742,1126.2971739130435
14/09/2025,9,409.56260869565216,0,255.99710856521742,0,255.99710856521742,1126.2971739130435
14/09/2025,10,409.56260869565216,0,255.99710856521742,0,255.99710856521742,1126.2971739130435
14/09/2025,11,409.56260869565216,0,255.99710856521742,0,255.99710856521742,1126.2971739130435
14/09/2025,12,409.56260869565216,0,255.99710856521742,0,255.99710856521742,1126.2971739130435
14/09/2025,13,409.56260869565216,0,255.99710856521742,0,255.99710856521742,1126.2971739130435
14/09/2025,14,409.56260869565216,0,255.99710856521742,0,255.99710856521742,1126.2971739130435
14/09/2025,15,409.56260869565216,0,255.99710856521742,0,255.99710856521742,1126.2971739130435
14/09/2025,16,409.56260869565216,0,255.99710856521742,0,255.99710856521742,1126.2971739130435
14/09/2025,17,409.56260869565216,0,255.99710856521742,0,255.99710856521742,1126.2971739130435
14/09/2025,18,409.56260869565216,0,255.99710856521742,0,255.99710856521742,1126.2971739130435
14/09/2025,19,409.56260869565216,0,255.99710856521742,0,255.99710856521742,1126.2971739130435
14/09/2025,20,409.56260869565216,0,255.99710856521742,0,255.99710856521742,1126.2971739130435
14/09/2025,21,409.56260869565216,0,255.99710856521742,0,255.99710856521742,1126.2971739130435
14/09/2025,22,409.56260869565216,0,255.99710856521742,0,255.99710856521742,1126.2971739130435
14/09/2025,23,409.56260869565216,0,255.99710856521742,0,255.99710856521742,1126.2971739130435
14/09/2025,24,409.56260869565216,0,255.99710856521742,0,255.99710856521742,1126.2971739130435
15/09/2025,1,409.56260869565216,0,255.99710856521742,0,255.99710856521742,1126.2971739130435
15/09/2025,2,409.56260869565216,0,255.99710856521742,0,255.99710856521742,1126.2971739130435
15/09/2025,3,409.56260869565216,0,255.99710856521742,0,255.99710856521742,1126.2971739130435
15/09/2025,4,409.56260869565216,0,255.99710856521742,0,255.99710856521742,1126.2971739130435
15/09/2025,5,409.56260869565216,0,255.99710856521742,0,255.99710856521742,1126.2971739130435
15/09/2025,6,409.56260869565216,0,255.99710856521742,0,255.99710856521742,1126.2971739130435
15/09/2025,7,409.56260869565216,0,255.99710856521742,0,255.99710856521742,1126.2971739130435
15/09/2025,8,409.56260869565216,0,255.99710856521742,0,255.99710856521742,1126.2971739130435
15/09/2025,9,409.56260869565216,0,255.99710856521742,0,255.99710856521742,1126.2971739130435
15/09/2025,10,409.56260869565216,0,255.99710856521742,0,255.99710856521742,1126.2971739130435
15/09/2025,11,409.56260869565216,0,255.99710856521742,0,255.99710856521742,1126.2971739130435
15/09/2025,12,409.56260869565216,0,255.99710856521742,0,255.99710856521742,1126.2971739130435
15/09/2025,13,409.56260869565216,0,255.99710856521742,0,255.99710856521742,1126.2971739130435
15/09/2025,14,409.56260869565216,0,255.99710856521742,0,255.99710856521742,1126.2971739130435
15/09/2025,15,409.56260869565216,0,255.99710856521742,0,255.99710856521742,1126.2971739130435
15/09/2025,16,409.56260869565216,0,255.99710856521742,0,255.99710856521742,1126.2971739130435
15/09/2025,17,409.56260869565216,0,255.99710856521742,0,255.99710856521742,1126.2971739130435
15/09/2025,18,409.56260869565216,0,255.99710856521742,0,255.99710856521742,1126.2971739130435
15/09/2025,19,409.56260869565216,0,255.99710856521742,0,255.99710856521742,1126.2971739130435
15/09/2025,20,409.56260869565216,0,255.99710856521742,0,255.99710856521742,1126.2971739130435
15/09/2025,21,409.56260869565216,0,255.99710856521742,0,255.99710856521742,1126.2971739130435
15/09/2025,22,409.56260869565216,0,255.99710856521742,0,255.99710856521742,1126.2971739130435
15/09/2025,23,409.56260869565216,0,255.99710856521742,0,255.99710856521742,1126.2971739130435
15/09/2025,24,409.56260869565216,0,255.99710856521742,0,255.99710856521742,1126.2971739130435
16/09/2025,1,409.56260869565216,0,255.99710856521742,0,255.99710856521742,1126.2971739130435
16/09/2025,2,409.56260869565216,0,255.99710856521742,0,255.99710856521742,1126.2971739130435
16/09/2025,3,409.56260869565216,0,255.99710856521742,0,255.99710856521742,1126.2971739130435
16/09/2025,4,409.56260869565216,0,255.99710856521742,0,255.99710856521742,1126.2971739130435
16/09/2025,5,409.56260869565216,0,255.99710856521742,0,255.99710856521742,1126.2971739130435
16/09/2025,6,409.56260869565216,0,255.99710856521742,0,255.99710856521742,1126.2971739130435
16/09/2025,7,409.56260869565216,0,255.99710856521742,0,255.99710856521742,1126.2971739130435
16/09/2025,8,409.56260869565216,0,255.99710856521742,0,255.99710856521742,1126.2971739130435
16/09/2025,9,409.56260869565216,0,255.99710856521742,0,255.99710856521742,1126.2971739130435
16/09/2025,10,409.56260869565216,0,255.99710856521742,0,255.99710856521742,1126.2971739130435
16/09/2025,11,409.56260869565216,0,255.99710856521742,0,255.99710856521742,1126.2971739130435
16/09/2025,12,409.56260869565216,0,255.99710856521742,0,255.99710856521742,1126.2971739130435
16/09/2025,13,409.56260869565216,0,255.99710856521742,0,255.99710856521742,1126.2971739130435
16/09/2025,14,409.56260869565216,0,255.99710856521742,0,255.99710856521742,1126.2971739130435
16/09/2025,15,409.56260869565216,0,255.99710856521742,0,255.99710856521742,1126.2971739130435
16/09/2025,16,409.56260869565216,0,255.99710856521742,0,255.99710856521742,1126.2971739130435
16/09/2025,17,409.56260869565216,0,255.99710856521742,0,255.99710856521742,1126.2971739130435
16/09/2025,18,409.56260869565216,0,255.99710856521742,0,255.99710856521742,1126.2971739130435
16/09/2025,19,409.56260869565216,0,255.99710856521742,0,255.99710856521742,1126.2971739130435
16/09/2025,20,409.56260869565216,0,255.99710856521742,0,255.99710856521742,1126.2971739130435
16/09/2025,21,409.56260869565216,0,255.99710856521742,0,255.99710856521742,1126.2971739130435
16/09/2025,22,409.56260869565216,0,255.99710856521742,0,255.99710856521742,1126.2971739130435
16/09/2025,23,409.56260869565216,0,255.99710856521742,0,255.99710856521742,1126.2971739130435
16/09/2025,24,409.56260869565216,0,255.99710856521742,0,255.99710856521742,1126.2971739130435
17/09/2025,1,409.56260869565216,0,255.99710856521742,0,255.99710856521742,1126.2971739130435
17/09/2025,2,409.56260869565216,0,255.99710856521742,0,255.99710856521742,1126.2971739130435
17/09/2025,3,409.56260869565216,0,255.99710856521742,0,255.99710856521742,1126.2971739130435
17/09/2025,4,409.56260869565216,0,255.99710856521742,0,255.99710856521742,1126.2971739130435
17/09/2025,5,409.56260869565216,0,255.99710856521742,0,255.99710856521742,1126.2971739130435
17/09/2025,6,409.56260869565216,0,255.99710856521742,0,255.99710856521742,1126.2971739130435
17/09/2025,7,409.56260869565216,0,255.99710856521742,0,255.99710856521742,1126.2971739130435
17/09/2025,8,409.56260869565216,0,255.99710856521742,0,255.99710856521742,1126.2971739130435
17/09/2025,9,409.56260869565216,0,255.99710856521742,0,255.99710856521742,1126.2971739130435
17/09/2025,10,409.56260869565216,0,255.99710856521742,0,255.99710856521742,1126.2971739130435
17/09/2025,11,409.56260869565216,0,255.99710856521742,0,255.99710856521742,1126.2971739130435
17/09/2025,12,409.56260869565216,0,255.99710856521742,0,255.99710856521742,1126.2971739130435
17/09/2025,13,409.56260869565216,0,255.99710856521742,0,255.99710856521742,1126.2971739130435
17/09/2025,14,409.56260869565216,0,255.99710856521742,0,255.99710856521742,1126.2971739130435
17/09/2025,15,409.56260869565216,0,255.99710856521742,0,255.99710856521742,1126.2971739130435
17/09/2025,16,409.56260869565216,0,255.99710856521742,0,255.99710856521742,1126.2971739130435
17/09/2025,17,409.56260869565216,0,255.99710856521742,0,255.99710856521742,1126.2971739130435
17/09/2025,18,409.56260869565216,0,255.99710856521742,0,255.99710856521742,1126.2971739130435
17/09/2025,19,409.56260869565216,0,255.99710856521742,0,255.99710856521742,1126.2971739130435
17/09/2025,20,409.56260869565216,0,255.99710856521742,0,255.99710856521742,1126.2971739130435
17/09/2025,21,409.56260869565216,0,255.99710856521742,0,255.99710856521742,1126.2971739130435
17/09/2025,22,409.56260869565216,0,255.99710856521742,0,255.99710856521742,1126.2971739130435
17/09/2025,23,409.56260869565216,0,255.99710856521742,0,255.99710856521742,1126.2971739130435
17/09/2025,24,409.56260869565216,0,255.99710856521742,0,255.99710856521742,1126.2971739130435
18/09/2025,1,409.56260869565216,0,255.99710856521742,0,255.99710856521742,1126.2971739130435
18/09/2025,2,409.56260869565216,0,255.99710856521742,0,255.99710856521742,1126.2971739130435
18/09/2025,3,409.56260869565216,0,255.99710856521742,0,255.99710856521742,1126.2971739130435
18/09/2025,4,409.56260869565216,0,255.99710856521742,0,255.99710856521742,1126.2971739130435
18/09/2025,5,409.56260869565216,0,255.99710856521742,0,255.99710856521742,1126.2971739130435
18/09/2025,6,409.56260869565216,0,255.99710856521742,0,255.99710856521742,1126.2971739130435
18/09/2025,7,409.56260869565216,0,255.99710856521742,0,255.99710856521742,1126.2971739130435
18/09/2025,8,409.56260869565216,0,255.99710856521742,0,255.99710856521742,1126.2971739130435
18/09/2025,9,409.56260869565216,0,255.99710856521742,0,255.99710856521742,1126.2971739130435
18/09/2025,10,409.56260869565216,0,255.99710856521742,0,255.99710856521742,1126.2971739130435
18/09/2025,11,409.56260869565216,0,255.99710856521742,0,255.99710856521742,1126.2971739130435
18/09/2025,12,409.56260869565216,0,255.99710856521742,0,255.99710856521742,1126.2971739130435
18/09/2025,13,409.56260869565216,0,255.99710856521742,0,255.99710856521742,1126.2971739130435
18/09/2025,14,409.56260869565216,0,255.99710856521742,0,255.99710856521742,1126.2971739130435
18/09/2025,15,409.56260869565216,0,255.99710856521742,0,255.99710856521742,1126.2971739130435
18/09/2025,16,409.56260869565216,0,255.99710856521742,0,255.99710856521742,1126.2971739130435
18/09/2025,17,409.56260869565216,0,255.99710856521742,0,255.99710856521742,1126.2971739130435
18/09/2025,18,409.56260869565216,0,255.99710856521742,0,255.99710856521742,1126.2971739130435
18/09/2025,19,409.56260869565216,0,255.99710856521742,0,255.99710856521742,1126.2971739130435
18/09/2025,20,409.56260869565216,0,255.99710856521742,0,255.99710856521742,1126.2971739130435
18/09/2025,21,409.56260869565216,0,255.99710856521742,0,255.99710856521742,1126.2971739130435
18/09/2025,22,409.56260869565216,0,255.99710856521742,0,255.99710856521742,1126.2971739130435
18/09/2025,23,409.56260869565216,0,255.99710856521742,0,255.99710856521742,1126.2971739130435
18/09/2025,24,409.56260869565216,0,255.99710856521742,0,255.99710856521742,1126.2971739130435
19/09/2025,1,409.56260869565216,0,255.99710856521742,0,255.99710856521742,1126.2971739130435
19/09/2025,2,409.56260869565216,0,255.99710856521742,0,255.99710856521742,1126.2971739130435
19/09/2025,3,409.56260869565216,0,255.99710856521742,0,255.99710856521742,1126.2971739130435
19/09/2025,4,409.56260869565216,0,255.99710856521742,0,255.99710856521742,1126.2971739130435
19/09/2025,5,409.56260869565216,0,255.99710856521742,0,255.99710856521742,1126.2971739130435
19/09/2025,6,409.56260869565216,0,255.99710856521742,0,255.99710856521742,1126.2971739130435
19/09/2025,7,409.56260869565216,0,255.99710856521742,0,255.99710856521742,1126.2971739130435
19/09/2025,8,409.56260869565216,0,255.99710856521742,0,255.99710856521742,1126.2971739130435
19/09/2025,9,409.56260869565216,0,255.99710856521742,0,255.99710856521742,1126.2971739130435
19/09/2025,10,409.56260869565216,0,255.99710856521742,0,255.99710856521742,1126.2971739130435
19/09/2025,11,409.56260869565216,0,255.99710856521742,0,255.99710856521742,1126.2971739130435
19/09/2025,12,409.56260869565216,0,255.99710856521742,0,255.99710856521742,1126.2971739130435
19/09/2025,13,409.56260869565216,0,255.99710856521742,0,255.99710856521742,1126.2971739130435
19/09/2025,14,409.56260869565216,0,255.99710856521742,0,255.99710856521742,1126.2971739130435
19/09/2025,15,409.56260869565216,0,255.99710856521742,0,255.99710856521742,1126.2971739130435
19/09/2025,16,409.56260869565216,0,255.99710856521742,0,255.99710856521742,1126.2971739130435
19/09/2025,17,409.56260869565216,0,255.99710856521742,0,255.99710856521742,1126.2971739130435
19/09/2025,18,409.56260869565216,0,255.99710856521742,0,255.99710856521742,1126.2971739130435
19/09/2025,19,409.56260869565216,0,255.99710856521742,0,255.99710856521742,1126.2971739130435
19/09/2025,20,409.56260869565216,0,255.99710856521742,0,255.99710856521742,1126.2971739130435
19/09/2025,21,409.56260869565216,0,255.99710856521742,0,255.99710856521742,1126.2971739130435
19/09/2025,22,409.56260869565216,0,255.99710856521742,0,255.99710856521742,1126.2971739130435
19/09/2025,23,409.56260869565216,0,255.99710856521742,0,255.99710856521742,1126.2971739130435
19/09/2025,24,409.56260869565216,0,255.99710856521742,0,255.99710856521742,1126.2971739130435
20/09/2025,1,409.56260869565216,0,255.99710856521742,0,255.99710856521742,1126.2971739130435
20/09/2025,2,409.56260869565216,0,255.99710856521742,0,255.99710856521742,1126.2971739130435
20/09/2025,3,409.56260869565216,0,255.99710856521742,0,255.99710856521742,1126.2971739130435
20/09/2025,4,409.56260869565216,0,255.99710856521742,0,255.99710856521742,1126.2971739130435
20/09/2025,5,409.56260869565216,0,255.99710856521742,0,255.99710856521742,1126.2971739130435
20/09/2025,6,409.56260869565216,0,255.99710856521742,0,255.99710856521742,1126.2971739130435
20/09/2025,7,409.56260869565216,0,255.99710856521742,0,255.99710856521742,1126.2971739130435
20/09/2025,8,409.56260869565216,0,255.99710856521742,0,255.99710856521742,1126.2971739130435
20/09/2025,9,409.56260869565216,0,255.99710856521742,0,255.99710856521742,1126.2971739130435
20/09/2025,10,409.56260869565216,0,255.99710856521742,0,255.99710856521742,1126.2971739130435
20/09/2025,11,409.56260869565216,0,255.99710856521742,0,255.99710856521742,1126.2971739130435
20/09/2025,12,409.56260869565216,0,255.99710856521742,0,255.99710856521742,1126.2971739130435
20/09/2025,13,409.56260869565216,0,255.99710856521742,0,255.99710856521742,1126.2971739130435
20/09/2025,14,409.56260869565216,0,255.99710856521742,0,255.99710856521742,1126.2971739130435
20/09/2025,15,409.56260869565216,0,255.99710856521742,0,255.99710856521742,1126.2971739130435
20/09/2025,16,409.56260869565216,0,255.99710856521742,0,255.99710856521742,1126.2971739130435
20/09/2025,17,409.56260869565216,0,255.99710856521742,0,255.99710856521742,1126.2971739130435
20/09/2025,18,409.56260869565216,0,255.99710856521742,0,255.99710856521742,1126.2971739130435
20/09/2025,19,409.56260869565216,0,255.99710856521742,0,255.99710856521742,1126.2971739130435
20/09/2025,20,409.56260869565216,0,255.99710856521742,0,255.99710856521742,1126.2971739130435
20/09/2025,21,409.56260869565216,0,255.99710856521742,0,255.99710856521742,1126.2971739130435
20/09/2025,22,409.56260869565216,0,255.99710856521742,0,255.99710856521742,1126.2971739130435
20/09/2025,23,409.56260869565216,0,255.99710856521742,0,255.99710856521742,1126.2971739130435
20/09/2025,24,409.56260869565216,0,255.99710856521742,0,255.99710856521742,1126.2971739130435
21/09/2025,1,409.56260869565216,0,255.99710856521742,0,255.99710856521742,1126.2971739130435
21/09/2025,2,409.56260869565216,0,255.99710856521742,0,255.99710856521742,1126.2971739130435
21/09/2025,3,409.56260869565216,0,255.99710856521742,0,255.99710856521742,1126.2971739130435
21/09/2025,4,409.56260869565216,0,255.99710856521742,0,255.99710856521742,1126.2971739130435
21/09/2025,5,409.56260869565216,0,255.99710856521742,0,255.99710856521742,1126.2971739130435
21/09/2025,6,409.56260869565216,0,255.99710856521742,0,255.99710856521742,1126.2971739130435
21/09/2025,7,409.56260869565216,0,255.99710856521742,0,255.99710856521742,1126.2971739130435
21/09/2025,8,409.56260869565216,0,255.99710856521742,0,255.99710856521742,1126.2971739130435
21/09/2025,9,409.56260869565216,0,255.99710856521742,0,255.99710856521742,1126.2971739130435
21/09/2025,10,409.56260869565216,0,255.99710856521742,0,255.99710856521742,1126.2971739130435
21/09/2025,11,409.56260869565216,0,255.99710856521742,0,255.99710856521742,1126.2971739130435
21/09/2025,12,409.56260869565216,0,255.99710856521742,0,255.99710856521742,1126.2971739130435
21/09/2025,13,409.56260869565216,0,255.99710856521742,0,255.99710856521742,1126.2971739130435
21/09/2025,14,409.56260869565216,0,255.99710856521742,0,255.99710856521742,1126.2971739130435
21/09/2025,15,409.56260869565216,0,255.99710856521742,0,255.99710856521742,1126.2971739130435
21/09/2025,16,409.56260869565216,0,255.99710856521742,0,255.99710856521742,1126.2971739130435
21/09/2025,17,409.56260869565216,0,255.99710856521742,0,255.99710856521742,1126.2971739130435
21/09/2025,18,409.56260869565216,0,255.99710856521742,0,255.99710856521742,1126.2971739130435
21/09/2025,19,409.56260869565216,0,255.99710856521742,0,255.99710856521742,1126.2971739130435
21/09/2025,20,409.56260869565216,0,255.99710856521742,0,255.99710856521742,1126.2971739130435
21/09/2025,21,409.56260869565216,0,255.99710856521742,0,255.99710856521742,1126.2971739130435
21/09/2025,22,409.56260869565216,0,255.99710856521742,0,255.99710856521742,1126.2971739130435
21/09/2025,23,409.56260869565216,0,255.99710856521742,0,255.99710856521742,1126.2971739130435
21/09/2025,24,409.56260869565216,0,255.99710856521742,0,255.99710856521742,1126.2971739130435
22/09/2025,1,409.56260869565216,0,255.99710856521742,0,255.99710856521742,1126.2971739130435
22/09/2025,2,409.56260869565216,0,255.99710856521742,0,255.99710856521742,1126.2971739130435
22/09/2025,3,409.56260869565216,0,255.99710856521742,0,255.99710856521742,1126.2971739130435
22/09/2025,4,409.56260869565216,0,255.99710856521742,0,255.99710856521742,1126.2971739130435
22/09/2025,5,409.56260869565216,0,255.99710856521742,0,255.99710856521742,1126.2971739130435
22/09/2025,6,409.56260869565216,0,255.99710856521742,0,255.99710856521742,1126.2971739130435
22/09/2025,7,409.56260869565216,0,255.99710856521742,0,255.99710856521742,1126.2971739130435
22/09/2025,8,409.56260869565216,0,255.99710856521742,0,255.99710856521742,1126.2971739130435
22/09/2025,9,409.56260869565216,0,255.99710856521742,0,255.99710856521742,1126.2971739130435
22/09/2025,10,409.56260869565216,0,255.99710856521742,0,255.99710856521742,1126.2971739130435
22/09/2025,11,409.56260869565216,0,255.99710856521742,0,255.99710856521742,1126.2971739130435
22/09/2025,12,409.56260869565216,0,255.99710856521742,0,255.99710856521742,1126.2971739130435
22/09/2025,13,409.56260869565216,0,255.99710856521742,0,255.99710856521742,1126.2971739130435
22/09/2025,14,409.56260869565216,0,255.99710856521742,0,255.99710856521742,1126.2971739130435
22/09/2025,15,409.56260869565216,0,255.99710856521742,0,255.99710856521742,1126.2971739130435
22/09/2025,16,409.56260869565216,0,255.99710856521742,0,255.99710856521742,1126.2971739130435
22/09/2025,17,409.56260869565216,0,255.99710856521742,0,255.99710856521742,1126.2971739130435
22/09/2025,18,409.56260869565216,0,255.99710856521742,0,255.99710856521742,1126.2971739130435
22/09/2025,19,409.56260869565216,0,255.99710856521742,0,255.99710856521742,1126.2971739130435
22/09/2025,20,409.56260869565216,0,255.99710856521742,0,255.99710856521742,1126.2971739130435
22/09/2025,21,409.56260869565216,0,255.99710856521742,0,255.99710856521742,1126.2971739130435
22/09/2025,22,409.56260869565216,0,255.99710856521742,0,255.99710856521742,1126.2971739130435
22/09/2025,23,409.56260869565216,0,255.99710856521742,0,255.99710856521742,1126.2971739130435
22/09/2025,24,409.56260869565216,0,255.99710856521742,0,255.99710856521742,1126.2971739130435
23/09/2025,1,409.56260869565216,0,255.99710856521742,0,255.99710856521742,1126.2971739130435
23/09/2025,2,409.56260869565216,0,255.99710856521742,0,255.99710856521742,1126.2971739130435
23/09/2025,3,409.56260869565216,0,255.99710856521742,0,255.99710856521742,1126.2971739130435
23/09/2025,4,409.56260869565216,0,255.99710856521742,0,255.99710856521742,1126.2971739130435
23/09/2025,5,409.56260869565216,0,255.99710856521742,0,255.99710856521742,1126.2971739130435
23/09/2025,6,409.56260869565216,0,255.99710856521742,0,255.99710856521742,1126.2971739130435
23/09/2025,7,409.56260869565216,0,255.99710856521742,0,255.99710856521742,1126.2971739130435
23/09/2025,8,409.56260869565216,0,255.99710856521742,0,255.99710856521742,1126.2971739130435
23/09/2025,9,409.56260869565216,0,255.99710856521742,0,255.99710856521742,1126.2971739130435
23/09/2025,10,409.56260869565216,0,255.99710856521742,0,255.99710856521742,1126.2971739130435
23/09/2025,11,409.56260869565216,0,255.99710856521742,0,255.99710856521742,1126.2971739130435
23/09/2025,12,409.56260869565216,0,255.99710856521742,0,255.99710856521742,1126.2971739130435
23/09/2025,13,409.56260869565216,0,255.99710856521742,0,255.99710856521742,1126.2971739130435
23/09/2025,14,409.56260869565216,0,255.99710856521742,0,255.99710856521742,1126.2971739130435
23/09/2025,15,409.56260869565216,0,255.99710856521742,0,255.99710856521742,1126.2971739130435
23/09/2025,16,409.56260869565216,0,255.99710856521742,0,255.99710856521742,1126.2971739130435
23/09/2025,17,409.56260869565216,0,255.99710856521742,0,255.99710856521742,1126.2971739130435
23/09/2025,18,409.56260869565216,0,255.99710856521742,0,255.99710856521742,1126.2971739130435
23/09/2025,19,409.56260869565216,0,255.99710856521742,0,255.99710856521742,1126.2971739130435
23/09/2025,20,409.56260869565216,0,255.99710856521742,0,255.99710856521742,1126.2971739130435
23/09/2025,21,409.56260869565216,0,255.99710856521742,0,255.99710856521742,1126.2971739130435
23/09/2025,22,409.56260869565216,0,255.99710856521742,0,255.99710856521742,1126.2971739130435
23/09/2025,23,409.56260869565216,0,255.99710856521742,0,255.99710856521742,1126.2971739130435
23/09/2025,24,409.56260869565216,0,255.99710856521742,0,255.99710856521742,1126.2971739130435
24/09/2025,1,409.56260869565216,0,255.99710856521742,0,255.99710856521742,1126.2971739130435
24/09/2025,2,409.56260869565216,0,255.99710856521742,0,255.99710856521742,1126.2971739130435
24/09/2025,3,409.56260869565216,0,255.99710856521742,0,255.99710856521742,1126.2971739130435
24/09/2025,4,409.56260869565216,0,255.99710856521742,0,255.99710856521742,1126.2971739130435
24/09/2025,5,409.56260869565216,0,255.99710856521742,0,255.99710856521742,1126.2971739130435
24/09/2025,6,409.56260869565216,0,255.99710856521742,0,255.99710856521742,1126.2971739130435
24/09/2025,7,409.56260869565216,0,255.99710856521742,0,255.99710856521742,1126.2971739130435
24/09/2025,8,409.56260869565216,0,255.99710856521742,0,255.99710856521742,1126.2971739130435
24/09/2025,9,409.56260869565216,0,255.99710856521742,0,255.99710856521742,1126.2971739130435
24/09/2025,10,409.56260869565216,0,255.99710856521742,0,255.99710856521742,1126.2971739130435
24/09/2025,11,409.56260869565216,0,255.99710856521742,0,255.99710856521742,1126.2971739130435
24/09/2025,12,409.56260869565216,0,255.99710856521742,0,255.99710856521742,1126.2971739130435
24/09/2025,13,409.56260869565216,0,255.99710856521742,0,255.99710856521742,1126.2971739130435
24/09/2025,14,409.56260869565216,0,255.99710856521742,0,255.99710856521742,1126.2971739130435
24/09/2025,15,409.56260869565216,0,255.99710856521742,0,255.99710856521742,1126.2971739130435
24/09/2025,16,409.56260869565216,0,255.99710856521742,0,255.99710856521742,1126.2971739130435
24/09/2025,17,409.56260869565216,0,255.99710856521742,0,255.99710856521742,1126.2971739130435
24/09/2025,18,409.56260869565216,0,255.99710856521742,0,255.99710856521742,1126.2971739130435
24/09/2025,19,409.56260869565216,0,255.99710856521742,0,255.99710856521742,1126.2971739130435
24/09/2025,20,409.56260869565216,0,255.99710856521742,0,255.99710856521742,1126.2971739130435
24/09/2025,21,409.56260869565216,0,255.99710856521742,0,255.99710856521742,1126.2971739130435
24/09/2025,22,409.56260869565216,0,255.99710856521742,0,255.99710856521742,1126.2971739130435
24/09/2025,23,409.56260869565216,0,255.99710856521742,0,255.99710856521742,1126.2971739130435
24/09/2025,24,409.56260869565216,0,255.99710856521742,0,255.99710856521742,1126.2971739130435
25/09/2025,1,409.56260869565216,0,255.99710856521742,0,255.99710856521742,1126.2971739130435
25/09/2025,2,409.56260869565216,0,255.99710856521742,0,255.99710856521742,1126.2971739130435
25/09/2025,3,409.56260869565216,0,255.99710856521742,0,255.99710856521742,1126.2971739130435
25/09/2025,4,409.56260869565216,0,255.99710856521742,0,255.99710856521742,1126.2971739130435
25/09/2025,5,409.56260869565216,0,255.99710856521742,0,255.99710856521742,1126.2971739130435
25/09/2025,6,409.56260869565216,0,255.99710856521742,0,255.99710856521742,1126.2971739130435
25/09/2025,7,409.56260869565216,0,255.99710856521742,0,255.99710856521742,1126.2971739130435
25/09/2025,8,409.56260869565216,0,255.99710856521742,0,255.99710856521742,1126.2971739130435
25/09/2025,9,409.56260869565216,0,255.99710856521742,0,255.99710856521742,1126.2971739130435
25/09/2025,10,409.56260869565216,0,255.99710856521742,0,255.99710856521742,1126.2971739130435
25/09/2025,11,409.56260869565216,0,255.99710856521742,0,255.99710856521742,1126.2971739130435
25/09/2025,12,409.56260869565216,0,255.99710856521742,0,255.99710856521742,1126.2971739130435
25/09/2025,13,409.56260869565216,0,255.99710856521742,0,255.99710856521742,1126.2971739130435
25/09/2025,14,409.56260869565216,0,255.99710856521742,0,255.99710856521742,1126.2971739130435
25/09/2025,15,409.56260869565216,0,255.99710856521742,0,255.99710856521742,1126.2971739130435
25/09/2025,16,409.56260869565216,0,255.99710856521742,0,255.99710856521742,1126.2971739130435
25/09/2025,17,409.56260869565216,0,255.99710856521742,0,255.99710856521742,1126.2971739130435
25/09/2025,18,409.56260869565216,0,255.99710856521742,0,255.99710856521742,1126.2971739130435
25/09/2025,19,409.56260869565216,0,255.99710856521742,0,255.99710856521742,1126.2971739130435
25/09/2025,20,409.56260869565216,0,255.99710856521742,0,255.99710856521742,1126.2971739130435
25/09/2025,21,409.56260869565216,0,255.99710856521742,0,255.99710856521742,1126.2971739130435
25/09/2025,22,409.56260869565216,0,255.99710856521742,0,255.99710856521742,1126.2971739130435
25/09/2025,23,409.56260869565216,0,255.99710856521742,0,255.99710856521742,1126.2971739130435
25/09/2025,24,409.56260869565216,0,255.99710856521742,0,255.99710856521742,1126.2971739130435
26/09/2025,1,409.56260869565216,0,255.99710856521742,0,255.99710856521742,1126.2971739130435
26/09/2025,2,409.56260869565216,0,255.99710856521742,0,255.99710856521742,1126.2971739130435
26/09/2025,3,409.56260869565216,0,255.99710856521742,0,255.99710856521742,1126.2971739130435
26/09/2025,4,409.56260869565216,0,255.99710856521742,0,255.99710856521742,1126.2971739130435
26/09/2025,5,409.56260869565216,0,255.99710856521742,0,255.99710856521742,1126.2971739130435
26/09/2025,6,409.56260869565216,0,255.99710856521742,0,255.99710856521742,1126.2971739130435
26/09/2025,7,409.56260869565216,0,255.99710856521742,0,255.99710856521742,1126.2971739130435
26/09/2025,8,409.56260869565216,0,255.99710856521742,0,255.99710856521742,1126.2971739130435
26/09/2025,9,409.56260869565216,0,255.99710856521742,0,255.99710856521742,1126.2971739130435
26/09/2025,10,409.56260869565216,0,255.99710856521742,0,255.99710856521742,1126.2971739130435
26/09/2025,11,409.56260869565216,0,255.99710856521742,0,255.99710856521742,1126.2971739130435
26/09/2025,12,409.56260869565216,0,255.99710856521742,0,255.99710856521742,1126.2971739130435
26/09/2025,13,409.56260869565216,0,255.99710856521742,0,255.99710856521742,1126.2971739130435
26/09/2025,14,409.56260869565216,0,255.99710856521742,0,255.99710856521742,1126.2971739130435
26/09/2025,15,409.56260869565216,0,255.99710856521742,0,255.99710856521742,1126.2971739130435
26/09/2025,16,409.56260869565216,0,255.99710856521742,0,255.99710856521742,1126.2971739130435
26/09/2025,17,409.56260869565216,0,255.99710856521742,0,255.99710856521742,1126.2971739130435
26/09/2025,18,409.56260869565216,0,255.99710856521742,0,255.99710856521742,1126.2971739130435
26/09/2025,19,409.56260869565216,0,255.99710856521742,0,255.99710856521742,1126.2971739130435
26/09/2025,20,409.56260869565216,0,255.99710856521742,0,255.99710856521742,1126.2971739130435
26/09/2025,21,409.56260869565216,0,255.99710856521742,0,255.99710856521742,1126.2971739130435
26/09/2025,22,409.56260869565216,0,255.99710856521742,0,255.99710856521742,1126.2971739130435
26/09/2025,23,409.56260869565216,0,255.99710856521742,0,255.99710856521742,1126.2971739130435
26/09/2025,24,409.56260869565216,0,255.99710856521742,0,255.99710856521742,1126.2971739130435
27/09/2025,1,409.56260869565216,0,255.99710856521742,0,255.99710856521742,1126.2971739130435
27/09/2025,2,409.56260869565216,0,255.99710856521742,0,255.99710856521742,1126.2971739130435
27/09/2025,3,409.56260869565216,0,255.99710856521742,0,255.99710856521742,1126.2971739130435
27/09/2025,4,409.56260869565216,0,255.99710856521742,0,255.99710856521742,1126.2971739130435
27/09/2025,5,409.56260869565216,0,255.99710856521742,0,255.99710856521742,1126.2971739130435
27/09/2025,6,409.56260869565216,0,255.99710856521742,0,255.99710856521742,1126.2971739130435
27/09/2025,7,409.56260869565216,0,255.99710856521742,0,255.99710856521742,1126.2971739130435
27/09/2025,8,409.56260869565216,0,255.99710856521742,0,255.99710856521742,1126.2971739130435
27/09/2025,9,409.56260869565216,0,255.99710856521742,0,255.99710856521742,1126.2971739130435
27/09/2025,10,409.56260869565216,0,255.99710856521742,0,255.99710856521742,1126.2971739130435
27/09/2025,11,409.56260869565216,0,255.99710856521742,0,255.99710856521742,1126.2971739130435
27/09/2025,12,409.56260869565216,0,255.99710856521742,0,255.99710856521742,1126.2971739130435
27/09/2025,13,409.56260869565216,0,255.99710856521742,0,255.99710856521742,1126.2971739130435
27/09/2025,14,409.56260869565216,0,255.99710856521742,0,255.99710856521742,1126.2971739130435
27/09/2025,15,409.56260869565216,0,255.99710856521742,0,255.99710856521742,1126.2971739130435
27/09/2025,16,409.56260869565216,0,255.99710856521742,0,255.99710856521742,1126.2971739130435
27/09/2025,17,409.56260869565216,0,255.99710856521742,0,255.99710856521742,1126.2971739130435
27/09/2025,18,409.56260869565216,0,255.99710856521742,0,255.99710856521742,1126.2971739130435
27/09/2025,19,409.56260869565216,0,255.99710856521742,0,255.99710856521742,1126.2971739130435
27/09/2025,20,409.56260869565216,0,255.99710856521742,0,255.99710856521742,1126.2971739130435
27/09/2025,21,409.56260869565216,0,255.99710856521742,0,255.99710856521742,1126.2971739130435
27/09/2025,22,409.56260869565216,0,255.99710856521742,0,255.99710856521742,1126.2971739130435
27/09/2025,23,409.56260869565216,0,255.99710856521742,0,255.99710856521742,1126.2971739130435
27/09/2025,24,409.56260869565216,0,255.99710856521742,0,255.99710856521742,1126.2971739130435
28/09/2025,1,409.56260869565216,0,255.99710856521742,0,255.99710856521742,1126.2971739130435
28/09/2025,2,409.56260869565216,0,255.99710856521742,0,255.99710856521742,1126.2971739130435
28/09/2025,3,409.56260869565216,0,255.99710856521742,0,255.99710856521742,1126.2971739130435
28/09/2025,4,409.56260869565216,0,255.99710856521742,0,255.99710856521742,1126.2971739130435
28/09/2025,5,409.56260869565216,0,255.99710856521742,0,255.99710856521742,1126.2971739130435
28/09/2025,6,409.56260869565216,0,255.99710856521742,0,255.99710856521742,1126.2971739130435
28/09/2025,7,409.56260869565216,0,255.99710856521742,0,255.99710856521742,1126.2971739130435
28/09/2025,8,409.56260869565216,0,255.99710856521742,0,255.99710856521742,1126.2971739130435
28/09/2025,9,409.56260869565216,0,255.99710856521742,0,255.99710856521742,1126.2971739130435
28/09/2025,10,409.56260869565216,0,255.99710856521742,0,255.99710856521742,1126.2971739130435
28/09/2025,11,409.56260869565216,0,255.99710856521742,0,255.99710856521742,1126.2971739130435
28/09/2025,12,409.56260869565216,0,255.99710856521742,0,255.99710856521742,1126.2971739130435
28/09/2025,13,409.56260869565216,0,255.99710856521742,0,255.99710856521742,1126.2971739130435
28/09/2025,14,409.56260869565216,0,255.99710856521742,0,255.99710856521742,1126.2971739130435
28/09/2025,15,409.56260869565216,0,255.99710856521742,0,255.99710856521742,1126.2971739130435
28/09/2025,16,409.56260869565216,0,255.99710856521742,0,255.99710856521742,1126.2971739130435
28/09/2025,17,409.56260869565216,0,255.99710856521742,0,255.99710856521742,1126.2971739130435
28/09/2025,18,409.56260869565216,0,255.99710856521742,0,255.99710856521742,1126.2971739130435
28/09/2025,19,409.56260869565216,0,255.99710856521742,0,255.99710856521742,1126.2971739130435
28/09/2025,20,409.56260869565216,0,255.99710856521742,0,255.99710856521742,1126.2971739130435
28/09/2025,21,409.56260869565216,0,255.99710856521742,0,255.99710856521742,1126.2971739130435
28/09/2025,22,409.56260869565216,0,255.99710856521742,0,255.99710856521742,1126.2971739130435
28/09/2025,23,409.56260869565216,0,255.99710856521742,0,255.99710856521742,1126.2971739130435
28/09/2025,24,409.56260869565216,0,255.99710856521742,0,255.99710856521742,1126.2971739130435
29/09/2025,1,409.56260869565216,0,255.99710856521742,0,255.99710856521742,1126.2971739130435
29/09/2025,2,409.56260869565216,0,255.99710856521742,0,255.99710856521742,1126.2971739130435
29/09/2025,3,409.56260869565216,0,255.99710856521742,0,255.99710856521742,1126.2971739130435
29/09/2025,4,409.56260869565216,0,255.99710856521742,0,255.99710856521742,1126.2971739130435
29/09/2025,5,409.56260869565216,0,255.99710856521742,0,255.99710856521742,1126.2971739130435
29/09/2025,6,409.56260869565216,0,255.99710856521742,0,255.99710856521742,1126.2971739130435
29/09/2025,7,409.56260869565216,0,255.99710856521742,0,255.99710856521742,1126.2971739130435
29/09/2025,8,409.56260869565216,0,255.99710856521742,0,255.99710856521742,1126.2971739130435
29/09/2025,9,409.56260869565216,0,255.99710856521742,0,255.99710856521742,1126.2971739130435
29/09/2025,10,409.56260869565216,0,255.99710856521742,0,255.99710856521742,1126.2971739130435
29/09/2025,11,409.56260869565216,0,255.99710856521742,0,255.99710856521742,1126.2971739130435
29/09/2025,12,409.56260869565216,0,255.99710856521742,0,255.99710856521742,1126.2971739130435
29/09/2025,13,409.56260869565216,0,255.99710856521742,0,255.99710856521742,1126.2971739130435
29/09/2025,14,409.56260869565216,0,255.99710856521742,0,255.99710856521742,1126.2971739130435
29/09/2025,15,409.56260869565216,0,255.99710856521742,0,255.99710856521742,1126.2971739130435
29/09/2025,16,409.56260869565216,0,255.99710856521742,0,255.99710856521742,1126.2971739130435
29/09/2025,17,409.56260869565216,0,255.99710856521742,0,255.99710856521742,1126.2971739130435
29/09/2025,18,409.56260869565216,0,255.99710856521742,0,255.99710856521742,1126.2971739130435
29/09/2025,19,409.56260869565216,0,255.99710856521742,0,255.99710856521742,1126.2971739130435
29/09/2025,20,409.56260869565216,0,255.99710856521742,0,255.99710856521742,1126.2971739130435
29/09/2025,21,409.56260869565216,0,255.99710856521742,0,255.99710856521742,1126.2971739130435
29/09/2025,22,409.56260869565216,0,255.99710856521742,0,255.99710856521742,1126.2971739130435
29/09/2025,23,409.56260869565216,0,255.99710856521742,0,255.99710856521742,1126.2971739130435
29/09/2025,24,409.56260869565216,0,255.99710856521742,0,255.99710856521742,1126.2971739130435
30/09/2025,1,409.56260869565216,0,255.99710856521742,0,255.99710856521742,1126.2971739130435
30/09/2025,2,409.56260869565216,0,255.99710856521742,0,255.99710856521742,1126.2971739130435
30/09/2025,3,409.56260869565216,0,255.99710856521742,0,255.99710856521742,1126.2971739130435
30/09/2025,4,409.56260869565216,0,255.99710856521742,0,255.99710856521742,1126.2971739130435
30/09/2025,5,409.56260869565216,0,255.99710856521742,0,255.99710856521742,1126.2971739130435
30/09/2025,6,409.56260869565216,0,255.99710856521742,0,255.99710856521742,1126.2971739130435
30/09/2025,7,409.56260869565216,0,255.99710856521742,0,255.99710856521742,1126.2971739130435
30/09/2025,8,409.56260869565216,0,255.99710856521742,0,255.99710856521742,1126.2971739130435
30/09/2025,9,409.56260869565216,0,255.99710856521742,0,255.99710856521742,1126.2971739130435
30/09/2025,10,409.56260869565216,0,255.99710856521742,0,255.99710856521742,1126.2971739130435
30/09/2025,11,409.56260869565216,0,255.99710856521742,0,255.99710856521742,1126.2971739130435
30/09/2025,12,409.56260869565216,0,255.99710856521742,0,255.99710856521742,1126.2971739130435
30/09/2025,13,409.56260869565216,0,255.99710856521742,0,255.99710856521742,1126.2971739130435
30/09/2025,14,409.56260869565216,0,255.99710856521742,0,255.99710856521742,1126.2971739130435
30/09/2025,15,409.56260869565216,0,255.99710856521742,0,255.99710856521742,1126.2971739130435
30/09/2025,16,409.56260869565216,0,255.99710856521742,0,255.99710856521742,1126.2971739130435
30/09/2025,17,409.56260869565216,0,255.99710856521742,0,255.99710856521742,1126.2971739130435
30/09/2025,18,409.56260869565216,0,255.99710856521742,0,255.99710856521742,1126.2971739130435
30/09/2025,19,409.56260869565216,0,255.99710856521742,0,255.99710856521742,1126.2971739130435
30/09/2025,20,409.56260869565216,0,255.99710856521742,0,255.99710856521742,1126.2971739130435
30/09/2025,21,409.56260869565216,0,255.99710856521742,0,255.99710856521742,1126.2971739130435
30/09/2025,22,409.56260869565216,0,255.99710856521742,0,255.99710856521742,1126.2971739130435
30/09/2025,23,409.56260869565216,0,255.99710856521742,0,255.99710856521742,1126.2971739130435
30/09/2025,24,409.56260869565216,0,255.99710856521742,0,255.99710856521742,1126.2971739130435
01/10/2025,1,409.56260869565216,0,255.99710856521742,0,255.99710856521742,1126.2971739130435
01/10/2025,2,409.56260869565216,0,255.99710856521742,0,255.99710856521742,1126.2971739130435
01/10/2025,3,409.56260869565216,0,255.99710856521742,0,255.99710856521742,1126.2971739130435
01/10/2025,4,409.56260869565216,0,255.99710856521742,0,255.99710856521742,1126.2971739130435
01/10/2025,5,409.56260869565216,0,255.99710856521742,0,255.99710856521742,1126.2971739130435
01/10/2025,6,409.56260869565216,0,255.99710856521742,0,255.99710856521742,1126.2971739130435
01/10/2025,7,409.56260869565216,0,255.99710856521742,0,255.99710856521742,1126.2971739130435
01/10/2025,8,409.56260869565216,0,255.99710856521742,0,255.99710856521742,1126.2971739130435
01/10/2025,9,409.56260869565216,0,255.99710856521742,0,255.99710856521742,1126.2971739130435
01/10/2025,10,409.56260869565216,0,255.99710856521742,0,255.99710856521742,1126.2971739130435
01/10/2025,11,409.56260869565216,0,255.99710856521742,0,255.99710856521742,1126.2971739130435
01/10/2025,12,409.56260869565216,0,255.99710856521742,0,255.99710856521742,1126.2971739130435
01/10/2025,13,409.56260869565216,0,255.99710856521742,0,255.99710856521742,1126.2971739130435
01/10/2025,14,409.56260869565216,0,255.99710856521742,0,255.99710856521742,1126.2971739130435
01/10/2025,15,409.56260869565216,0,255.99710856521742,0,255.99710856521742,1126.2971739130435
01/10/2025,16,409.56260869565216,0,255.99710856521742,0,255.99710856521742,1126.2971739130435
01/10/2025,17,409.56260869565216,0,255.99710856521742,0,255.99710856521742,1126.2971739130435
01/10/2025,18,409.56260869565216,0,255.99710856521742,0,255.99710856521742,1126.2971739130435
01/10/2025,19,409.56260869565216,0,255.99710856521742,0,255.99710856521742,1126.2971739130435
01/10/2025,20,409.56260869565216,0,255.99710856521742,0,255.99710856521742,1126.2971739130435
01/10/2025,21,409.56260869565216,0,255.99710856521742,0,255.99710856521742,1126.2971739130435
01/10/2025,22,409.56260869565216,0,255.99710856521742,0,255.99710856521742,1126.2971739130435
01/10/2025,23,409.56260869565216,0,255.99710856521742,0,255.99710856521742,1126.2971739130435
01/10/2025,24,409.56260869565216,0,255.99710856521742,0,255.99710856521742,1126.2971739130435
02/10/2025,1,409.56260869565216,0,255.99710856521742,0,255.99710856521742,1126.2971739130435
02/10/2025,2,409.56260869565216,0,255.99710856521742,0,255.99710856521742,1126.2971739130435
02/10/2025,3,409.56260869565216,0,255.99710856521742,0,255.99710856521742,1126.2971739130435
02/10/2025,4,409.56260869565216,0,255.99710856521742,0,255.99710856521742,1126.2971739130435
02/10/2025,5,409.56260869565216,0,255.99710856521742,0,255.99710856521742,1126.2971739130435
02/10/2025,6,409.56260869565216,0,255.99710856521742,0,255.99710856521742,1126.2971739130435
02/10/2025,7,409.56260869565216,0,255.99710856521742,0,255.99710856521742,1126.2971739130435
02/10/2025,8,409.56260869565216,0,255.99710856521742,0,255.99710856521742,1126.2971739130435
02/10/2025,9,409.56260869565216,0,255.99710856521742,0,255.99710856521742,1126.2971739130435
02/10/2025,10,409.56260869565216,0,255.99710856521742,0,255.99710856521742,1126.2971739130435
02/10/2025,11,409.56260869565216,0,255.99710856521742,0,255.99710856521742,1126.2971739130435
02/10/2025,12,409.56260869565216,0,255.99710856521742,0,255.99710856521742,1126.2971739130435
02/10/2025,13,409.56260869565216,0,255.99710856521742,0,255.99710856521742,1126.2971739130435
02/10/2025,14,409.56260869565216,0,255.99710856521742,0,255.99710856521742,1126.2971739130435
02/10/2025,15,409.56260869565216,0,255.99710856521742,0,255.99710856521742,1126.2971739130435
02/10/2025,16,409.56260869565216,0,255.99710856521742,0,255.99710856521742,1126.2971739130435
02/10/2025,17,409.56260869565216,0,255.99710856521742,0,255.99710856521742,1126.2971739130435
02/10/2025,18,409.56260869565216,0,255.99710856521742,0,255.99710856521742,1126.2971739130435
02/10/2025,19,409.56260869565216,0,255.99710856521742,0,255.99710856521742,1126.2971739130435
02/10/2025,20,409.56260869565216,0,255.99710856521742,0,255.99710856521742,1126.2971739130435
02/10/2025,21,409.56260869565216,0,255.99710856521742,0,255.99710856521742,1126.2971739130435
02/10/2025,22,409.56260869565216,0,255.99710856521742,0,255.99710856521742,1126.2971739130435
02/10/2025,23,409.56260869565216,0,255.99710856521742,0,255.99710856521742,1126.2971739130435
02/10/2025,24,409.56260869565216,0,255.99710856521742,0,255.99710856521742,1126.2971739130435
03/10/2025,1,409.56260869565216,0,255.99710856521742,0,255.99710856521742,1126.2971739130435
03/10/2025,2,409.56260869565216,0,255.99710856521742,0,255.99710856521742,1126.2971739130435
03/10/2025,3,409.56260869565216,0,255.99710856521742,0,255.99710856521742,1126.2971739130435
03/10/2025,4,409.56260869565216,0,255.99710856521742,0,255.99710856521742,1126.2971739130435
03/10/2025,5,409.56260869565216,0,255.99710856521742,0,255.99710856521742,1126.2971739130435
03/10/2025,6,409.56260869565216,0,255.99710856521742,0,255.99710856521742,1126.2971739130435
03/10/2025,7,409.56260869565216,0,255.99710856521742,0,255.99710856521742,1126.2971739130435
03/10/2025,8,409.56260869565216,0,255.99710856521742,0,255.99710856521742,1126.2971739130435
03/10/2025,9,409.56260869565216,0,255.99710856521742,0,255.99710856521742,1126.2971739130435
03/10/2025,10,409.56260869565216,0,255.99710856521742,0,255.99710856521742,1126.2971739130435
03/10/2025,11,409.56260869565216,0,255.99710856521742,0,255.99710856521742,1126.2971739130435
03/10/2025,12,409.56260869565216,0,255.99710856521742,0,255.99710856521742,1126.2971739130435
03/10/2025,13,409.56260869565216,0,255.99710856521742,0,255.99710856521742,1126.2971739130435
03/10/2025,14,409.56260869565216,0,255.99710856521742,0,255.99710856521742,1126.2971739130435
03/10/2025,15,409.56260869565216,0,255.99710856521742,0,255.99710856521742,1126.2971739130435
03/10/2025,16,409.56260869565216,0,255.99710856521742,0,255.99710856521742,1126.2971739130435
03/10/2025,17,409.56260869565216,0,255.99710856521742,0,255.99710856521742,1126.2971739130435
03/10/2025,18,409.56260869565216,0,255.99710856521742,0,255.99710856521742,1126.2971739130435
03/10/2025,19,409.56260869565216,0,255.99710856521742,0,255.99710856521742,1126.2971739130435
03/10/2025,20,409.56260869565216,0,255.99710856521742,0,255.99710856521742,1126.2971739130435
03/10/2025,21,409.56260869565216,0,255.99710856521742,0,255.99710856521742,1126.2971739130435
03/10/2025,22,409.56260869565216,0,255.99710856521742,0,255.99710856521742,1126.2971739130435
03/10/2025,23,409.56260869565216,0,255.99710856521742,0,255.99710856521742,1126.2971739130435
03/10/2025,24,409.56260869565216,0,255.99710856521742,0,255.99710856521742,1126.2971739130435
04/10/2025,1,409.56260869565216,0,255.99710856521742,0,255.99710856521742,1126.2971739130435
04/10/2025,2,409.56260869565216,0,255.99710856521742,0,255.99710856521742,1126.2971739130435
04/10/2025,3,409.56260869565216,0,255.99710856521742,0,255.99710856521742,1126.2971739130435
04/10/2025,4,409.56260869565216,0,255.99710856521742,0,255.99710856521742,1126.2971739130435
04/10/2025,5,409.56260869565216,0,255.99710856521742,0,255.99710856521742,1126.2971739130435
04/10/2025,6,409.56260869565216,0,255.99710856521742,0,255.99710856521742,1126.2971739130435
04/10/2025,7,409.56260869565216,0,255.99710856521742,0,255.99710856521742,1126.2971739130435
04/10/2025,8,409.56260869565216,0,255.99710856521742,0,255.99710856521742,1126.2971739130435
04/10/2025,9,409.56260869565216,0,255.99710856521742,0,255.99710856521742,1126.2971739130435
04/10/2025,10,409.56260869565216,0,255.99710856521742,0,255.99710856521742,1126.2971739130435
04/10/2025,11,409.56260869565216,0,255.99710856521742,0,255.99710856521742,1126.2971739130435
04/10/2025,12,409.56260869565216,0,255.99710856521742,0,255.99710856521742,1126.2971739130435
04/10/2025,13,409.56260869565216,0,255.99710856521742,0,255.99710856521742,1126.2971739130435
04/10/2025,14,409.56260869565216,0,255.99710856521742,0,255.99710856521742,1126.2971739130435
04/10/2025,15,409.56260869565216,0,255.99710856521742,0,255.99710856521742,1126.2971739130435
04/10/2025,16,409.56260869565216,0,255.99710856521742,0,255.99710856521742,1126.2971739130435
04/10/2025,17,409.56260869565216,0,255.99710856521742,0,255.99710856521742,1126.2971739130435
04/10/2025,18,409.56260869565216,0,255.99710856521742,0,255.99710856521742,1126.2971739130435
04/10/2025,19,409.56260869565216,0,255.99710856521742,0,255.99710856521742,1126.2971739130435
04/10/2025,20,409.56260869565216,0,255.99710856521742,0,255.99710856521742,1126.2971739130435
04/10/2025,21,409.56260869565216,0,255.99710856521742,0,255.99710856521742,1126.2971739130435
04/10/2025,22,409.56260869565216,0,255.99710856521742,0,255.99710856521742,1126.2971739130435
04/10/2025,23,409.56260869565216,0,255.99710856521742,0,255.99710856521742,1126.2971739130435
04/10/2025,24,409.56260869565216,0,255.99710856521742,0,255.99710856521742,1126.2971739130435
05/10/2025,1,409.56260869565216,0,255.99710856521742,0,255.99710856521742,1126.2971739130435
05/10/2025,2,409.56260869565216,0,255.99710856521742,0,255.99710856521742,1126.2971739130435
05/10/2025,3,409.56260869565216,0,255.99710856521742,0,255.99710856521742,1126.2971739130435
05/10/2025,4,409.56260869565216,0,255.99710856521742,0,255.99710856521742,1126.2971739130435
05/10/2025,5,409.56260869565216,0,255.99710856521742,0,255.99710856521742,1126.2971739130435
05/10/2025,6,409.56260869565216,0,255.99710856521742,0,255.99710856521742,1126.2971739130435
05/10/2025,7,409.56260869565216,0,255.99710856521742,0,255.99710856521742,1126.2971739130435
05/10/2025,8,409.56260869565216,0,255.99710856521742,0,255.99710856521742,1126.2971739130435
05/10/2025,9,409.56260869565216,0,255.99710856521742,0,255.99710856521742,1126.2971739130435
05/10/2025,10,409.56260869565216,0,255.99710856521742,0,255.99710856521742,1126.2971739130435
05/10/2025,11,409.56260869565216,0,255.99710856521742,0,255.99710856521742,1126.2971739130435
05/10/2025,12,409.56260869565216,0,255.99710856521742,0,255.99710856521742,1126.2971739130435
05/10/2025,13,409.56260869565216,0,255.99710856521742,0,255.99710856521742,1126.2971739130435
05/10/2025,14,409.56260869565216,0,255.99710856521742,0,255.99710856521742,1126.2971739130435
05/10/2025,15,409.56260869565216,0,255.99710856521742,0,255.99710856521742,1126.2971739130435
05/10/2025,16,409.56260869565216,0,255.99710856521742,0,255.99710856521742,1126.2971739130435
05/10/2025,17,409.56260869565216,0,255.99710856521742,0,255.99710856521742,1126.2971739130435
05/10/2025,18,409.56260869565216,0,255.99710856521742,0,255.99710856521742,1126.2971739130435
05/10/2025,19,409.56260869565216,0,255.99710856521742,0,255.99710856521742,1126.2971739130435
05/10/2025,20,409.56260869565216,0,255.99710856521742,0,255.99710856521742,1126.2971739130435
05/10/2025,21,409.56260869565216,0,255.99710856521742,0,255.99710856521742,1126.2971739130435
05/10/2025,22,409.56260869565216,0,255.99710856521742,0,255.99710856521742,1126.2971739130435
05/10/2025,23,409.56260869565216,0,255.99710856521742,0,255.99710856521742,1126.2971739130435
05/10/2025,24,409.56260869565216,0,255.99710856521742,0,255.99710856521742,1126.2971739130435
06/10/2025,1,409.56260869565216,0,255.99710856521742,0,255.99710856521742,1126.2971739130435
06/10/2025,2,409.56260869565216,0,255.99710856521742,0,255.99710856521742,1126.2971739130435
06/10/2025,3,409.56260869565216,0,255.99710856521742,0,255.99710856521742,1126.2971739130435
06/10/2025,4,409.56260869565216,0,255.99710856521742,0,255.99710856521742,1126.2971739130435
06/10/2025,5,409.56260869565216,0,255.99710856521742,0,255.99710856521742,1126.2971739130435
06/10/2025,6,409.56260869565216,0,255.99710856521742,0,255.99710856521742,1126.2971739130435
06/10/2025,7,409.56260869565216,0,255.99710856521742,0,255.99710856521742,1126.2971739130435
06/10/2025,8,409.56260869565216,0,255.99710856521742,0,255.99710856521742,1126.2971739130435
06/10/2025,9,409.56260869565216,0,255.99710856521742,0,255.99710856521742,1126.2971739130435
06/10/2025,10,409.56260869565216,0,255.99710856521742,0,255.99710856521742,1126.2971739130435
06/10/2025,11,409.56260869565216,0,255.99710856521742,0,255.99710856521742,1126.2971739130435
06/10/2025,12,409.56260869565216,0,255.99710856521742,0,255.99710856521742,1126.2971739130435
06/10/2025,13,409.56260869565216,0,255.99710856521742,0,255.99710856521742,1126.2971739130435
06/10/2025,14,409.56260869565216,0,255.99710856521742,0,255.99710856521742,1126.2971739130435
06/10/2025,15,409.56260869565216,0,255.99710856521742,0,255.99710856521742,1126.2971739130435
06/10/2025,16,409.56260869565216,0,255.99710856521742,0,255.99710856521742,1126.2971739130435
06/10/2025,17,409.56260869565216,0,255.99710856521742,0,255.99710856521742,1126.2971739130435
06/10/2025,18,409.56260869565216,0,255.99710856521742,0,255.99710856521742,1126.2971739130435
06/10/2025,19,409.56260869565216,0,255.99710856521742,0,255.99710856521742,1126.2971739130435
06/10/2025,20,409.56260869565216,0,255.99710856521742,0,255.99710856521742,1126.2971739130435
06/10/2025,21,409.56260869565216,0,255.99710856521742,0,255.99710856521742,1126.2971739130435
06/10/2025,22,409.56260869565216,0,255.99710856521742,0,255.99710856521742,1126.2971739130435
06/10/2025,23,409.56260869565216,0,255.99710856521742,0,255.99710856521742,1126.2971739130435
06/10/2025,24,409.56260869565216,0,255.99710856521742,0,255.99710856521742,1126.2971739130435
07/10/2025,1,409.56260869565216,0,255.99710856521742,0,255.99710856521742,1126.2971739130435
07/10/2025,2,409.56260869565216,0,255.99710856521742,0,255.99710856521742,1126.2971739130435
07/10/2025,3,409.56260869565216,0,255.99710856521742,0,255.99710856521742,1126.2971739130435
07/10/2025,4,409.56260869565216,0,255.99710856521742,0,255.99710856521742,1126.2971739130435
07/10/2025,5,409.56260869565216,0,255.99710856521742,0,255.99710856521742,1126.2971739130435
07/10/2025,6,409.56260869565216,0,255.99710856521742,0,255.99710856521742,1126.2971739130435
07/10/2025,7,409.56260869565216,0,255.99710856521742,0,255.99710856521742,1126.2971739130435
07/10/2025,8,409.56260869565216,0,255.99710856521742,0,255.99710856521742,1126.2971739130435
07/10/2025,9,409.56260869565216,0,255.99710856521742,0,255.99710856521742,1126.2971739130435
07/10/2025,10,409.56260869565216,0,255.99710856521742,0,255.99710856521742,1126.2971739130435
07/10/2025,11,409.56260869565216,0,255.99710856521742,0,255.99710856521742,1126.2971739130435
07/10/2025,12,409.56260869565216,0,255.99710856521742,0,255.99710856521742,1126.2971739130435
07/10/2025,13,409.56260869565216,0,255.99710856521742,0,255.99710856521742,1126.2971739130435
07/10/2025,14,409.56260869565216,0,255.99710856521742,0,255.99710856521742,1126.2971739130435
07/10/2025,15,409.56260869565216,0,255.99710856521742,0,255.99710856521742,1126.2971739130435
07/10/2025,16,409.56260869565216,0,255.99710856521742,0,255.99710856521742,1126.2971739130435
07/10/2025,17,409.56260869565216,0,255.99710856521742,0,255.99710856521742,1126.2971739130435
07/10/2025,18,409.56260869565216,0,255.99710856521742,0,255.99710856521742,1126.2971739130435
07/10/2025,19,409.56260869565216,0,255.99710856521742,0,255.99710856521742,1126.2971739130435
07/10/2025,20,409.56260869565216,0,255.99710856521742,0,255.99710856521742,1126.2971739130435
07/10/2025,21,409.56260869565216,0,255.99710856521742,0,255.99710856521742,1126.2971739130435
07/10/2025,22,409.56260869565216,0,255.99710856521742,0,255.99710856521742,1126.2971739130435
07/10/2025,23,409.56260869565216,0,255.99710856521742,0,255.99710856521742,1126.2971739130435
07/10/2025,24,409.56260869565216,0,255.99710856521742,0,255.99710856521742,1126.2971739130435
08/10/2025,1,409.56260869565216,0,255.99710856521742,0,255.99710856521742,1126.2971739130435
08/10/2025,2,409.56260869565216,0,255.99710856521742,0,255.99710856521742,1126.2971739130435
08/10/2025,3,409.56260869565216,0,255.99710856521742,0,255.99710856521742,1126.2971739130435
08/10/2025,4,409.56260869565216,0,255.99710856521742,0,255.99710856521742,1126.2971739130435
08/10/2025,5,409.56260869565216,0,255.99710856521742,0,255.99710856521742,1126.2971739130435
08/10/2025,6,409.56260869565216,0,255.99710856521742,0,255.99710856521742,1126.2971739130435
08/10/2025,7,409.56260869565216,0,255.99710856521742,0,255.99710856521742,1126.2971739130435
08/10/2025,8,409.56260869565216,0,255.99710856521742,0,255.99710856521742,1126.2971739130435
08/10/2025,9,409.56260869565216,0,255.99710856521742,0,255.99710856521742,1126.2971739130435
08/10/2025,10,409.56260869565216,0,255.99710856521742,0,255.99710856521742,1126.2971739130435
08/10/2025,11,409.56260869565216,0,255.99710856521742,0,255.99710856521742,1126.2971739130435
08/10/2025,12,409.56260869565216,0,255.99710856521742,0,255.99710856521742,1126.2971739130435
08/10/2025,13,409.56260869565216,0,255.99710856521742,0,255.99710856521742,1126.2971739130435
08/10/2025,14,409.56260869565216,0,255.99710856521742,0,255.99710856521742,1126.2971739130435
08/10/2025,15,409.56260869565216,0,255.99710856521742,0,255.99710856521742,1126.2971739130435
08/10/2025,16,409.56260869565216,0,255.99710856521742,0,255.99710856521742,1126.2971739130435
08/10/2025,17,409.56260869565216,0,255.99710856521742,0,255.99710856521742,1126.2971739130435
08/10/2025,18,409.56260869565216,0,255.99710856521742,0,255.99710856521742,1126.2971739130435
08/10/2025,19,409.56260869565216,0,255.99710856521742,0,255.99710856521742,1126.2971739130435
08/10/2025,20,409.56260869565216,0,255.99710856521742,0,255.99710856521742,1126.2971739130435
08/10/2025,21,409.56260869565216,0,255.99710856521742,0,255.99710856521742,1126.2971739130435
08/10/2025,22,409.56260869565216,0,255.99710856521742,0,255.99710856521742,1126.2971739130435
08/10/2025,23,409.56260869565216,0,255.99710856521742,0,255.99710856521742,1126.2971739130435
08/10/2025,24,409.56260869565216,0,255.99710856521742,0,255.99710856521742,1126.2971739130435
09/10/2025,1,409.56260869565216,0,255.99710856521742,0,255.99710856521742,1126.2971739130435
09/10/2025,2,409.56260869565216,0,255.99710856521742,0,255.99710856521742,1126.2971739130435
09/10/2025,3,409.56260869565216,0,255.99710856521742,0,255.99710856521742,1126.2971739130435
09/10/2025,4,409.56260869565216,0,255.99710856521742,0,255.99710856521742,1126.2971739130435
09/10/2025,5,409.56260869565216,0,255.99710856521742,0,255.99710856521742,1126.2971739130435
09/10/2025,6,409.56260869565216,0,255.99710856521742,0,255.99710856521742,1126.2971739130435
09/10/2025,7,409.56260869565216,0,255.99710856521742,0,255.99710856521742,1126.2971739130435
09/10/2025,8,409.56260869565216,0,255.99710856521742,0,255.99710856521742,1126.2971739130435
09/10/2025,9,409.56260869565216,0,255.99710856521742,0,255.99710856521742,1126.2971739130435
09/10/2025,10,409.56260869565216,0,255.99710856521742,0,255.99710856521742,1126.2971739130435
09/10/2025,11,409.56260869565216,0,255.99710856521742,0,255.99710856521742,1126.2971739130435
09/10/2025,12,409.56260869565216,0,255.99710856521742,0,255.99710856521742,1126.2971739130435
09/10/2025,13,409.56260869565216,0,255.99710856521742,0,255.99710856521742,1126.2971739130435
09/10/2025,14,409.56260869565216,0,255.99710856521742,0,255.99710856521742,1126.2971739130435
09/10/2025,15,409.56260869565216,0,255.99710856521742,0,255.99710856521742,1126.2971739130435
09/10/2025,16,409.56260869565216,0,255.99710856521742,0,255.99710856521742,1126.2971739130435
09/10/2025,17,409.56260869565216,0,255.99710856521742,0,255.99710856521742,1126.2971739130435
09/10/2025,18,409.56260869565216,0,255.99710856521742,0,255.99710856521742,1126.2971739130435
09/10/2025,19,409.56260869565216,0,255.99710856521742,0,255.99710856521742,1126.2971739130435
09/10/2025,20,409.56260869565216,0,255.99710856521742,0,255.99710856521742,1126.2971739130435
09/10/2025,21,409.56260869565216,0,255.99710856521742,0,255.99710856521742,1126.2971739130435
09/10/2025,22,409.56260869565216,0,255.99710856521742,0,255.99710856521742,1126.2971739130435
09/10/2025,23,409.56260869565216,0,255.99710856521742,0,255.99710856521742,1126.2971739130435
09/10/2025,24,409.56260869565216,0,255.99710856521742,0,255.99710856521742,1126.2971739130435
10/10/2025,1,409.56260869565216,0,255.99710856521742,0,255.99710856521742,1126.2971739130435
10/10/2025,2,409.56260869565216,0,255.99710856521742,0,255.99710856521742,1126.2971739130435
10/10/2025,3,409.56260869565216,0,255.99710856521742,0,255.99710856521742,1126.2971739130435
10/10/2025,4,409.56260869565216,0,255.99710856521742,0,255.99710856521742,1126.2971739130435
10/10/2025,5,409.56260869565216,0,255.99710856521742,0,255.99710856521742,1126.2971739130435
10/10/2025,6,409.56260869565216,0,255.99710856521742,0,255.99710856521742,1126.2971739130435
10/10/2025,7,409.56260869565216,0,255.99710856521742,0,255.99710856521742,1126.2971739130435
10/10/2025,8,409.56260869565216,0,255.99710856521742,0,255.99710856521742,1126.2971739130435
10/10/2025,9,409.56260869565216,0,255.99710856521742,0,255.99710856521742,1126.2971739130435
10/10/2025,10,409.56260869565216,0,255.99710856521742,0,255.99710856521742,1126.2971739130435
10/10/2025,11,409.56260869565216,0,255.99710856521742,0,255.99710856521742,1126.2971739130435
10/10/2025,12,409.56260869565216,0,255.99710856521742,0,255.99710856521742,1126.2971739130435
10/10/2025,13,409.56260869565216,0,255.99710856521742,0,255.99710856521742,1126.2971739130435
10/10/2025,14,409.56260869565216,0,255.99710856521742,0,255.99710856521742,1126.2971739130435
10/10/2025,15,409.56260869565216,0,255.99710856521742,0,255.99710856521742,1126.2971739130435
10/10/2025,16,409.56260869565216,0,255.99710856521742,0,255.99710856521742,1126.2971739130435
10/10/2025,17,409.56260869565216,0,255.99710856521742,0,255.99710856521742,1126.2971739130435
10/10/2025,18,409.56260869565216,0,255.99710856521742,0,255.99710856521742,1126.2971739130435
10/10/2025,19,409.56260869565216,0,255.99710856521742,0,255.99710856521742,1126.2971739130435
10/10/2025,20,409.56260869565216,0,255.99710856521742,0,255.99710856521742,1126.2971739130435
10/10/2025,21,409.56260869565216,0,255.99710856521742,0,255.99710856521742,1126.2971739130435
10/10/2025,22,409.56260869565216,0,255.99710856521742,0,255.99710856521742,1126.2971739130435
10/10/2025,23,409.56260869565216,0,255.99710856521742,0,255.99710856521742,1126.2971739130435
10/10/2025,24,409.56260869565216,0,255.99710856521742,0,255.99710856521742,1126.2971739130435
11/10/2025,1,409.56260869565216,0,255.99710856521742,0,255.99710856521742,1126.2971739130435
11/10/2025,2,409.56260869565216,0,255.99710856521742,0,255.99710856521742,1126.2971739130435
11/10/2025,3,409.56260869565216,0,255.99710856521742,0,255.99710856521742,1126.2971739130435
11/10/2025,4,409.56260869565216,0,255.99710856521742,0,255.99710856521742,1126.2971739130435
11/10/2025,5,409.56260869565216,0,255.99710856521742,0,255.99710856521742,1126.2971739130435
11/10/2025,6,409.56260869565216,0,255.99710856521742,0,255.99710856521742,1126.2971739130435
11/10/2025,7,409.56260869565216,0,255.99710856521742,0,255.99710856521742,1126.2971739130435
11/10/2025,8,409.56260869565216,0,255.99710856521742,0,255.99710856521742,1126.2971739130435
11/10/2025,9,409.56260869565216,0,255.99710856521742,0,255.99710856521742,1126.2971739130435
11/10/2025,10,409.56260869565216,0,255.99710856521742,0,255.99710856521742,1126.2971739130435
11/10/2025,11,409.56260869565216,0,255.99710856521742,0,255.99710856521742,1126.2971739130435
11/10/2025,12,409.56260869565216,0,255.99710856521742,0,255.99710856521742,1126.2971739130435
11/10/2025,13,409.56260869565216,0,255.99710856521742,0,255.99710856521742,1126.2971739130435
11/10/2025,14,409.56260869565216,0,255.99710856521742,0,255.99710856521742,1126.2971739130435
11/10/2025,15,409.56260869565216,0,255.99710856521742,0,255.99710856521742,1126.2971739130435
11/10/2025,16,409.56260869565216,0,255.99710856521742,0,255.99710856521742,1126.2971739130435
11/10/2025,17,409.56260869565216,0,255.99710856521742,0,255.99710856521742,1126.2971739130435
11/10/2025,18,409.56260869565216,0,255.99710856521742,0,255.99710856521742,1126.2971739130435
11/10/2025,19,409.56260869565216,0,255.99710856521742,0,255.99710856521742,1126.2971739130435
11/10/2025,20,409.56260869565216,0,255.99710856521742,0,255.99710856521742,1126.2971739130435
11/10/2025,21,409.56260869565216,0,255.99710856521742,0,255.99710856521742,1126.2971739130435
11/10/2025,22,409.56260869565216,0,255.99710856521742,0,255.99710856521742,1126.2971739130435
11/10/2025,23,409.56260869565216,0,255.99710856521742,0,255.99710856521742,1126.2971739130435
11/10/2025,24,409.56260869565216,0,255.99710856521742,0,255.99710856521742,1126.2971739130435
12/10/2025,1,409.56260869565216,0,255.99710856521742,0,255.99710856521742,1126.2971739130435
12/10/2025,2,409.56260869565216,0,255.99710856521742,0,255.99710856521742,1126.2971739130435
12/10/2025,3,409.56260869565216,0,255.99710856521742,0,255.99710856521742,1126.2971739130435
12/10/2025,4,409.56260869565216,0,255.99710856521742,0,255.99710856521742,1126.2971739130435
12/10/2025,5,409.56260869565216,0,255.99710856521742,0,255.99710856521742,1126.2971739130435
12/10/2025,6,409.56260869565216,0,255.99710856521742,0,255.99710856521742,1126.2971739130435
12/10/2025,7,409.56260869565216,0,255.99710856521742,0,255.99710856521742,1126.2971739130435
12/10/2025,8,409.56260869565216,0,255.99710856521742,0,255.99710856521742,1126.2971739130435
12/10/2025,9,409.56260869565216,0,255.99710856521742,0,255.99710856521742,1126.2971739130435
12/10/2025,10,409.56260869565216,0,255.99710856521742,0,255.99710856521742,1126.2971739130435
12/10/2025,11,409.56260869565216,0,255.99710856521742,0,255.99710856521742,1126.2971739130435
12/10/2025,12,409.56260869565216,0,255.99710856521742,0,255.99710856521742,1126.2971739130435
12/10/2025,13,409.56260869565216,0,255.99710856521742,0,255.99710856521742,1126.2971739130435
12/10/2025,14,409.56260869565216,0,255.99710856521742,0,255.99710856521742,1126.2971739130435
12/10/2025,15,409.56260869565216,0,255.99710856521742,0,255.99710856521742,1126.2971739130435
12/10/2025,16,409.56260869565216,0,255.99710856521742,0,255.99710856521742,1126.2971739130435
12/10/2025,17,409.56260869565216,0,255.99710856521742,0,255.99710856521742,1126.2971739130435
12/10/2025,18,409.56260869565216,0,255.99710856521742,0,255.99710856521742,1126.2971739130435
12/10/2025,19,409.56260869565216,0,255.99710856521742,0,255.99710856521742,1126.2971739130435
12/10/2025,20,409.56260869565216,0,255.99710856521742,0,255.99710856521742,1126.2971739130435
12/10/2025,21,409.56260869565216,0,255.99710856521742,0,255.99710856521742,1126.2971739130435
12/10/2025,22,409.56260869565216,0,255.99710856521742,0,255.99710856521742,1126.2971739130435
12/10/2025,23,409.56260869565216,0,255.99710856521742,0,255.99710856521742,1126.2971739130435
12/10/2025,24,409.56260869565216,0,255.99710856521742,0,255.99710856521742,1126.2971739130435
13/10/2025,1,409.56260869565216,0,255.99710856521742,0,255.99710856521742,1126.2971739130435
13/10/2025,2,409.56260869565216,0,255.99710856521742,0,255.99710856521742,1126.2971739130435
13/10/2025,3,409.56260869565216,0,255.99710856521742,0,255.99710856521742,1126.2971739130435
13/10/2025,4,409.56260869565216,0,255.99710856521742,0,255.99710856521742,1126.2971739130435
13/10/2025,5,409.56260869565216,0,255.99710856521742,0,255.99710856521742,1126.2971739130435
13/10/2025,6,409.56260869565216,0,255.99710856521742,0,255.99710856521742,1126.2971739130435
13/10/2025,7,409.56260869565216,0,255.99710856521742,0,255.99710856521742,1126.2971739130435
13/10/2025,8,409.56260869565216,0,255.99710856521742,0,255.99710856521742,1126.2971739130435
13/10/2025,9,409.56260869565216,0,255.99710856521742,0,255.99710856521742,1126.2971739130435
13/10/2025,10,409.56260869565216,0,255.99710856521742,0,255.99710856521742,1126.2971739130435
13/10/2025,11,409.56260869565216,0,255.99710856521742,0,255.99710856521742,1126.2971739130435
13/10/2025,12,409.56260869565216,0,255.99710856521742,0,255.99710856521742,1126.2971739130435
13/10/2025,13,409.56260869565216,0,255.99710856521742,0,255.99710856521742,1126.2971739130435
13/10/2025,14,409.56260869565216,0,255.99710856521742,0,255.99710856521742,1126.2971739130435
13/10/2025,15,409.56260869565216,0,255.99710856521742,0,255.99710856521742,1126.2971739130435
13/10/2025,16,409.56260869565216,0,255.99710856521742,0,255.99710856521742,1126.2971739130435
13/10/2025,17,409.56260869565216,0,255.99710856521742,0,255.99710856521742,1126.2971739130435
13/10/2025,18,409.56260869565216,0,255.99710856521742,0,255.99710856521742,1126.2971739130435
13/10/2025,19,409.56260869565216,0,255.99710856521742,0,255.99710856521742,1126.2971739130435
13/10/2025,20,409.56260869565216,0,255.99710856521742,0,255.99710856521742,1126.2971739130435
13/10/2025,21,409.56260869565216,0,255.99710856521742,0,255.99710856521742,1126.2971739130435
13/10/2025,22,409.56260869565216,0,255.99710856521742,0,255.99710856521742,1126.2971739130435
13/10/2025,23,409.56260869565216,0,255.99710856521742,0,255.99710856521742,1126.2971739130435
13/10/2025,24,409.56260869565216,0,255.99710856521742,0,255.99710856521742,1126.2971739130435
14/10/2025,1,409.56260869565216,0,255.99710856521742,0,255.99710856521742,1126.2971739130435
14/10/2025,2,409.56260869565216,0,255.99710856521742,0,255.99710856521742,1126.2971739130435
14/10/2025,3,409.56260869565216,0,255.99710856521742,0,255.99710856521742,1126.2971739130435
14/10/2025,4,409.56260869565216,0,255.99710856521742,0,255.99710856521742,1126.2971739130435
14/10/2025,5,409.56260869565216,0,255.99710856521742,0,255.99710856521742,1126.2971739130435
14/10/2025,6,409.56260869565216,0,255.99710856521742,0,255.99710856521742,1126.2971739130435
14/10/2025,7,409.56260869565216,0,255.99710856521742,0,255.99710856521742,1126.2971739130435
14/10/2025,8,409.56260869565216,0,255.99710856521742,0,255.99710856521742,1126.2971739130435
14/10/2025,9,409.56260869565216,0,255.99710856521742,0,255.99710856521742,1126.2971739130435
14/10/2025,10,409.56260869565216,0,255.99710856521742,0,255.99710856521742,1126.2971739130435
14/10/2025,11,409.56260869565216,0,255.99710856521742,0,255.99710856521742,1126.2971739130435
14/10/2025,12,409.56260869565216,0,255.99710856521742,0,255.99710856521742,1126.2971739130435
14/10/2025,13,409.56260869565216,0,255.99710856521742,0,255.99710856521742,1126.2971739130435
14/10/2025,14,409.56260869565216,0,255.99710856521742,0,255.99710856521742,1126.2971739130435
14/10/2025,15,409.56260869565216,0,255.99710856521742,0,255.99710856521742,1126.2971739130435
14/10/2025,16,409.56260869565216,0,255.99710856521742,0,255.99710856521742,1126.2971739130435
14/10/2025,17,409.56260869565216,0,255.99710856521742,0,255.99710856521742,1126.2971739130435
14/10/2025,18,409.56260869565216,0,255.99710856521742,0,255.99710856521742,1126.2971739130435
14/10/2025,19,409.56260869565216,0,255.99710856521742,0,255.99710856521742,1126.2971739130435
14/10/2025,20,409.56260869565216,0,255.99710856521742,0,255.99710856521742,1126.2971739130435
14/10/2025,21,409.56260869565216,0,255.99710856521742,0,255.99710856521742,1126.2971739130435
14/10/2025,22,409.56260869565216,0,255.99710856521742,0,255.99710856521742,1126.2971739130435
14/10/2025,23,409.56260869565216,0,255.99710856521742,0,255.99710856521742,1126.2971739130435
14/10/2025,24,409.56260869565216,0,255.99710856521742,0,255.99710856521742,1126.2971739130435
15/10/2025,1,409.56260869565216,0,255.99710856521742,0,255.99710856521742,1126.2971739130435
15/10/2025,2,409.56260869565216,0,255.99710856521742,0,255.99710856521742,1126.2971739130435
15/10/2025,3,409.56260869565216,0,255.99710856521742,0,255.99710856521742,1126.2971739130435
15/10/2025,4,409.56260869565216,0,255.99710856521742,0,255.99710856521742,1126.2971739130435
15/10/2025,5,409.56260869565216,0,255.99710856521742,0,255.99710856521742,1126.2971739130435
15/10/2025,6,409.56260869565216,0,255.99710856521742,0,255.99710856521742,1126.2971739130435
15/10/2025,7,409.56260869565216,0,255.99710856521742,0,255.99710856521742,1126.2971739130435
15/10/2025,8,409.56260869565216,0,255.99710856521742,0,255.99710856521742,1126.2971739130435
15/10/2025,9,409.56260869565216,0,255.99710856521742,0,255.99710856521742,1126.2971739130435
15/10/2025,10,409.56260869565216,0,255.99710856521742,0,255.99710856521742,1126.2971739130435
15/10/2025,11,409.56260869565216,0,255.99710856521742,0,255.99710856521742,1126.2971739130435
15/10/2025,12,409.56260869565216,0,255.99710856521742,0,255.99710856521742,1126.2971739130435
15/10/2025,13,409.56260869565216,0,255.99710856521742,0,255.99710856521742,1126.2971739130435
15/10/2025,14,409.56260869565216,0,255.99710856521742,0,255.99710856521742,1126.2971739130435
15/10/2025,15,409.56260869565216,0,255.99710856521742,0,255.99710856521742,1126.2971739130435
15/10/2025,16,409.56260869565216,0,255.99710856521742,0,255.99710856521742,1126.2971739130435
15/10/2025,17,409.56260869565216,0,255.99710856521742,0,255.99710856521742,1126.2971739130435
15/10/2025,18,409.56260869565216,0,255.99710856521742,0,255.99710856521742,1126.2971739130435
15/10/2025,19,409.56260869565216,0,255.99710856521742,0,255.99710856521742,1126.2971739130435
15/10/2025,20,409.56260869565216,0,255.99710856521742,0,255.99710856521742,1126.2971739130435
15/10/2025,21,409.56260869565216,0,255.99710856521742,0,255.99710856521742,1126.2971739130435
15/10/2025,22,409.56260869565216,0,255.99710856521742,0,255.99710856521742,1126.2971739130435
15/10/2025,23,409.56260869565216,0,255.99710856521742,0,255.99710856521742,1126.2971739130435
15/10/2025,24,409.56260869565216,0,255.99710856521742,0,255.99710856521742,1126.2971739130435
16/10/2025,1,409.56260869565216,0,255.99710856521742,0,255.99710856521742,1126.2971739130435
16/10/2025,2,409.56260869565216,0,255.99710856521742,0,255.99710856521742,1126.2971739130435
16/10/2025,3,409.56260869565216,0,255.99710856521742,0,255.99710856521742,1126.2971739130435
16/10/2025,4,409.56260869565216,0,255.99710856521742,0,255.99710856521742,1126.2971739130435
16/10/2025,5,409.56260869565216,0,255.99710856521742,0,255.99710856521742,1126.2971739130435
16/10/2025,6,409.56260869565216,0,255.99710856521742,0,255.99710856521742,1126.2971739130435
16/10/2025,7,409.56260869565216,0,255.99710856521742,0,255.99710856521742,1126.2971739130435
16/10/2025,8,409.56260869565216,0,255.99710856521742,0,255.99710856521742,1126.2971739130435
16/10/2025,9,409.56260869565216,0,255.99710856521742,0,255.99710856521742,1126.2971739130435
16/10/2025,10,409.56260869565216,0,255.99710856521742,0,255.99710856521742,1126.2971739130435
16/10/2025,11,409.56260869565216,0,255.99710856521742,0,255.99710856521742,1126.2971739130435
16/10/2025,12,409.56260869565216,0,255.99710856521742,0,255.99710856521742,1126.2971739130435
16/10/2025,13,409.56260869565216,0,255.99710856521742,0,255.99710856521742,1126.2971739130435
16/10/2025,14,409.56260869565216,0,255.99710856521742,0,255.99710856521742,1126.2971739130435
16/10/2025,15,409.56260869565216,0,255.99710856521742,0,255.99710856521742,1126.2971739130435
16/10/2025,16,409.56260869565216,0,255.99710856521742,0,255.99710856521742,1126.2971739130435
16/10/2025,17,409.56260869565216,0,255.99710856521742,0,255.99710856521742,1126.2971739130435
16/10/2025,18,409.56260869565216,0,255.99710856521742,0,255.99710856521742,1126.2971739130435
16/10/2025,19,409.56260869565216,0,255.99710856521742,0,255.99710856521742,1126.2971739130435
16/10/2025,20,409.56260869565216,0,255.99710856521742,0,255.99710856521742,1126.2971739130435
16/10/2025,21,409.56260869565216,0,255.99710856521742,0,255.99710856521742,1126.2971739130435
16/10/2025,22,409.56260869565216,0,255.99710856521742,0,255.99710856521742,1126.2971739130435
16/10/2025,23,409.56260869565216,0,255.99710856521742,0,255.99710856521742,1126.2971739130435
16/10/2025,24,409.56260869565216,0,255.99710856521742,0,255.99710856521742,1126.2971739130435
17/10/2025,1,409.56260869565216,0,255.99710856521742,0,255.99710856521742,1126.2971739130435
17/10/2025,2,409.56260869565216,0,255.99710856521742,0,255.99710856521742,1126.2971739130435
17/10/2025,3,409.56260869565216,0,255.99710856521742,0,255.99710856521742,1126.2971739130435
17/10/2025,4,409.56260869565216,0,255.99710856521742,0,255.99710856521742,1126.2971739130435
17/10/2025,5,409.56260869565216,0,255.99710856521742,0,255.99710856521742,1126.2971739130435
17/10/2025,6,409.56260869565216,0,255.99710856521742,0,255.99710856521742,1126.2971739130435
17/10/2025,7,409.56260869565216,0,255.99710856521742,0,255.99710856521742,1126.2971739130435
17/10/2025,8,409.56260869565216,0,255.99710856521742,0,255.99710856521742,1126.2971739130435
17/10/2025,9,409.56260869565216,0,255.99710856521742,0,255.99710856521742,1126.2971739130435
17/10/2025,10,409.56260869565216,0,255.99710856521742,0,255.99710856521742,1126.2971739130435
17/10/2025,11,409.56260869565216,0,255.99710856521742,0,255.99710856521742,1126.2971739130435
17/10/2025,12,409.56260869565216,0,255.99710856521742,0,255.99710856521742,1126.2971739130435
17/10/2025,13,409.56260869565216,0,255.99710856521742,0,255.99710856521742,1126.2971739130435
17/10/2025,14,409.56260869565216,0,255.99710856521742,0,255.99710856521742,1126.2971739130435
17/10/2025,15,409.56260869565216,0,255.99710856521742,0,255.99710856521742,1126.2971739130435
17/10/2025,16,409.56260869565216,0,255.99710856521742,0,255.99710856521742,1126.2971739130435
17/10/2025,17,409.56260869565216,0,255.99710856521742,0,255.99710856521742,1126.2971739130435
17/10/2025,18,409.56260869565216,0,255.99710856521742,0,255.99710856521742,1126.2971739130435
17/10/2025,19,409.56260869565216,0,255.99710856521742,0,255.99710856521742,1126.2971739130435
17/10/2025,20,409.56260869565216,0,255.99710856521742,0,255.99710856521742,1126.2971739130435
17/10/2025,21,409.56260869565216,0,255.99710856521742,0,255.99710856521742,1126.2971739130435
17/10/2025,22,409.56260869565216,0,255.99710856521742,0,255.99710856521742,1126.2971739130435
17/10/2025,23,409.56260869565216,0,255.99710856521742,0,255.99710856521742,1126.2971739130435
17/10/2025,24,409.56260869565216,0,255.99710856521742,0,255.99710856521742,1126.2971739130435
18/10/2025,1,409.56260869565216,0,255.99710856521742,0,255.99710856521742,1126.2971739130435
18/10/2025,2,409.56260869565216,0,255.99710856521742,0,255.99710856521742,1126.2971739130435
18/10/2025,3,409.56260869565216,0,255.99710856521742,0,255.99710856521742,1126.2971739130435
18/10/2025,4,409.56260869565216,0,255.99710856521742,0,255.99710856521742,1126.2971739130435
18/10/2025,5,409.56260869565216,0,255.99710856521742,0,255.99710856521742,1126.2971739130435
18/10/2025,6,409.56260869565216,0,255.99710856521742,0,255.99710856521742,1126.2971739130435
18/10/2025,7,409.56260869565216,0,255.99710856521742,0,255.99710856521742,1126.2971739130435
18/10/2025,8,409.56260869565216,0,255.99710856521742,0,255.99710856521742,1126.2971739130435
18/10/2025,9,409.56260869565216,0,255.99710856521742,0,255.99710856521742,1126.2971739130435
18/10/2025,10,409.56260869565216,0,255.99710856521742,0,255.99710856521742,1126.2971739130435
18/10/2025,11,409.56260869565216,0,255.99710856521742,0,255.99710856521742,1126.2971739130435
18/10/2025,12,409.56260869565216,0,255.99710856521742,0,255.99710856521742,1126.2971739130435
18/10/2025,13,409.56260869565216,0,255.99710856521742,0,255.99710856521742,1126.2971739130435
18/10/2025,14,409.56260869565216,0,255.99710856521742,0,255.99710856521742,1126.2971739130435
18/10/2025,15,409.56260869565216,0,255.99710856521742,0,255.99710856521742,1126.2971739130435
18/10/2025,16,409.56260869565216,0,255.99710856521742,0,255.99710856521742,1126.2971739130435
18/10/2025,17,409.56260869565216,0,255.99710856521742,0,255.99710856521742,1126.2971739130435
18/10/2025,18,409.56260869565216,0,255.99710856521742,0,255.99710856521742,1126.2971739130435
18/10/2025,19,409.56260869565216,0,255.99710856521742,0,255.99710856521742,1126.2971739130435
18/10/2025,20,409.56260869565216,0,255.99710856521742,0,255.99710856521742,1126.2971739130435
18/10/2025,21,409.56260869565216,0,255.99710856521742,0,255.99710856521742,1126.2971739130435
18/10/2025,22,409.56260869565216,0,255.99710856521742,0,255.99710856521742,1126.2971739130435
18/10/2025,23,409.56260869565216,0,255.99710856521742,0,255.99710856521742,1126.2971739130435
18/10/2025,24,409.56260869565216,0,255.99710856521742,0,255.99710856521742,1126.2971739130435
19/10/2025,1,409.56260869565216,0,255.99710856521742,0,255.99710856521742,1126.2971739130435
19/10/2025,2,409.56260869565216,0,255.99710856521742,0,255.99710856521742,1126.2971739130435
19/10/2025,3,409.56260869565216,0,255.99710856521742,0,255.99710856521742,1126.2971739130435
19/10/2025,4,409.56260869565216,0,255.99710856521742,0,255.99710856521742,1126.2971739130435
19/10/2025,5,409.56260869565216,0,255.99710856521742,0,255.99710856521742,1126.2971739130435
19/10/2025,6,409.56260869565216,0,255.99710856521742,0,255.99710856521742,1126.2971739130435
19/10/2025,7,409.56260869565216,0,255.99710856521742,0,255.99710856521742,1126.2971739130435
19/10/2025,8,409.56260869565216,0,255.99710856521742,0,255.99710856521742,1126.2971739130435
19/10/2025,9,409.56260869565216,0,255.99710856521742,0,255.99710856521742,1126.2971739130435
19/10/2025,10,409.56260869565216,0,255.99710856521742,0,255.99710856521742,1126.2971739130435
19/10/2025,11,409.56260869565216,0,255.99710856521742,0,255.99710856521742,1126.2971739130435
19/10/2025,12,409.56260869565216,0,255.99710856521742,0,255.99710856521742,1126.2971739130435
19/10/2025,13,409.56260869565216,0,255.99710856521742,0,255.99710856521742,1126.2971739130435
19/10/2025,14,409.56260869565216,0,255.99710856521742,0,255.99710856521742,1126.2971739130435
19/10/2025,15,409.56260869565216,0,255.99710856521742,0,255.99710856521742,1126.2971739130435
19/10/2025,16,409.56260869565216,0,255.99710856521742,0,255.99710856521742,1126.2971739130435
19/10/2025,17,409.56260869565216,0,255.99710856521742,0,255.99710856521742,1126.2971739130435
19/10/2025,18,409.56260869565216,0,255.99710856521742,0,255.99710856521742,1126.2971739130435
19/10/2025,19,409.56260869565216,0,255.99710856521742,0,255.99710856521742,1126.2971739130435
19/10/2025,20,409.56260869565216,0,255.99710856521742,0,255.99710856521742,1126.2971739130435
19/10/2025,21,409.56260869565216,0,255.99710856521742,0,255.99710856521742,1126.2971739130435
19/10/2025,22,409.56260869565216,0,255.99710856521742,0,255.99710856521742,1126.2971739130435
19/10/2025,23,409.56260869565216,0,255.99710856521742,0,255.99710856521742,1126.2971739130435
19/10/2025,24,409.56260869565216,0,255.99710856521742,0,255.99710856521742,1126.2971739130435
20/10/2025,1,409.56260869565216,0,255.99710856521742,0,255.99710856521742,1126.2971739130435
20/10/2025,2,409.56260869565216,0,255.99710856521742,0,255.99710856521742,1126.2971739130435
20/10/2025,3,409.56260869565216,0,255.99710856521742,0,255.99710856521742,1126.2971739130435
20/10/2025,4,409.56260869565216,0,255.99710856521742,0,255.99710856521742,1126.2971739130435
20/10/2025,5,409.56260869565216,0,255.99710856521742,0,255.99710856521742,1126.2971739130435
20/10/2025,6,409.56260869565216,0,255.99710856521742,0,255.99710856521742,1126.2971739130435
20/10/2025,7,409.56260869565216,0,255.99710856521742,0,255.99710856521742,1126.2971739130435
20/10/2025,8,409.56260869565216,0,255.99710856521742,0,255.99710856521742,1126.2971739130435
20/10/2025,9,409.56260869565216,0,255.99710856521742,0,255.99710856521742,1126.2971739130435
20/10/2025,10,409.56260869565216,0,255.99710856521742,0,255.99710856521742,1126.2971739130435
20/10/2025,11,409.56260869565216,0,255.99710856521742,0,255.99710856521742,1126.2971739130435
20/10/2025,12,409.56260869565216,0,255.99710856521742,0,255.99710856521742,1126.2971739130435
20/10/2025,13,409.56260869565216,0,255.99710856521742,0,255.99710856521742,1126.2971739130435
20/10/2025,14,409.56260869565216,0,255.99710856521742,0,255.99710856521742,1126.2971739130435
20/10/2025,15,409.56260869565216,0,255.99710856521742,0,255.99710856521742,1126.2971739130435
20/10/2025,16,409.56260869565216,0,255.99710856521742,0,255.99710856521742,1126.2971739130435
20/10/2025,17,409.56260869565216,0,255.99710856521742,0,255.99710856521742,1126.2971739130435
20/10/2025,18,409.56260869565216,0,255.99710856521742,0,255.99710856521742,1126.2971739130435
20/10/2025,19,409.56260869565216,0,255.99710856521742,0,255.99710856521742,1126.2971739130435
20/10/2025,20,409.56260869565216,0,255.99710856521742,0,255.99710856521742,1126.2971739130435
20/10/2025,21,409.56260869565216,0,255.99710856521742,0,255.99710856521742,1126.2971739130435
20/10/2025,22,409.56260869565216,0,255.99710856521742,0,255.99710856521742,1126.2971739130435
20/10/2025,23,409.56260869565216,0,255.99710856521742,0,255.99710856521742,1126.2971739130435
20/10/2025,24,409.56260869565216,0,255.99710856521742,0,255.99710856521742,1126.2971739130435
21/10/2025,1,409.56260869565216,0,255.99710856521742,0,255.99710856521742,1126.2971739130435
21/10/2025,2,409.56260869565216,0,255.99710856521742,0,255.99710856521742,1126.2971739130435
21/10/2025,3,409.56260869565216,0,255.99710856521742,0,255.99710856521742,1126.2971739130435
21/10/2025,4,409.56260869565216,0,255.99710856521742,0,255.99710856521742,1126.2971739130435
21/10/2025,5,409.56260869565216,0,255.99710856521742,0,255.99710856521742,1126.2971739130435
21/10/2025,6,409.56260869565216,0,255.99710856521742,0,255.99710856521742,1126.2971739130435
21/10/2025,7,409.56260869565216,0,255.99710856521742,0,255.99710856521742,1126.2971739130435
21/10/2025,8,409.56260869565216,0,255.99710856521742,0,255.99710856521742,1126.2971739130435
21/10/2025,9,409.56260869565216,0,255.99710856521742,0,255.99710856521742,1126.2971739130435
21/10/2025,10,409.56260869565216,0,255.99710856521742,0,255.99710856521742,1126.2971739130435
21/10/2025,11,409.56260869565216,0,255.99710856521742,0,255.99710856521742,1126.2971739130435
21/10/2025,12,409.56260869565216,0,255.99710856521742,0,255.99710856521742,1126.2971739130435
21/10/2025,13,409.56260869565216,0,255.99710856521742,0,255.99710856521742,1126.2971739130435
21/10/2025,14,409.56260869565216,0,255.99710856521742,0,255.99710856521742,1126.2971739130435
21/10/2025,15,409.56260869565216,0,255.99710856521742,0,255.99710856521742,1126.2971739130435
21/10/2025,16,409.56260869565216,0,255.99710856521742,0,255.99710856521742,1126.2971739130435
21/10/2025,17,409.56260869565216,0,255.99710856521742,0,255.99710856521742,1126.2971739130435
21/10/2025,18,409.56260869565216,0,255.99710856521742,0,255.99710856521742,1126.2971739130435
21/10/2025,19,409.56260869565216,0,255.99710856521742,0,255.99710856521742,1126.2971739130435
21/10/2025,20,409.56260869565216,0,255.99710856521742,0,255.99710856521742,1126.2971739130435
21/10/2025,21,409.56260869565216,0,255.99710856521742,0,255.99710856521742,1126.2971739130435
21/10/2025,22,409.56260869565216,0,255.99710856521742,0,255.99710856521742,1126.2971739130435
21/10/2025,23,409.56260869565216,0,255.99710856521742,0,255.99710856521742,1126.2971739130435
21/10/2025,24,409.56260869565216,0,255.99710856521742,0,255.99710856521742,1126.2971739130435
22/10/2025,1,409.56260869565216,0,255.99710856521742,0,255.99710856521742,1126.2971739130435
22/10/2025,2,409.56260869565216,0,255.99710856521742,0,255.99710856521742,1126.2971739130435
22/10/2025,3,409.56260869565216,0,255.99710856521742,0,255.99710856521742,1126.2971739130435
22/10/2025,4,409.56260869565216,0,255.99710856521742,0,255.99710856521742,1126.2971739130435
22/10/2025,5,409.56260869565216,0,255.99710856521742,0,255.99710856521742,1126.2971739130435
22/10/2025,6,409.56260869565216,0,255.99710856521742,0,255.99710856521742,1126.2971739130435
22/10/2025,7,409.56260869565216,0,255.99710856521742,0,255.99710856521742,1126.2971739130435
22/10/2025,8,409.56260869565216,0,255.99710856521742,0,255.99710856521742,1126.2971739130435
22/10/2025,9,409.56260869565216,0,255.99710856521742,0,255.99710856521742,1126.2971739130435
22/10/2025,10,409.56260869565216,0,255.99710856521742,0,255.99710856521742,1126.2971739130435
22/10/2025,11,409.56260869565216,0,255.99710856521742,0,255.99710856521742,1126.2971739130435
22/10/2025,12,409.56260869565216,0,255.99710856521742,0,255.99710856521742,1126.2971739130435
22/10/2025,13,409.56260869565216,0,255.99710856521742,0,255.99710856521742,1126.2971739130435
22/10/2025,14,409.56260869565216,0,255.99710856521742,0,255.99710856521742,1126.2971739130435
22/10/2025,15,409.56260869565216,0,255.99710856521742,0,255.99710856521742,1126.2971739130435
22/10/2025,16,409.56260869565216,0,255.99710856521742,0,255.99710856521742,1126.2971739130435
22/10/2025,17,409.56260869565216,0,255.99710856521742,0,255.99710856521742,1126.2971739130435
22/10/2025,18,409.56260869565216,0,255.99710856521742,0,255.99710856521742,1126.2971739130435
22/10/2025,19,409.56260869565216,0,255.99710856521742,0,255.99710856521742,1126.2971739130435
22/10/2025,20,409.56260869565216,0,255.99710856521742,0,255.99710856521742,1126.2971739130435
22/10/2025,21,409.56260869565216,0,255.99710856521742,0,255.99710856521742,1126.2971739130435
22/10/2025,22,409.56260869565216,0,255.99710856521742,0,255.99710856521742,1126.2971739130435
22/10/2025,23,409.56260869565216,0,255.99710856521742,0,255.99710856521742,1126.2971739130435
22/10/2025,24,409.56260869565216,0,255.99710856521742,0,255.99710856521742,1126.2971739130435
23/10/2025,1,409.56260869565216,0,255.99710856521742,0,255.99710856521742,1126.2971739130435
23/10/2025,2,409.56260869565216,0,255.99710856521742,0,255.99710856521742,1126.2971739130435
23/10/2025,3,409.56260869565216,0,255.99710856521742,0,255.99710856521742,1126.2971739130435
23/10/2025,4,409.56260869565216,0,255.99710856521742,0,255.99710856521742,1126.2971739130435
23/10/2025,5,409.56260869565216,0,255.99710856521742,0,255.99710856521742,1126.2971739130435
23/10/2025,6,409.56260869565216,0,255.99710856521742,0,255.99710856521742,1126.2971739130435
23/10/2025,7,409.56260869565216,0,255.99710856521742,0,255.99710856521742,1126.2971739130435
23/10/2025,8,409.56260869565216,0,255.99710856521742,0,255.99710856521742,1126.2971739130435
23/10/2025,9,409.56260869565216,0,255.99710856521742,0,255.99710856521742,1126.2971739130435
23/10/2025,10,409.56260869565216,0,255.99710856521742,0,255.99710856521742,1126.2971739130435
23/10/2025,11,409.56260869565216,0,255.99710856521742,0,255.99710856521742,1126.2971739130435
23/10/2025,12,409.56260869565216,0,255.99710856521742,0,255.99710856521742,1126.2971739130435
23/10/2025,13,409.56260869565216,0,255.99710856521742,0,255.99710856521742,1126.2971739130435
23/10/2025,14,409.56260869565216,0,255.99710856521742,0,255.99710856521742,1126.2971739130435
23/10/2025,15,409.56260869565216,0,255.99710856521742,0,255.99710856521742,1126.2971739130435
23/10/2025,16,409.56260869565216,0,255.99710856521742,0,255.99710856521742,1126.2971739130435
23/10/2025,17,409.56260869565216,0,255.99710856521742,0,255.99710856521742,1126.2971739130435
23/10/2025,18,409.56260869565216,0,255.99710856521742,0,255.99710856521742,1126.2971739130435
23/10/2025,19,409.56260869565216,0,255.99710856521742,0,255.99710856521742,1126.2971739130435
23/10/2025,20,409.56260869565216,0,255.99710856521742,0,255.99710856521742,1126.2971739130435
23/10/2025,21,409.56260869565216,0,255.99710856521742,0,255.99710856521742,1126.2971739130435
23/10/2025,22,409.56260869565216,0,255.99710856521742,0,255.99710856521742,1126.2971739130435
23/10/2025,23,409.56260869565216,0,255.99710856521742,0,255.99710856521742,1126.2971739130435
23/10/2025,24,409.56260869565216,0,255.99710856521742,0,255.99710856521742,1126.2971739130435
24/10/2025,1,409.56260869565216,0,255.99710856521742,0,255.99710856521742,1126.2971739130435
24/10/2025,2,409.56260869565216,0,255.99710856521742,0,255.99710856521742,1126.2971739130435
24/10/2025,3,409.56260869565216,0,255.99710856521742,0,255.99710856521742,1126.2971739130435
24/10/2025,4,409.56260869565216,0,255.99710856521742,0,255.99710856521742,1126.2971739130435
24/10/2025,5,409.56260869565216,0,255.99710856521742,0,255.99710856521742,1126.2971739130435
24/10/2025,6,409.56260869565216,0,255.99710856521742,0,255.99710856521742,1126.2971739130435
24/10/2025,7,409.56260869565216,0,255.99710856521742,0,255.99710856521742,1126.2971739130435
24/10/2025,8,409.56260869565216,0,255.99710856521742,0,255.99710856521742,1126.2971739130435
24/10/2025,9,409.56260869565216,0,255.99710856521742,0,255.99710856521742,1126.2971739130435
24/10/2025,10,409.56260869565216,0,255.99710856521742,0,255.99710856521742,1126.2971739130435
24/10/2025,11,409.56260869565216,0,255.99710856521742,0,255.99710856521742,1126.2971739130435
24/10/2025,12,409.56260869565216,0,255.99710856521742,0,255.99710856521742,1126.2971739130435
24/10/2025,13,409.56260869565216,0,255.99710856521742,0,255.99710856521742,1126.2971739130435
24/10/2025,14,409.56260869565216,0,255.99710856521742,0,255.99710856521742,1126.2971739130435
24/10/2025,15,409.56260869565216,0,255.99710856521742,0,255.99710856521742,1126.2971739130435
24/10/2025,16,409.56260869565216,0,255.99710856521742,0,255.99710856521742,1126.2971739130435
24/10/2025,17,409.56260869565216,0,255.99710856521742,0,255.99710856521742,1126.2971739130435
24/10/2025,18,409.56260869565216,0,255.99710856521742,0,255.99710856521742,1126.2971739130435
24/10/2025,19,409.56260869565216,0,255.99710856521742,0,255.99710856521742,1126.2971739130435
24/10/2025,20,409.56260869565216,0,255.99710856521742,0,255.99710856521742,1126.2971739130435
24/10/2025,21,409.56260869565216,0,255.99710856521742,0,255.99710856521742,1126.2971739130435
24/10/2025,22,409.56260869565216,0,255.99710856521742,0,255.99710856521742,1126.2971739130435
24/10/2025,23,409.56260869565216,0,255.99710856521742,0,255.99710856521742,1126.2971739130435
24/10/2025,24,409.56260869565216,0,255.99710856521742,0,255.99710856521742,1126.2971739130435
25/10/2025,1,409.56260869565216,0,255.99710856521742,0,255.99710856521742,1126.2971739130435
25/10/2025,2,409.56260869565216,0,255.99710856521742,0,255.99710856521742,1126.2971739130435
25/10/2025,3,409.56260869565216,0,255.99710856521742,0,255.99710856521742,1126.2971739130435
25/10/2025,4,409.56260869565216,0,255.99710856521742,0,255.99710856521742,1126.2971739130435
25/10/2025,5,409.56260869565216,0,255.99710856521742,0,255.99710856521742,1126.2971739130435
25/10/2025,6,409.56260869565216,0,255.99710856521742,0,255.99710856521742,1126.2971739130435
25/10/2025,7,409.56260869565216,0,255.99710856521742,0,255.99710856521742,1126.2971739130435
25/10/2025,8,409.56260869565216,0,255.99710856521742,0,255.99710856521742,1126.2971739130435
25/10/2025,9,409.56260869565216,0,255.99710856521742,0,255.99710856521742,1126.2971739130435
25/10/2025,10,409.56260869565216,0,255.99710856521742,0,255.99710856521742,1126.2971739130435
25/10/2025,11,409.56260869565216,0,255.99710856521742,0,255.99710856521742,1126.2971739130435
25/10/2025,12,409.56260869565216,0,255.99710856521742,0,255.99710856521742,1126.2971739130435
25/10/2025,13,409.56260869565216,0,255.99710856521742,0,255.99710856521742,1126.2971739130435
25/10/2025,14,409.56260869565216,0,255.99710856521742,0,255.99710856521742,1126.2971739130435
25/10/2025,15,409.56260869565216,0,255.99710856521742,0,255.99710856521742,1126.2971739130435
25/10/2025,16,409.56260869565216,0,255.99710856521742,0,255.99710856521742,1126.2971739130435
25/10/2025,17,409.56260869565216,0,255.99710856521742,0,255.99710856521742,1126.2971739130435
25/10/2025,18,409.56260869565216,0,255.99710856521742,0,255.99710856521742,1126.2971739130435
25/10/2025,19,409.56260869565216,0,255.99710856521742,0,255.99710856521742,1126.2971739130435
25/10/2025,20,409.56260869565216,0,255.99710856521742,0,255.99710856521742,1126.2971739130435
25/10/2025,21,409.56260869565216,0,255.99710856521742,0,255.99710856521742,1126.2971739130435
25/10/2025,22,409.56260869565216,0,255.99710856521742,0,255.99710856521742,1126.2971739130435
25/10/2025,23,409.56260869565216,0,255.99710856521742,0,255.99710856521742,1126.2971739130435
25/10/2025,24,409.56260869565216,0,255.99710856521742,0,255.99710856521742,1126.2971739130435
26/10/2025,1,409.56260869565216,0,255.99710856521742,0,255.99710856521742,1126.2971739130435
26/10/2025,2,409.56260869565216,0,255.99710856521742,0,255.99710856521742,1126.2971739130435
26/10/2025,3,409.56260869565216,0,255.99710856521742,0,255.99710856521742,1126.2971739130435
26/10/2025,4,409.56260869565216,0,255.99710856521742,0,255.99710856521742,1126.2971739130435
26/10/2025,5,409.56260869565216,0,255.99710856521742,0,255.99710856521742,1126.2971739130435
26/10/2025,6,409.56260869565216,0,255.99710856521742,0,255.99710856521742,1126.2971739130435
26/10/2025,7,409.56260869565216,0,255.99710856521742,0,255.99710856521742,1126.2971739130435
26/10/2025,8,409.56260869565216,0,255.99710856521742,0,255.99710856521742,1126.2971739130435
26/10/2025,9,409.56260869565216,0,255.99710856521742,0,255.99710856521742,1126.2971739130435
26/10/2025,10,409.56260869565216,0,255.99710856521742,0,255.99710856521742,1126.2971739130435
26/10/2025,11,409.56260869565216,0,255.99710856521742,0,255.99710856521742,1126.2971739130435
26/10/2025,12,409.56260869565216,0,255.99710856521742,0,255.99710856521742,1126.2971739130435
26/10/2025,13,409.56260869565216,0,255.99710856521742,0,255.99710856521742,1126.2971739130435
26/10/2025,14,409.56260869565216,0,255.99710856521742,0,255.99710856521742,1126.2971739130435
26/10/2025,15,409.56260869565216,0,255.99710856521742,0,255.99710856521742,1126.2971739130435
26/10/2025,16,409.56260869565216,0,255.99710856521742,0,255.99710856521742,1126.2971739130435
26/10/2025,17,409.56260869565216,0,255.99710856521742,0,255.99710856521742,1126.2971739130435
26/10/2025,18,409.56260869565216,0,255.99710856521742,0,255.99710856521742,1126.2971739130435
26/10/2025,19,409.56260869565216,0,255.99710856521742,0,255.99710856521742,1126.2971739130435
26/10/2025,20,409.56260869565216,0,255.99710856521742,0,255.99710856521742,1126.2971739130435
26/10/2025,21,409.56260869565216,0,255.99710856521742,0,255.99710856521742,1126.2971739130435
26/10/2025,22,409.56260869565216,0,255.99710856521742,0,255.99710856521742,1126.2971739130435
26/10/2025,23,409.56260869565216,0,255.99710856521742,0,255.99710856521742,1126.2971739130435
26/10/2025,24,409.56260869565216,0,255.99710856521742,0,255.99710856521742,1126.2971739130435
26/10/2025,25,409.56260869565216,0,255.99710856521742,0,255.99710856521742,1126.2971739130435
27/10/2025,1,409.56260869565216,0,255.99710856521742,0,255.99710856521742,1126.2971739130435
27/10/2025,2,409.56260869565216,0,255.99710856521742,0,255.99710856521742,1126.2971739130435
27/10/2025,3,409.56260869565216,0,255.99710856521742,0,255.99710856521742,1126.2971739130435
27/10/2025,4,409.56260869565216,0,255.99710856521742,0,255.99710856521742,1126.2971739130435
27/10/2025,5,409.56260869565216,0,255.99710856521742,0,255.99710856521742,1126.2971739130435
27/10/2025,6,409.56260869565216,0,255.99710856521742,0,255.99710856521742,1126.2971739130435
27/10/2025,7,409.56260869565216,0,255.99710856521742,0,255.99710856521742,1126.2971739130435
27/10/2025,8,409.56260869565216,0,255.99710856521742,0,255.99710856521742,1126.2971739130435
27/10/2025,9,409.56260869565216,0,255.99710856521742,0,255.99710856521742,1126.2971739130435
27/10/2025,10,409.56260869565216,0,255.99710856521742,0,255.99710856521742,1126.2971739130435
27/10/2025,11,409.56260869565216,0,255.99710856521742,0,255.99710856521742,1126.2971739130435
27/10/2025,12,409.56260869565216,0,255.99710856521742,0,255.99710856521742,1126.2971739130435
27/10/2025,13,409.56260869565216,0,255.99710856521742,0,255.99710856521742,1126.2971739130435
27/10/2025,14,409.56260869565216,0,255.99710856521742,0,255.99710856521742,1126.2971739130435
27/10/2025,15,409.56260869565216,0,255.99710856521742,0,255.99710856521742,1126.2971739130435
27/10/2025,16,409.56260869565216,0,255.99710856521742,0,255.99710856521742,1126.2971739130435
27/10/2025,17,409.56260869565216,0,255.99710856521742,0,255.99710856521742,1126.2971739130435
27/10/2025,18,409.56260869565216,0,255.99710856521742,0,255.99710856521742,1126.2971739130435
27/10/2025,19,409.56260869565216,0,255.99710856521742,0,255.99710856521742,1126.2971739130435
27/10/2025,20,409.56260869565216,0,255.99710856521742,0,255.99710856521742,1126.2971739130435
27/10/2025,21,409.56260869565216,0,255.99710856521742,0,255.99710856521742,1126.2971739130435
27/10/2025,22,409.56260869565216,0,255.99710856521742,0,255.99710856521742,1126.2971739130435
27/10/2025,23,409.56260869565216,0,255.99710856521742,0,255.99710856521742,1126.2971739130435
27/10/2025,24,409.56260869565216,0,255.99710856521742,0,255.99710856521742,1126.2971739130435
28/10/2025,1,409.56260869565216,0,255.99710856521742,0,255.99710856521742,1126.2971739130435
28/10/2025,2,409.56260869565216,0,255.99710856521742,0,255.99710856521742,1126.2971739130435
28/10/2025,3,409.56260869565216,0,255.99710856521742,0,255.99710856521742,1126.2971739130435
28/10/2025,4,409.56260869565216,0,255.99710856521742,0,255.99710856521742,1126.2971739130435
28/10/2025,5,409.56260869565216,0,255.99710856521742,0,255.99710856521742,1126.2971739130435
28/10/2025,6,409.56260869565216,0,255.99710856521742,0,255.99710856521742,1126.2971739130435
28/10/2025,7,409.56260869565216,0,255.99710856521742,0,255.99710856521742,1126.2971739130435
28/10/2025,8,409.56260869565216,0,255.99710856521742,0,255.99710856521742,1126.2971739130435
28/10/2025,9,409.56260869565216,0,255.99710856521742,0,255.99710856521742,1126.2971739130435
28/10/2025,10,409.56260869565216,0,255.99710856521742,0,255.99710856521742,1126.2971739130435
28/10/2025,11,409.56260869565216,0,255.99710856521742,0,255.99710856521742,1126.2971739130435
28/10/2025,12,409.56260869565216,0,255.99710856521742,0,255.99710856521742,1126.2971739130435
28/10/2025,13,409.56260869565216,0,255.99710856521742,0,255.99710856521742,1126.2971739130435
28/10/2025,14,409.56260869565216,0,255.99710856521742,0,255.99710856521742,1126.2971739130435
28/10/2025,15,409.56260869565216,0,255.99710856521742,0,255.99710856521742,1126.2971739130435
28/10/2025,16,409.56260869565216,0,255.99710856521742,0,255.99710856521742,1126.2971739130435
28/10/2025,17,409.56260869565216,0,255.99710856521742,0,255.99710856521742,1126.2971739130435
28/10/2025,18,409.56260869565216,0,255.99710856521742,0,255.99710856521742,1126.2971739130435
28/10/2025,19,409.56260869565216,0,255.99710856521742,0,255.99710856521742,1126.2971739130435
28/10/2025,20,409.56260869565216,0,255.99710856521742,0,255.99710856521742,1126.2971739130435
28/10/2025,21,409.56260869565216,0,255.99710856521742,0,255.99710856521742,1126.2971739130435
28/10/2025,22,409.56260869565216,0,255.99710856521742,0,255.99710856521742,1126.2971739130435
28/10/2025,23,409.56260869565216,0,255.99710856521742,0,255.99710856521742,1126.2971739130435
28/10/2025,24,409.56260869565216,0,255.99710856521742,0,255.99710856521742,1126.2971739130435
29/10/2025,1,409.56260869565216,0,255.99710856521742,0,255.99710856521742,1126.2971739130435
29/10/2025,2,409.56260869565216,0,255.99710856521742,0,255.99710856521742,1126.2971739130435
29/10/2025,3,409.56260869565216,0,255.99710856521742,0,255.99710856521742,1126.2971739130435
29/10/2025,4,409.56260869565216,0,255.99710856521742,0,255.99710856521742,1126.2971739130435
29/10/2025,5,409.56260869565216,0,255.99710856521742,0,255.99710856521742,1126.2971739130435
29/10/2025,6,409.56260869565216,0,255.99710856521742,0,255.99710856521742,1126.2971739130435
29/10/2025,7,409.56260869565216,0,255.99710856521742,0,255.99710856521742,1126.2971739130435
29/10/2025,8,409.56260869565216,0,255.99710856521742,0,255.99710856521742,1126.2971739130435
29/10/2025,9,409.56260869565216,0,255.99710856521742,0,255.99710856521742,1126.2971739130435
29/10/2025,10,409.56260869565216,0,255.99710856521742,0,255.99710856521742,1126.2971739130435
29/10/2025,11,409.56260869565216,0,255.99710856521742,0,255.99710856521742,1126.2971739130435
29/10/2025,12,409.56260869565216,0,255.99710856521742,0,255.99710856521742,1126.2971739130435
29/10/2025,13,409.56260869565216,0,255.99710856521742,0,255.99710856521742,1126.2971739130435
29/10/2025,14,409.56260869565216,0,255.99710856521742,0,255.99710856521742,1126.2971739130435
29/10/2025,15,409.56260869565216,0,255.99710856521742,0,255.99710856521742,1126.2971739130435
29/10/2025,16,409.56260869565216,0,255.99710856521742,0,255.99710856521742,1126.2971739130435
29/10/2025,17,409.56260869565216,0,255.99710856521742,0,255.99710856521742,1126.2971739130435
29/10/2025,18,409.56260869565216,0,255.99710856521742,0,255.99710856521742,1126.2971739130435
29/10/2025,19,409.56260869565216,0,255.99710856521742,0,255.99710856521742,1126.2971739130435
29/10/2025,20,409.56260869565216,0,255.99710856521742,0,255.99710856521742,1126.2971739130435
29/10/2025,21,409.56260869565216,0,255.99710856521742,0,255.99710856521742,1126.2971739130435
29/10/2025,22,409.56260869565216,0,255.99710856521742,0,255.99710856521742,1126.2971739130435
29/10/2025,23,409.56260869565216,0,255.99710856521742,0,255.99710856521742,1126.2971739130435
29/10/2025,24,409.56260869565216,0,255.99710856521742,0,255.99710856521742,1126.2971739130435
30/10/2025,1,409.56260869565216,0,255.99710856521742,0,255.99710856521742,1126.2971739130435
30/10/2025,2,409.56260869565216,0,255.99710856521742,0,255.99710856521742,1126.2971739130435
30/10/2025,3,409.56260869565216,0,255.99710856521742,0,255.99710856521742,1126.2971739130435
30/10/2025,4,409.56260869565216,0,255.99710856521742,0,255.99710856521742,1126.2971739130435
30/10/2025,5,409.56260869565216,0,255.99710856521742,0,255.99710856521742,1126.2971739130435
30/10/2025,6,409.56260869565216,0,255.99710856521742,0,255.99710856521742,1126.2971739130435
30/10/2025,7,409.56260869565216,0,255.99710856521742,0,255.99710856521742,1126.2971739130435
30/10/2025,8,409.56260869565216,0,255.99710856521742,0,255.99710856521742,1126.2971739130435
30/10/2025,9,409.56260869565216,0,255.99710856521742,0,255.99710856521742,1126.2971739130435
30/10/2025,10,409.56260869565216,0,255.99710856521742,0,255.99710856521742,1126.2971739130435
30/10/2025,11,409.56260869565216,0,255.99710856521742,0,255.99710856521742,1126.2971739130435
30/10/2025,12,409.56260869565216,0,255.99710856521742,0,255.99710856521742,1126.2971739130435
30/10/2025,13,409.56260869565216,0,255.99710856521742,0,255.99710856521742,1126.2971739130435
30/10/2025,14,409.56260869565216,0,255.99710856521742,0,255.99710856521742,1126.2971739130435
30/10/2025,15,409.56260869565216,0,255.99710856521742,0,255.99710856521742,1126.2971739130435
30/10/2025,16,409.56260869565216,0,255.99710856521742,0,255.99710856521742,1126.2971739130435
30/10/2025,17,409.56260869565216,0,255.99710856521742,0,255.99710856521742,1126.2971739130435
30/10/2025,18,409.56260869565216,0,255.99710856521742,0,255.99710856521742,1126.2971739130435
30/10/2025,19,409.56260869565216,0,255.99710856521742,0,255.99710856521742,1126.2971739130435
30/10/2025,20,409.56260869565216,0,255.99710856521742,0,255.99710856521742,1126.2971739130435
30/10/2025,21,409.56260869565216,0,255.99710856521742,0,255.99710856521742,1126.2971739130435
30/10/2025,22,409.56260869565216,0,255.99710856521742,0,255.99710856521742,1126.2971739130435
30/10/2025,23,409.56260869565216,0,255.99710856521742,0,255.99710856521742,1126.2971739130435
30/10/2025,24,409.56260869565216,0,255.99710856521742,0,255.99710856521742,1126.2971739130435
31/10/2025,1,409.56260869565216,0,255.99710856521742,0,255.99710856521742,1126.2971739130435
31/10/2025,2,409.56260869565216,0,255.99710856521742,0,255.99710856521742,1126.2971739130435
31/10/2025,3,409.56260869565216,0,255.99710856521742,0,255.99710856521742,1126.2971739130435
31/10/2025,4,409.56260869565216,0,255.99710856521742,0,255.99710856521742,1126.2971739130435
31/10/2025,5,409.56260869565216,0,255.99710856521742,0,255.99710856521742,1126.2971739130435
31/10/2025,6,409.56260869565216,0,255.99710856521742,0,255.99710856521742,1126.2971739130435
31/10/2025,7,409.56260869565216,0,255.99710856521742,0,255.99710856521742,1126.2971739130435
31/10/2025,8,409.56260869565216,0,255.99710856521742,0,255.99710856521742,1126.2971739130435
31/10/2025,9,409.56260869565216,0,255.99710856521742,0,255.99710856521742,1126.2971739130435
31/10/2025,10,409.56260869565216,0,255.99710856521742,0,255.99710856521742,1126.2971739130435
31/10/2025,11,409.56260869565216,0,255.99710856521742,0,255.99710856521742,1126.2971739130435
31/10/2025,12,409.56260869565216,0,255.99710856521742,0,255.99710856521742,1126.2971739130435
31/10/2025,13,409.56260869565216,0,255.99710856521742,0,255.99710856521742,1126.2971739130435
31/10/2025,14,409.56260869565216,0,255.99710856521742,0,255.99710856521742,1126.2971739130435
31/10/2025,15,409.56260869565216,0,255.99710856521742,0,255.99710856521742,1126.2971739130435
31/10/2025,16,409.56260869565216,0,255.99710856521742,0,255.99710856521742,1126.2971739130435
31/10/2025,17,409.56260869565216,0,255.99710856521742,0,255.99710856521742,1126.2971739130435
31/10/2025,18,409.56260869565216,0,255.99710856521742,0,255.99710856521742,1126.2971739130435
31/10/2025,19,409.56260869565216,0,255.99710856521742,0,255.99710856521742,1126.2971739130435
31/10/2025,20,409.56260869565216,0,255.99710856521742,0,255.99710856521742,1126.2971739130435
31/10/2025,21,409.56260869565216,0,255.99710856521742,0,255.99710856521742,1126.2971739130435
31/10/2025,22,409.56260869565216,0,255.99710856521742,0,255.99710856521742,1126.2971739130435
31/10/2025,23,409.56260869565216,0,255.99710856521742,0,255.99710856521742,1126.2971739130435
31/10/2025,24,409.56260869565216,0,255.99710856521742,0,255.99710856521742,1126.2971739130435
01/11/2025,1,409.56260869565216,0,255.99710856521742,0,255.99710856521742,1126.2971739130435
01/11/2025,2,409.56260869565216,0,255.99710856521742,0,255.99710856521742,1126.2971739130435
01/11/2025,3,409.56260869565216,0,255.99710856521742,0,255.99710856521742,1126.2971739130435
01/11/2025,4,409.56260869565216,0,255.99710856521742,0,255.99710856521742,1126.2971739130435
01/11/2025,5,409.56260869565216,0,255.99710856521742,0,255.99710856521742,1126.2971739130435
01/11/2025,6,409.56260869565216,0,255.99710856521742,0,255.99710856521742,1126.2971739130435
01/11/2025,7,409.56260869565216,0,255.99710856521742,0,255.99710856521742,1126.2971739130435
01/11/2025,8,409.56260869565216,0,255.99710856521742,0,255.99710856521742,1126.2971739130435
01/11/2025,9,409.56260869565216,0,255.99710856521742,0,255.99710856521742,1126.2971739130435
01/11/2025,10,409.56260869565216,0,255.99710856521742,0,255.99710856521742,1126.2971739130435
01/11/2025,11,409.56260869565216,0,255.99710856521742,0,255.99710856521742,1126.2971739130435
01/11/2025,12,409.56260869565216,0,255.99710856521742,0,255.99710856521742,1126.2971739130435
01/11/2025,13,409.56260869565216,0,255.99710856521742,0,255.99710856521742,1126.2971739130435
01/11/2025,14,409.56260869565216,0,255.99710856521742,0,255.99710856521742,1126.2971739130435
01/11/2025,15,409.56260869565216,0,255.99710856521742,0,255.99710856521742,1126.2971739130435
01/11/2025,16,409.56260869565216,0,255.99710856521742,0,255.99710856521742,1126.2971739130435
01/11/2025,17,409.56260869565216,0,255.99710856521742,0,255.99710856521742,1126.2971739130435
01/11/2025,18,409.56260869565216,0,255.99710856521742,0,255.99710856521742,1126.2971739130435
01/11/2025,19,409.56260869565216,0,255.99710856521742,0,255.99710856521742,1126.2971739130435
01/11/2025,20,409.56260869565216,0,255.99710856521742,0,255.99710856521742,1126.2971739130435
01/11/2025,21,409.56260869565216,0,255.99710856521742,0,255.99710856521742,1126.2971739130435
01/11/2025,22,409.56260869565216,0,255.99710856521742,0,255.99710856521742,1126.2971739130435
01/11/2025,23,409.56260869565216,0,255.99710856521742,0,255.99710856521742,1126.2971739130435
01/11/2025,24,409.56260869565216,0,255.99710856521742,0,255.99710856521742,1126.2971739130435
02/11/2025,1,409.56260869565216,0,255.99710856521742,0,255.99710856521742,1126.2971739130435
02/11/2025,2,409.56260869565216,0,255.99710856521742,0,255.99710856521742,1126.2971739130435
02/11/2025,3,409.56260869565216,0,255.99710856521742,0,255.99710856521742,1126.2971739130435
02/11/2025,4,409.56260869565216,0,255.99710856521742,0,255.99710856521742,1126.2971739130435
02/11/2025,5,409.56260869565216,0,255.99710856521742,0,255.99710856521742,1126.2971739130435
02/11/2025,6,409.56260869565216,0,255.99710856521742,0,255.99710856521742,1126.2971739130435
02/11/2025,7,409.56260869565216,0,255.99710856521742,0,255.99710856521742,1126.2971739130435
02/11/2025,8,409.56260869565216,0,255.99710856521742,0,255.99710856521742,1126.2971739130435
02/11/2025,9,409.56260869565216,0,255.99710856521742,0,255.99710856521742,1126.2971739130435
02/11/2025,10,409.56260869565216,0,255.99710856521742,0,255.99710856521742,1126.2971739130435
02/11/2025,11,409.56260869565216,0,255.99710856521742,0,255.99710856521742,1126.2971739130435
02/11/2025,12,409.56260869565216,0,255.99710856521742,0,255.99710856521742,1126.2971739130435
02/11/2025,13,409.56260869565216,0,255.99710856521742,0,255.99710856521742,1126.2971739130435
02/11/2025,14,409.56260869565216,0,255.99710856521742,0,255.99710856521742,1126.2971739130435
02/11/2025,15,409.56260869565216,0,255.99710856521742,0,255.99710856521742,1126.2971739130435
02/11/2025,16,409.56260869565216,0,255.99710856521742,0,255.99710856521742,1126.2971739130435
02/11/2025,17,409.56260869565216,0,255.99710856521742,0,255.99710856521742,1126.2971739130435
02/11/2025,18,409.56260869565216,0,255.99710856521742,0,255.99710856521742,1126.2971739130435
02/11/2025,19,409.56260869565216,0,255.99710856521742,0,255.99710856521742,1126.2971739130435
02/11/2025,20,409.56260869565216,0,255.99710856521742,0,255.99710856521742,1126.2971739130435
02/11/2025,21,409.56260869565216,0,255.99710856521742,0,255.99710856521742,1126.2971739130435
02/11/2025,22,409.56260869565216,0,255.99710856521742,0,255.99710856521742,1126.2971739130435
02/11/2025,23,409.56260869565216,0,255.99710856521742,0,255.99710856521742,1126.2971739130435
02/11/2025,24,409.56260869565216,0,255.99710856521742,0,255.99710856521742,1126.2971739130435
03/11/2025,1,409.56260869565216,0,255.99710856521742,0,255.99710856521742,1126.2971739130435
03/11/2025,2,409.56260869565216,0,255.99710856521742,0,255.99710856521742,1126.2971739130435
03/11/2025,3,409.56260869565216,0,255.99710856521742,0,255.99710856521742,1126.2971739130435
03/11/2025,4,409.56260869565216,0,255.99710856521742,0,255.99710856521742,1126.2971739130435
03/11/2025,5,409.56260869565216,0,255.99710856521742,0,255.99710856521742,1126.2971739130435
03/11/2025,6,409.56260869565216,0,255.99710856521742,0,255.99710856521742,1126.2971739130435
03/11/2025,7,409.56260869565216,0,255.99710856521742,0,255.99710856521742,1126.2971739130435
03/11/2025,8,409.56260869565216,0,255.99710856521742,0,255.99710856521742,1126.2971739130435
03/11/2025,9,409.56260869565216,0,255.99710856521742,0,255.99710856521742,1126.2971739130435
03/11/2025,10,409.56260869565216,0,255.99710856521742,0,255.99710856521742,1126.2971739130435
03/11/2025,11,409.56260869565216,0,255.99710856521742,0,255.99710856521742,1126.2971739130435
03/11/2025,12,409.56260869565216,0,255.99710856521742,0,255.99710856521742,1126.2971739130435
03/11/2025,13,409.56260869565216,0,255.99710856521742,0,255.99710856521742,1126.2971739130435
03/11/2025,14,409.56260869565216,0,255.99710856521742,0,255.99710856521742,1126.2971739130435
03/11/2025,15,409.56260869565216,0,255.99710856521742,0,255.99710856521742,1126.2971739130435
03/11/2025,16,409.56260869565216,0,255.99710856521742,0,255.99710856521742,1126.2971739130435
03/11/2025,17,409.56260869565216,0,255.99710856521742,0,255.99710856521742,1126.2971739130435
03/11/2025,18,409.56260869565216,0,255.99710856521742,0,255.99710856521742,1126.2971739130435
03/11/2025,19,409.56260869565216,0,255.99710856521742,0,255.99710856521742,1126.2971739130435
03/11/2025,20,409.56260869565216,0,255.99710856521742,0,255.99710856521742,1126.2971739130435
03/11/2025,21,409.56260869565216,0,255.99710856521742,0,255.99710856521742,1126.2971739130435
03/11/2025,22,409.56260869565216,0,255.99710856521742,0,255.99710856521742,1126.2971739130435
03/11/2025,23,409.56260869565216,0,255.99710856521742,0,255.99710856521742,1126.2971739130435
03/11/2025,24,409.56260869565216,0,255.99710856521742,0,255.99710856521742,1126.2971739130435
04/11/2025,1,409.56260869565216,0,255.99710856521742,0,255.99710856521742,1126.2971739130435
04/11/2025,2,409.56260869565216,0,255.99710856521742,0,255.99710856521742,1126.2971739130435
04/11/2025,3,409.56260869565216,0,255.99710856521742,0,255.99710856521742,1126.2971739130435
04/11/2025,4,409.56260869565216,0,255.99710856521742,0,255.99710856521742,1126.2971739130435
04/11/2025,5,409.56260869565216,0,255.99710856521742,0,255.99710856521742,1126.2971739130435
04/11/2025,6,409.56260869565216,0,255.99710856521742,0,255.99710856521742,1126.2971739130435
04/11/2025,7,409.56260869565216,0,255.99710856521742,0,255.99710856521742,1126.2971739130435
04/11/2025,8,409.56260869565216,0,255.99710856521742,0,255.99710856521742,1126.2971739130435
04/11/2025,9,409.56260869565216,0,255.99710856521742,0,255.99710856521742,1126.2971739130435
04/11/2025,10,409.56260869565216,0,255.99710856521742,0,255.99710856521742,1126.2971739130435
04/11/2025,11,409.56260869565216,0,255.99710856521742,0,255.99710856521742,1126.2971739130435
04/11/2025,12,409.56260869565216,0,255.99710856521742,0,255.99710856521742,1126.2971739130435
04/11/2025,13,409.56260869565216,0,255.99710856521742,0,255.99710856521742,1126.2971739130435
04/11/2025,14,409.56260869565216,0,255.99710856521742,0,255.99710856521742,1126.2971739130435
04/11/2025,15,409.56260869565216,0,255.99710856521742,0,255.99710856521742,1126.2971739130435
04/11/2025,16,409.56260869565216,0,255.99710856521742,0,255.99710856521742,1126.2971739130435
04/11/2025,17,409.56260869565216,0,255.99710856521742,0,255.99710856521742,1126.2971739130435
04/11/2025,18,409.56260869565216,0,255.99710856521742,0,255.99710856521742,1126.2971739130435
04/11/2025,19,409.56260869565216,0,255.99710856521742,0,255.99710856521742,1126.2971739130435
04/11/2025,20,409.56260869565216,0,255.99710856521742,0,255.99710856521742,1126.2971739130435
04/11/2025,21,409.56260869565216,0,255.99710856521742,0,255.99710856521742,1126.2971739130435
04/11/2025,22,409.56260869565216,0,255.99710856521742,0,255.99710856521742,1126.2971739130435
04/11/2025,23,409.56260869565216,0,255.99710856521742,0,255.99710856521742,1126.2971739130435
04/11/2025,24,409.56260869565216,0,255.99710856521742,0,255.99710856521742,1126.2971739130435
05/11/2025,1,409.56260869565216,0,255.99710856521742,0,255.99710856521742,1126.2971739130435
05/11/2025,2,409.56260869565216,0,255.99710856521742,0,255.99710856521742,1126.2971739130435
05/11/2025,3,409.56260869565216,0,255.99710856521742,0,255.99710856521742,1126.2971739130435
05/11/2025,4,409.56260869565216,0,255.99710856521742,0,255.99710856521742,1126.2971739130435
05/11/2025,5,409.56260869565216,0,255.99710856521742,0,255.99710856521742,1126.2971739130435
05/11/2025,6,409.56260869565216,0,255.99710856521742,0,255.99710856521742,1126.2971739130435
05/11/2025,7,409.56260869565216,0,255.99710856521742,0,255.99710856521742,1126.2971739130435
05/11/2025,8,409.56260869565216,0,255.99710856521742,0,255.99710856521742,1126.2971739130435
05/11/2025,9,409.56260869565216,0,255.99710856521742,0,255.99710856521742,1126.2971739130435
05/11/2025,10,409.56260869565216,0,255.99710856521742,0,255.99710856521742,1126.2971739130435
05/11/2025,11,409.56260869565216,0,255.99710856521742,0,255.99710856521742,1126.2971739130435
05/11/2025,12,409.56260869565216,0,255.99710856521742,0,255.99710856521742,1126.2971739130435
05/11/2025,13,409.56260869565216,0,255.99710856521742,0,255.99710856521742,1126.2971739130435
05/11/2025,14,409.56260869565216,0,255.99710856521742,0,255.99710856521742,1126.2971739130435
05/11/2025,15,409.56260869565216,0,255.99710856521742,0,255.99710856521742,1126.2971739130435
05/11/2025,16,409.56260869565216,0,255.99710856521742,0,255.99710856521742,1126.2971739130435
05/11/2025,17,409.56260869565216,0,255.99710856521742,0,255.99710856521742,1126.2971739130435
05/11/2025,18,409.56260869565216,0,255.99710856521742,0,255.99710856521742,1126.2971739130435
05/11/2025,19,409.56260869565216,0,255.99710856521742,0,255.99710856521742,1126.2971739130435
05/11/2025,20,409.56260869565216,0,255.99710856521742,0,255.99710856521742,1126.2971739130435
05/11/2025,21,409.56260869565216,0,255.99710856521742,0,255.99710856521742,1126.2971739130435
05/11/2025,22,409.56260869565216,0,255.99710856521742,0,255.99710856521742,1126.2971739130435
05/11/2025,23,409.56260869565216,0,255.99710856521742,0,255.99710856521742,1126.2971739130435
05/11/2025,24,409.56260869565216,0,255.99710856521742,0,255.99710856521742,1126.2971739130435
06/11/2025,1,409.56260869565216,0,255.99710856521742,0,255.99710856521742,1126.2971739130435
06/11/2025,2,409.56260869565216,0,255.99710856521742,0,255.99710856521742,1126.2971739130435
06/11/2025,3,409.56260869565216,0,255.99710856521742,0,255.99710856521742,1126.2971739130435
06/11/2025,4,409.56260869565216,0,255.99710856521742,0,255.99710856521742,1126.2971739130435
06/11/2025,5,409.56260869565216,0,255.99710856521742,0,255.99710856521742,1126.2971739130435
06/11/2025,6,409.56260869565216,0,255.99710856521742,0,255.99710856521742,1126.2971739130435
06/11/2025,7,409.56260869565216,0,255.99710856521742,0,255.99710856521742,1126.2971739130435
06/11/2025,8,409.56260869565216,0,255.99710856521742,0,255.99710856521742,1126.2971739130435
06/11/2025,9,409.56260869565216,0,255.99710856521742,0,255.99710856521742,1126.2971739130435
06/11/2025,10,409.56260869565216,0,255.99710856521742,0,255.99710856521742,1126.2971739130435
06/11/2025,11,409.56260869565216,0,255.99710856521742,0,255.99710856521742,1126.2971739130435
06/11/2025,12,409.56260869565216,0,255.99710856521742,0,255.99710856521742,1126.2971739130435
06/11/2025,13,409.56260869565216,0,255.99710856521742,0,255.99710856521742,1126.2971739130435
06/11/2025,14,409.56260869565216,0,255.99710856521742,0,255.99710856521742,1126.2971739130435
06/11/2025,15,409.56260869565216,0,255.99710856521742,0,255.99710856521742,1126.2971739130435
06/11/2025,16,409.56260869565216,0,255.99710856521742,0,255.99710856521742,1126.2971739130435
06/11/2025,17,409.56260869565216,0,255.99710856521742,0,255.99710856521742,1126.2971739130435
06/11/2025,18,409.56260869565216,0,255.99710856521742,0,255.99710856521742,1126.2971739130435
06/11/2025,19,409.56260869565216,0,255.99710856521742,0,255.99710856521742,1126.2971739130435
06/11/2025,20,409.56260869565216,0,255.99710856521742,0,255.99710856521742,1126.2971739130435
06/11/2025,21,409.56260869565216,0,255.99710856521742,0,255.99710856521742,1126.2971739130435
06/11/2025,22,409.56260869565216,0,255.99710856521742,0,255.99710856521742,1126.2971739130435
06/11/2025,23,409.56260869565216,0,255.99710856521742,0,255.99710856521742,1126.2971739130435
06/11/2025,24,409.56260869565216,0,255.99710856521742,0,255.99710856521742,1126.2971739130435
07/11/2025,1,409.56260869565216,0,255.99710856521742,0,255.99710856521742,1126.2971739130435
07/11/2025,2,409.56260869565216,0,255.99710856521742,0,255.99710856521742,1126.2971739130435
07/11/2025,3,409.56260869565216,0,255.99710856521742,0,255.99710856521742,1126.2971739130435
07/11/2025,4,409.56260869565216,0,255.99710856521742,0,255.99710856521742,1126.2971739130435
07/11/2025,5,409.56260869565216,0,255.99710856521742,0,255.99710856521742,1126.2971739130435
07/11/2025,6,409.56260869565216,0,255.99710856521742,0,255.99710856521742,1126.2971739130435
07/11/2025,7,409.56260869565216,0,255.99710856521742,0,255.99710856521742,1126.2971739130435
07/11/2025,8,409.56260869565216,0,255.99710856521742,0,255.99710856521742,1126.2971739130435
07/11/2025,9,409.56260869565216,0,255.99710856521742,0,255.99710856521742,1126.2971739130435
07/11/2025,10,409.56260869565216,0,255.99710856521742,0,255.99710856521742,1126.2971739130435
07/11/2025,11,409.56260869565216,0,255.99710856521742,0,255.99710856521742,1126.2971739130435
07/11/2025,12,409.56260869565216,0,255.99710856521742,0,255.99710856521742,1126.2971739130435
07/11/2025,13,409.56260869565216,0,255.99710856521742,0,255.99710856521742,1126.2971739130435
07/11/2025,14,409.56260869565216,0,255.99710856521742,0,255.99710856521742,1126.2971739130435
07/11/2025,15,409.56260869565216,0,255.99710856521742,0,255.99710856521742,1126.2971739130435
07/11/2025,16,409.56260869565216,0,255.99710856521742,0,255.99710856521742,1126.2971739130435
07/11/2025,17,409.56260869565216,0,255.99710856521742,0,255.99710856521742,1126.2971739130435
07/11/2025,18,409.56260869565216,0,255.99710856521742,0,255.99710856521742,1126.2971739130435
07/11/2025,19,409.56260869565216,0,255.99710856521742,0,255.99710856521742,1126.2971739130435
07/11/2025,20,409.56260869565216,0,255.99710856521742,0,255.99710856521742,1126.2971739130435
07/11/2025,21,409.56260869565216,0,255.99710856521742,0,255.99710856521742,1126.2971739130435
07/11/2025,22,409.56260869565216,0,255.99710856521742,0,255.99710856521742,1126.2971739130435
07/11/2025,23,409.56260869565216,0,255.99710856521742,0,255.99710856521742,1126.2971739130435
07/11/2025,24,409.56260869565216,0,255.99710856521742,0,255.99710856521742,1126.2971739130435
08/11/2025,1,409.56260869565216,0,255.99710856521742,0,255.99710856521742,1126.2971739130435
08/11/2025,2,409.56260869565216,0,255.99710856521742,0,255.99710856521742,1126.2971739130435
08/11/2025,3,409.56260869565216,0,255.99710856521742,0,255.99710856521742,1126.2971739130435
08/11/2025,4,409.56260869565216,0,255.99710856521742,0,255.99710856521742,1126.2971739130435
08/11/2025,5,409.56260869565216,0,255.99710856521742,0,255.99710856521742,1126.2971739130435
08/11/2025,6,409.56260869565216,0,255.99710856521742,0,255.99710856521742,1126.2971739130435
08/11/2025,7,409.56260869565216,0,255.99710856521742,0,255.99710856521742,1126.2971739130435
08/11/2025,8,409.56260869565216,0,255.99710856521742,0,255.99710856521742,1126.2971739130435
08/11/2025,9,409.56260869565216,0,255.99710856521742,0,255.99710856521742,1126.2971739130435
08/11/2025,10,409.56260869565216,0,255.99710856521742,0,255.99710856521742,1126.2971739130435
08/11/2025,11,409.56260869565216,0,255.99710856521742,0,255.99710856521742,1126.2971739130435
08/11/2025,12,409.56260869565216,0,255.99710856521742,0,255.99710856521742,1126.2971739130435
08/11/2025,13,409.56260869565216,0,255.99710856521742,0,255.99710856521742,1126.2971739130435
08/11/2025,14,409.56260869565216,0,255.99710856521742,0,255.99710856521742,1126.2971739130435
08/11/2025,15,409.56260869565216,0,255.99710856521742,0,255.99710856521742,1126.2971739130435
08/11/2025,16,409.56260869565216,0,255.99710856521742,0,255.99710856521742,1126.2971739130435
08/11/2025,17,409.56260869565216,0,255.99710856521742,0,255.99710856521742,1126.2971739130435
08/11/2025,18,409.56260869565216,0,255.99710856521742,0,255.99710856521742,1126.2971739130435
08/11/2025,19,409.56260869565216,0,255.99710856521742,0,255.99710856521742,1126.2971739130435
08/11/2025,20,409.56260869565216,0,255.99710856521742,0,255.99710856521742,1126.2971739130435
08/11/2025,21,409.56260869565216,0,255.99710856521742,0,255.99710856521742,1126.2971739130435
08/11/2025,22,409.56260869565216,0,255.99710856521742,0,255.99710856521742,1126.2971739130435
08/11/2025,23,409.56260869565216,0,255.99710856521742,0,255.99710856521742,1126.2971739130435
08/11/2025,24,409.56260869565216,0,255.99710856521742,0,255.99710856521742,1126.2971739130435
09/11/2025,1,409.56260869565216,0,255.99710856521742,0,255.99710856521742,1126.2971739130435
09/11/2025,2,409.56260869565216,0,255.99710856521742,0,255.99710856521742,1126.2971739130435
09/11/2025,3,409.56260869565216,0,255.99710856521742,0,255.99710856521742,1126.2971739130435
09/11/2025,4,409.56260869565216,0,255.99710856521742,0,255.99710856521742,1126.2971739130435
09/11/2025,5,409.56260869565216,0,255.99710856521742,0,255.99710856521742,1126.2971739130435
09/11/2025,6,409.56260869565216,0,255.99710856521742,0,255.99710856521742,1126.2971739130435
09/11/2025,7,409.56260869565216,0,255.99710856521742,0,255.99710856521742,1126.2971739130435
09/11/2025,8,409.56260869565216,0,255.99710856521742,0,255.99710856521742,1126.2971739130435
09/11/2025,9,409.56260869565216,0,255.99710856521742,0,255.99710856521742,1126.2971739130435
09/11/2025,10,409.56260869565216,0,255.99710856521742,0,255.99710856521742,1126.2971739130435
09/11/2025,11,409.56260869565216,0,255.99710856521742,0,255.99710856521742,1126.2971739130435
09/11/2025,12,409.56260869565216,0,255.99710856521742,0,255.99710856521742,1126.2971739130435
09/11/2025,13,409.56260869565216,0,255.99710856521742,0,255.99710856521742,1126.2971739130435
09/11/2025,14,409.56260869565216,0,255.99710856521742,0,255.99710856521742,1126.2971739130435
09/11/2025,15,409.56260869565216,0,255.99710856521742,0,255.99710856521742,1126.2971739130435
09/11/2025,16,409.56260869565216,0,255.99710856521742,0,255.99710856521742,1126.2971739130435
09/11/2025,17,409.56260869565216,0,255.99710856521742,0,255.99710856521742,1126.2971739130435
09/11/2025,18,409.56260869565216,0,255.99710856521742,0,255.99710856521742,1126.2971739130435
09/11/2025,19,409.56260869565216,0,255.99710856521742,0,255.99710856521742,1126.2971739130435
09/11/2025,20,409.56260869565216,0,255.99710856521742,0,255.99710856521742,1126.2971739130435
09/11/2025,21,409.56260869565216,0,255.99710856521742,0,255.99710856521742,1126.2971739130435
09/11/2025,22,409.56260869565216,0,255.99710856521742,0,255.99710856521742,1126.2971739130435
09/11/2025,23,409.56260869565216,0,255.99710856521742,0,255.99710856521742,1126.2971739130435
09/11/2025,24,409.56260869565216,0,255.99710856521742,0,255.99710856521742,1126.2971739130435
10/11/2025,1,409.56260869565216,0,255.99710856521742,0,255.99710856521742,1126.2971739130435
10/11/2025,2,409.56260869565216,0,255.99710856521742,0,255.99710856521742,1126.2971739130435
10/11/2025,3,409.56260869565216,0,255.99710856521742,0,255.99710856521742,1126.2971739130435
10/11/2025,4,409.56260869565216,0,255.99710856521742,0,255.99710856521742,1126.2971739130435
10/11/2025,5,409.56260869565216,0,255.99710856521742,0,255.99710856521742,1126.2971739130435
10/11/2025,6,409.56260869565216,0,255.99710856521742,0,255.99710856521742,1126.2971739130435
10/11/2025,7,409.56260869565216,0,255.99710856521742,0,255.99710856521742,1126.2971739130435
10/11/2025,8,409.56260869565216,0,255.99710856521742,0,255.99710856521742,1126.2971739130435
10/11/2025,9,409.56260869565216,0,255.99710856521742,0,255.99710856521742,1126.2971739130435
10/11/2025,10,409.56260869565216,0,255.99710856521742,0,255.99710856521742,1126.2971739130435
10/11/2025,11,409.56260869565216,0,255.99710856521742,0,255.99710856521742,1126.2971739130435
10/11/2025,12,409.56260869565216,0,255.99710856521742,0,255.99710856521742,1126.2971739130435
10/11/2025,13,409.56260869565216,0,255.99710856521742,0,255.99710856521742,1126.2971739130435
10/11/2025,14,409.56260869565216,0,255.99710856521742,0,255.99710856521742,1126.2971739130435
10/11/2025,15,409.56260869565216,0,255.99710856521742,0,255.99710856521742,1126.2971739130435
10/11/2025,16,409.56260869565216,0,255.99710856521742,0,255.99710856521742,1126.2971739130435
10/11/2025,17,409.56260869565216,0,255.99710856521742,0,255.99710856521742,1126.2971739130435
10/11/2025,18,409.56260869565216,0,255.99710856521742,0,255.99710856521742,1126.2971739130435
10/11/2025,19,409.56260869565216,0,255.99710856521742,0,255.99710856521742,1126.2971739130435
10/11/2025,20,409.56260869565216,0,255.99710856521742,0,255.99710856521742,1126.2971739130435
10/11/2025,21,409.56260869565216,0,255.99710856521742,0,255.99710856521742,1126.2971739130435
10/11/2025,22,409.56260869565216,0,255.99710856521742,0,255.99710856521742,1126.2971739130435
10/11/2025,23,409.56260869565216,0,255.99710856521742,0,255.99710856521742,1126.2971739130435
10/11/2025,24,409.56260869565216,0,255.99710856521742,0,255.99710856521742,1126.2971739130435
11/11/2025,1,409.56260869565216,0,255.99710856521742,0,255.99710856521742,1126.2971739130435
11/11/2025,2,409.56260869565216,0,255.99710856521742,0,255.99710856521742,1126.2971739130435
11/11/2025,3,409.56260869565216,0,255.99710856521742,0,255.99710856521742,1126.2971739130435
11/11/2025,4,409.56260869565216,0,255.99710856521742,0,255.99710856521742,1126.2971739130435
11/11/2025,5,409.56260869565216,0,255.99710856521742,0,255.99710856521742,1126.2971739130435
11/11/2025,6,409.56260869565216,0,255.99710856521742,0,255.99710856521742,1126.2971739130435
11/11/2025,7,409.56260869565216,0,255.99710856521742,0,255.99710856521742,1126.2971739130435
11/11/2025,8,409.56260869565216,0,255.99710856521742,0,255.99710856521742,1126.2971739130435
11/11/2025,9,409.56260869565216,0,255.99710856521742,0,255.99710856521742,1126.2971739130435
11/11/2025,10,409.56260869565216,0,255.99710856521742,0,255.99710856521742,1126.2971739130435
11/11/2025,11,409.56260869565216,0,255.99710856521742,0,255.99710856521742,1126.2971739130435
11/11/2025,12,409.56260869565216,0,255.99710856521742,0,255.99710856521742,1126.2971739130435
11/11/2025,13,409.56260869565216,0,255.99710856521742,0,255.99710856521742,1126.2971739130435
11/11/2025,14,409.56260869565216,0,255.99710856521742,0,255.99710856521742,1126.2971739130435
11/11/2025,15,409.56260869565216,0,255.99710856521742,0,255.99710856521742,1126.2971739130435
11/11/2025,16,409.56260869565216,0,255.99710856521742,0,255.99710856521742,1126.2971739130435
11/11/2025,17,409.56260869565216,0,255.99710856521742,0,255.99710856521742,1126.2971739130435
11/11/2025,18,409.56260869565216,0,255.99710856521742,0,255.99710856521742,1126.2971739130435
11/11/2025,19,409.56260869565216,0,255.99710856521742,0,255.99710856521742,1126.2971739130435
11/11/2025,20,409.56260869565216,0,255.99710856521742,0,255.99710856521742,1126.2971739130435
11/11/2025,21,409.56260869565216,0,255.99710856521742,0,255.99710856521742,1126.2971739130435
11/11/2025,22,409.56260869565216,0,255.99710856521742,0,255.99710856521742,1126.2971739130435
11/11/2025,23,409.56260869565216,0,255.99710856521742,0,255.99710856521742,1126.2971739130435
11/11/2025,24,409.56260869565216,0,255.99710856521742,0,255.99710856521742,1126.2971739130435
12/11/2025,1,409.56260869565216,0,255.99710856521742,0,255.99710856521742,1126.2971739130435
12/11/2025,2,409.56260869565216,0,255.99710856521742,0,255.99710856521742,1126.2971739130435
12/11/2025,3,409.56260869565216,0,255.99710856521742,0,255.99710856521742,1126.2971739130435
12/11/2025,4,409.56260869565216,0,255.99710856521742,0,255.99710856521742,1126.2971739130435
12/11/2025,5,409.56260869565216,0,255.99710856521742,0,255.99710856521742,1126.2971739130435
12/11/2025,6,409.56260869565216,0,255.99710856521742,0,255.99710856521742,1126.2971739130435
12/11/2025,7,409.56260869565216,0,255.99710856521742,0,255.99710856521742,1126.2971739130435
12/11/2025,8,409.56260869565216,0,255.99710856521742,0,255.99710856521742,1126.2971739130435
12/11/2025,9,409.56260869565216,0,255.99710856521742,0,255.99710856521742,1126.2971739130435
12/11/2025,10,409.56260869565216,0,255.99710856521742,0,255.99710856521742,1126.2971739130435
12/11/2025,11,409.56260869565216,0,255.99710856521742,0,255.99710856521742,1126.2971739130435
12/11/2025,12,409.56260869565216,0,255.99710856521742,0,255.99710856521742,1126.2971739130435
12/11/2025,13,409.56260869565216,0,255.99710856521742,0,255.99710856521742,1126.2971739130435
12/11/2025,14,409.56260869565216,0,255.99710856521742,0,255.99710856521742,1126.2971739130435
12/11/2025,15,409.56260869565216,0,255.99710856521742,0,255.99710856521742,1126.2971739130435
12/11/2025,16,409.56260869565216,0,255.99710856521742,0,255.99710856521742,1126.2971739130435
12/11/2025,17,409.56260869565216,0,255.99710856521742,0,255.99710856521742,1126.2971739130435
12/11/2025,18,409.56260869565216,0,255.99710856521742,0,255.99710856521742,1126.2971739130435
12/11/2025,19,409.56260869565216,0,255.99710856521742,0,255.99710856521742,1126.2971739130435
12/11/2025,20,409.56260869565216,0,255.99710856521742,0,255.99710856521742,1126.2971739130435
12/11/2025,21,409.56260869565216,0,255.99710856521742,0,255.99710856521742,1126.2971739130435
12/11/2025,22,409.56260869565216,0,255.99710856521742,0,255.99710856521742,1126.2971739130435
12/11/2025,23,409.56260869565216,0,255.99710856521742,0,255.99710856521742,1126.2971739130435
12/11/2025,24,409.56260869565216,0,255.99710856521742,0,255.99710856521742,1126.2971739130435
13/11/2025,1,409.56260869565216,0,255.99710856521742,0,255.99710856521742,1126.2971739130435
13/11/2025,2,409.56260869565216,0,255.99710856521742,0,255.99710856521742,1126.2971739130435
13/11/2025,3,409.56260869565216,0,255.99710856521742,0,255.99710856521742,1126.2971739130435
13/11/2025,4,409.56260869565216,0,255.99710856521742,0,255.99710856521742,1126.2971739130435
13/11/2025,5,409.56260869565216,0,255.99710856521742,0,255.99710856521742,1126.2971739130435
13/11/2025,6,409.56260869565216,0,255.99710856521742,0,255.99710856521742,1126.2971739130435
13/11/2025,7,409.56260869565216,0,255.99710856521742,0,255.99710856521742,1126.2971739130435
13/11/2025,8,409.56260869565216,0,255.99710856521742,0,255.99710856521742,1126.2971739130435
13/11/2025,9,409.56260869565216,0,255.99710856521742,0,255.99710856521742,1126.2971739130435
13/11/2025,10,409.56260869565216,0,255.99710856521742,0,255.99710856521742,1126.2971739130435
13/11/2025,11,409.56260869565216,0,255.99710856521742,0,255.99710856521742,1126.2971739130435
13/11/2025,12,409.56260869565216,0,255.99710856521742,0,255.99710856521742,1126.2971739130435
13/11/2025,13,409.56260869565216,0,255.99710856521742,0,255.99710856521742,1126.2971739130435
13/11/2025,14,409.56260869565216,0,255.99710856521742,0,255.99710856521742,1126.2971739130435
13/11/2025,15,409.56260869565216,0,255.99710856521742,0,255.99710856521742,1126.2971739130435
13/11/2025,16,409.56260869565216,0,255.99710856521742,0,255.99710856521742,1126.2971739130435
13/11/2025,17,409.56260869565216,0,255.99710856521742,0,255.99710856521742,1126.2971739130435
13/11/2025,18,409.56260869565216,0,255.99710856521742,0,255.99710856521742,1126.2971739130435
13/11/2025,19,409.56260869565216,0,255.99710856521742,0,255.99710856521742,1126.2971739130435
13/11/2025,20,409.56260869565216,0,255.99710856521742,0,255.99710856521742,1126.2971739130435
13/11/2025,21,409.56260869565216,0,255.99710856521742,0,255.99710856521742,1126.2971739130435
13/11/2025,22,409.56260869565216,0,255.99710856521742,0,255.99710856521742,1126.2971739130435
13/11/2025,23,409.56260869565216,0,255.99710856521742,0,255.99710856521742,1126.2971739130435
13/11/2025,24,409.56260869565216,0,255.99710856521742,0,255.99710856521742,1126.2971739130435
14/11/2025,1,409.56260869565216,0,255.99710856521742,0,255.99710856521742,1126.2971739130435
14/11/2025,2,409.56260869565216,0,255.99710856521742,0,255.99710856521742,1126.2971739130435
14/11/2025,3,409.56260869565216,0,255.99710856521742,0,255.99710856521742,1126.2971739130435
14/11/2025,4,409.56260869565216,0,255.99710856521742,0,255.99710856521742,1126.2971739130435
14/11/2025,5,409.56260869565216,0,255.99710856521742,0,255.99710856521742,1126.2971739130435
14/11/2025,6,409.56260869565216,0,255.99710856521742,0,255.99710856521742,1126.2971739130435
14/11/2025,7,409.56260869565216,0,255.99710856521742,0,255.99710856521742,1126.2971739130435
14/11/2025,8,409.56260869565216,0,255.99710856521742,0,255.99710856521742,1126.2971739130435
14/11/2025,9,409.56260869565216,0,255.99710856521742,0,255.99710856521742,1126.2971739130435
14/11/2025,10,409.56260869565216,0,255.99710856521742,0,255.99710856521742,1126.2971739130435
14/11/2025,11,409.56260869565216,0,255.99710856521742,0,255.99710856521742,1126.2971739130435
14/11/2025,12,409.56260869565216,0,255.99710856521742,0,255.99710856521742,1126.2971739130435
14/11/2025,13,409.56260869565216,0,255.99710856521742,0,255.99710856521742,1126.2971739130435
14/11/2025,14,409.56260869565216,0,255.99710856521742,0,255.99710856521742,1126.2971739130435
14/11/2025,15,409.56260869565216,0,255.99710856521742,0,255.99710856521742,1126.2971739130435
14/11/2025,16,409.56260869565216,0,255.99710856521742,0,255.99710856521742,1126.2971739130435
14/11/2025,17,409.56260869565216,0,255.99710856521742,0,255.99710856521742,1126.2971739130435
14/11/2025,18,409.56260869565216,0,255.99710856521742,0,255.99710856521742,1126.2971739130435
14/11/2025,19,409.56260869565216,0,255.99710856521742,0,255.99710856521742,1126.2971739130435
14/11/2025,20,409.56260869565216,0,255.99710856521742,0,255.99710856521742,1126.2971739130435
14/11/2025,21,409.56260869565216,0,255.99710856521742,0,255.99710856521742,1126.2971739130435
14/11/2025,22,409.56260869565216,0,255.99710856521742,0,255.99710856521742,1126.2971739130435
14/11/2025,23,409.56260869565216,0,255.99710856521742,0,255.99710856521742,1126.2971739130435
14/11/2025,24,409.56260869565216,0,255.99710856521742,0,255.99710856521742,1126.2971739130435
15/11/2025,1,409.56260869565216,0,255.99710856521742,0,255.99710856521742,1126.2971739130435
15/11/2025,2,409.56260869565216,0,255.99710856521742,0,255.99710856521742,1126.2971739130435
15/11/2025,3,409.56260869565216,0,255.99710856521742,0,255.99710856521742,1126.2971739130435
15/11/2025,4,409.56260869565216,0,255.99710856521742,0,255.99710856521742,1126.2971739130435
15/11/2025,5,409.56260869565216,0,255.99710856521742,0,255.99710856521742,1126.2971739130435
15/11/2025,6,409.56260869565216,0,255.99710856521742,0,255.99710856521742,1126.2971739130435
15/11/2025,7,409.56260869565216,0,255.99710856521742,0,255.99710856521742,1126.2971739130435
15/11/2025,8,409.56260869565216,0,255.99710856521742,0,255.99710856521742,1126.2971739130435
15/11/2025,9,409.56260869565216,0,255.99710856521742,0,255.99710856521742,1126.2971739130435
15/11/2025,10,409.56260869565216,0,255.99710856521742,0,255.99710856521742,1126.2971739130435
15/11/2025,11,409.56260869565216,0,255.99710856521742,0,255.99710856521742,1126.2971739130435
15/11/2025,12,409.56260869565216,0,255.99710856521742,0,255.99710856521742,1126.2971739130435
15/11/2025,13,409.56260869565216,0,255.99710856521742,0,255.99710856521742,1126.2971739130435
15/11/2025,14,409.56260869565216,0,255.99710856521742,0,255.99710856521742,1126.2971739130435
15/11/2025,15,409.56260869565216,0,255.99710856521742,0,255.99710856521742,1126.2971739130435
15/11/2025,16,409.56260869565216,0,255.99710856521742,0,255.99710856521742,1126.2971739130435
15/11/2025,17,409.56260869565216,0,255.99710856521742,0,255.99710856521742,1126.2971739130435
15/11/2025,18,409.56260869565216,0,255.99710856521742,0,255.99710856521742,1126.2971739130435
15/11/2025,19,409.56260869565216,0,255.99710856521742,0,255.99710856521742,1126.2971739130435
15/11/2025,20,409.56260869565216,0,255.99710856521742,0,255.99710856521742,1126.2971739130435
15/11/2025,21,409.56260869565216,0,255.99710856521742,0,255.99710856521742,1126.2971739130435
15/11/2025,22,409.56260869565216,0,255.99710856521742,0,255.99710856521742,1126.2971739130435
15/11/2025,23,409.56260869565216,0,255.99710856521742,0,255.99710856521742,1126.2971739130435
15/11/2025,24,409.56260869565216,0,255.99710856521742,0,255.99710856521742,1126.2971739130435
16/11/2025,1,409.56260869565216,0,255.99710856521742,0,255.99710856521742,1126.2971739130435
16/11/2025,2,409.56260869565216,0,255.99710856521742,0,255.99710856521742,1126.2971739130435
16/11/2025,3,409.56260869565216,0,255.99710856521742,0,255.99710856521742,1126.2971739130435
16/11/2025,4,409.56260869565216,0,255.99710856521742,0,255.99710856521742,1126.2971739130435
16/11/2025,5,409.56260869565216,0,255.99710856521742,0,255.99710856521742,1126.2971739130435
16/11/2025,6,409.56260869565216,0,255.99710856521742,0,255.99710856521742,1126.2971739130435
16/11/2025,7,409.56260869565216,0,255.99710856521742,0,255.99710856521742,1126.2971739130435
16/11/2025,8,409.56260869565216,0,255.99710856521742,0,255.99710856521742,1126.2971739130435
16/11/2025,9,409.56260869565216,0,255.99710856521742,0,255.99710856521742,1126.2971739130435
16/11/2025,10,409.56260869565216,0,255.99710856521742,0,255.99710856521742,1126.2971739130435
16/11/2025,11,409.56260869565216,0,255.99710856521742,0,255.99710856521742,1126.2971739130435
16/11/2025,12,409.56260869565216,0,255.99710856521742,0,255.99710856521742,1126.2971739130435
16/11/2025,13,409.56260869565216,0,255.99710856521742,0,255.99710856521742,1126.2971739130435
16/11/2025,14,409.56260869565216,0,255.99710856521742,0,255.99710856521742,1126.2971739130435
16/11/2025,15,409.56260869565216,0,255.99710856521742,0,255.99710856521742,1126.2971739130435
16/11/2025,16,409.56260869565216,0,255.99710856521742,0,255.99710856521742,1126.2971739130435
16/11/2025,17,409.56260869565216,0,255.99710856521742,0,255.99710856521742,1126.2971739130435
16/11/2025,18,409.56260869565216,0,255.99710856521742,0,255.99710856521742,1126.2971739130435
16/11/2025,19,409.56260869565216,0,255.99710856521742,0,255.99710856521742,1126.2971739130435
16/11/2025,20,409.56260869565216,0,255.99710856521742,0,255.99710856521742,1126.2971739130435
16/11/2025,21,409.56260869565216,0,255.99710856521742,0,255.99710856521742,1126.2971739130435
16/11/2025,22,409.56260869565216,0,255.99710856521742,0,255.99710856521742,1126.2971739130435
16/11/2025,23,409.56260869565216,0,255.99710856521742,0,255.99710856521742,1126.2971739130435
16/11/2025,24,409.56260869565216,0,255.99710856521742,0,255.99710856521742,1126.2971739130435
17/11/2025,1,409.56260869565216,0,255.99710856521742,0,255.99710856521742,1126.2971739130435
17/11/2025,2,409.56260869565216,0,255.99710856521742,0,255.99710856521742,1126.2971739130435
17/11/2025,3,409.56260869565216,0,255.99710856521742,0,255.99710856521742,1126.2971739130435
17/11/2025,4,409.56260869565216,0,255.99710856521742,0,255.99710856521742,1126.2971739130435
17/11/2025,5,409.56260869565216,0,255.99710856521742,0,255.99710856521742,1126.2971739130435
17/11/2025,6,409.56260869565216,0,255.99710856521742,0,255.99710856521742,1126.2971739130435
17/11/2025,7,409.56260869565216,0,255.99710856521742,0,255.99710856521742,1126.2971739130435
17/11/2025,8,409.56260869565216,0,255.99710856521742,0,255.99710856521742,1126.2971739130435
17/11/2025,9,409.56260869565216,0,255.99710856521742,0,255.99710856521742,1126.2971739130435
17/11/2025,10,409.56260869565216,0,255.99710856521742,0,255.99710856521742,1126.2971739130435
17/11/2025,11,409.56260869565216,0,255.99710856521742,0,255.99710856521742,1126.2971739130435
17/11/2025,12,409.56260869565216,0,255.99710856521742,0,255.99710856521742,1126.2971739130435
17/11/2025,13,409.56260869565216,0,255.99710856521742,0,255.99710856521742,1126.2971739130435
17/11/2025,14,409.56260869565216,0,255.99710856521742,0,255.99710856521742,1126.2971739130435
17/11/2025,15,409.56260869565216,0,255.99710856521742,0,255.99710856521742,1126.2971739130435
17/11/2025,16,409.56260869565216,0,255.99710856521742,0,255.99710856521742,1126.2971739130435
17/11/2025,17,409.56260869565216,0,255.99710856521742,0,255.99710856521742,1126.2971739130435
17/11/2025,18,409.56260869565216,0,255.99710856521742,0,255.99710856521742,1126.2971739130435
17/11/2025,19,409.56260869565216,0,255.99710856521742,0,255.99710856521742,1126.2971739130435
17/11/2025,20,409.56260869565216,0,255.99710856521742,0,255.99710856521742,1126.2971739130435
17/11/2025,21,409.56260869565216,0,255.99710856521742,0,255.99710856521742,1126.2971739130435
17/11/2025,22,409.56260869565216,0,255.99710856521742,0,255.99710856521742,1126.2971739130435
17/11/2025,23,409.56260869565216,0,255.99710856521742,0,255.99710856521742,1126.2971739130435
17/11/2025,24,409.56260869565216,0,255.99710856521742,0,255.99710856521742,1126.2971739130435
18/11/2025,1,409.56260869565216,0,255.99710856521742,0,255.99710856521742,1126.2971739130435
18/11/2025,2,409.56260869565216,0,255.99710856521742,0,255.99710856521742,1126.2971739130435
18/11/2025,3,409.56260869565216,0,255.99710856521742,0,255.99710856521742,1126.2971739130435
18/11/2025,4,409.56260869565216,0,255.99710856521742,0,255.99710856521742,1126.2971739130435
18/11/2025,5,409.56260869565216,0,255.99710856521742,0,255.99710856521742,1126.2971739130435
18/11/2025,6,409.56260869565216,0,255.99710856521742,0,255.99710856521742,1126.2971739130435
18/11/2025,7,409.56260869565216,0,255.99710856521742,0,255.99710856521742,1126.2971739130435
18/11/2025,8,409.56260869565216,0,255.99710856521742,0,255.99710856521742,1126.2971739130435
18/11/2025,9,409.56260869565216,0,255.99710856521742,0,255.99710856521742,1126.2971739130435
18/11/2025,10,409.56260869565216,0,255.99710856521742,0,255.99710856521742,1126.2971739130435
18/11/2025,11,409.56260869565216,0,255.99710856521742,0,255.99710856521742,1126.2971739130435
18/11/2025,12,409.56260869565216,0,255.99710856521742,0,255.99710856521742,1126.2971739130435
18/11/2025,13,409.56260869565216,0,255.99710856521742,0,255.99710856521742,1126.2971739130435
18/11/2025,14,409.56260869565216,0,255.99710856521742,0,255.99710856521742,1126.2971739130435
18/11/2025,15,409.56260869565216,0,255.99710856521742,0,255.99710856521742,1126.2971739130435
18/11/2025,16,409.56260869565216,0,255.99710856521742,0,255.99710856521742,1126.2971739130435
18/11/2025,17,409.56260869565216,0,255.99710856521742,0,255.99710856521742,1126.2971739130435
18/11/2025,18,409.56260869565216,0,255.99710856521742,0,255.99710856521742,1126.2971739130435
18/11/2025,19,409.56260869565216,0,255.99710856521742,0,255.99710856521742,1126.2971739130435
18/11/2025,20,409.56260869565216,0,255.99710856521742,0,255.99710856521742,1126.2971739130435
18/11/2025,21,409.56260869565216,0,255.99710856521742,0,255.99710856521742,1126.2971739130435
18/11/2025,22,409.56260869565216,0,255.99710856521742,0,255.99710856521742,1126.2971739130435
18/11/2025,23,409.56260869565216,0,255.99710856521742,0,255.99710856521742,1126.2971739130435
18/11/2025,24,409.56260869565216,0,255.99710856521742,0,255.99710856521742,1126.2971739130435
19/11/2025,1,409.56260869565216,0,255.99710856521742,0,255.99710856521742,1126.2971739130435
19/11/2025,2,409.56260869565216,0,255.99710856521742,0,255.99710856521742,1126.2971739130435
19/11/2025,3,409.56260869565216,0,255.99710856521742,0,255.99710856521742,1126.2971739130435
19/11/2025,4,409.56260869565216,0,255.99710856521742,0,255.99710856521742,1126.2971739130435
19/11/2025,5,409.56260869565216,0,255.99710856521742,0,255.99710856521742,1126.2971739130435
19/11/2025,6,409.56260869565216,0,255.99710856521742,0,255.99710856521742,1126.2971739130435
19/11/2025,7,409.56260869565216,0,255.99710856521742,0,255.99710856521742,1126.2971739130435
19/11/2025,8,409.56260869565216,0,255.99710856521742,0,255.99710856521742,1126.2971739130435
19/11/2025,9,409.56260869565216,0,255.99710856521742,0,255.99710856521742,1126.2971739130435
19/11/2025,10,409.56260869565216,0,255.99710856521742,0,255.99710856521742,1126.2971739130435
19/11/2025,11,409.56260869565216,0,255.99710856521742,0,255.99710856521742,1126.2971739130435
19/11/2025,12,409.56260869565216,0,255.99710856521742,0,255.99710856521742,1126.2971739130435
19/11/2025,13,409.56260869565216,0,255.99710856521742,0,255.99710856521742,1126.2971739130435
19/11/2025,14,409.56260869565216,0,255.99710856521742,0,255.99710856521742,1126.2971739130435
19/11/2025,15,409.56260869565216,0,255.99710856521742,0,255.99710856521742,1126.2971739130435
19/11/2025,16,409.56260869565216,0,255.99710856521742,0,255.99710856521742,1126.2971739130435
19/11/2025,17,409.56260869565216,0,255.99710856521742,0,255.99710856521742,1126.2971739130435
19/11/2025,18,409.56260869565216,0,255.99710856521742,0,255.99710856521742,1126.2971739130435
19/11/2025,19,409.56260869565216,0,255.99710856521742,0,255.99710856521742,1126.2971739130435
19/11/2025,20,409.56260869565216,0,255.99710856521742,0,255.99710856521742,1126.2971739130435
19/11/2025,21,409.56260869565216,0,255.99710856521742,0,255.99710856521742,1126.2971739130435
19/11/2025,22,409.56260869565216,0,255.99710856521742,0,255.99710856521742,1126.2971739130435
19/11/2025,23,409.56260869565216,0,255.99710856521742,0,255.99710856521742,1126.2971739130435
19/11/2025,24,409.56260869565216,0,255.99710856521742,0,255.99710856521742,1126.2971739130435
20/11/2025,1,409.56260869565216,0,255.99710856521742,0,255.99710856521742,1126.2971739130435
20/11/2025,2,409.56260869565216,0,255.99710856521742,0,255.99710856521742,1126.2971739130435
20/11/2025,3,409.56260869565216,0,255.99710856521742,0,255.99710856521742,1126.2971739130435
20/11/2025,4,409.56260869565216,0,255.99710856521742,0,255.99710856521742,1126.2971739130435
20/11/2025,5,409.56260869565216,0,255.99710856521742,0,255.99710856521742,1126.2971739130435
20/11/2025,6,409.56260869565216,0,255.99710856521742,0,255.99710856521742,1126.2971739130435
20/11/2025,7,409.56260869565216,0,255.99710856521742,0,255.99710856521742,1126.2971739130435
20/11/2025,8,409.56260869565216,0,255.99710856521742,0,255.99710856521742,1126.2971739130435
20/11/2025,9,409.56260869565216,0,255.99710856521742,0,255.99710856521742,1126.2971739130435
20/11/2025,10,409.56260869565216,0,255.99710856521742,0,255.99710856521742,1126.2971739130435
20/11/2025,11,409.56260869565216,0,255.99710856521742,0,255.99710856521742,1126.2971739130435
20/11/2025,12,409.56260869565216,0,255.99710856521742,0,255.99710856521742,1126.2971739130435
20/11/2025,13,409.56260869565216,0,255.99710856521742,0,255.99710856521742,1126.2971739130435
20/11/2025,14,409.56260869565216,0,255.99710856521742,0,255.99710856521742,1126.2971739130435
20/11/2025,15,409.56260869565216,0,255.99710856521742,0,255.99710856521742,1126.2971739130435
20/11/2025,16,409.56260869565216,0,255.99710856521742,0,255.99710856521742,1126.2971739130435
20/11/2025,17,409.56260869565216,0,255.99710856521742,0,255.99710856521742,1126.2971739130435
20/11/2025,18,409.56260869565216,0,255.99710856521742,0,255.99710856521742,1126.2971739130435
20/11/2025,19,409.56260869565216,0,255.99710856521742,0,255.99710856521742,1126.2971739130435
20/11/2025,20,409.56260869565216,0,255.99710856521742,0,255.99710856521742,1126.2971739130435
20/11/2025,21,409.56260869565216,0,255.99710856521742,0,255.99710856521742,1126.2971739130435
20/11/2025,22,409.56260869565216,0,255.99710856521742,0,255.99710856521742,1126.2971739130435
20/11/2025,23,409.56260869565216,0,255.99710856521742,0,255.99710856521742,1126.2971739130435
20/11/2025,24,409.56260869565216,0,255.99710856521742,0,255.99710856521742,1126.2971739130435
21/11/2025,1,409.56260869565216,0,255.99710856521742,0,255.99710856521742,1126.2971739130435
21/11/2025,2,409.56260869565216,0,255.99710856521742,0,255.99710856521742,1126.2971739130435
21/11/2025,3,409.56260869565216,0,255.99710856521742,0,255.99710856521742,1126.2971739130435
21/11/2025,4,409.56260869565216,0,255.99710856521742,0,255.99710856521742,1126.2971739130435
21/11/2025,5,409.56260869565216,0,255.99710856521742,0,255.99710856521742,1126.2971739130435
21/11/2025,6,409.56260869565216,0,255.99710856521742,0,255.99710856521742,1126.2971739130435
21/11/2025,7,409.56260869565216,0,255.99710856521742,0,255.99710856521742,1126.2971739130435
21/11/2025,8,409.56260869565216,0,255.99710856521742,0,255.99710856521742,1126.2971739130435
21/11/2025,9,409.56260869565216,0,255.99710856521742,0,255.99710856521742,1126.2971739130435
21/11/2025,10,409.56260869565216,0,255.99710856521742,0,255.99710856521742,1126.2971739130435
21/11/2025,11,409.56260869565216,0,255.99710856521742,0,255.99710856521742,1126.2971739130435
21/11/2025,12,409.56260869565216,0,255.99710856521742,0,255.99710856521742,1126.2971739130435
21/11/2025,13,409.56260869565216,0,255.99710856521742,0,255.99710856521742,1126.2971739130435
21/11/2025,14,409.56260869565216,0,255.99710856521742,0,255.99710856521742,1126.2971739130435
21/11/2025,15,409.56260869565216,0,255.99710856521742,0,255.99710856521742,1126.2971739130435
21/11/2025,16,409.56260869565216,0,255.99710856521742,0,255.99710856521742,1126.2971739130435
21/11/2025,17,409.56260869565216,0,255.99710856521742,0,255.99710856521742,1126.2971739130435
21/11/2025,18,409.56260869565216,0,255.99710856521742,0,255.99710856521742,1126.2971739130435
21/11/2025,19,409.56260869565216,0,255.99710856521742,0,255.99710856521742,1126.2971739130435
21/11/2025,20,409.56260869565216,0,255.99710856521742,0,255.99710856521742,1126.2971739130435
21/11/2025,21,409.56260869565216,0,255.99710856521742,0,255.99710856521742,1126.2971739130435
21/11/2025,22,409.56260869565216,0,255.99710856521742,0,255.99710856521742,1126.2971739130435
21/11/2025,23,409.56260869565216,0,255.99710856521742,0,255.99710856521742,1126.2971739130435
21/11/2025,24,409.56260869565216,0,255.99710856521742,0,255.99710856521742,1126.2971739130435
22/11/2025,1,409.56260869565216,0,255.99710856521742,0,255.99710856521742,1126.2971739130435
22/11/2025,2,409.56260869565216,0,255.99710856521742,0,255.99710856521742,1126.2971739130435
22/11/2025,3,409.56260869565216,0,255.99710856521742,0,255.99710856521742,1126.2971739130435
22/11/2025,4,409.56260869565216,0,255.99710856521742,0,255.99710856521742,1126.2971739130435
22/11/2025,5,409.56260869565216,0,255.99710856521742,0,255.99710856521742,1126.2971739130435
22/11/2025,6,409.56260869565216,0,255.99710856521742,0,255.99710856521742,1126.2971739130435
22/11/2025,7,409.56260869565216,0,255.99710856521742,0,255.99710856521742,1126.2971739130435
22/11/2025,8,409.56260869565216,0,255.99710856521742,0,255.99710856521742,1126.2971739130435
22/11/2025,9,409.56260869565216,0,255.99710856521742,0,255.99710856521742,1126.2971739130435
22/11/2025,10,409.56260869565216,0,255.99710856521742,0,255.99710856521742,1126.2971739130435
22/11/2025,11,409.56260869565216,0,255.99710856521742,0,255.99710856521742,1126.2971739130435
22/11/2025,12,409.56260869565216,0,255.99710856521742,0,255.99710856521742,1126.2971739130435
22/11/2025,13,409.56260869565216,0,255.99710856521742,0,255.99710856521742,1126.2971739130435
22/11/2025,14,409.56260869565216,0,255.99710856521742,0,255.99710856521742,1126.2971739130435
22/11/2025,15,409.56260869565216,0,255.99710856521742,0,255.99710856521742,1126.2971739130435
22/11/2025,16,409.56260869565216,0,255.99710856521742,0,255.99710856521742,1126.2971739130435
22/11/2025,17,409.56260869565216,0,255.99710856521742,0,255.99710856521742,1126.2971739130435
22/11/2025,18,409.56260869565216,0,255.99710856521742,0,255.99710856521742,1126.2971739130435
22/11/2025,19,409.56260869565216,0,255.99710856521742,0,255.99710856521742,1126.2971739130435
22/11/2025,20,409.56260869565216,0,255.99710856521742,0,255.99710856521742,1126.2971739130435
22/11/2025,21,409.56260869565216,0,255.99710856521742,0,255.99710856521742,1126.2971739130435
22/11/2025,22,409.56260869565216,0,255.99710856521742,0,255.99710856521742,1126.2971739130435
22/11/2025,23,409.56260869565216,0,255.99710856521742,0,255.99710856521742,1126.2971739130435
22/11/2025,24,409.56260869565216,0,255.99710856521742,0,255.99710856521742,1126.2971739130435
23/11/2025,1,409.56260869565216,0,255.99710856521742,0,255.99710856521742,1126.2971739130435
23/11/2025,2,409.56260869565216,0,255.99710856521742,0,255.99710856521742,1126.2971739130435
23/11/2025,3,409.56260869565216,0,255.99710856521742,0,255.99710856521742,1126.2971739130435
23/11/2025,4,409.56260869565216,0,255.99710856521742,0,255.99710856521742,1126.2971739130435
23/11/2025,5,409.56260869565216,0,255.99710856521742,0,255.99710856521742,1126.2971739130435
23/11/2025,6,409.56260869565216,0,255.99710856521742,0,255.99710856521742,1126.2971739130435
23/11/2025,7,409.56260869565216,0,255.99710856521742,0,255.99710856521742,1126.2971739130435
23/11/2025,8,409.56260869565216,0,255.99710856521742,0,255.99710856521742,1126.2971739130435
23/11/2025,9,409.56260869565216,0,255.99710856521742,0,255.99710856521742,1126.2971739130435
23/11/2025,10,409.56260869565216,0,255.99710856521742,0,255.99710856521742,1126.2971739130435
23/11/2025,11,409.56260869565216,0,255.99710856521742,0,255.99710856521742,1126.2971739130435
23/11/2025,12,409.56260869565216,0,255.99710856521742,0,255.99710856521742,1126.2971739130435
23/11/2025,13,409.56260869565216,0,255.99710856521742,0,255.99710856521742,1126.2971739130435
23/11/2025,14,409.56260869565216,0,255.99710856521742,0,255.99710856521742,1126.2971739130435
23/11/2025,15,409.56260869565216,0,255.99710856521742,0,255.99710856521742,1126.2971739130435
23/11/2025,16,409.56260869565216,0,255.99710856521742,0,255.99710856521742,1126.2971739130435
23/11/2025,17,409.56260869565216,0,255.99710856521742,0,255.99710856521742,1126.2971739130435
23/11/2025,18,409.56260869565216,0,255.99710856521742,0,255.99710856521742,1126.2971739130435
23/11/2025,19,409.56260869565216,0,255.99710856521742,0,255.99710856521742,1126.2971739130435
23/11/2025,20,409.56260869565216,0,255.99710856521742,0,255.99710856521742,1126.2971739130435
23/11/2025,21,409.56260869565216,0,255.99710856521742,0,255.99710856521742,1126.2971739130435
23/11/2025,22,409.56260869565216,0,255.99710856521742,0,255.99710856521742,1126.2971739130435
23/11/2025,23,409.56260869565216,0,255.99710856521742,0,255.99710856521742,1126.2971739130435
23/11/2025,24,409.56260869565216,0,255.99710856521742,0,255.99710856521742,1126.2971739130435
24/11/2025,1,409.56260869565216,0,255.99710856521742,0,255.99710856521742,1126.2971739130435
24/11/2025,2,409.56260869565216,0,255.99710856521742,0,255.99710856521742,1126.2971739130435
24/11/2025,3,409.56260869565216,0,255.99710856521742,0,255.99710856521742,1126.2971739130435
24/11/2025,4,409.56260869565216,0,255.99710856521742,0,255.99710856521742,1126.2971739130435
24/11/2025,5,409.56260869565216,0,255.99710856521742,0,255.99710856521742,1126.2971739130435
24/11/2025,6,409.56260869565216,0,255.99710856521742,0,255.99710856521742,1126.2971739130435
24/11/2025,7,409.56260869565216,0,255.99710856521742,0,255.99710856521742,1126.2971739130435
24/11/2025,8,409.56260869565216,0,255.99710856521742,0,255.99710856521742,1126.2971739130435
24/11/2025,9,409.56260869565216,0,255.99710856521742,0,255.99710856521742,1126.2971739130435
24/11/2025,10,409.56260869565216,0,255.99710856521742,0,255.99710856521742,1126.2971739130435
24/11/2025,11,409.56260869565216,0,255.99710856521742,0,255.99710856521742,1126.2971739130435
24/11/2025,12,409.56260869565216,0,255.99710856521742,0,255.99710856521742,1126.2971739130435
24/11/2025,13,409.56260869565216,0,255.99710856521742,0,255.99710856521742,1126.2971739130435
24/11/2025,14,409.56260869565216,0,255.99710856521742,0,255.99710856521742,1126.2971739130435
24/11/2025,15,409.56260869565216,0,255.99710856521742,0,255.99710856521742,1126.2971739130435
24/11/2025,16,409.56260869565216,0,255.99710856521742,0,255.99710856521742,1126.2971739130435
24/11/2025,17,409.56260869565216,0,255.99710856521742,0,255.99710856521742,1126.2971739130435
24/11/2025,18,409.56260869565216,0,255.99710856521742,0,255.99710856521742,1126.2971739130435
24/11/2025,19,409.56260869565216,0,255.99710856521742,0,255.99710856521742,1126.2971739130435
24/11/2025,20,409.56260869565216,0,255.99710856521742,0,255.99710856521742,1126.2971739130435
24/11/2025,21,409.56260869565216,0,255.99710856521742,0,255.99710856521742,1126.2971739130435
24/11/2025,22,409.56260869565216,0,255.99710856521742,0,255.99710856521742,1126.2971739130435
24/11/2025,23,409.56260869565216,0,255.99710856521742,0,255.99710856521742,1126.2971739130435
24/11/2025,24,409.56260869565216,0,255.99710856521742,0,255.99710856521742,1126.2971739130435
25/11/2025,1,409.56260869565216,0,255.99710856521742,0,255.99710856521742,1126.2971739130435
25/11/2025,2,409.56260869565216,0,255.99710856521742,0,255.99710856521742,1126.2971739130435
25/11/2025,3,409.56260869565216,0,255.99710856521742,0,255.99710856521742,1126.2971739130435
25/11/2025,4,409.56260869565216,0,255.99710856521742,0,255.99710856521742,1126.2971739130435
25/11/2025,5,409.56260869565216,0,255.99710856521742,0,255.99710856521742,1126.2971739130435
25/11/2025,6,409.56260869565216,0,255.99710856521742,0,255.99710856521742,1126.2971739130435
25/11/2025,7,409.56260869565216,0,255.99710856521742,0,255.99710856521742,1126.2971739130435
25/11/2025,8,409.56260869565216,0,255.99710856521742,0,255.99710856521742,1126.2971739130435
25/11/2025,9,409.56260869565216,0,255.99710856521742,0,255.99710856521742,1126.2971739130435
25/11/2025,10,409.56260869565216,0,255.99710856521742,0,255.99710856521742,1126.2971739130435
25/11/2025,11,409.56260869565216,0,255.99710856521742,0,255.99710856521742,1126.2971739130435
25/11/2025,12,409.56260869565216,0,255.99710856521742,0,255.99710856521742,1126.2971739130435
25/11/2025,13,409.56260869565216,0,255.99710856521742,0,255.99710856521742,1126.2971739130435
25/11/2025,14,409.56260869565216,0,255.99710856521742,0,255.99710856521742,1126.2971739130435
25/11/2025,15,409.56260869565216,0,255.99710856521742,0,255.99710856521742,1126.2971739130435
25/11/2025,16,409.56260869565216,0,255.99710856521742,0,255.99710856521742,1126.2971739130435
25/11/2025,17,409.56260869565216,0,255.99710856521742,0,255.99710856521742,1126.2971739130435
25/11/2025,18,409.56260869565216,0,255.99710856521742,0,255.99710856521742,1126.2971739130435
25/11/2025,19,409.56260869565216,0,255.99710856521742,0,255.99710856521742,1126.2971739130435
25/11/2025,20,409.56260869565216,0,255.99710856521742,0,255.99710856521742,1126.2971739130435
25/11/2025,21,409.56260869565216,0,255.99710856521742,0,255.99710856521742,1126.2971739130435
25/11/2025,22,409.56260869565216,0,255.99710856521742,0,255.99710856521742,1126.2971739130435
25/11/2025,23,409.56260869565216,0,255.99710856521742,0,255.99710856521742,1126.2971739130435
25/11/2025,24,409.56260869565216,0,255.99710856521742,0,255.99710856521742,1126.2971739130435
26/11/2025,1,409.56260869565216,0,255.99710856521742,0,255.99710856521742,1126.2971739130435
26/11/2025,2,409.56260869565216,0,255.99710856521742,0,255.99710856521742,1126.2971739130435
26/11/2025,3,409.56260869565216,0,255.99710856521742,0,255.99710856521742,1126.2971739130435
26/11/2025,4,409.56260869565216,0,255.99710856521742,0,255.99710856521742,1126.2971739130435
26/11/2025,5,409.56260869565216,0,255.99710856521742,0,255.99710856521742,1126.2971739130435
26/11/2025,6,409.56260869565216,0,255.99710856521742,0,255.99710856521742,1126.2971739130435
26/11/2025,7,409.56260869565216,0,255.99710856521742,0,255.99710856521742,1126.2971739130435
26/11/2025,8,409.56260869565216,0,255.99710856521742,0,255.99710856521742,1126.2971739130435
26/11/2025,9,409.56260869565216,0,255.99710856521742,0,255.99710856521742,1126.2971739130435
26/11/2025,10,409.56260869565216,0,255.99710856521742,0,255.99710856521742,1126.2971739130435
26/11/2025,11,409.56260869565216,0,255.99710856521742,0,255.99710856521742,1126.2971739130435
26/11/2025,12,409.56260869565216,0,255.99710856521742,0,255.99710856521742,1126.2971739130435
26/11/2025,13,409.56260869565216,0,255.99710856521742,0,255.99710856521742,1126.2971739130435
26/11/2025,14,409.56260869565216,0,255.99710856521742,0,255.99710856521742,1126.2971739130435
26/11/2025,15,409.56260869565216,0,255.99710856521742,0,255.99710856521742,1126.2971739130435
26/11/2025,16,409.56260869565216,0,255.99710856521742,0,255.99710856521742,1126.2971739130435
26/11/2025,17,409.56260869565216,0,255.99710856521742,0,255.99710856521742,1126.2971739130435
26/11/2025,18,409.56260869565216,0,255.99710856521742,0,255.99710856521742,1126.2971739130435
26/11/2025,19,409.56260869565216,0,255.99710856521742,0,255.99710856521742,1126.2971739130435
26/11/2025,20,409.56260869565216,0,255.99710856521742,0,255.99710856521742,1126.2971739130435
26/11/2025,21,409.56260869565216,0,255.99710856521742,0,255.99710856521742,1126.2971739130435
26/11/2025,22,409.56260869565216,0,255.99710856521742,0,255.99710856521742,1126.2971739130435
26/11/2025,23,409.56260869565216,0,255.99710856521742,0,255.99710856521742,1126.2971739130435
26/11/2025,24,409.56260869565216,0,255.99710856521742,0,255.99710856521742,1126.2971739130435
27/11/2025,1,409.56260869565216,0,255.99710856521742,0,255.99710856521742,1126.2971739130435
27/11/2025,2,409.56260869565216,0,255.99710856521742,0,255.99710856521742,1126.2971739130435
27/11/2025,3,409.56260869565216,0,255.99710856521742,0,255.99710856521742,1126.2971739130435
27/11/2025,4,409.56260869565216,0,255.99710856521742,0,255.99710856521742,1126.2971739130435
27/11/2025,5,409.56260869565216,0,255.99710856521742,0,255.99710856521742,1126.2971739130435
27/11/2025,6,409.56260869565216,0,255.99710856521742,0,255.99710856521742,1126.2971739130435
27/11/2025,7,409.56260869565216,0,255.99710856521742,0,255.99710856521742,1126.2971739130435
27/11/2025,8,409.56260869565216,0,255.99710856521742,0,255.99710856521742,1126.2971739130435
27/11/2025,9,409.56260869565216,0,255.99710856521742,0,255.99710856521742,1126.2971739130435
27/11/2025,10,409.56260869565216,0,255.99710856521742,0,255.99710856521742,1126.2971739130435
27/11/2025,11,409.56260869565216,0,255.99710856521742,0,255.99710856521742,1126.2971739130435
27/11/2025,12,409.56260869565216,0,255.99710856521742,0,255.99710856521742,1126.2971739130435
27/11/2025,13,409.56260869565216,0,255.99710856521742,0,255.99710856521742,1126.2971739130435
27/11/2025,14,409.56260869565216,0,255.99710856521742,0,255.99710856521742,1126.2971739130435
27/11/2025,15,409.56260869565216,0,255.99710856521742,0,255.99710856521742,1126.2971739130435
27/11/2025,16,409.56260869565216,0,255.99710856521742,0,255.99710856521742,1126.2971739130435
27/11/2025,17,409.56260869565216,0,255.99710856521742,0,255.99710856521742,1126.2971739130435
27/11/2025,18,409.56260869565216,0,255.99710856521742,0,255.99710856521742,1126.2971739130435
27/11/2025,19,409.56260869565216,0,255.99710856521742,0,255.99710856521742,1126.2971739130435
27/11/2025,20,409.56260869565216,0,255.99710856521742,0,255.99710856521742,1126.2971739130435
27/11/2025,21,409.56260869565216,0,255.99710856521742,0,255.99710856521742,1126.2971739130435
27/11/2025,22,409.56260869565216,0,255.99710856521742,0,255.99710856521742,1126.2971739130435
27/11/2025,23,409.56260869565216,0,255.99710856521742,0,255.99710856521742,1126.2971739130435
27/11/2025,24,409.56260869565216,0,255.99710856521742,0,255.99710856521742,1126.2971739130435
28/11/2025,1,409.56260869565216,0,255.99710856521742,0,255.99710856521742,1126.2971739130435
28/11/2025,2,409.56260869565216,0,255.99710856521742,0,255.99710856521742,1126.2971739130435
28/11/2025,3,409.56260869565216,0,255.99710856521742,0,255.99710856521742,1126.2971739130435
28/11/2025,4,409.56260869565216,0,255.99710856521742,0,255.99710856521742,1126.2971739130435
28/11/2025,5,409.56260869565216,0,255.99710856521742,0,255.99710856521742,1126.2971739130435
28/11/2025,6,409.56260869565216,0,255.99710856521742,0,255.99710856521742,1126.2971739130435
28/11/2025,7,409.56260869565216,0,255.99710856521742,0,255.99710856521742,1126.2971739130435
28/11/2025,8,409.56260869565216,0,255.99710856521742,0,255.99710856521742,1126.2971739130435
28/11/2025,9,409.56260869565216,0,255.99710856521742,0,255.99710856521742,1126.2971739130435
28/11/2025,10,409.56260869565216,0,255.99710856521742,0,255.99710856521742,1126.2971739130435
28/11/2025,11,409.56260869565216,0,255.99710856521742,0,255.99710856521742,1126.2971739130435
28/11/2025,12,409.56260869565216,0,255.99710856521742,0,255.99710856521742,1126.2971739130435
28/11/2025,13,409.56260869565216,0,255.99710856521742,0,255.99710856521742,1126.2971739130435
28/11/2025,14,409.56260869565216,0,255.99710856521742,0,255.99710856521742,1126.2971739130435
28/11/2025,15,409.56260869565216,0,255.99710856521742,0,255.99710856521742,1126.2971739130435
28/11/2025,16,409.56260869565216,0,255.99710856521742,0,255.99710856521742,1126.2971739130435
28/11/2025,17,409.56260869565216,0,255.99710856521742,0,255.99710856521742,1126.2971739130435
28/11/2025,18,409.56260869565216,0,255.99710856521742,0,255.99710856521742,1126.2971739130435
28/11/2025,19,409.56260869565216,0,255.99710856521742,0,255.99710856521742,1126.2971739130435
28/11/2025,20,409.56260869565216,0,255.99710856521742,0,255.99710856521742,1126.2971739130435
28/11/2025,21,409.56260869565216,0,255.99710856521742,0,255.99710856521742,1126.2971739130435
28/11/2025,22,409.56260869565216,0,255.99710856521742,0,255.99710856521742,1126.2971739130435
28/11/2025,23,409.56260869565216,0,255.99710856521742,0,255.99710856521742,1126.2971739130435
28/11/2025,24,409.56260869565216,0,255.99710856521742,0,255.99710856521742,1126.2971739130435
29/11/2025,1,409.56260869565216,0,255.99710856521742,0,255.99710856521742,1126.2971739130435
29/11/2025,2,409.56260869565216,0,255.99710856521742,0,255.99710856521742,1126.2971739130435
29/11/2025,3,409.56260869565216,0,255.99710856521742,0,255.99710856521742,1126.2971739130435
29/11/2025,4,409.56260869565216,0,255.99710856521742,0,255.99710856521742,1126.2971739130435
29/11/2025,5,409.56260869565216,0,255.99710856521742,0,255.99710856521742,1126.2971739130435
29/11/2025,6,409.56260869565216,0,255.99710856521742,0,255.99710856521742,1126.2971739130435
29/11/2025,7,409.56260869565216,0,255.99710856521742,0,255.99710856521742,1126.2971739130435
29/11/2025,8,409.56260869565216,0,255.99710856521742,0,255.99710856521742,1126.2971739130435
29/11/2025,9,409.56260869565216,0,255.99710856521742,0,255.99710856521742,1126.2971739130435
29/11/2025,10,409.56260869565216,0,255.99710856521742,0,255.99710856521742,1126.2971739130435
29/11/2025,11,409.56260869565216,0,255.99710856521742,0,255.99710856521742,1126.2971739130435
29/11/2025,12,409.56260869565216,0,255.99710856521742,0,255.99710856521742,1126.2971739130435
29/11/2025,13,409.56260869565216,0,255.99710856521742,0,255.99710856521742,1126.2971739130435
29/11/2025,14,409.56260869565216,0,255.99710856521742,0,255.99710856521742,1126.2971739130435
29/11/2025,15,409.56260869565216,0,255.99710856521742,0,255.99710856521742,1126.2971739130435
29/11/2025,16,409.56260869565216,0,255.99710856521742,0,255.99710856521742,1126.2971739130435
29/11/2025,17,409.56260869565216,0,255.99710856521742,0,255.99710856521742,1126.2971739130435
29/11/2025,18,409.56260869565216,0,255.99710856521742,0,255.99710856521742,1126.2971739130435
29/11/2025,19,409.56260869565216,0,255.99710856521742,0,255.99710856521742,1126.2971739130435
29/11/2025,20,409.56260869565216,0,255.99710856521742,0,255.99710856521742,1126.2971739130435
29/11/2025,21,409.56260869565216,0,255.99710856521742,0,255.99710856521742,1126.2971739130435
29/11/2025,22,409.56260869565216,0,255.99710856521742,0,255.99710856521742,1126.2971739130435
29/11/2025,23,409.56260869565216,0,255.99710856521742,0,255.99710856521742,1126.2971739130435
29/11/2025,24,409.56260869565216,0,255.99710856521742,0,255.99710856521742,1126.2971739130435
30/11/2025,1,409.56260869565216,0,255.99710856521742,0,255.99710856521742,1126.2971739130435
30/11/2025,2,409.56260869565216,0,255.99710856521742,0,255.99710856521742,1126.2971739130435
30/11/2025,3,409.56260869565216,0,255.99710856521742,0,255.99710856521742,1126.2971739130435
30/11/2025,4,409.56260869565216,0,255.99710856521742,0,255.99710856521742,1126.2971739130435
30/11/2025,5,409.56260869565216,0,255.99710856521742,0,255.99710856521742,1126.2971739130435
30/11/2025,6,409.56260869565216,0,255.99710856521742,0,255.99710856521742,1126.2971739130435
30/11/2025,7,409.56260869565216,0,255.99710856521742,0,255.99710856521742,1126.2971739130435
30/11/2025,8,409.56260869565216,0,255.99710856521742,0,255.99710856521742,1126.2971739130435
30/11/2025,9,409.56260869565216,0,255.99710856521742,0,255.99710856521742,1126.2971739130435
30/11/2025,10,409.56260869565216,0,255.99710856521742,0,255.99710856521742,1126.2971739130435
30/11/2025,11,409.56260869565216,0,255.99710856521742,0,255.99710856521742,1126.2971739130435
30/11/2025,12,409.56260869565216,0,255.99710856521742,0,255.99710856521742,1126.2971739130435
30/11/2025,13,409.56260869565216,0,255.99710856521742,0,255.99710856521742,1126.2971739130435
30/11/2025,14,409.56260869565216,0,255.99710856521742,0,255.99710856521742,1126.2971739130435
30/11/2025,15,409.56260869565216,0,255.99710856521742,0,255.99710856521742,1126.2971739130435
30/11/2025,16,409.56260869565216,0,255.99710856521742,0,255.99710856521742,1126.2971739130435
30/11/2025,17,409.56260869565216,0,255.99710856521742,0,255.99710856521742,1126.2971739130435
30/11/2025,18,409.56260869565216,0,255.99710856521742,0,255.99710856521742,1126.2971739130435
30/11/2025,19,409.56260869565216,0,255.99710856521742,0,255.99710856521742,1126.2971739130435
30/11/2025,20,409.56260869565216,0,255.99710856521742,0,255.99710856521742,1126.2971739130435
30/11/2025,21,409.56260869565216,0,255.99710856521742,0,255.99710856521742,1126.2971739130435
30/11/2025,22,409.56260869565216,0,255.99710856521742,0,255.99710856521742,1126.2971739130435
30/11/2025,23,409.56260869565216,0,255.99710856521742,0,255.99710856521742,1126.2971739130435
30/11/2025,24,409.56260869565216,0,255.99710856521742,0,255.99710856521742,1126.2971739130435
01/12/2025,1,409.56260869565216,0,255.99710856521742,0,255.99710856521742,1126.2971739130435
01/12/2025,2,409.56260869565216,0,255.99710856521742,0,255.99710856521742,1126.2971739130435
01/12/2025,3,409.56260869565216,0,255.99710856521742,0,255.99710856521742,1126.2971739130435
01/12/2025,4,409.56260869565216,0,255.99710856521742,0,255.99710856521742,1126.2971739130435
01/12/2025,5,409.56260869565216,0,255.99710856521742,0,255.99710856521742,1126.2971739130435
01/12/2025,6,409.56260869565216,0,255.99710856521742,0,255.99710856521742,1126.2971739130435
01/12/2025,7,409.56260869565216,0,255.99710856521742,0,255.99710856521742,1126.2971739130435
01/12/2025,8,409.56260869565216,0,255.99710856521742,0,255.99710856521742,1126.2971739130435
01/12/2025,9,409.56260869565216,0,255.99710856521742,0,255.99710856521742,1126.2971739130435
01/12/2025,10,409.56260869565216,0,255.99710856521742,0,255.99710856521742,1126.2971739130435
01/12/2025,11,409.56260869565216,0,255.99710856521742,0,255.99710856521742,1126.2971739130435
01/12/2025,12,409.56260869565216,0,255.99710856521742,0,255.99710856521742,1126.2971739130435
01/12/2025,13,409.56260869565216,0,255.99710856521742,0,255.99710856521742,1126.2971739130435
01/12/2025,14,409.56260869565216,0,255.99710856521742,0,255.99710856521742,1126.2971739130435
01/12/2025,15,409.56260869565216,0,255.99710856521742,0,255.99710856521742,1126.2971739130435
01/12/2025,16,409.56260869565216,0,255.99710856521742,0,255.99710856521742,1126.2971739130435
01/12/2025,17,409.56260869565216,0,255.99710856521742,0,255.99710856521742,1126.2971739130435
01/12/2025,18,409.56260869565216,0,255.99710856521742,0,255.99710856521742,1126.2971739130435
01/12/2025,19,409.56260869565216,0,255.99710856521742,0,255.99710856521742,1126.2971739130435
01/12/2025,20,409.56260869565216,0,255.99710856521742,0,255.99710856521742,1126.2971739130435
01/12/2025,21,409.56260869565216,0,255.99710856521742,0,255.99710856521742,1126.2971739130435
01/12/2025,22,409.56260869565216,0,255.99710856521742,0,255.99710856521742,1126.2971739130435
01/12/2025,23,409.56260869565216,0,255.99710856521742,0,255.99710856521742,1126.2971739130435
01/12/2025,24,409.56260869565216,0,255.99710856521742,0,255.99710856521742,1126.2971739130435
02/12/2025,1,409.56260869565216,0,255.99710856521742,0,255.99710856521742,1126.2971739130435
02/12/2025,2,409.56260869565216,0,255.99710856521742,0,255.99710856521742,1126.2971739130435
02/12/2025,3,409.56260869565216,0,255.99710856521742,0,255.99710856521742,1126.2971739130435
02/12/2025,4,409.56260869565216,0,255.99710856521742,0,255.99710856521742,1126.2971739130435
02/12/2025,5,409.56260869565216,0,255.99710856521742,0,255.99710856521742,1126.2971739130435
02/12/2025,6,409.56260869565216,0,255.99710856521742,0,255.99710856521742,1126.2971739130435
02/12/2025,7,409.56260869565216,0,255.99710856521742,0,255.99710856521742,1126.2971739130435
02/12/2025,8,409.56260869565216,0,255.99710856521742,0,255.99710856521742,1126.2971739130435
02/12/2025,9,409.56260869565216,0,255.99710856521742,0,255.99710856521742,1126.2971739130435
02/12/2025,10,409.56260869565216,0,255.99710856521742,0,255.99710856521742,1126.2971739130435
02/12/2025,11,409.56260869565216,0,255.99710856521742,0,255.99710856521742,1126.2971739130435
02/12/2025,12,409.56260869565216,0,255.99710856521742,0,255.99710856521742,1126.2971739130435
02/12/2025,13,409.56260869565216,0,255.99710856521742,0,255.99710856521742,1126.2971739130435
02/12/2025,14,409.56260869565216,0,255.99710856521742,0,255.99710856521742,1126.2971739130435
02/12/2025,15,409.56260869565216,0,255.99710856521742,0,255.99710856521742,1126.2971739130435
02/12/2025,16,409.56260869565216,0,255.99710856521742,0,255.99710856521742,1126.2971739130435
02/12/2025,17,409.56260869565216,0,255.99710856521742,0,255.99710856521742,1126.2971739130435
02/12/2025,18,409.56260869565216,0,255.99710856521742,0,255.99710856521742,1126.2971739130435
02/12/2025,19,409.56260869565216,0,255.99710856521742,0,255.99710856521742,1126.2971739130435
02/12/2025,20,409.56260869565216,0,255.99710856521742,0,255.99710856521742,1126.2971739130435
02/12/2025,21,409.56260869565216,0,255.99710856521742,0,255.99710856521742,1126.2971739130435
02/12/2025,22,409.56260869565216,0,255.99710856521742,0,255.99710856521742,1126.2971739130435
02/12/2025,23,409.56260869565216,0,255.99710856521742,0,255.99710856521742,1126.2971739130435
02/12/2025,24,409.56260869565216,0,255.99710856521742,0,255.99710856521742,1126.2971739130435
03/12/2025,1,409.56260869565216,0,255.99710856521742,0,255.99710856521742,1126.2971739130435
03/12/2025,2,409.56260869565216,0,255.99710856521742,0,255.99710856521742,1126.2971739130435
03/12/2025,3,409.56260869565216,0,255.99710856521742,0,255.99710856521742,1126.2971739130435
03/12/2025,4,409.56260869565216,0,255.99710856521742,0,255.99710856521742,1126.2971739130435
03/12/2025,5,409.56260869565216,0,255.99710856521742,0,255.99710856521742,1126.2971739130435
03/12/2025,6,409.56260869565216,0,255.99710856521742,0,255.99710856521742,1126.2971739130435
03/12/2025,7,409.56260869565216,0,255.99710856521742,0,255.99710856521742,1126.2971739130435
03/12/2025,8,409.56260869565216,0,255.99710856521742,0,255.99710856521742,1126.2971739130435
03/12/2025,9,409.56260869565216,0,255.99710856521742,0,255.99710856521742,1126.2971739130435
03/12/2025,10,409.56260869565216,0,255.99710856521742,0,255.99710856521742,1126.2971739130435
03/12/2025,11,409.56260869565216,0,255.99710856521742,0,255.99710856521742,1126.2971739130435
03/12/2025,12,409.56260869565216,0,255.99710856521742,0,255.99710856521742,1126.2971739130435
03/12/2025,13,409.56260869565216,0,255.99710856521742,0,255.99710856521742,1126.2971739130435
03/12/2025,14,409.56260869565216,0,255.99710856521742,0,255.99710856521742,1126.2971739130435
03/12/2025,15,409.56260869565216,0,255.99710856521742,0,255.99710856521742,1126.2971739130435
03/12/2025,16,409.56260869565216,0,255.99710856521742,0,255.99710856521742,1126.2971739130435
03/12/2025,17,409.56260869565216,0,255.99710856521742,0,255.99710856521742,1126.2971739130435
03/12/2025,18,409.56260869565216,0,255.99710856521742,0,255.99710856521742,1126.2971739130435
03/12/2025,19,409.56260869565216,0,255.99710856521742,0,255.99710856521742,1126.2971739130435
03/12/2025,20,409.56260869565216,0,255.99710856521742,0,255.99710856521742,1126.2971739130435
03/12/2025,21,409.56260869565216,0,255.99710856521742,0,255.99710856521742,1126.2971739130435
03/12/2025,22,409.56260869565216,0,255.99710856521742,0,255.99710856521742,1126.2971739130435
03/12/2025,23,409.56260869565216,0,255.99710856521742,0,255.99710856521742,1126.2971739130435
03/12/2025,24,409.56260869565216,0,255.99710856521742,0,255.99710856521742,1126.2971739130435
04/12/2025,1,409.56260869565216,0,255.99710856521742,0,255.99710856521742,1126.2971739130435
04/12/2025,2,409.56260869565216,0,255.99710856521742,0,255.99710856521742,1126.2971739130435
04/12/2025,3,409.56260869565216,0,255.99710856521742,0,255.99710856521742,1126.2971739130435
04/12/2025,4,409.56260869565216,0,255.99710856521742,0,255.99710856521742,1126.2971739130435
04/12/2025,5,409.56260869565216,0,255.99710856521742,0,255.99710856521742,1126.2971739130435
04/12/2025,6,409.56260869565216,0,255.99710856521742,0,255.99710856521742,1126.2971739130435
04/12/2025,7,409.56260869565216,0,255.99710856521742,0,255.99710856521742,1126.2971739130435
04/12/2025,8,409.56260869565216,0,255.99710856521742,0,255.99710856521742,1126.2971739130435
04/12/2025,9,409.56260869565216,0,255.99710856521742,0,255.99710856521742,1126.2971739130435
04/12/2025,10,409.56260869565216,0,255.99710856521742,0,255.99710856521742,1126.2971739130435
04/12/2025,11,409.56260869565216,0,255.99710856521742,0,255.99710856521742,1126.2971739130435
04/12/2025,12,409.56260869565216,0,255.99710856521742,0,255.99710856521742,1126.2971739130435
04/12/2025,13,409.56260869565216,0,255.99710856521742,0,255.99710856521742,1126.2971739130435
04/12/2025,14,409.56260869565216,0,255.99710856521742,0,255.99710856521742,1126.2971739130435
04/12/2025,15,409.56260869565216,0,255.99710856521742,0,255.99710856521742,1126.2971739130435
04/12/2025,16,409.56260869565216,0,255.99710856521742,0,255.99710856521742,1126.2971739130435
04/12/2025,17,409.56260869565216,0,255.99710856521742,0,255.99710856521742,1126.2971739130435
04/12/2025,18,409.56260869565216,0,255.99710856521742,0,255.99710856521742,1126.2971739130435
04/12/2025,19,409.56260869565216,0,255.99710856521742,0,255.99710856521742,1126.2971739130435
04/12/2025,20,409.56260869565216,0,255.99710856521742,0,255.99710856521742,1126.2971739130435
04/12/2025,21,409.56260869565216,0,255.99710856521742,0,255.99710856521742,1126.2971739130435
04/12/2025,22,409.56260869565216,0,255.99710856521742,0,255.99710856521742,1126.2971739130435
04/12/2025,23,409.56260869565216,0,255.99710856521742,0,255.99710856521742,1126.2971739130435
04/12/2025,24,409.56260869565216,0,255.99710856521742,0,255.99710856521742,1126.2971739130435
05/12/2025,1,409.56260869565216,0,255.99710856521742,0,255.99710856521742,1126.2971739130435
05/12/2025,2,409.56260869565216,0,255.99710856521742,0,255.99710856521742,1126.2971739130435
05/12/2025,3,409.56260869565216,0,255.99710856521742,0,255.99710856521742,1126.2971739130435
05/12/2025,4,409.56260869565216,0,255.99710856521742,0,255.99710856521742,1126.2971739130435
05/12/2025,5,409.56260869565216,0,255.99710856521742,0,255.99710856521742,1126.2971739130435
05/12/2025,6,409.56260869565216,0,255.99710856521742,0,255.99710856521742,1126.2971739130435
05/12/2025,7,409.56260869565216,0,255.99710856521742,0,255.99710856521742,1126.2971739130435
05/12/2025,8,409.56260869565216,0,255.99710856521742,0,255.99710856521742,1126.2971739130435
05/12/2025,9,409.56260869565216,0,255.99710856521742,0,255.99710856521742,1126.2971739130435
05/12/2025,10,409.56260869565216,0,255.99710856521742,0,255.99710856521742,1126.2971739130435
05/12/2025,11,409.56260869565216,0,255.99710856521742,0,255.99710856521742,1126.2971739130435
05/12/2025,12,409.56260869565216,0,255.99710856521742,0,255.99710856521742,1126.2971739130435
05/12/2025,13,409.56260869565216,0,255.99710856521742,0,255.99710856521742,1126.2971739130435
05/12/2025,14,409.56260869565216,0,255.99710856521742,0,255.99710856521742,1126.2971739130435
05/12/2025,15,409.56260869565216,0,255.99710856521742,0,255.99710856521742,1126.2971739130435
05/12/2025,16,409.56260869565216,0,255.99710856521742,0,255.99710856521742,1126.2971739130435
05/12/2025,17,409.56260869565216,0,255.99710856521742,0,255.99710856521742,1126.2971739130435
05/12/2025,18,409.56260869565216,0,255.99710856521742,0,255.99710856521742,1126.2971739130435
05/12/2025,19,409.56260869565216,0,255.99710856521742,0,255.99710856521742,1126.2971739130435
05/12/2025,20,409.56260869565216,0,255.99710856521742,0,255.99710856521742,1126.2971739130435
05/12/2025,21,409.56260869565216,0,255.99710856521742,0,255.99710856521742,1126.2971739130435
05/12/2025,22,409.56260869565216,0,255.99710856521742,0,255.99710856521742,1126.2971739130435
05/12/2025,23,409.56260869565216,0,255.99710856521742,0,255.99710856521742,1126.2971739130435
05/12/2025,24,409.56260869565216,0,255.99710856521742,0,255.99710856521742,1126.2971739130435
06/12/2025,1,409.56260869565216,0,255.99710856521742,0,255.99710856521742,1126.2971739130435
06/12/2025,2,409.56260869565216,0,255.99710856521742,0,255.99710856521742,1126.2971739130435
06/12/2025,3,409.56260869565216,0,255.99710856521742,0,255.99710856521742,1126.2971739130435
06/12/2025,4,409.56260869565216,0,255.99710856521742,0,255.99710856521742,1126.2971739130435
06/12/2025,5,409.56260869565216,0,255.99710856521742,0,255.99710856521742,1126.2971739130435
06/12/2025,6,409.56260869565216,0,255.99710856521742,0,255.99710856521742,1126.2971739130435
06/12/2025,7,409.56260869565216,0,255.99710856521742,0,255.99710856521742,1126.2971739130435
06/12/2025,8,409.56260869565216,0,255.99710856521742,0,255.99710856521742,1126.2971739130435
06/12/2025,9,409.56260869565216,0,255.99710856521742,0,255.99710856521742,1126.2971739130435
06/12/2025,10,409.56260869565216,0,255.99710856521742,0,255.99710856521742,1126.2971739130435
06/12/2025,11,409.56260869565216,0,255.99710856521742,0,255.99710856521742,1126.2971739130435
06/12/2025,12,409.56260869565216,0,255.99710856521742,0,255.99710856521742,1126.2971739130435
06/12/2025,13,409.56260869565216,0,255.99710856521742,0,255.99710856521742,1126.2971739130435
06/12/2025,14,409.56260869565216,0,255.99710856521742,0,255.99710856521742,1126.2971739130435
06/12/2025,15,409.56260869565216,0,255.99710856521742,0,255.99710856521742,1126.2971739130435
06/12/2025,16,409.56260869565216,0,255.99710856521742,0,255.99710856521742,1126.2971739130435
06/12/2025,17,409.56260869565216,0,255.99710856521742,0,255.99710856521742,1126.2971739130435
06/12/2025,18,409.56260869565216,0,255.99710856521742,0,255.99710856521742,1126.2971739130435
06/12/2025,19,409.56260869565216,0,255.99710856521742,0,255.99710856521742,1126.2971739130435
06/12/2025,20,409.56260869565216,0,255.99710856521742,0,255.99710856521742,1126.2971739130435
06/12/2025,21,409.56260869565216,0,255.99710856521742,0,255.99710856521742,1126.2971739130435
06/12/2025,22,409.56260869565216,0,255.99710856521742,0,255.99710856521742,1126.2971739130435
06/12/2025,23,409.56260869565216,0,255.99710856521742,0,255.99710856521742,1126.2971739130435
06/12/2025,24,409.56260869565216,0,255.99710856521742,0,255.99710856521742,1126.2971739130435
07/12/2025,1,409.56260869565216,0,255.99710856521742,0,255.99710856521742,1126.2971739130435
07/12/2025,2,409.56260869565216,0,255.99710856521742,0,255.99710856521742,1126.2971739130435
07/12/2025,3,409.56260869565216,0,255.99710856521742,0,255.99710856521742,1126.2971739130435
07/12/2025,4,409.56260869565216,0,255.99710856521742,0,255.99710856521742,1126.2971739130435
07/12/2025,5,409.56260869565216,0,255.99710856521742,0,255.99710856521742,1126.2971739130435
07/12/2025,6,409.56260869565216,0,255.99710856521742,0,255.99710856521742,1126.2971739130435
07/12/2025,7,409.56260869565216,0,255.99710856521742,0,255.99710856521742,1126.2971739130435
07/12/2025,8,409.56260869565216,0,255.99710856521742,0,255.99710856521742,1126.2971739130435
07/12/2025,9,409.56260869565216,0,255.99710856521742,0,255.99710856521742,1126.2971739130435
07/12/2025,10,409.56260869565216,0,255.99710856521742,0,255.99710856521742,1126.2971739130435
07/12/2025,11,409.56260869565216,0,255.99710856521742,0,255.99710856521742,1126.2971739130435
07/12/2025,12,409.56260869565216,0,255.99710856521742,0,255.99710856521742,1126.2971739130435
07/12/2025,13,409.56260869565216,0,255.99710856521742,0,255.99710856521742,1126.2971739130435
07/12/2025,14,409.56260869565216,0,255.99710856521742,0,255.99710856521742,1126.2971739130435
07/12/2025,15,409.56260869565216,0,255.99710856521742,0,255.99710856521742,1126.2971739130435
07/12/2025,16,409.56260869565216,0,255.99710856521742,0,255.99710856521742,1126.2971739130435
07/12/2025,17,409.56260869565216,0,255.99710856521742,0,255.99710856521742,1126.2971739130435
07/12/2025,18,409.56260869565216,0,255.99710856521742,0,255.99710856521742,1126.2971739130435
07/12/2025,19,409.56260869565216,0,255.99710856521742,0,255.99710856521742,1126.2971739130435
07/12/2025,20,409.56260869565216,0,255.99710856521742,0,255.99710856521742,1126.2971739130435
07/12/2025,21,409.56260869565216,0,255.99710856521742,0,255.99710856521742,1126.2971739130435
07/12/2025,22,409.56260869565216,0,255.99710856521742,0,255.99710856521742,1126.2971739130435
07/12/2025,23,409.56260869565216,0,255.99710856521742,0,255.99710856521742,1126.2971739130435
07/12/2025,24,409.56260869565216,0,255.99710856521742,0,255.99710856521742,1126.2971739130435
08/12/2025,1,409.56260869565216,0,255.99710856521742,0,255.99710856521742,1126.2971739130435
08/12/2025,2,409.56260869565216,0,255.99710856521742,0,255.99710856521742,1126.2971739130435
08/12/2025,3,409.56260869565216,0,255.99710856521742,0,255.99710856521742,1126.2971739130435
08/12/2025,4,409.56260869565216,0,255.99710856521742,0,255.99710856521742,1126.2971739130435
08/12/2025,5,409.56260869565216,0,255.99710856521742,0,255.99710856521742,1126.2971739130435
08/12/2025,6,409.56260869565216,0,255.99710856521742,0,255.99710856521742,1126.2971739130435
08/12/2025,7,409.56260869565216,0,255.99710856521742,0,255.99710856521742,1126.2971739130435
08/12/2025,8,409.56260869565216,0,255.99710856521742,0,255.99710856521742,1126.2971739130435
08/12/2025,9,409.56260869565216,0,255.99710856521742,0,255.99710856521742,1126.2971739130435
08/12/2025,10,409.56260869565216,0,255.99710856521742,0,255.99710856521742,1126.2971739130435
08/12/2025,11,409.56260869565216,0,255.99710856521742,0,255.99710856521742,1126.2971739130435
08/12/2025,12,409.56260869565216,0,255.99710856521742,0,255.99710856521742,1126.2971739130435
08/12/2025,13,409.56260869565216,0,255.99710856521742,0,255.99710856521742,1126.2971739130435
08/12/2025,14,409.56260869565216,0,255.99710856521742,0,255.99710856521742,1126.2971739130435
08/12/2025,15,409.56260869565216,0,255.99710856521742,0,255.99710856521742,1126.2971739130435
08/12/2025,16,409.56260869565216,0,255.99710856521742,0,255.99710856521742,1126.2971739130435
08/12/2025,17,409.56260869565216,0,255.99710856521742,0,255.99710856521742,1126.2971739130435
08/12/2025,18,409.56260869565216,0,255.99710856521742,0,255.99710856521742,1126.2971739130435
08/12/2025,19,409.56260869565216,0,255.99710856521742,0,255.99710856521742,1126.2971739130435
08/12/2025,20,409.56260869565216,0,255.99710856521742,0,255.99710856521742,1126.2971739130435
08/12/2025,21,409.56260869565216,0,255.99710856521742,0,255.99710856521742,1126.2971739130435
08/12/2025,22,409.56260869565216,0,255.99710856521742,0,255.99710856521742,1126.2971739130435
08/12/2025,23,409.56260869565216,0,255.99710856521742,0,255.99710856521742,1126.2971739130435
08/12/2025,24,409.56260869565216,0,255.99710856521742,0,255.99710856521742,1126.2971739130435
09/12/2025,1,409.56260869565216,0,255.99710856521742,0,255.99710856521742,1126.2971739130435
09/12/2025,2,409.56260869565216,0,255.99710856521742,0,255.99710856521742,1126.2971739130435
09/12/2025,3,409.56260869565216,0,255.99710856521742,0,255.99710856521742,1126.2971739130435
09/12/2025,4,409.56260869565216,0,255.99710856521742,0,255.99710856521742,1126.2971739130435
09/12/2025,5,409.56260869565216,0,255.99710856521742,0,255.99710856521742,1126.2971739130435
09/12/2025,6,409.56260869565216,0,255.99710856521742,0,255.99710856521742,1126.2971739130435
09/12/2025,7,409.56260869565216,0,255.99710856521742,0,255.99710856521742,1126.2971739130435
09/12/2025,8,409.56260869565216,0,255.99710856521742,0,255.99710856521742,1126.2971739130435
09/12/2025,9,409.56260869565216,0,255.99710856521742,0,255.99710856521742,1126.2971739130435
09/12/2025,10,409.56260869565216,0,255.99710856521742,0,255.99710856521742,1126.2971739130435
09/12/2025,11,409.56260869565216,0,255.99710856521742,0,255.99710856521742,1126.2971739130435
09/12/2025,12,409.56260869565216,0,255.99710856521742,0,255.99710856521742,1126.2971739130435
09/12/2025,13,409.56260869565216,0,255.99710856521742,0,255.99710856521742,1126.2971739130435
09/12/2025,14,409.56260869565216,0,255.99710856521742,0,255.99710856521742,1126.2971739130435
09/12/2025,15,409.56260869565216,0,255.99710856521742,0,255.99710856521742,1126.2971739130435
09/12/2025,16,409.56260869565216,0,255.99710856521742,0,255.99710856521742,1126.2971739130435
09/12/2025,17,409.56260869565216,0,255.99710856521742,0,255.99710856521742,1126.2971739130435
09/12/2025,18,409.56260869565216,0,255.99710856521742,0,255.99710856521742,1126.2971739130435
09/12/2025,19,409.56260869565216,0,255.99710856521742,0,255.99710856521742,1126.2971739130435
09/12/2025,20,409.56260869565216,0,255.99710856521742,0,255.99710856521742,1126.2971739130435
09/12/2025,21,409.56260869565216,0,255.99710856521742,0,255.99710856521742,1126.2971739130435
09/12/2025,22,409.56260869565216,0,255.99710856521742,0,255.99710856521742,1126.2971739130435
09/12/2025,23,409.56260869565216,0,255.99710856521742,0,255.99710856521742,1126.2971739130435
09/12/2025,24,409.56260869565216,0,255.99710856521742,0,255.99710856521742,1126.2971739130435
10/12/2025,1,409.56260869565216,0,255.99710856521742,0,255.99710856521742,1126.2971739130435
10/12/2025,2,409.56260869565216,0,255.99710856521742,0,255.99710856521742,1126.2971739130435
10/12/2025,3,409.56260869565216,0,255.99710856521742,0,255.99710856521742,1126.2971739130435
10/12/2025,4,409.56260869565216,0,255.99710856521742,0,255.99710856521742,1126.2971739130435
10/12/2025,5,409.56260869565216,0,255.99710856521742,0,255.99710856521742,1126.2971739130435
10/12/2025,6,409.56260869565216,0,255.99710856521742,0,255.99710856521742,1126.2971739130435
10/12/2025,7,409.56260869565216,0,255.99710856521742,0,255.99710856521742,1126.2971739130435
10/12/2025,8,409.56260869565216,0,255.99710856521742,0,255.99710856521742,1126.2971739130435
10/12/2025,9,409.56260869565216,0,255.99710856521742,0,255.99710856521742,1126.2971739130435
10/12/2025,10,409.56260869565216,0,255.99710856521742,0,255.99710856521742,1126.2971739130435
10/12/2025,11,409.56260869565216,0,255.99710856521742,0,255.99710856521742,1126.2971739130435
10/12/2025,12,409.56260869565216,0,255.99710856521742,0,255.99710856521742,1126.2971739130435
10/12/2025,13,409.56260869565216,0,255.99710856521742,0,255.99710856521742,1126.2971739130435
10/12/2025,14,409.56260869565216,0,255.99710856521742,0,255.99710856521742,1126.2971739130435
10/12/2025,15,409.56260869565216,0,255.99710856521742,0,255.99710856521742,1126.2971739130435
10/12/2025,16,409.56260869565216,0,255.99710856521742,0,255.99710856521742,1126.2971739130435
10/12/2025,17,409.56260869565216,0,255.99710856521742,0,255.99710856521742,1126.2971739130435
10/12/2025,18,409.56260869565216,0,255.99710856521742,0,255.99710856521742,1126.2971739130435
10/12/2025,19,409.56260869565216,0,255.99710856521742,0,255.99710856521742,1126.2971739130435
10/12/2025,20,409.56260869565216,0,255.99710856521742,0,255.99710856521742,1126.2971739130435
10/12/2025,21,409.56260869565216,0,255.99710856521742,0,255.99710856521742,1126.2971739130435
10/12/2025,22,409.56260869565216,0,255.99710856521742,0,255.99710856521742,1126.2971739130435
10/12/2025,23,409.56260869565216,0,255.99710856521742,0,255.99710856521742,1126.2971739130435
10/12/2025,24,409.56260869565216,0,255.99710856521742,0,255.99710856521742,1126.2971739130435
11/12/2025,1,409.56260869565216,0,255.99710856521742,0,255.99710856521742,1126.2971739130435
11/12/2025,2,409.56260869565216,0,255.99710856521742,0,255.99710856521742,1126.2971739130435
11/12/2025,3,409.56260869565216,0,255.99710856521742,0,255.99710856521742,1126.2971739130435
11/12/2025,4,409.56260869565216,0,255.99710856521742,0,255.99710856521742,1126.2971739130435
11/12/2025,5,409.56260869565216,0,255.99710856521742,0,255.99710856521742,1126.2971739130435
11/12/2025,6,409.56260869565216,0,255.99710856521742,0,255.99710856521742,1126.2971739130435
11/12/2025,7,409.56260869565216,0,255.99710856521742,0,255.99710856521742,1126.2971739130435
11/12/2025,8,409.56260869565216,0,255.99710856521742,0,255.99710856521742,1126.2971739130435
11/12/2025,9,409.56260869565216,0,255.99710856521742,0,255.99710856521742,1126.2971739130435
11/12/2025,10,409.56260869565216,0,255.99710856521742,0,255.99710856521742,1126.2971739130435
11/12/2025,11,409.56260869565216,0,255.99710856521742,0,255.99710856521742,1126.2971739130435
11/12/2025,12,409.56260869565216,0,255.99710856521742,0,255.99710856521742,1126.2971739130435
11/12/2025,13,409.56260869565216,0,255.99710856521742,0,255.99710856521742,1126.2971739130435
11/12/2025,14,409.56260869565216,0,255.99710856521742,0,255.99710856521742,1126.2971739130435
11/12/2025,15,409.56260869565216,0,255.99710856521742,0,255.99710856521742,1126.2971739130435
11/12/2025,16,409.56260869565216,0,255.99710856521742,0,255.99710856521742,1126.2971739130435
11/12/2025,17,409.56260869565216,0,255.99710856521742,0,255.99710856521742,1126.2971739130435
11/12/2025,18,409.56260869565216,0,255.99710856521742,0,255.99710856521742,1126.2971739130435
11/12/2025,19,409.56260869565216,0,255.99710856521742,0,255.99710856521742,1126.2971739130435
11/12/2025,20,409.56260869565216,0,255.99710856521742,0,255.99710856521742,1126.2971739130435
11/12/2025,21,409.56260869565216,0,255.99710856521742,0,255.99710856521742,1126.2971739130435
11/12/2025,22,409.56260869565216,0,255.99710856521742,0,255.99710856521742,1126.2971739130435
11/12/2025,23,409.56260869565216,0,255.99710856521742,0,255.99710856521742,1126.2971739130435
11/12/2025,24,409.56260869565216,0,255.99710856521742,0,255.99710856521742,1126.2971739130435
12/12/2025,1,409.56260869565216,0,255.99710856521742,0,255.99710856521742,1126.2971739130435
12/12/2025,2,409.56260869565216,0,255.99710856521742,0,255.99710856521742,1126.2971739130435
12/12/2025,3,409.56260869565216,0,255.99710856521742,0,255.99710856521742,1126.2971739130435
12/12/2025,4,409.56260869565216,0,255.99710856521742,0,255.99710856521742,1126.2971739130435
12/12/2025,5,409.56260869565216,0,255.99710856521742,0,255.99710856521742,1126.2971739130435
12/12/2025,6,409.56260869565216,0,255.99710856521742,0,255.99710856521742,1126.2971739130435
12/12/2025,7,409.56260869565216,0,255.99710856521742,0,255.99710856521742,1126.2971739130435
12/12/2025,8,409.56260869565216,0,255.99710856521742,0,255.99710856521742,1126.2971739130435
12/12/2025,9,409.56260869565216,0,255.99710856521742,0,255.99710856521742,1126.2971739130435
12/12/2025,10,409.56260869565216,0,255.99710856521742,0,255.99710856521742,1126.2971739130435
12/12/2025,11,409.56260869565216,0,255.99710856521742,0,255.99710856521742,1126.2971739130435
12/12/2025,12,409.56260869565216,0,255.99710856521742,0,255.99710856521742,1126.2971739130435
12/12/2025,13,409.56260869565216,0,255.99710856521742,0,255.99710856521742,1126.2971739130435
12/12/2025,14,409.56260869565216,0,255.99710856521742,0,255.99710856521742,1126.2971739130435
12/12/2025,15,409.56260869565216,0,255.99710856521742,0,255.99710856521742,1126.2971739130435
12/12/2025,16,409.56260869565216,0,255.99710856521742,0,255.99710856521742,1126.2971739130435
12/12/2025,17,409.56260869565216,0,255.99710856521742,0,255.99710856521742,1126.2971739130435
12/12/2025,18,409.56260869565216,0,255.99710856521742,0,255.99710856521742,1126.2971739130435
12/12/2025,19,409.56260869565216,0,255.99710856521742,0,255.99710856521742,1126.2971739130435
12/12/2025,20,409.56260869565216,0,255.99710856521742,0,255.99710856521742,1126.2971739130435
12/12/2025,21,409.56260869565216,0,255.99710856521742,0,255.99710856521742,1126.2971739130435
12/12/2025,22,409.56260869565216,0,255.99710856521742,0,255.99710856521742,1126.2971739130435
12/12/2025,23,409.56260869565216,0,255.99710856521742,0,255.99710856521742,1126.2971739130435
12/12/2025,24,409.56260869565216,0,255.99710856521742,0,255.99710856521742,1126.2971739130435
13/12/2025,1,409.56260869565216,0,255.99710856521742,0,255.99710856521742,1126.2971739130435
13/12/2025,2,409.56260869565216,0,255.99710856521742,0,255.99710856521742,1126.2971739130435
13/12/2025,3,409.56260869565216,0,255.99710856521742,0,255.99710856521742,1126.2971739130435
13/12/2025,4,409.56260869565216,0,255.99710856521742,0,255.99710856521742,1126.2971739130435
13/12/2025,5,409.56260869565216,0,255.99710856521742,0,255.99710856521742,1126.2971739130435
13/12/2025,6,409.56260869565216,0,255.99710856521742,0,255.99710856521742,1126.2971739130435
13/12/2025,7,409.56260869565216,0,255.99710856521742,0,255.99710856521742,1126.2971739130435
13/12/2025,8,409.56260869565216,0,255.99710856521742,0,255.99710856521742,1126.2971739130435
13/12/2025,9,409.56260869565216,0,255.99710856521742,0,255.99710856521742,1126.2971739130435
13/12/2025,10,409.56260869565216,0,255.99710856521742,0,255.99710856521742,1126.2971739130435
13/12/2025,11,409.56260869565216,0,255.99710856521742,0,255.99710856521742,1126.2971739130435
13/12/2025,12,409.56260869565216,0,255.99710856521742,0,255.99710856521742,1126.2971739130435
13/12/2025,13,409.56260869565216,0,255.99710856521742,0,255.99710856521742,1126.2971739130435
13/12/2025,14,409.56260869565216,0,255.99710856521742,0,255.99710856521742,1126.2971739130435
13/12/2025,15,409.56260869565216,0,255.99710856521742,0,255.99710856521742,1126.2971739130435
13/12/2025,16,409.56260869565216,0,255.99710856521742,0,255.99710856521742,1126.2971739130435
13/12/2025,17,409.56260869565216,0,255.99710856521742,0,255.99710856521742,1126.2971739130435
13/12/2025,18,409.56260869565216,0,255.99710856521742,0,255.99710856521742,1126.2971739130435
13/12/2025,19,409.56260869565216,0,255.99710856521742,0,255.99710856521742,1126.2971739130435
13/12/2025,20,409.56260869565216,0,255.99710856521742,0,255.99710856521742,1126.2971739130435
13/12/2025,21,409.56260869565216,0,255.99710856521742,0,255.99710856521742,1126.2971739130435
13/12/2025,22,409.56260869565216,0,255.99710856521742,0,255.99710856521742,1126.2971739130435
13/12/2025,23,409.56260869565216,0,255.99710856521742,0,255.99710856521742,1126.2971739130435
13/12/2025,24,409.56260869565216,0,255.99710856521742,0,255.99710856521742,1126.2971739130435
14/12/2025,1,409.56260869565216,0,255.99710856521742,0,255.99710856521742,1126.2971739130435
14/12/2025,2,409.56260869565216,0,255.99710856521742,0,255.99710856521742,1126.2971739130435
14/12/2025,3,409.56260869565216,0,255.99710856521742,0,255.99710856521742,1126.2971739130435
14/12/2025,4,409.56260869565216,0,255.99710856521742,0,255.99710856521742,1126.2971739130435
14/12/2025,5,409.56260869565216,0,255.99710856521742,0,255.99710856521742,1126.2971739130435
14/12/2025,6,409.56260869565216,0,255.99710856521742,0,255.99710856521742,1126.2971739130435
14/12/2025,7,409.56260869565216,0,255.99710856521742,0,255.99710856521742,1126.2971739130435
14/12/2025,8,409.56260869565216,0,255.99710856521742,0,255.99710856521742,1126.2971739130435
14/12/2025,9,409.56260869565216,0,255.99710856521742,0,255.99710856521742,1126.2971739130435
14/12/2025,10,409.56260869565216,0,255.99710856521742,0,255.99710856521742,1126.2971739130435
14/12/2025,11,409.56260869565216,0,255.99710856521742,0,255.99710856521742,1126.2971739130435
14/12/2025,12,409.56260869565216,0,255.99710856521742,0,255.99710856521742,1126.2971739130435
14/12/2025,13,409.56260869565216,0,255.99710856521742,0,255.99710856521742,1126.2971739130435
14/12/2025,14,409.56260869565216,0,255.99710856521742,0,255.99710856521742,1126.2971739130435
14/12/2025,15,409.56260869565216,0,255.99710856521742,0,255.99710856521742,1126.2971739130435
14/12/2025,16,409.56260869565216,0,255.99710856521742,0,255.99710856521742,1126.2971739130435
14/12/2025,17,409.56260869565216,0,255.99710856521742,0,255.99710856521742,1126.2971739130435
14/12/2025,18,409.56260869565216,0,255.99710856521742,0,255.99710856521742,1126.2971739130435
14/12/2025,19,409.56260869565216,0,255.99710856521742,0,255.99710856521742,1126.2971739130435
14/12/2025,20,409.56260869565216,0,255.99710856521742,0,255.99710856521742,1126.2971739130435
14/12/2025,21,409.56260869565216,0,255.99710856521742,0,255.99710856521742,1126.2971739130435
14/12/2025,22,409.56260869565216,0,255.99710856521742,0,255.99710856521742,1126.2971739130435
14/12/2025,23,409.56260869565216,0,255.99710856521742,0,255.99710856521742,1126.2971739130435
14/12/2025,24,409.56260869565216,0,255.99710856521742,0,255.99710856521742,1126.2971739130435
15/12/2025,1,409.56260869565216,0,255.99710856521742,0,255.99710856521742,1126.2971739130435
15/12/2025,2,409.56260869565216,0,255.99710856521742,0,255.99710856521742,1126.2971739130435
15/12/2025,3,409.56260869565216,0,255.99710856521742,0,255.99710856521742,1126.2971739130435
15/12/2025,4,409.56260869565216,0,255.99710856521742,0,255.99710856521742,1126.2971739130435
15/12/2025,5,409.56260869565216,0,255.99710856521742,0,255.99710856521742,1126.2971739130435
15/12/2025,6,409.56260869565216,0,255.99710856521742,0,255.99710856521742,1126.2971739130435
15/12/2025,7,409.56260869565216,0,255.99710856521742,0,255.99710856521742,1126.2971739130435
15/12/2025,8,409.56260869565216,0,255.99710856521742,0,255.99710856521742,1126.2971739130435
15/12/2025,9,409.56260869565216,0,255.99710856521742,0,255.99710856521742,1126.2971739130435
15/12/2025,10,409.56260869565216,0,255.99710856521742,0,255.99710856521742,1126.2971739130435
15/12/2025,11,409.56260869565216,0,255.99710856521742,0,255.99710856521742,1126.2971739130435
15/12/2025,12,409.56260869565216,0,255.99710856521742,0,255.99710856521742,1126.2971739130435
15/12/2025,13,409.56260869565216,0,255.99710856521742,0,255.99710856521742,1126.2971739130435
15/12/2025,14,409.56260869565216,0,255.99710856521742,0,255.99710856521742,1126.2971739130435
15/12/2025,15,409.56260869565216,0,255.99710856521742,0,255.99710856521742,1126.2971739130435
15/12/2025,16,409.56260869565216,0,255.99710856521742,0,255.99710856521742,1126.2971739130435
15/12/2025,17,409.56260869565216,0,255.99710856521742,0,255.99710856521742,1126.2971739130435
15/12/2025,18,409.56260869565216,0,255.99710856521742,0,255.99710856521742,1126.2971739130435
15/12/2025,19,409.56260869565216,0,255.99710856521742,0,255.99710856521742,1126.2971739130435
15/12/2025,20,409.56260869565216,0,255.99710856521742,0,255.99710856521742,1126.2971739130435
15/12/2025,21,409.56260869565216,0,255.99710856521742,0,255.99710856521742,1126.2971739130435
15/12/2025,22,409.56260869565216,0,255.99710856521742,0,255.99710856521742,1126.2971739130435
15/12/2025,23,409.56260869565216,0,255.99710856521742,0,255.99710856521742,1126.2971739130435
15/12/2025,24,409.56260869565216,0,255.99710856521742,0,255.99710856521742,1126.2971739130435
16/12/2025,1,409.56260869565216,0,255.99710856521742,0,255.99710856521742,1126.2971739130435
16/12/2025,2,409.56260869565216,0,255.99710856521742,0,255.99710856521742,1126.2971739130435
16/12/2025,3,409.56260869565216,0,255.99710856521742,0,255.99710856521742,1126.2971739130435
16/12/2025,4,409.56260869565216,0,255.99710856521742,0,255.99710856521742,1126.2971739130435
16/12/2025,5,409.56260869565216,0,255.99710856521742,0,255.99710856521742,1126.2971739130435
16/12/2025,6,409.56260869565216,0,255.99710856521742,0,255.99710856521742,1126.2971739130435
16/12/2025,7,409.56260869565216,0,255.99710856521742,0,255.99710856521742,1126.2971739130435
16/12/2025,8,409.56260869565216,0,255.99710856521742,0,255.99710856521742,1126.2971739130435
16/12/2025,9,409.56260869565216,0,255.99710856521742,0,255.99710856521742,1126.2971739130435
16/12/2025,10,409.56260869565216,0,255.99710856521742,0,255.99710856521742,1126.2971739130435
16/12/2025,11,409.56260869565216,0,255.99710856521742,0,255.99710856521742,1126.2971739130435
16/12/2025,12,409.56260869565216,0,255.99710856521742,0,255.99710856521742,1126.2971739130435
16/12/2025,13,409.56260869565216,0,255.99710856521742,0,255.99710856521742,1126.2971739130435
16/12/2025,14,409.56260869565216,0,255.99710856521742,0,255.99710856521742,1126.2971739130435
16/12/2025,15,409.56260869565216,0,255.99710856521742,0,255.99710856521742,1126.2971739130435
16/12/2025,16,409.56260869565216,0,255.99710856521742,0,255.99710856521742,1126.2971739130435
16/12/2025,17,409.56260869565216,0,255.99710856521742,0,255.99710856521742,1126.2971739130435
16/12/2025,18,409.56260869565216,0,255.99710856521742,0,255.99710856521742,1126.2971739130435
16/12/2025,19,409.56260869565216,0,255.99710856521742,0,255.99710856521742,1126.2971739130435
16/12/2025,20,409.56260869565216,0,255.99710856521742,0,255.99710856521742,1126.2971739130435
16/12/2025,21,409.56260869565216,0,255.99710856521742,0,255.99710856521742,1126.2971739130435
16/12/2025,22,409.56260869565216,0,255.99710856521742,0,255.99710856521742,1126.2971739130435
16/12/2025,23,409.56260869565216,0,255.99710856521742,0,255.99710856521742,1126.2971739130435
16/12/2025,24,409.56260869565216,0,255.99710856521742,0,255.99710856521742,1126.2971739130435
17/12/2025,1,409.56260869565216,0,255.99710856521742,0,255.99710856521742,1126.2971739130435
17/12/2025,2,409.56260869565216,0,255.99710856521742,0,255.99710856521742,1126.2971739130435
17/12/2025,3,409.56260869565216,0,255.99710856521742,0,255.99710856521742,1126.2971739130435
17/12/2025,4,409.56260869565216,0,255.99710856521742,0,255.99710856521742,1126.2971739130435
17/12/2025,5,409.56260869565216,0,255.99710856521742,0,255.99710856521742,1126.2971739130435
17/12/2025,6,409.56260869565216,0,255.99710856521742,0,255.99710856521742,1126.2971739130435
17/12/2025,7,409.56260869565216,0,255.99710856521742,0,255.99710856521742,1126.2971739130435
17/12/2025,8,409.56260869565216,0,255.99710856521742,0,255.99710856521742,1126.2971739130435
17/12/2025,9,409.56260869565216,0,255.99710856521742,0,255.99710856521742,1126.2971739130435
17/12/2025,10,409.56260869565216,0,255.99710856521742,0,255.99710856521742,1126.2971739130435
17/12/2025,11,409.56260869565216,0,255.99710856521742,0,255.99710856521742,1126.2971739130435
17/12/2025,12,409.56260869565216,0,255.99710856521742,0,255.99710856521742,1126.2971739130435
17/12/2025,13,409.56260869565216,0,255.99710856521742,0,255.99710856521742,1126.2971739130435
17/12/2025,14,409.56260869565216,0,255.99710856521742,0,255.99710856521742,1126.2971739130435
17/12/2025,15,409.56260869565216,0,255.99710856521742,0,255.99710856521742,1126.2971739130435
17/12/2025,16,409.56260869565216,0,255.99710856521742,0,255.99710856521742,1126.2971739130435
17/12/2025,17,409.56260869565216,0,255.99710856521742,0,255.99710856521742,1126.2971739130435
17/12/2025,18,409.56260869565216,0,255.99710856521742,0,255.99710856521742,1126.2971739130435
17/12/2025,19,409.56260869565216,0,255.99710856521742,0,255.99710856521742,1126.2971739130435
17/12/2025,20,409.56260869565216,0,255.99710856521742,0,255.99710856521742,1126.2971739130435
17/12/2025,21,409.56260869565216,0,255.99710856521742,0,255.99710856521742,1126.2971739130435
17/12/2025,22,409.56260869565216,0,255.99710856521742,0,255.99710856521742,1126.2971739130435
17/12/2025,23,409.56260869565216,0,255.99710856521742,0,255.99710856521742,1126.2971739130435
17/12/2025,24,409.56260869565216,0,255.99710856521742,0,255.99710856521742,1126.2971739130435
18/12/2025,1,409.56260869565216,0,255.99710856521742,0,255.99710856521742,1126.2971739130435
18/12/2025,2,409.56260869565216,0,255.99710856521742,0,255.99710856521742,1126.2971739130435
18/12/2025,3,409.56260869565216,0,255.99710856521742,0,255.99710856521742,1126.2971739130435
18/12/2025,4,409.56260869565216,0,255.99710856521742,0,255.99710856521742,1126.2971739130435
18/12/2025,5,409.56260869565216,0,255.99710856521742,0,255.99710856521742,1126.2971739130435
18/12/2025,6,409.56260869565216,0,255.99710856521742,0,255.99710856521742,1126.2971739130435
18/12/2025,7,409.56260869565216,0,255.99710856521742,0,255.99710856521742,1126.2971739130435
18/12/2025,8,409.56260869565216,0,255.99710856521742,0,255.99710856521742,1126.2971739130435
18/12/2025,9,409.56260869565216,0,255.99710856521742,0,255.99710856521742,1126.2971739130435
18/12/2025,10,409.56260869565216,0,255.99710856521742,0,255.99710856521742,1126.2971739130435
18/12/2025,11,409.56260869565216,0,255.99710856521742,0,255.99710856521742,1126.2971739130435
18/12/2025,12,409.56260869565216,0,255.99710856521742,0,255.99710856521742,1126.2971739130435
18/12/2025,13,409.56260869565216,0,255.99710856521742,0,255.99710856521742,1126.2971739130435
18/12/2025,14,409.56260869565216,0,255.99710856521742,0,255.99710856521742,1126.2971739130435
18/12/2025,15,409.56260869565216,0,255.99710856521742,0,255.99710856521742,1126.2971739130435
18/12/2025,16,409.56260869565216,0,255.99710856521742,0,255.99710856521742,1126.2971739130435
18/12/2025,17,409.56260869565216,0,255.99710856521742,0,255.99710856521742,1126.2971739130435
18/12/2025,18,409.56260869565216,0,255.99710856521742,0,255.99710856521742,1126.2971739130435
18/12/2025,19,409.56260869565216,0,255.99710856521742,0,255.99710856521742,1126.2971739130435
18/12/2025,20,409.56260869565216,0,255.99710856521742,0,255.99710856521742,1126.2971739130435
18/12/2025,21,409.56260869565216,0,255.99710856521742,0,255.99710856521742,1126.2971739130435
18/12/2025,22,409.56260869565216,0,255.99710856521742,0,255.99710856521742,1126.2971739130435
18/12/2025,23,409.56260869565216,0,255.99710856521742,0,255.99710856521742,1126.2971739130435
18/12/2025,24,409.56260869565216,0,255.99710856521742,0,255.99710856521742,1126.2971739130435
19/12/2025,1,409.56260869565216,0,255.99710856521742,0,255.99710856521742,1126.2971739130435
19/12/2025,2,409.56260869565216,0,255.99710856521742,0,255.99710856521742,1126.2971739130435
19/12/2025,3,409.56260869565216,0,255.99710856521742,0,255.99710856521742,1126.2971739130435
19/12/2025,4,409.56260869565216,0,255.99710856521742,0,255.99710856521742,1126.2971739130435
19/12/2025,5,409.56260869565216,0,255.99710856521742,0,255.99710856521742,1126.2971739130435
19/12/2025,6,409.56260869565216,0,255.99710856521742,0,255.99710856521742,1126.2971739130435
19/12/2025,7,409.56260869565216,0,255.99710856521742,0,255.99710856521742,1126.2971739130435
19/12/2025,8,409.56260869565216,0,255.99710856521742,0,255.99710856521742,1126.2971739130435
19/12/2025,9,409.56260869565216,0,255.99710856521742,0,255.99710856521742,1126.2971739130435
19/12/2025,10,409.56260869565216,0,255.99710856521742,0,255.99710856521742,1126.2971739130435
19/12/2025,11,409.56260869565216,0,255.99710856521742,0,255.99710856521742,1126.2971739130435
19/12/2025,12,409.56260869565216,0,255.99710856521742,0,255.99710856521742,1126.2971739130435
19/12/2025,13,409.56260869565216,0,255.99710856521742,0,255.99710856521742,1126.2971739130435
19/12/2025,14,409.56260869565216,0,255.99710856521742,0,255.99710856521742,1126.2971739130435
19/12/2025,15,409.56260869565216,0,255.99710856521742,0,255.99710856521742,1126.2971739130435
19/12/2025,16,409.56260869565216,0,255.99710856521742,0,255.99710856521742,1126.2971739130435
19/12/2025,17,409.56260869565216,0,255.99710856521742,0,255.99710856521742,1126.2971739130435
19/12/2025,18,409.56260869565216,0,255.99710856521742,0,255.99710856521742,1126.2971739130435
19/12/2025,19,409.56260869565216,0,255.99710856521742,0,255.99710856521742,1126.2971739130435
19/12/2025,20,409.56260869565216,0,255.99710856521742,0,255.99710856521742,1126.2971739130435
19/12/2025,21,409.56260869565216,0,255.99710856521742,0,255.99710856521742,1126.2971739130435
19/12/2025,22,409.56260869565216,0,255.99710856521742,0,255.99710856521742,1126.2971739130435
19/12/2025,23,409.56260869565216,0,255.99710856521742,0,255.99710856521742,1126.2971739130435
19/12/2025,24,409.56260869565216,0,255.99710856521742,0,255.99710856521742,1126.2971739130435
20/12/2025,1,409.56260869565216,0,255.99710856521742,0,255.99710856521742,1126.2971739130435
20/12/2025,2,409.56260869565216,0,255.99710856521742,0,255.99710856521742,1126.2971739130435
20/12/2025,3,409.56260869565216,0,255.99710856521742,0,255.99710856521742,1126.2971739130435
20/12/2025,4,409.56260869565216,0,255.99710856521742,0,255.99710856521742,1126.2971739130435
20/12/2025,5,409.56260869565216,0,255.99710856521742,0,255.99710856521742,1126.2971739130435
20/12/2025,6,409.56260869565216,0,255.99710856521742,0,255.99710856521742,1126.2971739130435
20/12/2025,7,409.56260869565216,0,255.99710856521742,0,255.99710856521742,1126.2971739130435
20/12/2025,8,409.56260869565216,0,255.99710856521742,0,255.99710856521742,1126.2971739130435
20/12/2025,9,409.56260869565216,0,255.99710856521742,0,255.99710856521742,1126.2971739130435
20/12/2025,10,409.56260869565216,0,255.99710856521742,0,255.99710856521742,1126.2971739130435
20/12/2025,11,409.56260869565216,0,255.99710856521742,0,255.99710856521742,1126.2971739130435
20/12/2025,12,409.56260869565216,0,255.99710856521742,0,255.99710856521742,1126.2971739130435
20/12/2025,13,409.56260869565216,0,255.99710856521742,0,255.99710856521742,1126.2971739130435
20/12/2025,14,409.56260869565216,0,255.99710856521742,0,255.99710856521742,1126.2971739130435
20/12/2025,15,409.56260869565216,0,255.99710856521742,0,255.99710856521742,1126.2971739130435
20/12/2025,16,409.56260869565216,0,255.99710856521742,0,255.99710856521742,1126.2971739130435
20/12/2025,17,409.56260869565216,0,255.99710856521742,0,255.99710856521742,1126.2971739130435
20/12/2025,18,409.56260869565216,0,255.99710856521742,0,255.99710856521742,1126.2971739130435
20/12/2025,19,409.56260869565216,0,255.99710856521742,0,255.99710856521742,1126.2971739130435
20/12/2025,20,409.56260869565216,0,255.99710856521742,0,255.99710856521742,1126.2971739130435
20/12/2025,21,409.56260869565216,0,255.99710856521742,0,255.99710856521742,1126.2971739130435
20/12/2025,22,409.56260869565216,0,255.99710856521742,0,255.99710856521742,1126.2971739130435
20/12/2025,23,409.56260869565216,0,255.99710856521742,0,255.99710856521742,1126.2971739130435
20/12/2025,24,409.56260869565216,0,255.99710856521742,0,255.99710856521742,1126.2971739130435
21/12/2025,1,409.56260869565216,0,255.99710856521742,0,255.99710856521742,1126.2971739130435
21/12/2025,2,409.56260869565216,0,255.99710856521742,0,255.99710856521742,1126.2971739130435
21/12/2025,3,409.56260869565216,0,255.99710856521742,0,255.99710856521742,1126.2971739130435
21/12/2025,4,409.56260869565216,0,255.99710856521742,0,255.99710856521742,1126.2971739130435
21/12/2025,5,409.56260869565216,0,255.99710856521742,0,255.99710856521742,1126.2971739130435
21/12/2025,6,409.56260869565216,0,255.99710856521742,0,255.99710856521742,1126.2971739130435
21/12/2025,7,409.56260869565216,0,255.99710856521742,0,255.99710856521742,1126.2971739130435
21/12/2025,8,409.56260869565216,0,255.99710856521742,0,255.99710856521742,1126.2971739130435
21/12/2025,9,409.56260869565216,0,255.99710856521742,0,255.99710856521742,1126.2971739130435
21/12/2025,10,409.56260869565216,0,255.99710856521742,0,255.99710856521742,1126.2971739130435
21/12/2025,11,409.56260869565216,0,255.99710856521742,0,255.99710856521742,1126.2971739130435
21/12/2025,12,409.56260869565216,0,255.99710856521742,0,255.99710856521742,1126.2971739130435
21/12/2025,13,409.56260869565216,0,255.99710856521742,0,255.99710856521742,1126.2971739130435
21/12/2025,14,409.56260869565216,0,255.99710856521742,0,255.99710856521742,1126.2971739130435
21/12/2025,15,409.56260869565216,0,255.99710856521742,0,255.99710856521742,1126.2971739130435
21/12/2025,16,409.56260869565216,0,255.99710856521742,0,255.99710856521742,1126.2971739130435
21/12/2025,17,409.56260869565216,0,255.99710856521742,0,255.99710856521742,1126.2971739130435
21/12/2025,18,409.56260869565216,0,255.99710856521742,0,255.99710856521742,1126.2971739130435
21/12/2025,19,409.56260869565216,0,255.99710856521742,0,255.99710856521742,1126.2971739130435
21/12/2025,20,409.56260869565216,0,255.99710856521742,0,255.99710856521742,1126.2971739130435
21/12/2025,21,409.56260869565216,0,255.99710856521742,0,255.99710856521742,1126.2971739130435
21/12/2025,22,409.56260869565216,0,255.99710856521742,0,255.99710856521742,1126.2971739130435
21/12/2025,23,409.56260869565216,0,255.99710856521742,0,255.99710856521742,1126.2971739130435
21/12/2025,24,409.56260869565216,0,255.99710856521742,0,255.99710856521742,1126.2971739130435
22/12/2025,1,409.56260869565216,0,255.99710856521742,0,255.99710856521742,1126.2971739130435
22/12/2025,2,409.56260869565216,0,255.99710856521742,0,255.99710856521742,1126.2971739130435
22/12/2025,3,409.56260869565216,0,255.99710856521742,0,255.99710856521742,1126.2971739130435
22/12/2025,4,409.56260869565216,0,255.99710856521742,0,255.99710856521742,1126.2971739130435
22/12/2025,5,409.56260869565216,0,255.99710856521742,0,255.99710856521742,1126.2971739130435
22/12/2025,6,409.56260869565216,0,255.99710856521742,0,255.99710856521742,1126.2971739130435
22/12/2025,7,409.56260869565216,0,255.99710856521742,0,255.99710856521742,1126.2971739130435
22/12/2025,8,409.56260869565216,0,255.99710856521742,0,255.99710856521742,1126.2971739130435
22/12/2025,9,409.56260869565216,0,255.99710856521742,0,255.99710856521742,1126.2971739130435
22/12/2025,10,409.56260869565216,0,255.99710856521742,0,255.99710856521742,1126.2971739130435
22/12/2025,11,409.56260869565216,0,255.99710856521742,0,255.99710856521742,1126.2971739130435
22/12/2025,12,409.56260869565216,0,255.99710856521742,0,255.99710856521742,1126.2971739130435
22/12/2025,13,409.56260869565216,0,255.99710856521742,0,255.99710856521742,1126.2971739130435
22/12/2025,14,409.56260869565216,0,255.99710856521742,0,255.99710856521742,1126.2971739130435
22/12/2025,15,409.56260869565216,0,255.99710856521742,0,255.99710856521742,1126.2971739130435
22/12/2025,16,409.56260869565216,0,255.99710856521742,0,255.99710856521742,1126.2971739130435
22/12/2025,17,409.56260869565216,0,255.99710856521742,0,255.99710856521742,1126.2971739130435
22/12/2025,18,409.56260869565216,0,255.99710856521742,0,255.99710856521742,1126.2971739130435
22/12/2025,19,409.56260869565216,0,255.99710856521742,0,255.99710856521742,1126.2971739130435
22/12/2025,20,409.56260869565216,0,255.99710856521742,0,255.99710856521742,1126.2971739130435
22/12/2025,21,409.56260869565216,0,255.99710856521742,0,255.99710856521742,1126.2971739130435
22/12/2025,22,409.56260869565216,0,255.99710856521742,0,255.99710856521742,1126.2971739130435
22/12/2025,23,409.56260869565216,0,255.99710856521742,0,255.99710856521742,1126.2971739130435
22/12/2025,24,409.56260869565216,0,255.99710856521742,0,255.99710856521742,1126.2971739130435
23/12/2025,1,409.56260869565216,0,255.99710856521742,0,255.99710856521742,1126.2971739130435
23/12/2025,2,409.56260869565216,0,255.99710856521742,0,255.99710856521742,1126.2971739130435
23/12/2025,3,409.56260869565216,0,255.99710856521742,0,255.99710856521742,1126.2971739130435
23/12/2025,4,409.56260869565216,0,255.99710856521742,0,255.99710856521742,1126.2971739130435
23/12/2025,5,409.56260869565216,0,255.99710856521742,0,255.99710856521742,1126.2971739130435
23/12/2025,6,409.56260869565216,0,255.99710856521742,0,255.99710856521742,1126.2971739130435
23/12/2025,7,409.56260869565216,0,255.99710856521742,0,255.99710856521742,1126.2971739130435
23/12/2025,8,409.56260869565216,0,255.99710856521742,0,255.99710856521742,1126.2971739130435
23/12/2025,9,409.56260869565216,0,255.99710856521742,0,255.99710856521742,1126.2971739130435
23/12/2025,10,409.56260869565216,0,255.99710856521742,0,255.99710856521742,1126.2971739130435
23/12/2025,11,409.56260869565216,0,255.99710856521742,0,255.99710856521742,1126.2971739130435
23/12/2025,12,409.56260869565216,0,255.99710856521742,0,255.99710856521742,1126.2971739130435
23/12/2025,13,409.56260869565216,0,255.99710856521742,0,255.99710856521742,1126.2971739130435
23/12/2025,14,409.56260869565216,0,255.99710856521742,0,255.99710856521742,1126.2971739130435
23/12/2025,15,409.56260869565216,0,255.99710856521742,0,255.99710856521742,1126.2971739130435
23/12/2025,16,409.56260869565216,0,255.99710856521742,0,255.99710856521742,1126.2971739130435
23/12/2025,17,409.56260869565216,0,255.99710856521742,0,255.99710856521742,1126.2971739130435
23/12/2025,18,409.56260869565216,0,255.99710856521742,0,255.99710856521742,1126.2971739130435
23/12/2025,19,409.56260869565216,0,255.99710856521742,0,255.99710856521742,1126.2971739130435
23/12/2025,20,409.56260869565216,0,255.99710856521742,0,255.99710856521742,1126.2971739130435
23/12/2025,21,409.56260869565216,0,255.99710856521742,0,255.99710856521742,1126.2971739130435
23/12/2025,22,409.56260869565216,0,255.99710856521742,0,255.99710856521742,1126.2971739130435
23/12/2025,23,409.56260869565216,0,255.99710856521742,0,255.99710856521742,1126.2971739130435
23/12/2025,24,409.56260869565216,0,255.99710856521742,0,255.99710856521742,1126.2971739130435
24/12/2025,1,409.56260869565216,0,255.99710856521742,0,255.99710856521742,1126.2971739130435
24/12/2025,2,409.56260869565216,0,255.99710856521742,0,255.99710856521742,1126.2971739130435
24/12/2025,3,409.56260869565216,0,255.99710856521742,0,255.99710856521742,1126.2971739130435
24/12/2025,4,409.56260869565216,0,255.99710856521742,0,255.99710856521742,1126.2971739130435
24/12/2025,5,409.56260869565216,0,255.99710856521742,0,255.99710856521742,1126.2971739130435
24/12/2025,6,409.56260869565216,0,255.99710856521742,0,255.99710856521742,1126.2971739130435
24/12/2025,7,409.56260869565216,0,255.99710856521742,0,255.99710856521742,1126.2971739130435
24/12/2025,8,409.56260869565216,0,255.99710856521742,0,255.99710856521742,1126.2971739130435
24/12/2025,9,409.56260869565216,0,255.99710856521742,0,255.99710856521742,1126.2971739130435
24/12/2025,10,409.56260869565216,0,255.99710856521742,0,255.99710856521742,1126.2971739130435
24/12/2025,11,409.56260869565216,0,255.99710856521742,0,255.99710856521742,1126.2971739130435
24/12/2025,12,409.56260869565216,0,255.99710856521742,0,255.99710856521742,1126.2971739130435
24/12/2025,13,409.56260869565216,0,255.99710856521742,0,255.99710856521742,1126.2971739130435
24/12/2025,14,409.56260869565216,0,255.99710856521742,0,255.99710856521742,1126.2971739130435
24/12/2025,15,409.56260869565216,0,255.99710856521742,0,255.99710856521742,1126.2971739130435
24/12/2025,16,409.56260869565216,0,255.99710856521742,0,255.99710856521742,1126.2971739130435
24/12/2025,17,409.56260869565216,0,255.99710856521742,0,255.99710856521742,1126.2971739130435
24/12/2025,18,409.56260869565216,0,255.99710856521742,0,255.99710856521742,1126.2971739130435
24/12/2025,19,409.56260869565216,0,255.99710856521742,0,255.99710856521742,1126.2971739130435
24/12/2025,20,409.56260869565216,0,255.99710856521742,0,255.99710856521742,1126.2971739130435
24/12/2025,21,409.56260869565216,0,255.99710856521742,0,255.99710856521742,1126.2971739130435
24/12/2025,22,409.56260869565216,0,255.99710856521742,0,255.99710856521742,1126.2971739130435
24/12/2025,23,409.56260869565216,0,255.99710856521742,0,255.99710856521742,1126.2971739130435
24/12/2025,24,409.56260869565216,0,255.99710856521742,0,255.99710856521742,1126.2971739130435
25/12/2025,1,409.56260869565216,0,255.99710856521742,0,255.99710856521742,1126.2971739130435
25/12/2025,2,409.56260869565216,0,255.99710856521742,0,255.99710856521742,1126.2971739130435
25/12/2025,3,409.56260869565216,0,255.99710856521742,0,255.99710856521742,1126.2971739130435
25/12/2025,4,409.56260869565216,0,255.99710856521742,0,255.99710856521742,1126.2971739130435
25/12/2025,5,409.56260869565216,0,255.99710856521742,0,255.99710856521742,1126.2971739130435
25/12/2025,6,409.56260869565216,0,255.99710856521742,0,255.99710856521742,1126.2971739130435
25/12/2025,7,409.56260869565216,0,255.99710856521742,0,255.99710856521742,1126.2971739130435
25/12/2025,8,409.56260869565216,0,255.99710856521742,0,255.99710856521742,1126.2971739130435
25/12/2025,9,409.56260869565216,0,255.99710856521742,0,255.99710856521742,1126.2971739130435
25/12/2025,10,409.56260869565216,0,255.99710856521742,0,255.99710856521742,1126.2971739130435
25/12/2025,11,409.56260869565216,0,255.99710856521742,0,255.99710856521742,1126.2971739130435
25/12/2025,12,409.56260869565216,0,255.99710856521742,0,255.99710856521742,1126.2971739130435
25/12/2025,13,409.56260869565216,0,255.99710856521742,0,255.99710856521742,1126.2971739130435
25/12/2025,14,409.56260869565216,0,255.99710856521742,0,255.99710856521742,1126.2971739130435
25/12/2025,15,409.56260869565216,0,255.99710856521742,0,255.99710856521742,1126.2971739130435
25/12/2025,16,409.56260869565216,0,255.99710856521742,0,255.99710856521742,1126.2971739130435
25/12/2025,17,409.56260869565216,0,255.99710856521742,0,255.99710856521742,1126.2971739130435
25/12/2025,18,409.56260869565216,0,255.99710856521742,0,255.99710856521742,1126.2971739130435
25/12/2025,19,409.56260869565216,0,255.99710856521742,0,255.99710856521742,1126.2971739130435
25/12/2025,20,409.56260869565216,0,255.99710856521742,0,255.99710856521742,1126.2971739130435
25/12/2025,21,409.56260869565216,0,255.99710856521742,0,255.99710856521742,1126.2971739130435
25/12/2025,22,409.56260869565216,0,255.99710856521742,0,255.99710856521742,1126.2971739130435
25/12/2025,23,409.56260869565216,0,255.99710856521742,0,255.99710856521742,1126.2971739130435
25/12/2025,24,409.56260869565216,0,255.99710856521742,0,255.99710856521742,1126.2971739130435
26/12/2025,1,409.56260869565216,0,255.99710856521742,0,255.99710856521742,1126.2971739130435
26/12/2025,2,409.56260869565216,0,255.99710856521742,0,255.99710856521742,1126.2971739130435
26/12/2025,3,409.56260869565216,0,255.99710856521742,0,255.99710856521742,1126.2971739130435
26/12/2025,4,409.56260869565216,0,255.99710856521742,0,255.99710856521742,1126.2971739130435
26/12/2025,5,409.56260869565216,0,255.99710856521742,0,255.99710856521742,1126.2971739130435
26/12/2025,6,409.56260869565216,0,255.99710856521742,0,255.99710856521742,1126.2971739130435
26/12/2025,7,409.56260869565216,0,255.99710856521742,0,255.99710856521742,1126.2971739130435
26/12/2025,8,409.56260869565216,0,255.99710856521742,0,255.99710856521742,1126.2971739130435
26/12/2025,9,409.56260869565216,0,255.99710856521742,0,255.99710856521742,1126.2971739130435
26/12/2025,10,409.56260869565216,0,255.99710856521742,0,255.99710856521742,1126.2971739130435
26/12/2025,11,409.56260869565216,0,255.99710856521742,0,255.99710856521742,1126.2971739130435
26/12/2025,12,409.56260869565216,0,255.99710856521742,0,255.99710856521742,1126.2971739130435
26/12/2025,13,409.56260869565216,0,255.99710856521742,0,255.99710856521742,1126.2971739130435
26/12/2025,14,409.56260869565216,0,255.99710856521742,0,255.99710856521742,1126.2971739130435
26/12/2025,15,409.56260869565216,0,255.99710856521742,0,255.99710856521742,1126.2971739130435
26/12/2025,16,409.56260869565216,0,255.99710856521742,0,255.99710856521742,1126.2971739130435
26/12/2025,17,409.56260869565216,0,255.99710856521742,0,255.99710856521742,1126.2971739130435
26/12/2025,18,409.56260869565216,0,255.99710856521742,0,255.99710856521742,1126.2971739130435
26/12/2025,19,409.56260869565216,0,255.99710856521742,0,255.99710856521742,1126.2971739130435
26/12/2025,20,409.56260869565216,0,255.99710856521742,0,255.99710856521742,1126.2971739130435
26/12/2025,21,409.56260869565216,0,255.99710856521742,0,255.99710856521742,1126.2971739130435
26/12/2025,22,409.56260869565216,0,255.99710856521742,0,255.99710856521742,1126.2971739130435
26/12/2025,23,409.56260869565216,0,255.99710856521742,0,255.99710856521742,1126.2971739130435
26/12/2025,24,409.56260869565216,0,255.99710856521742,0,255.99710856521742,1126.2971739130435
27/12/2025,1,409.56260869565216,0,255.99710856521742,0,255.99710856521742,1126.2971739130435
27/12/2025,2,409.56260869565216,0,255.99710856521742,0,255.99710856521742,1126.2971739130435
27/12/2025,3,409.56260869565216,0,255.99710856521742,0,255.99710856521742,1126.2971739130435
27/12/2025,4,409.56260869565216,0,255.99710856521742,0,255.99710856521742,1126.2971739130435
27/12/2025,5,409.56260869565216,0,255.99710856521742,0,255.99710856521742,1126.2971739130435
27/12/2025,6,409.56260869565216,0,255.99710856521742,0,255.99710856521742,1126.2971739130435
27/12/2025,7,409.56260869565216,0,255.99710856521742,0,255.99710856521742,1126.2971739130435
27/12/2025,8,409.56260869565216,0,255.99710856521742,0,255.99710856521742,1126.2971739130435
27/12/2025,9,409.56260869565216,0,255.99710856521742,0,255.99710856521742,1126.2971739130435
27/12/2025,10,409.56260869565216,0,255.99710856521742,0,255.99710856521742,1126.2971739130435
27/12/2025,11,409.56260869565216,0,255.99710856521742,0,255.99710856521742,1126.2971739130435
27/12/2025,12,409.56260869565216,0,255.99710856521742,0,255.99710856521742,1126.2971739130435
27/12/2025,13,409.56260869565216,0,255.99710856521742,0,255.99710856521742,1126.2971739130435
27/12/2025,14,409.56260869565216,0,255.99710856521742,0,255.99710856521742,1126.2971739130435
27/12/2025,15,409.56260869565216,0,255.99710856521742,0,255.99710856521742,1126.2971739130435
27/12/2025,16,409.56260869565216,0,255.99710856521742,0,255.99710856521742,1126.2971739130435
27/12/2025,17,409.56260869565216,0,255.99710856521742,0,255.99710856521742,1126.2971739130435
27/12/2025,18,409.56260869565216,0,255.99710856521742,0,255.99710856521742,1126.2971739130435
27/12/2025,19,409.56260869565216,0,255.99710856521742,0,255.99710856521742,1126.2971739130435
27/12/2025,20,409.56260869565216,0,255.99710856521742,0,255.99710856521742,1126.2971739130435
27/12/2025,21,409.56260869565216,0,255.99710856521742,0,255.99710856521742,1126.2971739130435
27/12/2025,22,409.56260869565216,0,255.99710856521742,0,255.99710856521742,1126.2971739130435
27/12/2025,23,409.56260869565216,0,255.99710856521742,0,255.99710856521742,1126.2971739130435
27/12/2025,24,409.56260869565216,0,255.99710856521742,0,255.99710856521742,1126.2971739130435
28/12/2025,1,409.56260869565216,0,255.99710856521742,0,255.99710856521742,1126.2971739130435
28/12/2025,2,409.56260869565216,0,255.99710856521742,0,255.99710856521742,1126.2971739130435
28/12/2025,3,409.56260869565216,0,255.99710856521742,0,255.99710856521742,1126.2971739130435
28/12/2025,4,409.56260869565216,0,255.99710856521742,0,255.99710856521742,1126.2971739130435
28/12/2025,5,409.56260869565216,0,255.99710856521742,0,255.99710856521742,1126.2971739130435
28/12/2025,6,409.56260869565216,0,255.99710856521742,0,255.99710856521742,1126.2971739130435
28/12/2025,7,409.56260869565216,0,255.99710856521742,0,255.99710856521742,1126.2971739130435
28/12/2025,8,409.56260869565216,0,255.99710856521742,0,255.99710856521742,1126.2971739130435
28/12/2025,9,409.56260869565216,0,255.99710856521742,0,255.99710856521742,1126.2971739130435
28/12/2025,10,409.56260869565216,0,255.99710856521742,0,255.99710856521742,1126.2971739130435
28/12/2025,11,409.56260869565216,0,255.99710856521742,0,255.99710856521742,1126.2971739130435
28/12/2025,12,409.56260869565216,0,255.99710856521742,0,255.99710856521742,1126.2971739130435
28/12/2025,13,409.56260869565216,0,255.99710856521742,0,255.99710856521742,1126.2971739130435
28/12/2025,14,409.56260869565216,0,255.99710856521742,0,255.99710856521742,1126.2971739130435
28/12/2025,15,409.56260869565216,0,255.99710856521742,0,255.99710856521742,1126.2971739130435
28/12/2025,16,409.56260869565216,0,255.99710856521742,0,255.99710856521742,1126.2971739130435
28/12/2025,17,409.56260869565216,0,255.99710856521742,0,255.99710856521742,1126.2971739130435
28/12/2025,18,409.56260869565216,0,255.99710856521742,0,255.99710856521742,1126.2971739130435
28/12/2025,19,409.56260869565216,0,255.99710856521742,0,255.99710856521742,1126.2971739130435
28/12/2025,20,409.56260869565216,0,255.99710856521742,0,255.99710856521742,1126.2971739130435
28/12/2025,21,409.56260869565216,0,255.99710856521742,0,255.99710856521742,1126.2971739130435
28/12/2025,22,409.56260869565216,0,255.99710856521742,0,255.99710856521742,1126.2971739130435
28/12/2025,23,409.56260869565216,0,255.99710856521742,0,255.99710856521742,1126.2971739130435
28/12/2025,24,409.56260869565216,0,255.99710856521742,0,255.99710856521742,1126.2971739130435
29/12/2025,1,409.56260869565216,0,255.99710856521742,0,255.99710856521742,1126.2971739130435
29/12/2025,2,409.56260869565216,0,255.99710856521742,0,255.99710856521742,1126.2971739130435
29/12/2025,3,409.56260869565216,0,255.99710856521742,0,255.99710856521742,1126.2971739130435
29/12/2025,4,409.56260869565216,0,255.99710856521742,0,255.99710856521742,1126.2971739130435
29/12/2025,5,409.56260869565216,0,255.99710856521742,0,255.99710856521742,1126.2971739130435
29/12/2025,6,409.56260869565216,0,255.99710856521742,0,255.99710856521742,1126.2971739130435
29/12/2025,7,409.56260869565216,0,255.99710856521742,0,255.99710856521742,1126.2971739130435
29/12/2025,8,409.56260869565216,0,255.99710856521742,0,255.99710856521742,1126.2971739130435
29/12/2025,9,409.56260869565216,0,255.99710856521742,0,255.99710856521742,1126.2971739130435
29/12/2025,10,409.56260869565216,0,255.99710856521742,0,255.99710856521742,1126.2971739130435
29/12/2025,11,409.56260869565216,0,255.99710856521742,0,255.99710856521742,1126.2971739130435
29/12/2025,12,409.56260869565216,0,255.99710856521742,0,255.99710856521742,1126.2971739130435
29/12/2025,13,409.56260869565216,0,255.99710856521742,0,255.99710856521742,1126.2971739130435
29/12/2025,14,409.56260869565216,0,255.99710856521742,0,255.99710856521742,1126.2971739130435
29/12/2025,15,409.56260869565216,0,255.99710856521742,0,255.99710856521742,1126.2971739130435
29/12/2025,16,409.56260869565216,0,255.99710856521742,0,255.99710856521742,1126.2971739130435
29/12/2025,17,409.56260869565216,0,255.99710856521742,0,255.99710856521742,1126.2971739130435
29/12/2025,18,409.56260869565216,0,255.99710856521742,0,255.99710856521742,1126.2971739130435
29/12/2025,19,409.56260869565216,0,255.99710856521742,0,255.99710856521742,1126.2971739130435
29/12/2025,20,409.56260869565216,0,255.99710856521742,0,255.99710856521742,1126.2971739130435
29/12/2025,21,409.56260869565216,0,255.99710856521742,0,255.99710856521742,1126.2971739130435
29/12/2025,22,409.56260869565216,0,255.99710856521742,0,255.99710856521742,1126.2971739130435
29/12/2025,23,409.56260869565216,0,255.99710856521742,0,255.99710856521742,1126.2971739130435
29/12/2025,24,409.56260869565216,0,255.99710856521742,0,255.99710856521742,1126.2971739130435
30/12/2025,1,409.56260869565216,0,255.99710856521742,0,255.99710856521742,1126.2971739130435
30/12/2025,2,409.56260869565216,0,255.99710856521742,0,255.99710856521742,1126.2971739130435
30/12/2025,3,409.56260869565216,0,255.99710856521742,0,255.99710856521742,1126.2971739130435
30/12/2025,4,409.56260869565216,0,255.99710856521742,0,255.99710856521742,1126.2971739130435
30/12/2025,5,409.56260869565216,0,255.99710856521742,0,255.99710856521742,1126.2971739130435
30/12/2025,6,409.56260869565216,0,255.99710856521742,0,255.99710856521742,1126.2971739130435
30/12/2025,7,409.56260869565216,0,255.99710856521742,0,255.99710856521742,1126.2971739130435
30/12/2025,8,409.56260869565216,0,255.99710856521742,0,255.99710856521742,1126.2971739130435
30/12/2025,9,409.56260869565216,0,255.99710856521742,0,255.99710856521742,1126.2971739130435
30/12/2025,10,409.56260869565216,0,255.99710856521742,0,255.99710856521742,1126.2971739130435
30/12/2025,11,409.56260869565216,0,255.99710856521742,0,255.99710856521742,1126.2971739130435
30/12/2025,12,409.56260869565216,0,255.99710856521742,0,255.99710856521742,1126.2971739130435
30/12/2025,13,409.56260869565216,0,255.99710856521742,0,255.99710856521742,1126.2971739130435
30/12/2025,14,409.56260869565216,0,255.99710856521742,0,255.99710856521742,1126.2971739130435
30/12/2025,15,409.56260869565216,0,255.99710856521742,0,255.99710856521742,1126.2971739130435
30/12/2025,16,409.56260869565216,0,255.99710856521742,0,255.99710856521742,1126.2971739130435
30/12/2025,17,409.56260869565216,0,255.99710856521742,0,255.99710856521742,1126.2971739130435
30/12/2025,18,409.56260869565216,0,255.99710856521742,0,255.99710856521742,1126.2971739130435
30/12/2025,19,409.56260869565216,0,255.99710856521742,0,255.99710856521742,1126.2971739130435
30/12/2025,20,409.56260869565216,0,255.99710856521742,0,255.99710856521742,1126.2971739130435
30/12/2025,21,409.56260869565216,0,255.99710856521742,0,255.99710856521742,1126.2971739130435
30/12/2025,22,409.56260869565216,0,255.99710856521742,0,255.99710856521742,1126.2971739130435
30/12/2025,23,409.56260869565216,0,255.99710856521742,0,255.99710856521742,1126.2971739130435
30/12/2025,24,409.56260869565216,0,255.99710856521742,0,255.99710856521742,1126.2971739130435
31/12/2025,1,409.56260869565216,0,255.99710856521742,0,255.99710856521742,1126.2971739130435
31/12/2025,2,409.56260869565216,0,255.99710856521742,0,255.99710856521742,1126.2971739130435
31/12/2025,3,409.56260869565216,0,255.99710856521742,0,255.99710856521742,1126.2971739130435
31/12/2025,4,409.56260869565216,0,255.99710856521742,0,255.99710856521742,1126.2971739130435
31/12/2025,5,409.56260869565216,0,255.99710856521742,0,255.99710856521742,1126.2971739130435
31/12/2025,6,409.56260869565216,0,255.99710856521742,0,255.99710856521742,1126.2971739130435
31/12/2025,7,409.56260869565216,0,255.99710856521742,0,255.99710856521742,1126.2971739130435
31/12/2025,8,409.56260869565216,0,255.99710856521742,0,255.99710856521742,1126.2971739130435
31/12/2025,9,409.56260869565216,0,255.99710856521742,0,255.99710856521742,1126.2971739130435
31/12/2025,10,409.56260869565216,0,255.99710856521742,0,255.99710856521742,1126.2971739130435
31/12/2025,11,409.56260869565216,0,255.99710856521742,0,255.99710856521742,1126.2971739130435
31/12/2025,12,409.56260869565216,0,255.99710856521742,0,255.99710856521742,1126.2971739130435
31/12/2025,13,409.56260869565216,0,255.99710856521742,0,255.99710856521742,1126.2971739130435
31/12/2025,14,409.56260869565216,0,255.99710856521742,0,255.99710856521742,1126.2971739130435
31/12/2025,15,409.56260869565216,0,255.99710856521742,0,255.99710856521742,1126.2971739130435
31/12/2025,16,409.56260869565216,0,255.99710856521742,0,255.99710856521742,1126.2971739130435
31/12/2025,17,409.56260869565216,0,255.99710856521742,0,255.99710856521742,1126.2971739130435
31/12/2025,18,409.56260869565216,0,255.99710856521742,0,255.99710856521742,1126.2971739130435
31/12/2025,19,409.56260869565216,0,255.99710856521742,0,255.99710856521742,1126.2971739130435
31/12/2025,20,409.56260869565216,0,255.99710856521742,0,255.99710856521742,1126.2971739130435
31/12/2025,21,409.56260869565216,0,255.99710856521742,0,255.99710856521742,1126.2971739130435
31/12/2025,22,409.56260869565216,0,255.99710856521742,0,255.99710856521742,1126.2971739130435
31/12/2025,23,409.56260869565216,0,255.99710856521742,0,255.99710856521742,1126.2971739130435
31/12/2025,24,409.56260869565216,0,255.99710856521742,0,255.99710856521742,1126.2971739130435
