date,hour,electricity_price,temperature,methane,electric_power,gas_cost,electricity_cost,total_cost
01/01/2025,1,138.7,250,409.56260869565216,0.0,255.99710856521742,0.0,255.99710856521742
01/01/2025,2,134.06,250,409.56260869565216,0.0,255.99710856521742,0.0,255.99710856521742
01/01/2025,3,134.41,250,409.56260869565216,0.0,255.99710856521742,0.0,255.99710856521742
01/01/2025,4,131.99,250,409.56260869565216,0.0,255.99710856521742,0.0,255.99710856521742
01/01/2025,5,131.99,250,409.56260869565216,0.0,255.99710856521742,0.0,255.99710856521742
01/01/2025,6,131.99,250,409.56260869565216,0.0,255.99710856521742,0.0,255.99710856521742
01/01/2025,7,138.0,250,409.56260869565216,0.0,255.99710856521742,0.0,255.99710856521742
01/01/2025,8,140.15,250,409.56260869565216,0.0,255.99710856521742,0.0,255.99710856521742
01/01/2025,9,136.62,250,409.56260869565216,0.0,255.99710856521742,0.0,255.99710856521742
01/01/2025,10,129.82,250,409.56260869565216,0.0,255.99710856521742,0.0,255.99710856521742
01/01/2025,11,125.57,250,409.56260869565216,0.0,255.99710856521742,0.0,255.99710856521742
01/01/2025,12,120.22,250,409.56260869565216,0.0,255.99710856521742,0.0,255.99710856521742
01/01/2025,13,121.0,250,409.56260869565216,0.0,255.99710856521742,0.0,255.99710856521742
01/01/2025,14,116.68,250,409.56260869565216,0.0,255.99710856521742,0.0,255.99710856521742
01/01/2025,15,122.43,250,409.56260869565216,0.0,255.99710856521742,0.0,255.99710856521742
01/01/2025,16,134.4,250,409.56260869565216,0.0,255.99710856521742,0.0,255.99710856521742
01/01/2025,17,148.34,250,409.56260869565216,0.0,255.99710856521742,0.0,255.99710856521742
01/01/2025,18,170.0,250,409.56260869565216,0.0,255.99710856521742,0.0,255.99710856521742
01/01/2025,19,174.0,250,409.56260869565216,0.0,255.99710856521742,0.0,255.99710856521742
01/01/2025,20,174.0,250,409.56260869565216,0.0,255.99710856521742,0.0,255.99710856521742
01/01/2025,21,174.0,250,409.56260869565216,0.0,255.99710856521742,0.0,255.99710856521742
01/01/2025,22,163.12,250,409.56260869565216,0.0,255.99710856521742,0.0,255.99710856521742
01/01/2025,23,150.0,250,409.56260869565216,0.0,255.99710856521742,0.0,255.99710856521742
01/01/2025,24,135.99,250,409.56260869565216,0.0,255.99710856521742,0.0,255.99710856521742
02/01/2025,1,131.0,250,409.56260869565216,0.0,255.99710856521742,0.0,255.99710856521742
02/01/2025,2,126.09,250,409.56260869565216,0.0,255.99710856521742,0.0,255.99710856521742
02/01/2025,3,117.54,250,409.56260869565216,0.0,255.99710856521742,0.0,255.99710856521742
02/01/2025,4,115.78,250,409.56260869565216,0.0,255.99710856521742,0.0,255.99710856521742
02/01/2025,5,117.4,250,409.56260869565216,0.0,255.99710856521742,0.0,255.99710856521742
02/01/2025,6,124.87,250,409.56260869565216,0.0,255.99710856521742,0.0,255.99710856521742
02/01/2025,7,134.21,250,409.56260869565216,0.0,255.99710856521742,0.0,255.99710856521742
02/01/2025,8,155.64,250,409.56260869565216,0.0,255.99710856521742,0.0,255.99710856521742
02/01/2025,9,164.01,250,409.56260869565216,0.0,255.99710856521742,0.0,255.99710856521742
02/01/2025,10,160.0,250,409.56260869565216,0.0,255.99710856521742,0.0,255.99710856521742
02/01/2025,11,142.28,250,409.56260869565216,0.0,255.99710856521742,0.0,255.99710856521742
02/01/2025,12,134.21,250,409.56260869565216,0.0,255.99710856521742,0.0,255.99710856521742
02/01/2025,13,131.65,250,409.56260869565216,0.0,255.99710856521742,0.0,255.99710856521742
02/01/2025,14,130.26,250,409.56260869565216,0.0,255.99710856521742,0.0,255.99710856521742
02/01/2025,15,132.41,250,409.56260869565216,0.0,255.99710856521742,0.0,255.99710856521742
02/01/2025,16,135.29,250,409.56260869565216,0.0,255.99710856521742,0.0,255.99710856521742
02/01/2025,17,159.64,250,409.56260869565216,0.0,255.99710856521742,0.0,255.99710856521742
02/01/2025,18,170.0,250,409.56260869565216,0.0,255.99710856521742,0.0,255.99710856521742
02/01/2025,19,159.64,250,409.56260869565216,0.0,255.99710856521742,0.0,255.99710856521742
02/01/2025,20,159.64,250,409.56260869565216,0.0,255.99710856521742,0.0,255.99710856521742
02/01/2025,21,150.29,250,409.56260869565216,0.0,255.99710856521742,0.0,255.99710856521742
02/01/2025,22,134.99,250,409.56260869565216,0.0,255.99710856521742,0.0,255.99710856521742
02/01/2025,23,132.12,250,409.56260869565216,0.0,255.99710856521742,0.0,255.99710856521742
02/01/2025,24,124.98,250,409.56260869565216,0.0,255.99710856521742,0.0,255.99710856521742
03/01/2025,1,117.1,250,409.56260869565216,0.0,255.99710856521742,0.0,255.99710856521742
03/01/2025,2,105.0,250,409.56260869565216,0.0,255.99710856521742,0.0,255.99710856521742
03/01/2025,3,97.0,250,409.56260869565216,0.0,255.99710856521742,0.0,255.99710856521742
03/01/2025,4,97.0,250,409.56260869565216,0.0,255.99710856521742,0.0,255.99710856521742
03/01/2025,5,99.78,250,409.56260869565216,0.0,255.99710856521742,0.0,255.99710856521742
03/01/2025,6,105.0,250,409.56260869565216,0.0,255.99710856521742,0.0,255.99710856521742
03/01/2025,7,121.98,250,409.56260869565216,0.0,255.99710856521742,0.0,255.99710856521742
03/01/2025,8,136.0,250,409.56260869565216,0.0,255.99710856521742,0.0,255.99710856521742
03/01/2025,9,141.68,250,409.56260869565216,0.0,255.99710856521742,0.0,255.99710856521742
03/01/2025,10,137.29,250,409.56260869565216,0.0,255.99710856521742,0.0,255.99710856521742
03/01/2025,11,131.0,250,409.56260869565216,0.0,255.99710856521742,0.0,255.99710856521742
03/01/2025,12,123.2,250,409.56260869565216,0.0,255.99710856521742,0.0,255.99710856521742
03/01/2025,13,119.93,250,409.56260869565216,0.0,255.99710856521742,0.0,255.99710856521742
03/01/2025,14,115.9,250,409.56260869565216,0.0,255.99710856521742,0.0,255.99710856521742
03/01/2025,15,121.67,250,409.56260869565216,0.0,255.99710856521742,0.0,255.99710856521742
03/01/2025,16,132.2,250,409.56260869565216,0.0,255.99710856521742,0.0,255.99710856521742
03/01/2025,17,143.0,250,409.56260869565216,0.0,255.99710856521742,0.0,255.99710856521742
03/01/2025,18,152.0,250,409.56260869565216,0.0,255.99710856521742,0.0,255.99710856521742
03/01/2025,19,150.0,250,409.56260869565216,0.0,255.99710856521742,0.0,255.99710856521742
03/01/2025,20,149.66,250,409.56260869565216,0.0,255.99710856521742,0.0,255.99710856521742
03/01/2025,21,140.0,250,409.56260869565216,0.0,255.99710856521742,0.0,255.99710856521742
03/01/2025,22,137.0,250,409.56260869565216,0.0,255.99710856521742,0.0,255.99710856521742
03/01/2025,23,135.2,250,409.56260869565216,0.0,255.99710856521742,0.0,255.99710856521742
03/01/2025,24,126.09,250,409.56260869565216,0.0,255.99710856521742,0.0,255.99710856521742
04/01/2025,1,140.0,250,409.56260869565216,0.0,255.99710856521742,0.0,255.99710856521742
04/01/2025,2,128.11,250,409.56260869565216,0.0,255.99710856521742,0.0,255.99710856521742
04/01/2025,3,125.3,250,409.56260869565216,0.0,255.99710856521742,0.0,255.99710856521742
04/01/2025,4,122.36,250,409.56260869565216,0.0,255.99710856521742,0.0,255.99710856521742
04/01/2025,5,122.47,250,409.56260869565216,0.0,255.99710856521742,0.0,255.99710856521742
04/01/2025,6,126.56,250,409.56260869565216,0.0,255.99710856521742,0.0,255.99710856521742
04/01/2025,7,140.0,250,409.56260869565216,0.0,255.99710856521742,0.0,255.99710856521742
04/01/2025,8,150.0,250,409.56260869565216,0.0,255.99710856521742,0.0,255.99710856521742
04/01/2025,9,155.0,250,409.56260869565216,0.0,255.99710856521742,0.0,255.99710856521742
04/01/2025,10,152.8,250,409.56260869565216,0.0,255.99710856521742,0.0,255.99710856521742
04/01/2025,11,144.8,250,409.56260869565216,0.0,255.99710856521742,0.0,255.99710856521742
04/01/2025,12,131.6,250,409.56260869565216,0.0,255.99710856521742,0.0,255.99710856521742
04/01/2025,13,130.03,250,409.56260869565216,0.0,255.99710856521742,0.0,255.99710856521742
04/01/2025,14,129.85,250,409.56260869565216,0.0,255.99710856521742,0.0,255.99710856521742
04/01/2025,15,137.1,250,409.56260869565216,0.0,255.99710856521742,0.0,255.99710856521742
04/01/2025,16,148.33,250,409.56260869565216,0.0,255.99710856521742,0.0,255.99710856521742
04/01/2025,17,162.17,250,409.56260869565216,0.0,255.99710856521742,0.0,255.99710856521742
04/01/2025,18,172.67,250,409.56260869565216,0.0,255.99710856521742,0.0,255.99710856521742
04/01/2025,19,174.0,250,409.56260869565216,0.0,255.99710856521742,0.0,255.99710856521742
04/01/2025,20,174.0,250,409.56260869565216,0.0,255.99710856521742,0.0,255.99710856521742
04/01/2025,21,169.87,250,409.56260869565216,0.0,255.99710856521742,0.0,255.99710856521742
04/01/2025,22,158.36,250,409.56260869565216,0.0,255.99710856521742,0.0,255.99710856521742
04/01/2025,23,148.33,250,409.56260869565216,0.0,255.99710856521742,0.0,255.99710856521742
04/01/2025,24,145.48,250,409.56260869565216,0.0,255.99710856521742,0.0,255.99710856521742
05/01/2025,1,155.0,250,409.56260869565216,0.0,255.99710856521742,0.0,255.99710856521742
05/01/2025,2,141.72,250,409.56260869565216,0.0,255.99710856521742,0.0,255.99710856521742
05/01/2025,3,135.2,250,409.56260869565216,0.0,255.99710856521742,0.0,255.99710856521742
05/01/2025,4,132.24,250,409.56260869565216,0.0,255.99710856521742,0.0,255.99710856521742
05/01/2025,5,130.05,250,409.56260869565216,0.0,255.99710856521742,0.0,255.99710856521742
05/01/2025,6,130.05,250,409.56260869565216,0.0,255.99710856521742,0.0,255.99710856521742
05/01/2025,7,135.2,250,409.56260869565216,0.0,255.99710856521742,0.0,255.99710856521742
05/01/2025,8,141.72,250,409.56260869565216,0.0,255.99710856521742,0.0,255.99710856521742
05/01/2025,9,141.72,250,409.56260869565216,0.0,255.99710856521742,0.0,255.99710856521742
05/01/2025,10,145.0,250,409.56260869565216,0.0,255.99710856521742,0.0,255.99710856521742
05/01/2025,11,141.72,250,409.56260869565216,0.0,255.99710856521742,0.0,255.99710856521742
05/01/2025,12,141.72,250,409.56260869565216,0.0,255.99710856521742,0.0,255.99710856521742
05/01/2025,13,140.0,250,409.56260869565216,0.0,255.99710856521742,0.0,255.99710856521742
05/01/2025,14,135.2,250,409.56260869565216,0.0,255.99710856521742,0.0,255.99710856521742
05/01/2025,15,135.2,250,409.56260869565216,0.0,255.99710856521742,0.0,255.99710856521742
05/01/2025,16,141.72,250,409.56260869565216,0.0,255.99710856521742,0.0,255.99710856521742
05/01/2025,17,155.14,250,409.56260869565216,0.0,255.99710856521742,0.0,255.99710856521742
05/01/2025,18,160.84,250,409.56260869565216,0.0,255.99710856521742,0.0,255.99710856521742
05/01/2025,19,165.0,250,409.56260869565216,0.0,255.99710856521742,0.0,255.99710856521742
05/01/2025,20,166.0,250,409.56260869565216,0.0,255.99710856521742,0.0,255.99710856521742
05/01/2025,21,159.98,250,409.56260869565216,0.0,255.99710856521742,0.0,255.99710856521742
05/01/2025,22,150.0,250,409.56260869565216,0.0,255.99710856521742,0.0,255.99710856521742
05/01/2025,23,141.72,250,409.56260869565216,0.0,255.99710856521742,0.0,255.99710856521742
05/01/2025,24,132.42,250,409.56260869565216,0.0,255.99710856521742,0.0,255.99710856521742
06/01/2025,1,132.24,250,409.56260869565216,0.0,255.99710856521742,0.0,255.99710856521742
06/01/2025,2,126.59,250,409.56260869565216,0.0,255.99710856521742,0.0,255.99710856521742
06/01/2025,3,120.3,250,409.56260869565216,0.0,255.99710856521742,0.0,255.99710856521742
06/01/2025,4,110.42,250,409.56260869565216,0.0,255.99710856521742,0.0,255.99710856521742
06/01/2025,5,116.26,250,409.56260869565216,0.0,255.99710856521742,0.0,255.99710856521742
06/01/2025,6,124.47,250,409.56260869565216,0.0,255.99710856521742,0.0,255.99710856521742
06/01/2025,7,129.58,250,409.56260869565216,0.0,255.99710856521742,0.0,255.99710856521742
06/01/2025,8,133.52,250,409.56260869565216,0.0,255.99710856521742,0.0,255.99710856521742
06/01/2025,9,131.42,250,409.56260869565216,0.0,255.99710856521742,0.0,255.99710856521742
06/01/2025,10,134.44,250,409.56260869565216,0.0,255.99710856521742,0.0,255.99710856521742
06/01/2025,11,137.75,250,409.56260869565216,0.0,255.99710856521742,0.0,255.99710856521742
06/01/2025,12,138.07,250,409.56260869565216,0.0,255.99710856521742,0.0,255.99710856521742
06/01/2025,13,140.0,250,409.56260869565216,0.0,255.99710856521742,0.0,255.99710856521742
06/01/2025,14,135.2,250,409.56260869565216,0.0,255.99710856521742,0.0,255.99710856521742
06/01/2025,15,138.14,250,409.56260869565216,0.0,255.99710856521742,0.0,255.99710856521742
06/01/2025,16,144.33,250,409.56260869565216,0.0,255.99710856521742,0.0,255.99710856521742
06/01/2025,17,148.33,250,409.56260869565216,0.0,255.99710856521742,0.0,255.99710856521742
06/01/2025,18,154.37,250,409.56260869565216,0.0,255.99710856521742,0.0,255.99710856521742
06/01/2025,19,155.0,250,409.56260869565216,0.0,255.99710856521742,0.0,255.99710856521742
06/01/2025,20,153.3,250,409.56260869565216,0.0,255.99710856521742,0.0,255.99710856521742
06/01/2025,21,150.6,250,409.56260869565216,0.0,255.99710856521742,0.0,255.99710856521742
06/01/2025,22,147.85,250,409.56260869565216,0.0,255.99710856521742,0.0,255.99710856521742
06/01/2025,23,142.85,250,409.56260869565216,0.0,255.99710856521742,0.0,255.99710856521742
06/01/2025,24,129.32,250,409.56260869565216,0.0,255.99710856521742,0.0,255.99710856521742
07/01/2025,1,130.14,250,409.56260869565216,0.0,255.99710856521742,0.0,255.99710856521742
07/01/2025,2,116.26,250,409.56260869565216,0.0,255.99710856521742,0.0,255.99710856521742
07/01/2025,3,110.1,250,409.56260869565216,0.0,255.99710856521742,0.0,255.99710856521742
07/01/2025,4,109.61,250,409.56260869565216,0.0,255.99710856521742,0.0,255.99710856521742
07/01/2025,5,110.1,250,409.56260869565216,0.0,255.99710856521742,0.0,255.99710856521742
07/01/2025,6,128.9,250,409.56260869565216,0.0,255.99710856521742,0.0,255.99710856521742
07/01/2025,7,154.28,250,409.56260869565216,0.0,255.99710856521742,0.0,255.99710856521742
07/01/2025,8,169.45,250,409.56260869565216,0.0,255.99710856521742,0.0,255.99710856521742
07/01/2025,9,181.27,250,409.56260869565216,0.0,255.99710856521742,0.0,255.99710856521742
07/01/2025,10,169.45,250,409.56260869565216,0.0,255.99710856521742,0.0,255.99710856521742
07/01/2025,11,150.0,250,409.56260869565216,0.0,255.99710856521742,0.0,255.99710856521742
07/01/2025,12,145.01,250,409.56260869565216,0.0,255.99710856521742,0.0,255.99710856521742
07/01/2025,13,135.12,250,409.56260869565216,0.0,255.99710856521742,0.0,255.99710856521742
07/01/2025,14,133.91,250,409.56260869565216,0.0,255.99710856521742,0.0,255.99710856521742
07/01/2025,15,143.4,250,409.56260869565216,0.0,255.99710856521742,0.0,255.99710856521742
07/01/2025,16,150.8,250,409.56260869565216,0.0,255.99710856521742,0.0,255.99710856521742
07/01/2025,17,161.46,250,409.56260869565216,0.0,255.99710856521742,0.0,255.99710856521742
07/01/2025,18,170.0,250,409.56260869565216,0.0,255.99710856521742,0.0,255.99710856521742
07/01/2025,19,162.14,250,409.56260869565216,0.0,255.99710856521742,0.0,255.99710856521742
07/01/2025,20,163.0,250,409.56260869565216,0.0,255.99710856521742,0.0,255.99710856521742
07/01/2025,21,150.0,250,409.56260869565216,0.0,255.99710856521742,0.0,255.99710856521742
07/01/2025,22,140.43,250,409.56260869565216,0.0,255.99710856521742,0.0,255.99710856521742
07/01/2025,23,135.77,250,409.56260869565216,0.0,255.99710856521742,0.0,255.99710856521742
07/01/2025,24,130.11,250,409.56260869565216,0.0,255.99710856521742,0.0,255.99710856521742
08/01/2025,1,123.9,250,409.56260869565216,0.0,255.99710856521742,0.0,255.99710856521742
08/01/2025,2,109.73,250,409.56260869565216,0.0,255.99710856521742,0.0,255.99710856521742
08/01/2025,3,106.48,250,409.56260869565216,0.0,255.99710856521742,0.0,255.99710856521742
08/01/2025,4,101.25,250,409.56260869565216,0.0,255.99710856521742,0.0,255.99710856521742
08/01/2025,5,106.4,250,409.56260869565216,0.0,255.99710856521742,0.0,255.99710856521742
08/01/2025,6,114.47,250,409.56260869565216,0.0,255.99710856521742,0.0,255.99710856521742
08/01/2025,7,131.3,250,409.56260869565216,0.0,255.99710856521742,0.0,255.99710856521742
08/01/2025,8,149.0,250,409.56260869565216,0.0,255.99710856521742,0.0,255.99710856521742
08/01/2025,9,158.26,250,409.56260869565216,0.0,255.99710856521742,0.0,255.99710856521742
08/01/2025,10,149.5,250,409.56260869565216,0.0,255.99710856521742,0.0,255.99710856521742
08/01/2025,11,138.1,250,409.56260869565216,0.0,255.99710856521742,0.0,255.99710856521742
08/01/2025,12,133.63,250,409.56260869565216,0.0,255.99710856521742,0.0,255.99710856521742
08/01/2025,13,126.49,250,409.56260869565216,0.0,255.99710856521742,0.0,255.99710856521742
08/01/2025,14,128.6,250,409.56260869565216,0.0,255.99710856521742,0.0,255.99710856521742
08/01/2025,15,135.3,250,409.56260869565216,0.0,255.99710856521742,0.0,255.99710856521742
08/01/2025,16,144.0,250,409.56260869565216,0.0,255.99710856521742,0.0,255.99710856521742
08/01/2025,17,152.73,250,409.56260869565216,0.0,255.99710856521742,0.0,255.99710856521742
08/01/2025,18,154.4,250,409.56260869565216,0.0,255.99710856521742,0.0,255.99710856521742
08/01/2025,19,151.0,250,409.56260869565216,0.0,255.99710856521742,0.0,255.99710856521742
08/01/2025,20,150.35,250,409.56260869565216,0.0,255.99710856521742,0.0,255.99710856521742
08/01/2025,21,139.0,250,409.56260869565216,0.0,255.99710856521742,0.0,255.99710856521742
08/01/2025,22,135.35,250,409.56260869565216,0.0,255.99710856521742,0.0,255.99710856521742
08/01/2025,23,132.24,250,409.56260869565216,0.0,255.99710856521742,0.0,255.99710856521742
08/01/2025,24,125.64,250,409.56260869565216,0.0,255.99710856521742,0.0,255.99710856521742
09/01/2025,1,113.3,250,409.56260869565216,0.0,255.99710856521742,0.0,255.99710856521742
09/01/2025,2,106.65,250,409.56260869565216,0.0,255.99710856521742,0.0,255.99710856521742
09/01/2025,3,104.04,250,409.56260869565216,0.0,255.99710856521742,0.0,255.99710856521742
09/01/2025,4,102.88,250,409.56260869565216,0.0,255.99710856521742,0.0,255.99710856521742
09/01/2025,5,105.28,250,409.56260869565216,0.0,255.99710856521742,0.0,255.99710856521742
09/01/2025,6,110.36,250,409.56260869565216,0.0,255.99710856521742,0.0,255.99710856521742
09/01/2025,7,134.4,250,409.56260869565216,0.0,255.99710856521742,0.0,255.99710856521742
09/01/2025,8,142.11,250,409.56260869565216,0.0,255.99710856521742,0.0,255.99710856521742
09/01/2025,9,154.28,250,409.56260869565216,0.0,255.99710856521742,0.0,255.99710856521742
09/01/2025,10,150.25,250,409.56260869565216,0.0,255.99710856521742,0.0,255.99710856521742
09/01/2025,11,142.11,250,409.56260869565216,0.0,255.99710856521742,0.0,255.99710856521742
09/01/2025,12,141.11,250,409.56260869565216,0.0,255.99710856521742,0.0,255.99710856521742
09/01/2025,13,132.1,250,409.56260869565216,0.0,255.99710856521742,0.0,255.99710856521742
09/01/2025,14,134.11,250,409.56260869565216,0.0,255.99710856521742,0.0,255.99710856521742
09/01/2025,15,134.05,250,409.56260869565216,0.0,255.99710856521742,0.0,255.99710856521742
09/01/2025,16,142.11,250,409.56260869565216,0.0,255.99710856521742,0.0,255.99710856521742
09/01/2025,17,159.81,250,409.56260869565216,0.0,255.99710856521742,0.0,255.99710856521742
09/01/2025,18,154.42,250,409.56260869565216,0.0,255.99710856521742,0.0,255.99710856521742
09/01/2025,19,160.0,250,409.56260869565216,0.0,255.99710856521742,0.0,255.99710856521742
09/01/2025,20,151.22,250,409.56260869565216,0.0,255.99710856521742,0.0,255.99710856521742
09/01/2025,21,140.13,250,409.56260869565216,0.0,255.99710856521742,0.0,255.99710856521742
09/01/2025,22,139.3,250,409.56260869565216,0.0,255.99710856521742,0.0,255.99710856521742
09/01/2025,23,134.35,250,409.56260869565216,0.0,255.99710856521742,0.0,255.99710856521742
09/01/2025,24,122.0,250,409.56260869565216,0.0,255.99710856521742,0.0,255.99710856521742
10/01/2025,1,124.5,250,409.56260869565216,0.0,255.99710856521742,0.0,255.99710856521742
10/01/2025,2,115.99,250,409.56260869565216,0.0,255.99710856521742,0.0,255.99710856521742
10/01/2025,3,105.71,250,409.56260869565216,0.0,255.99710856521742,0.0,255.99710856521742
10/01/2025,4,105.3,250,409.56260869565216,0.0,255.99710856521742,0.0,255.99710856521742
10/01/2025,5,105.33,250,409.56260869565216,0.0,255.99710856521742,0.0,255.99710856521742
10/01/2025,6,120.0,250,409.56260869565216,0.0,255.99710856521742,0.0,255.99710856521742
10/01/2025,7,132.6,250,409.56260869565216,0.0,255.99710856521742,0.0,255.99710856521742
10/01/2025,8,145.0,250,409.56260869565216,0.0,255.99710856521742,0.0,255.99710856521742
10/01/2025,9,155.0,250,409.56260869565216,0.0,255.99710856521742,0.0,255.99710856521742
10/01/2025,10,141.38,250,409.56260869565216,0.0,255.99710856521742,0.0,255.99710856521742
10/01/2025,11,131.39,250,409.56260869565216,0.0,255.99710856521742,0.0,255.99710856521742
10/01/2025,12,130.08,250,409.56260869565216,0.0,255.99710856521742,0.0,255.99710856521742
10/01/2025,13,125.74,250,409.56260869565216,0.0,255.99710856521742,0.0,255.99710856521742
10/01/2025,14,125.0,250,409.56260869565216,0.0,255.99710856521742,0.0,255.99710856521742
10/01/2025,15,130.4,250,409.56260869565216,0.0,255.99710856521742,0.0,255.99710856521742
10/01/2025,16,135.0,250,409.56260869565216,0.0,255.99710856521742,0.0,255.99710856521742
10/01/2025,17,145.99,250,409.56260869565216,0.0,255.99710856521742,0.0,255.99710856521742
10/01/2025,18,149.64,250,409.56260869565216,0.0,255.99710856521742,0.0,255.99710856521742
10/01/2025,19,149.54,250,409.56260869565216,0.0,255.99710856521742,0.0,255.99710856521742
10/01/2025,20,148.37,250,409.56260869565216,0.0,255.99710856521742,0.0,255.99710856521742
10/01/2025,21,137.41,250,409.56260869565216,0.0,255.99710856521742,0.0,255.99710856521742
10/01/2025,22,135.0,250,409.56260869565216,0.0,255.99710856521742,0.0,255.99710856521742
10/01/2025,23,130.05,250,409.56260869565216,0.0,255.99710856521742,0.0,255.99710856521742
10/01/2025,24,121.86,250,409.56260869565216,0.0,255.99710856521742,0.0,255.99710856521742
11/01/2025,1,117.99,250,409.56260869565216,0.0,255.99710856521742,0.0,255.99710856521742
11/01/2025,2,108.6,250,409.56260869565216,0.0,255.99710856521742,0.0,255.99710856521742
11/01/2025,3,105.45,250,409.56260869565216,0.0,255.99710856521742,0.0,255.99710856521742
11/01/2025,4,104.74,250,409.56260869565216,0.0,255.99710856521742,0.0,255.99710856521742
11/01/2025,5,102.0,250,409.56260869565216,0.0,255.99710856521742,0.0,255.99710856521742
11/01/2025,6,106.36,250,409.56260869565216,0.0,255.99710856521742,0.0,255.99710856521742
11/01/2025,7,119.21,250,409.56260869565216,0.0,255.99710856521742,0.0,255.99710856521742
11/01/2025,8,126.82,250,409.56260869565216,0.0,255.99710856521742,0.0,255.99710856521742
11/01/2025,9,138.48,250,409.56260869565216,0.0,255.99710856521742,0.0,255.99710856521742
11/01/2025,10,148.24,250,409.56260869565216,0.0,255.99710856521742,0.0,255.99710856521742
11/01/2025,11,140.0,250,409.56260869565216,0.0,255.99710856521742,0.0,255.99710856521742
11/01/2025,12,129.93,250,409.56260869565216,0.0,255.99710856521742,0.0,255.99710856521742
11/01/2025,13,125.05,250,409.56260869565216,0.0,255.99710856521742,0.0,255.99710856521742
11/01/2025,14,121.96,250,409.56260869565216,0.0,255.99710856521742,0.0,255.99710856521742
11/01/2025,15,130.0,250,409.56260869565216,0.0,255.99710856521742,0.0,255.99710856521742
11/01/2025,16,138.48,250,409.56260869565216,0.0,255.99710856521742,0.0,255.99710856521742
11/01/2025,17,148.74,250,409.56260869565216,0.0,255.99710856521742,0.0,255.99710856521742
11/01/2025,18,155.2,250,409.56260869565216,0.0,255.99710856521742,0.0,255.99710856521742
11/01/2025,19,149.64,250,409.56260869565216,0.0,255.99710856521742,0.0,255.99710856521742
11/01/2025,20,147.64,250,409.56260869565216,0.0,255.99710856521742,0.0,255.99710856521742
11/01/2025,21,132.25,250,409.56260869565216,0.0,255.99710856521742,0.0,255.99710856521742
11/01/2025,22,122.41,250,409.56260869565216,0.0,255.99710856521742,0.0,255.99710856521742
11/01/2025,23,119.0,250,409.56260869565216,0.0,255.99710856521742,0.0,255.99710856521742
11/01/2025,24,106.1,250,409.56260869565216,0.0,255.99710856521742,0.0,255.99710856521742
12/01/2025,1,110.36,250,409.56260869565216,0.0,255.99710856521742,0.0,255.99710856521742
12/01/2025,2,97.57,250,409.56260869565216,0.0,255.99710856521742,0.0,255.99710856521742
12/01/2025,3,90.0,250,409.56260869565216,0.0,255.99710856521742,0.0,255.99710856521742
12/01/2025,4,85.91,250,409.56260869565216,0.0,255.99710856521742,0.0,255.99710856521742
12/01/2025,5,85.0,250,409.56260869565216,0.0,255.99710856521742,0.0,255.99710856521742
12/01/2025,6,85.7,250,409.56260869565216,0.0,255.99710856521742,0.0,255.99710856521742
12/01/2025,7,90.13,250,409.56260869565216,0.0,255.99710856521742,0.0,255.99710856521742
12/01/2025,8,103.68,250,409.56260869565216,0.0,255.99710856521742,0.0,255.99710856521742
12/01/2025,9,118.48,250,409.56260869565216,0.0,255.99710856521742,0.0,255.99710856521742
12/01/2025,10,120.07,250,409.56260869565216,0.0,255.99710856521742,0.0,255.99710856521742
12/01/2025,11,117.77,250,409.56260869565216,0.0,255.99710856521742,0.0,255.99710856521742
12/01/2025,12,111.77,250,409.56260869565216,0.0,255.99710856521742,0.0,255.99710856521742
12/01/2025,13,109.59,250,409.56260869565216,0.0,255.99710856521742,0.0,255.99710856521742
12/01/2025,14,100.0,250,409.56260869565216,0.0,255.99710856521742,0.0,255.99710856521742
12/01/2025,15,105.34,250,409.56260869565216,0.0,255.99710856521742,0.0,255.99710856521742
12/01/2025,16,120.0,250,409.56260869565216,0.0,255.99710856521742,0.0,255.99710856521742
12/01/2025,17,135.0,250,409.56260869565216,0.0,255.99710856521742,0.0,255.99710856521742
12/01/2025,18,142.77,250,409.56260869565216,0.0,255.99710856521742,0.0,255.99710856521742
12/01/2025,19,146.66,250,409.56260869565216,0.0,255.99710856521742,0.0,255.99710856521742
12/01/2025,20,144.24,250,409.56260869565216,0.0,255.99710856521742,0.0,255.99710856521742
12/01/2025,21,135.99,250,409.56260869565216,0.0,255.99710856521742,0.0,255.99710856521742
12/01/2025,22,127.84,250,409.56260869565216,0.0,255.99710856521742,0.0,255.99710856521742
12/01/2025,23,121.61,250,409.56260869565216,0.0,255.99710856521742,0.0,255.99710856521742
12/01/2025,24,114.9,250,409.56260869565216,0.0,255.99710856521742,0.0,255.99710856521742
13/01/2025,1,112.39,250,409.56260869565216,0.0,255.99710856521742,0.0,255.99710856521742
13/01/2025,2,105.07,250,409.56260869565216,0.0,255.99710856521742,0.0,255.99710856521742
13/01/2025,3,104.46,250,409.56260869565216,0.0,255.99710856521742,0.0,255.99710856521742
13/01/2025,4,100.37,250,409.56260869565216,0.0,255.99710856521742,0.0,255.99710856521742
13/01/2025,5,100.0,250,409.56260869565216,0.0,255.99710856521742,0.0,255.99710856521742
13/01/2025,6,110.2,250,409.56260869565216,0.0,255.99710856521742,0.0,255.99710856521742
13/01/2025,7,138.88,250,409.56260869565216,0.0,255.99710856521742,0.0,255.99710856521742
13/01/2025,8,154.67,250,409.56260869565216,0.0,255.99710856521742,0.0,255.99710856521742
13/01/2025,9,186.0,250,409.56260869565216,0.0,255.99710856521742,0.0,255.99710856521742
13/01/2025,10,175.0,250,409.56260869565216,0.0,255.99710856521742,0.0,255.99710856521742
13/01/2025,11,140.71,250,409.56260869565216,0.0,255.99710856521742,0.0,255.99710856521742
13/01/2025,12,132.0,250,409.56260869565216,0.0,255.99710856521742,0.0,255.99710856521742
13/01/2025,13,124.85,250,409.56260869565216,0.0,255.99710856521742,0.0,255.99710856521742
13/01/2025,14,125.8,250,409.56260869565216,0.0,255.99710856521742,0.0,255.99710856521742
13/01/2025,15,136.03,250,409.56260869565216,0.0,255.99710856521742,0.0,255.99710856521742
13/01/2025,16,149.11,250,409.56260869565216,0.0,255.99710856521742,0.0,255.99710856521742
13/01/2025,17,154.99,250,409.56260869565216,0.0,255.99710856521742,0.0,255.99710856521742
13/01/2025,18,156.83,250,409.56260869565216,0.0,255.99710856521742,0.0,255.99710856521742
13/01/2025,19,157.07,250,409.56260869565216,0.0,255.99710856521742,0.0,255.99710856521742
13/01/2025,20,158.39,250,409.56260869565216,0.0,255.99710856521742,0.0,255.99710856521742
13/01/2025,21,141.32,250,409.56260869565216,0.0,255.99710856521742,0.0,255.99710856521742
13/01/2025,22,133.58,250,409.56260869565216,0.0,255.99710856521742,0.0,255.99710856521742
13/01/2025,23,127.6,250,409.56260869565216,0.0,255.99710856521742,0.0,255.99710856521742
13/01/2025,24,120.1,250,409.56260869565216,0.0,255.99710856521742,0.0,255.99710856521742
14/01/2025,1,122.19,250,409.56260869565216,0.0,255.99710856521742,0.0,255.99710856521742
14/01/2025,2,117.67,250,409.56260869565216,0.0,255.99710856521742,0.0,255.99710856521742
14/01/2025,3,114.53,250,409.56260869565216,0.0,255.99710856521742,0.0,255.99710856521742
14/01/2025,4,112.2,250,409.56260869565216,0.0,255.99710856521742,0.0,255.99710856521742
14/01/2025,5,112.2,250,409.56260869565216,0.0,255.99710856521742,0.0,255.99710856521742
14/01/2025,6,114.34,250,409.56260869565216,0.0,255.99710856521742,0.0,255.99710856521742
14/01/2025,7,138.52,250,409.56260869565216,0.0,255.99710856521742,0.0,255.99710856521742
14/01/2025,8,161.02,250,409.56260869565216,0.0,255.99710856521742,0.0,255.99710856521742
14/01/2025,9,186.54,250,409.56260869565216,0.0,255.99710856521742,0.0,255.99710856521742
14/01/2025,10,157.51,250,409.56260869565216,0.0,255.99710856521742,0.0,255.99710856521742
14/01/2025,11,137.85,250,409.56260869565216,0.0,255.99710856521742,0.0,255.99710856521742
14/01/2025,12,129.18,250,409.56260869565216,0.0,255.99710856521742,0.0,255.99710856521742
14/01/2025,13,120.0,250,409.56260869565216,0.0,255.99710856521742,0.0,255.99710856521742
14/01/2025,14,120.0,250,409.56260869565216,0.0,255.99710856521742,0.0,255.99710856521742
14/01/2025,15,132.01,250,409.56260869565216,0.0,255.99710856521742,0.0,255.99710856521742
14/01/2025,16,147.3,250,409.56260869565216,0.0,255.99710856521742,0.0,255.99710856521742
14/01/2025,17,160.0,250,409.56260869565216,0.0,255.99710856521742,0.0,255.99710856521742
14/01/2025,18,180.0,250,409.56260869565216,0.0,255.99710856521742,0.0,255.99710856521742
14/01/2025,19,188.31,250,409.56260869565216,0.0,255.99710856521742,0.0,255.99710856521742
14/01/2025,20,189.54,250,409.56260869565216,0.0,255.99710856521742,0.0,255.99710856521742
14/01/2025,21,167.62,250,409.56260869565216,0.0,255.99710856521742,0.0,255.99710856521742
14/01/2025,22,150.0,250,409.56260869565216,0.0,255.99710856521742,0.0,255.99710856521742
14/01/2025,23,145.0,250,409.56260869565216,0.0,255.99710856521742,0.0,255.99710856521742
14/01/2025,24,133.0,250,409.56260869565216,0.0,255.99710856521742,0.0,255.99710856521742
15/01/2025,1,129.1,250,409.56260869565216,0.0,255.99710856521742,0.0,255.99710856521742
15/01/2025,2,125.46,250,409.56260869565216,0.0,255.99710856521742,0.0,255.99710856521742
15/01/2025,3,125.34,250,409.56260869565216,0.0,255.99710856521742,0.0,255.99710856521742
15/01/2025,4,125.4,250,409.56260869565216,0.0,255.99710856521742,0.0,255.99710856521742
15/01/2025,5,124.13,250,409.56260869565216,0.0,255.99710856521742,0.0,255.99710856521742
15/01/2025,6,132.62,250,409.56260869565216,0.0,255.99710856521742,0.0,255.99710856521742
15/01/2025,7,145.75,250,409.56260869565216,0.0,255.99710856521742,0.0,255.99710856521742
15/01/2025,8,192.04,250,409.56260869565216,0.0,255.99710856521742,0.0,255.99710856521742
15/01/2025,9,275.0,250,409.56260869565216,0.0,255.99710856521742,0.0,255.99710856521742
15/01/2025,10,250.0,250,409.56260869565216,0.0,255.99710856521742,0.0,255.99710856521742
15/01/2025,11,189.01,250,409.56260869565216,0.0,255.99710856521742,0.0,255.99710856521742
15/01/2025,12,185.0,250,409.56260869565216,0.0,255.99710856521742,0.0,255.99710856521742
15/01/2025,13,166.26,250,409.56260869565216,0.0,255.99710856521742,0.0,255.99710856521742
15/01/2025,14,157.13,250,409.56260869565216,0.0,255.99710856521742,0.0,255.99710856521742
15/01/2025,15,170.0,250,409.56260869565216,0.0,255.99710856521742,0.0,255.99710856521742
15/01/2025,16,192.3,250,409.56260869565216,0.0,255.99710856521742,0.0,255.99710856521742
15/01/2025,17,190.27,250,409.56260869565216,0.0,255.99710856521742,0.0,255.99710856521742
15/01/2025,18,207.58,250,409.56260869565216,0.0,255.99710856521742,0.0,255.99710856521742
15/01/2025,19,221.91,250,409.56260869565216,0.0,255.99710856521742,0.0,255.99710856521742
15/01/2025,20,215.0,250,409.56260869565216,0.0,255.99710856521742,0.0,255.99710856521742
15/01/2025,21,179.35,250,409.56260869565216,0.0,255.99710856521742,0.0,255.99710856521742
15/01/2025,22,156.18,250,409.56260869565216,0.0,255.99710856521742,0.0,255.99710856521742
15/01/2025,23,144.58,250,409.56260869565216,0.0,255.99710856521742,0.0,255.99710856521742
15/01/2025,24,140.92,250,409.56260869565216,0.0,255.99710856521742,0.0,255.99710856521742
16/01/2025,1,126.33,250,409.56260869565216,0.0,255.99710856521742,0.0,255.99710856521742
16/01/2025,2,122.83,250,409.56260869565216,0.0,255.99710856521742,0.0,255.99710856521742
16/01/2025,3,118.88,250,409.56260869565216,0.0,255.99710856521742,0.0,255.99710856521742
16/01/2025,4,117.55,250,409.56260869565216,0.0,255.99710856521742,0.0,255.99710856521742
16/01/2025,5,119.75,250,409.56260869565216,0.0,255.99710856521742,0.0,255.99710856521742
16/01/2025,6,128.34,250,409.56260869565216,0.0,255.99710856521742,0.0,255.99710856521742
16/01/2025,7,146.84,250,409.56260869565216,0.0,255.99710856521742,0.0,255.99710856521742
16/01/2025,8,192.04,250,409.56260869565216,0.0,255.99710856521742,0.0,255.99710856521742
16/01/2025,9,203.85,250,409.56260869565216,0.0,255.99710856521742,0.0,255.99710856521742
16/01/2025,10,175.0,250,409.56260869565216,0.0,255.99710856521742,0.0,255.99710856521742
16/01/2025,11,151.9,250,409.56260869565216,0.0,255.99710856521742,0.0,255.99710856521742
16/01/2025,12,140.64,250,409.56260869565216,0.0,255.99710856521742,0.0,255.99710856521742
16/01/2025,13,138.65,250,409.56260869565216,0.0,255.99710856521742,0.0,255.99710856521742
16/01/2025,14,138.7,250,409.56260869565216,0.0,255.99710856521742,0.0,255.99710856521742
16/01/2025,15,145.1,250,409.56260869565216,0.0,255.99710856521742,0.0,255.99710856521742
16/01/2025,16,167.36,250,409.56260869565216,0.0,255.99710856521742,0.0,255.99710856521742
16/01/2025,17,180.0,250,409.56260869565216,0.0,255.99710856521742,0.0,255.99710856521742
16/01/2025,18,191.55,250,409.56260869565216,0.0,255.99710856521742,0.0,255.99710856521742
16/01/2025,19,184.32,250,409.56260869565216,0.0,255.99710856521742,0.0,255.99710856521742
16/01/2025,20,179.97,250,409.56260869565216,0.0,255.99710856521742,0.0,255.99710856521742
16/01/2025,21,159.6,250,409.56260869565216,0.0,255.99710856521742,0.0,255.99710856521742
16/01/2025,22,148.95,250,409.56260869565216,0.0,255.99710856521742,0.0,255.99710856521742
16/01/2025,23,140.55,250,409.56260869565216,0.0,255.99710856521742,0.0,255.99710856521742
16/01/2025,24,131.09,250,409.56260869565216,0.0,255.99710856521742,0.0,255.99710856521742
17/01/2025,1,128.79,250,409.56260869565216,0.0,255.99710856521742,0.0,255.99710856521742
17/01/2025,2,126.0,250,409.56260869565216,0.0,255.99710856521742,0.0,255.99710856521742
17/01/2025,3,123.38,250,409.56260869565216,0.0,255.99710856521742,0.0,255.99710856521742
17/01/2025,4,119.1,250,409.56260869565216,0.0,255.99710856521742,0.0,255.99710856521742
17/01/2025,5,118.73,250,409.56260869565216,0.0,255.99710856521742,0.0,255.99710856521742
17/01/2025,6,125.07,250,409.56260869565216,0.0,255.99710856521742,0.0,255.99710856521742
17/01/2025,7,140.8,250,409.56260869565216,0.0,255.99710856521742,0.0,255.99710856521742
17/01/2025,8,175.01,250,409.56260869565216,0.0,255.99710856521742,0.0,255.99710856521742
17/01/2025,9,208.13,250,409.56260869565216,0.0,255.99710856521742,0.0,255.99710856521742
17/01/2025,10,175.34,250,409.56260869565216,0.0,255.99710856521742,0.0,255.99710856521742
17/01/2025,11,149.39,250,409.56260869565216,0.0,255.99710856521742,0.0,255.99710856521742
17/01/2025,12,136.0,250,409.56260869565216,0.0,255.99710856521742,0.0,255.99710856521742
17/01/2025,13,126.44,250,409.56260869565216,0.0,255.99710856521742,0.0,255.99710856521742
17/01/2025,14,124.03,250,409.56260869565216,0.0,255.99710856521742,0.0,255.99710856521742
17/01/2025,15,133.74,250,409.56260869565216,0.0,255.99710856521742,0.0,255.99710856521742
17/01/2025,16,147.36,250,409.56260869565216,0.0,255.99710856521742,0.0,255.99710856521742
17/01/2025,17,165.68,250,409.56260869565216,0.0,255.99710856521742,0.0,255.99710856521742
17/01/2025,18,172.31,250,409.56260869565216,0.0,255.99710856521742,0.0,255.99710856521742
17/01/2025,19,179.92,250,409.56260869565216,0.0,255.99710856521742,0.0,255.99710856521742
17/01/2025,20,174.22,250,409.56260869565216,0.0,255.99710856521742,0.0,255.99710856521742
17/01/2025,21,157.91,250,409.56260869565216,0.0,255.99710856521742,0.0,255.99710856521742
17/01/2025,22,145.0,250,409.56260869565216,0.0,255.99710856521742,0.0,255.99710856521742
17/01/2025,23,139.97,250,409.56260869565216,0.0,255.99710856521742,0.0,255.99710856521742
17/01/2025,24,128.98,250,409.56260869565216,0.0,255.99710856521742,0.0,255.99710856521742
18/01/2025,1,132.0,250,409.56260869565216,0.0,255.99710856521742,0.0,255.99710856521742
18/01/2025,2,128.4,250,409.56260869565216,0.0,255.99710856521742,0.0,255.99710856521742
18/01/2025,3,128.1,250,409.56260869565216,0.0,255.99710856521742,0.0,255.99710856521742
18/01/2025,4,127.08,250,409.56260869565216,0.0,255.99710856521742,0.0,255.99710856521742
18/01/2025,5,126.08,250,409.56260869565216,0.0,255.99710856521742,0.0,255.99710856521742
18/01/2025,6,128.71,250,409.56260869565216,0.0,255.99710856521742,0.0,255.99710856521742
18/01/2025,7,133.53,250,409.56260869565216,0.0,255.99710856521742,0.0,255.99710856521742
18/01/2025,8,145.18,250,409.56260869565216,0.0,255.99710856521742,0.0,255.99710856521742
18/01/2025,9,152.34,250,409.56260869565216,0.0,255.99710856521742,0.0,255.99710856521742
18/01/2025,10,150.67,250,409.56260869565216,0.0,255.99710856521742,0.0,255.99710856521742
18/01/2025,11,140.14,250,409.56260869565216,0.0,255.99710856521742,0.0,255.99710856521742
18/01/2025,12,131.4,250,409.56260869565216,0.0,255.99710856521742,0.0,255.99710856521742
18/01/2025,13,125.99,250,409.56260869565216,0.0,255.99710856521742,0.0,255.99710856521742
18/01/2025,14,124.0,250,409.56260869565216,0.0,255.99710856521742,0.0,255.99710856521742
18/01/2025,15,126.8,250,409.56260869565216,0.0,255.99710856521742,0.0,255.99710856521742
18/01/2025,16,138.54,250,409.56260869565216,0.0,255.99710856521742,0.0,255.99710856521742
18/01/2025,17,154.22,250,409.56260869565216,0.0,255.99710856521742,0.0,255.99710856521742
18/01/2025,18,165.97,250,409.56260869565216,0.0,255.99710856521742,0.0,255.99710856521742
18/01/2025,19,167.57,250,409.56260869565216,0.0,255.99710856521742,0.0,255.99710856521742
18/01/2025,20,167.85,250,409.56260869565216,0.0,255.99710856521742,0.0,255.99710856521742
18/01/2025,21,156.12,250,409.56260869565216,0.0,255.99710856521742,0.0,255.99710856521742
18/01/2025,22,144.88,250,409.56260869565216,0.0,255.99710856521742,0.0,255.99710856521742
18/01/2025,23,143.77,250,409.56260869565216,0.0,255.99710856521742,0.0,255.99710856521742
18/01/2025,24,133.86,250,409.56260869565216,0.0,255.99710856521742,0.0,255.99710856521742
19/01/2025,1,134.8,250,409.56260869565216,0.0,255.99710856521742,0.0,255.99710856521742
19/01/2025,2,130.49,250,409.56260869565216,0.0,255.99710856521742,0.0,255.99710856521742
19/01/2025,3,128.1,250,409.56260869565216,0.0,255.99710856521742,0.0,255.99710856521742
19/01/2025,4,128.1,250,409.56260869565216,0.0,255.99710856521742,0.0,255.99710856521742
19/01/2025,5,127.6,250,409.56260869565216,0.0,255.99710856521742,0.0,255.99710856521742
19/01/2025,6,126.62,250,409.56260869565216,0.0,255.99710856521742,0.0,255.99710856521742
19/01/2025,7,132.31,250,409.56260869565216,0.0,255.99710856521742,0.0,255.99710856521742
19/01/2025,8,143.57,250,409.56260869565216,0.0,255.99710856521742,0.0,255.99710856521742
19/01/2025,9,155.0,250,409.56260869565216,0.0,255.99710856521742,0.0,255.99710856521742
19/01/2025,10,143.57,250,409.56260869565216,0.0,255.99710856521742,0.0,255.99710856521742
19/01/2025,11,140.14,250,409.56260869565216,0.0,255.99710856521742,0.0,255.99710856521742
19/01/2025,12,140.0,250,409.56260869565216,0.0,255.99710856521742,0.0,255.99710856521742
19/01/2025,13,143.57,250,409.56260869565216,0.0,255.99710856521742,0.0,255.99710856521742
19/01/2025,14,141.39,250,409.56260869565216,0.0,255.99710856521742,0.0,255.99710856521742
19/01/2025,15,141.37,250,409.56260869565216,0.0,255.99710856521742,0.0,255.99710856521742
19/01/2025,16,141.34,250,409.56260869565216,0.0,255.99710856521742,0.0,255.99710856521742
19/01/2025,17,152.73,250,409.56260869565216,0.0,255.99710856521742,0.0,255.99710856521742
19/01/2025,18,167.73,250,409.56260869565216,0.0,255.99710856521742,0.0,255.99710856521742
19/01/2025,19,169.81,250,409.56260869565216,0.0,255.99710856521742,0.0,255.99710856521742
19/01/2025,20,170.0,250,409.56260869565216,0.0,255.99710856521742,0.0,255.99710856521742
19/01/2025,21,164.79,250,409.56260869565216,0.0,255.99710856521742,0.0,255.99710856521742
19/01/2025,22,157.0,250,409.56260869565216,0.0,255.99710856521742,0.0,255.99710856521742
19/01/2025,23,147.64,250,409.56260869565216,0.0,255.99710856521742,0.0,255.99710856521742
19/01/2025,24,143.17,250,409.56260869565216,0.0,255.99710856521742,0.0,255.99710856521742
20/01/2025,1,131.95,250,409.56260869565216,0.0,255.99710856521742,0.0,255.99710856521742
20/01/2025,2,127.69,250,409.56260869565216,0.0,255.99710856521742,0.0,255.99710856521742
20/01/2025,3,127.63,250,409.56260869565216,0.0,255.99710856521742,0.0,255.99710856521742
20/01/2025,4,127.73,250,409.56260869565216,0.0,255.99710856521742,0.0,255.99710856521742
20/01/2025,5,127.75,250,409.56260869565216,0.0,255.99710856521742,0.0,255.99710856521742
20/01/2025,6,132.92,250,409.56260869565216,0.0,255.99710856521742,0.0,255.99710856521742
20/01/2025,7,162.18,250,409.56260869565216,0.0,255.99710856521742,0.0,255.99710856521742
20/01/2025,8,195.43,250,409.56260869565216,0.0,255.99710856521742,0.0,255.99710856521742
20/01/2025,9,289.0,250,409.56260869565216,0.0,255.99710856521742,0.0,255.99710856521742
20/01/2025,10,289.0,250,409.56260869565216,0.0,255.99710856521742,0.0,255.99710856521742
20/01/2025,11,236.29,250,409.56260869565216,0.0,255.99710856521742,0.0,255.99710856521742
20/01/2025,12,188.28,250,409.56260869565216,0.0,255.99710856521742,0.0,255.99710856521742
20/01/2025,13,176.5,250,409.56260869565216,0.0,255.99710856521742,0.0,255.99710856521742
20/01/2025,14,171.39,250,409.56260869565216,0.0,255.99710856521742,0.0,255.99710856521742
20/01/2025,15,186.5,250,409.56260869565216,0.0,255.99710856521742,0.0,255.99710856521742
20/01/2025,16,209.3,250,409.56260869565216,0.0,255.99710856521742,0.0,255.99710856521742
20/01/2025,17,235.0,250,409.56260869565216,0.0,255.99710856521742,0.0,255.99710856521742
20/01/2025,18,276.18,250,409.56260869565216,0.0,255.99710856521742,0.0,255.99710856521742
20/01/2025,19,289.0,250,409.56260869565216,0.0,255.99710856521742,0.0,255.99710856521742
20/01/2025,20,289.0,250,409.56260869565216,0.0,255.99710856521742,0.0,255.99710856521742
20/01/2025,21,220.0,250,409.56260869565216,0.0,255.99710856521742,0.0,255.99710856521742
20/01/2025,22,170.0,250,409.56260869565216,0.0,255.99710856521742,0.0,255.99710856521742
20/01/2025,23,153.58,250,409.56260869565216,0.0,255.99710856521742,0.0,255.99710856521742
20/01/2025,24,141.99,250,409.56260869565216,0.0,255.99710856521742,0.0,255.99710856521742
21/01/2025,1,136.0,250,409.56260869565216,0.0,255.99710856521742,0.0,255.99710856521742
21/01/2025,2,130.65,250,409.56260869565216,0.0,255.99710856521742,0.0,255.99710856521742
21/01/2025,3,125.69,250,409.56260869565216,0.0,255.99710856521742,0.0,255.99710856521742
21/01/2025,4,127.98,250,409.56260869565216,0.0,255.99710856521742,0.0,255.99710856521742
21/01/2025,5,129.27,250,409.56260869565216,0.0,255.99710856521742,0.0,255.99710856521742
21/01/2025,6,137.62,250,409.56260869565216,0.0,255.99710856521742,0.0,255.99710856521742
21/01/2025,7,147.17,250,409.56260869565216,0.0,255.99710856521742,0.0,255.99710856521742
21/01/2025,8,190.0,250,409.56260869565216,0.0,255.99710856521742,0.0,255.99710856521742
21/01/2025,9,245.0,250,409.56260869565216,0.0,255.99710856521742,0.0,255.99710856521742
21/01/2025,10,212.22,250,409.56260869565216,0.0,255.99710856521742,0.0,255.99710856521742
21/01/2025,11,200.0,250,409.56260869565216,0.0,255.99710856521742,0.0,255.99710856521742
21/01/2025,12,164.84,250,409.56260869565216,0.0,255.99710856521742,0.0,255.99710856521742
21/01/2025,13,151.36,250,409.56260869565216,0.0,255.99710856521742,0.0,255.99710856521742
21/01/2025,14,145.81,250,409.56260869565216,0.0,255.99710856521742,0.0,255.99710856521742
21/01/2025,15,151.03,250,409.56260869565216,0.0,255.99710856521742,0.0,255.99710856521742
21/01/2025,16,165.48,250,409.56260869565216,0.0,255.99710856521742,0.0,255.99710856521742
21/01/2025,17,191.43,250,409.56260869565216,0.0,255.99710856521742,0.0,255.99710856521742
21/01/2025,18,199.32,250,409.56260869565216,0.0,255.99710856521742,0.0,255.99710856521742
21/01/2025,19,208.44,250,409.56260869565216,0.0,255.99710856521742,0.0,255.99710856521742
21/01/2025,20,187.72,250,409.56260869565216,0.0,255.99710856521742,0.0,255.99710856521742
21/01/2025,21,171.0,250,409.56260869565216,0.0,255.99710856521742,0.0,255.99710856521742
21/01/2025,22,151.5,250,409.56260869565216,0.0,255.99710856521742,0.0,255.99710856521742
21/01/2025,23,141.62,250,409.56260869565216,0.0,255.99710856521742,0.0,255.99710856521742
21/01/2025,24,135.88,250,409.56260869565216,0.0,255.99710856521742,0.0,255.99710856521742
22/01/2025,1,132.0,250,409.56260869565216,0.0,255.99710856521742,0.0,255.99710856521742
22/01/2025,2,126.0,250,409.56260869565216,0.0,255.99710856521742,0.0,255.99710856521742
22/01/2025,3,126.0,250,409.56260869565216,0.0,255.99710856521742,0.0,255.99710856521742
22/01/2025,4,126.0,250,409.56260869565216,0.0,255.99710856521742,0.0,255.99710856521742
22/01/2025,5,128.1,250,409.56260869565216,0.0,255.99710856521742,0.0,255.99710856521742
22/01/2025,6,138.2,250,409.56260869565216,0.0,255.99710856521742,0.0,255.99710856521742
22/01/2025,7,147.3,250,409.56260869565216,0.0,255.99710856521742,0.0,255.99710856521742
22/01/2025,8,174.57,250,409.56260869565216,0.0,255.99710856521742,0.0,255.99710856521742
22/01/2025,9,206.17,250,409.56260869565216,0.0,255.99710856521742,0.0,255.99710856521742
22/01/2025,10,199.41,250,409.56260869565216,0.0,255.99710856521742,0.0,255.99710856521742
22/01/2025,11,179.06,250,409.56260869565216,0.0,255.99710856521742,0.0,255.99710856521742
22/01/2025,12,172.94,250,409.56260869565216,0.0,255.99710856521742,0.0,255.99710856521742
22/01/2025,13,165.0,250,409.56260869565216,0.0,255.99710856521742,0.0,255.99710856521742
22/01/2025,14,170.0,250,409.56260869565216,0.0,255.99710856521742,0.0,255.99710856521742
22/01/2025,15,177.03,250,409.56260869565216,0.0,255.99710856521742,0.0,255.99710856521742
22/01/2025,16,185.0,250,409.56260869565216,0.0,255.99710856521742,0.0,255.99710856521742
22/01/2025,17,180.0,250,409.56260869565216,0.0,255.99710856521742,0.0,255.99710856521742
22/01/2025,18,184.06,250,409.56260869565216,0.0,255.99710856521742,0.0,255.99710856521742
22/01/2025,19,180.0,250,409.56260869565216,0.0,255.99710856521742,0.0,255.99710856521742
22/01/2025,20,167.72,250,409.56260869565216,0.0,255.99710856521742,0.0,255.99710856521742
22/01/2025,21,155.0,250,409.56260869565216,0.0,255.99710856521742,0.0,255.99710856521742
22/01/2025,22,145.66,250,409.56260869565216,0.0,255.99710856521742,0.0,255.99710856521742
22/01/2025,23,144.62,250,409.56260869565216,0.0,255.99710856521742,0.0,255.99710856521742
22/01/2025,24,140.0,250,409.56260869565216,0.0,255.99710856521742,0.0,255.99710856521742
23/01/2025,1,128.65,250,409.56260869565216,0.0,255.99710856521742,0.0,255.99710856521742
23/01/2025,2,125.0,250,409.56260869565216,0.0,255.99710856521742,0.0,255.99710856521742
23/01/2025,3,121.31,250,409.56260869565216,0.0,255.99710856521742,0.0,255.99710856521742
23/01/2025,4,120.5,250,409.56260869565216,0.0,255.99710856521742,0.0,255.99710856521742
23/01/2025,5,115.28,250,409.56260869565216,0.0,255.99710856521742,0.0,255.99710856521742
23/01/2025,6,126.84,250,409.56260869565216,0.0,255.99710856521742,0.0,255.99710856521742
23/01/2025,7,145.0,250,409.56260869565216,0.0,255.99710856521742,0.0,255.99710856521742
23/01/2025,8,159.26,250,409.56260869565216,0.0,255.99710856521742,0.0,255.99710856521742
23/01/2025,9,171.97,250,409.56260869565216,0.0,255.99710856521742,0.0,255.99710856521742
23/01/2025,10,167.5,250,409.56260869565216,0.0,255.99710856521742,0.0,255.99710856521742
23/01/2025,11,155.0,250,409.56260869565216,0.0,255.99710856521742,0.0,255.99710856521742
23/01/2025,12,152.5,250,409.56260869565216,0.0,255.99710856521742,0.0,255.99710856521742
23/01/2025,13,142.94,250,409.56260869565216,0.0,255.99710856521742,0.0,255.99710856521742
23/01/2025,14,144.94,250,409.56260869565216,0.0,255.99710856521742,0.0,255.99710856521742
23/01/2025,15,152.2,250,409.56260869565216,0.0,255.99710856521742,0.0,255.99710856521742
23/01/2025,16,158.0,250,409.56260869565216,0.0,255.99710856521742,0.0,255.99710856521742
23/01/2025,17,162.54,250,409.56260869565216,0.0,255.99710856521742,0.0,255.99710856521742
23/01/2025,18,165.54,250,409.56260869565216,0.0,255.99710856521742,0.0,255.99710856521742
23/01/2025,19,161.54,250,409.56260869565216,0.0,255.99710856521742,0.0,255.99710856521742
23/01/2025,20,159.0,250,409.56260869565216,0.0,255.99710856521742,0.0,255.99710856521742
23/01/2025,21,149.8,250,409.56260869565216,0.0,255.99710856521742,0.0,255.99710856521742
23/01/2025,22,144.0,250,409.56260869565216,0.0,255.99710856521742,0.0,255.99710856521742
23/01/2025,23,143.26,250,409.56260869565216,0.0,255.99710856521742,0.0,255.99710856521742
23/01/2025,24,133.78,250,409.56260869565216,0.0,255.99710856521742,0.0,255.99710856521742
24/01/2025,1,132.9,250,409.56260869565216,0.0,255.99710856521742,0.0,255.99710856521742
24/01/2025,2,128.0,250,409.56260869565216,0.0,255.99710856521742,0.0,255.99710856521742
24/01/2025,3,126.0,250,409.56260869565216,0.0,255.99710856521742,0.0,255.99710856521742
24/01/2025,4,126.0,250,409.56260869565216,0.0,255.99710856521742,0.0,255.99710856521742
24/01/2025,5,127.94,250,409.56260869565216,0.0,255.99710856521742,0.0,255.99710856521742
24/01/2025,6,136.5,250,409.56260869565216,0.0,255.99710856521742,0.0,255.99710856521742
24/01/2025,7,155.0,250,409.56260869565216,0.0,255.99710856521742,0.0,255.99710856521742
24/01/2025,8,170.0,250,409.56260869565216,0.0,255.99710856521742,0.0,255.99710856521742
24/01/2025,9,169.0,250,409.56260869565216,0.0,255.99710856521742,0.0,255.99710856521742
24/01/2025,10,160.12,250,409.56260869565216,0.0,255.99710856521742,0.0,255.99710856521742
24/01/2025,11,147.72,250,409.56260869565216,0.0,255.99710856521742,0.0,255.99710856521742
24/01/2025,12,139.28,250,409.56260869565216,0.0,255.99710856521742,0.0,255.99710856521742
24/01/2025,13,127.94,250,409.56260869565216,0.0,255.99710856521742,0.0,255.99710856521742
24/01/2025,14,125.5,250,409.56260869565216,0.0,255.99710856521742,0.0,255.99710856521742
24/01/2025,15,133.29,250,409.56260869565216,0.0,255.99710856521742,0.0,255.99710856521742
24/01/2025,16,145.8,250,409.56260869565216,0.0,255.99710856521742,0.0,255.99710856521742
24/01/2025,17,158.0,250,409.56260869565216,0.0,255.99710856521742,0.0,255.99710856521742
24/01/2025,18,165.25,250,409.56260869565216,0.0,255.99710856521742,0.0,255.99710856521742
24/01/2025,19,167.78,250,409.56260869565216,0.0,255.99710856521742,0.0,255.99710856521742
24/01/2025,20,164.23,250,409.56260869565216,0.0,255.99710856521742,0.0,255.99710856521742
24/01/2025,21,154.34,250,409.56260869565216,0.0,255.99710856521742,0.0,255.99710856521742
24/01/2025,22,159.21,250,409.56260869565216,0.0,255.99710856521742,0.0,255.99710856521742
24/01/2025,23,146.81,250,409.56260869565216,0.0,255.99710856521742,0.0,255.99710856521742
24/01/2025,24,139.23,250,409.56260869565216,0.0,255.99710856521742,0.0,255.99710856521742
25/01/2025,1,141.0,250,409.56260869565216,0.0,255.99710856521742,0.0,255.99710856521742
25/01/2025,2,135.0,250,409.56260869565216,0.0,255.99710856521742,0.0,255.99710856521742
25/01/2025,3,130.37,250,409.56260869565216,0.0,255.99710856521742,0.0,255.99710856521742
25/01/2025,4,128.96,250,409.56260869565216,0.0,255.99710856521742,0.0,255.99710856521742
25/01/2025,5,128.84,250,409.56260869565216,0.0,255.99710856521742,0.0,255.99710856521742
25/01/2025,6,130.0,250,409.56260869565216,0.0,255.99710856521742,0.0,255.99710856521742
25/01/2025,7,139.0,250,409.56260869565216,0.0,255.99710856521742,0.0,255.99710856521742
25/01/2025,8,147.94,250,409.56260869565216,0.0,255.99710856521742,0.0,255.99710856521742
25/01/2025,9,147.3,250,409.56260869565216,0.0,255.99710856521742,0.0,255.99710856521742
25/01/2025,10,143.0,250,409.56260869565216,0.0,255.99710856521742,0.0,255.99710856521742
25/01/2025,11,135.0,250,409.56260869565216,0.0,255.99710856521742,0.0,255.99710856521742
25/01/2025,12,128.99,250,409.56260869565216,0.0,255.99710856521742,0.0,255.99710856521742
25/01/2025,13,125.0,250,409.56260869565216,0.0,255.99710856521742,0.0,255.99710856521742
25/01/2025,14,121.0,250,409.56260869565216,0.0,255.99710856521742,0.0,255.99710856521742
25/01/2025,15,125.0,250,409.56260869565216,0.0,255.99710856521742,0.0,255.99710856521742
25/01/2025,16,131.3,250,409.56260869565216,0.0,255.99710856521742,0.0,255.99710856521742
25/01/2025,17,152.0,250,409.56260869565216,0.0,255.99710856521742,0.0,255.99710856521742
25/01/2025,18,156.43,250,409.56260869565216,0.0,255.99710856521742,0.0,255.99710856521742
25/01/2025,19,160.15,250,409.56260869565216,0.0,255.99710856521742,0.0,255.99710856521742
25/01/2025,20,160.5,250,409.56260869565216,0.0,255.99710856521742,0.0,255.99710856521742
25/01/2025,21,152.86,250,409.56260869565216,0.0,255.99710856521742,0.0,255.99710856521742
25/01/2025,22,143.9,250,409.56260869565216,0.0,255.99710856521742,0.0,255.99710856521742
25/01/2025,23,137.5,250,409.56260869565216,0.0,255.99710856521742,0.0,255.99710856521742
25/01/2025,24,133.97,250,409.56260869565216,0.0,255.99710856521742,0.0,255.99710856521742
26/01/2025,1,134.8,250,409.56260869565216,0.0,255.99710856521742,0.0,255.99710856521742
26/01/2025,2,129.9,250,409.56260869565216,0.0,255.99710856521742,0.0,255.99710856521742
26/01/2025,3,126.7,250,409.56260869565216,0.0,255.99710856521742,0.0,255.99710856521742
26/01/2025,4,118.25,250,409.56260869565216,0.0,255.99710856521742,0.0,255.99710856521742
26/01/2025,5,117.36,250,409.56260869565216,0.0,255.99710856521742,0.0,255.99710856521742
26/01/2025,6,117.36,250,409.56260869565216,0.0,255.99710856521742,0.0,255.99710856521742
26/01/2025,7,123.09,250,409.56260869565216,0.0,255.99710856521742,0.0,255.99710856521742
26/01/2025,8,129.25,250,409.56260869565216,0.0,255.99710856521742,0.0,255.99710856521742
26/01/2025,9,134.4,250,409.56260869565216,0.0,255.99710856521742,0.0,255.99710856521742
26/01/2025,10,135.61,250,409.56260869565216,0.0,255.99710856521742,0.0,255.99710856521742
26/01/2025,11,131.9,250,409.56260869565216,0.0,255.99710856521742,0.0,255.99710856521742
26/01/2025,12,128.5,250,409.56260869565216,0.0,255.99710856521742,0.0,255.99710856521742
26/01/2025,13,123.07,250,409.56260869565216,0.0,255.99710856521742,0.0,255.99710856521742
26/01/2025,14,112.21,250,409.56260869565216,0.0,255.99710856521742,0.0,255.99710856521742
26/01/2025,15,114.27,250,409.56260869565216,0.0,255.99710856521742,0.0,255.99710856521742
26/01/2025,16,121.56,250,409.56260869565216,0.0,255.99710856521742,0.0,255.99710856521742
26/01/2025,17,136.41,250,409.56260869565216,0.0,255.99710856521742,0.0,255.99710856521742
26/01/2025,18,144.58,250,409.56260869565216,0.0,255.99710856521742,0.0,255.99710856521742
26/01/2025,19,146.8,250,409.56260869565216,0.0,255.99710856521742,0.0,255.99710856521742
26/01/2025,20,150.2,250,409.56260869565216,0.0,255.99710856521742,0.0,255.99710856521742
26/01/2025,21,145.0,250,409.56260869565216,0.0,255.99710856521742,0.0,255.99710856521742
26/01/2025,22,138.0,250,409.56260869565216,0.0,255.99710856521742,0.0,255.99710856521742
26/01/2025,23,134.23,250,409.56260869565216,0.0,255.99710856521742,0.0,255.99710856521742
26/01/2025,24,128.1,250,409.56260869565216,0.0,255.99710856521742,0.0,255.99710856521742
27/01/2025,1,129.15,250,409.56260869565216,0.0,255.99710856521742,0.0,255.99710856521742
27/01/2025,2,118.85,250,409.56260869565216,0.0,255.99710856521742,0.0,255.99710856521742
27/01/2025,3,110.93,250,409.56260869565216,0.0,255.99710856521742,0.0,255.99710856521742
27/01/2025,4,109.98,250,409.56260869565216,0.0,255.99710856521742,0.0,255.99710856521742
27/01/2025,5,110.72,250,409.56260869565216,0.0,255.99710856521742,0.0,255.99710856521742
27/01/2025,6,121.8,250,409.56260869565216,0.0,255.99710856521742,0.0,255.99710856521742
27/01/2025,7,141.2,250,409.56260869565216,0.0,255.99710856521742,0.0,255.99710856521742
27/01/2025,8,159.07,250,409.56260869565216,0.0,255.99710856521742,0.0,255.99710856521742
27/01/2025,9,160.0,250,409.56260869565216,0.0,255.99710856521742,0.0,255.99710856521742
27/01/2025,10,155.1,250,409.56260869565216,0.0,255.99710856521742,0.0,255.99710856521742
27/01/2025,11,157.01,250,409.56260869565216,0.0,255.99710856521742,0.0,255.99710856521742
27/01/2025,12,151.8,250,409.56260869565216,0.0,255.99710856521742,0.0,255.99710856521742
27/01/2025,13,143.7,250,409.56260869565216,0.0,255.99710856521742,0.0,255.99710856521742
27/01/2025,14,141.4,250,409.56260869565216,0.0,255.99710856521742,0.0,255.99710856521742
27/01/2025,15,150.0,250,409.56260869565216,0.0,255.99710856521742,0.0,255.99710856521742
27/01/2025,16,156.5,250,409.56260869565216,0.0,255.99710856521742,0.0,255.99710856521742
27/01/2025,17,167.8,250,409.56260869565216,0.0,255.99710856521742,0.0,255.99710856521742
27/01/2025,18,170.57,250,409.56260869565216,0.0,255.99710856521742,0.0,255.99710856521742
27/01/2025,19,171.49,250,409.56260869565216,0.0,255.99710856521742,0.0,255.99710856521742
27/01/2025,20,170.0,250,409.56260869565216,0.0,255.99710856521742,0.0,255.99710856521742
27/01/2025,21,153.0,250,409.56260869565216,0.0,255.99710856521742,0.0,255.99710856521742
27/01/2025,22,142.03,250,409.56260869565216,0.0,255.99710856521742,0.0,255.99710856521742
27/01/2025,23,139.96,250,409.56260869565216,0.0,255.99710856521742,0.0,255.99710856521742
27/01/2025,24,131.68,250,409.56260869565216,0.0,255.99710856521742,0.0,255.99710856521742
28/01/2025,1,122.5,250,409.56260869565216,0.0,255.99710856521742,0.0,255.99710856521742
28/01/2025,2,110.97,250,409.56260869565216,0.0,255.99710856521742,0.0,255.99710856521742
28/01/2025,3,110.38,250,409.56260869565216,0.0,255.99710856521742,0.0,255.99710856521742
28/01/2025,4,110.37,250,409.56260869565216,0.0,255.99710856521742,0.0,255.99710856521742
28/01/2025,5,109.22,250,409.56260869565216,0.0,255.99710856521742,0.0,255.99710856521742
28/01/2025,6,119.34,250,409.56260869565216,0.0,255.99710856521742,0.0,255.99710856521742
28/01/2025,7,140.0,250,409.56260869565216,0.0,255.99710856521742,0.0,255.99710856521742
28/01/2025,8,151.91,250,409.56260869565216,0.0,255.99710856521742,0.0,255.99710856521742
28/01/2025,9,157.45,250,409.56260869565216,0.0,255.99710856521742,0.0,255.99710856521742
28/01/2025,10,157.47,250,409.56260869565216,0.0,255.99710856521742,0.0,255.99710856521742
28/01/2025,11,152.42,250,409.56260869565216,0.0,255.99710856521742,0.0,255.99710856521742
28/01/2025,12,141.0,250,409.56260869565216,0.0,255.99710856521742,0.0,255.99710856521742
28/01/2025,13,128.1,250,409.56260869565216,0.0,255.99710856521742,0.0,255.99710856521742
28/01/2025,14,128.09,250,409.56260869565216,0.0,255.99710856521742,0.0,255.99710856521742
28/01/2025,15,131.6,250,409.56260869565216,0.0,255.99710856521742,0.0,255.99710856521742
28/01/2025,16,141.15,250,409.56260869565216,0.0,255.99710856521742,0.0,255.99710856521742
28/01/2025,17,152.81,250,409.56260869565216,0.0,255.99710856521742,0.0,255.99710856521742
28/01/2025,18,155.0,250,409.56260869565216,0.0,255.99710856521742,0.0,255.99710856521742
28/01/2025,19,160.0,250,409.56260869565216,0.0,255.99710856521742,0.0,255.99710856521742
28/01/2025,20,155.0,250,409.56260869565216,0.0,255.99710856521742,0.0,255.99710856521742
28/01/2025,21,150.0,250,409.56260869565216,0.0,255.99710856521742,0.0,255.99710856521742
28/01/2025,22,141.08,250,409.56260869565216,0.0,255.99710856521742,0.0,255.99710856521742
28/01/2025,23,139.14,250,409.56260869565216,0.0,255.99710856521742,0.0,255.99710856521742
28/01/2025,24,130.0,250,409.56260869565216,0.0,255.99710856521742,0.0,255.99710856521742
29/01/2025,1,120.28,250,409.56260869565216,0.0,255.99710856521742,0.0,255.99710856521742
29/01/2025,2,115.45,250,409.56260869565216,0.0,255.99710856521742,0.0,255.99710856521742
29/01/2025,3,116.5,250,409.56260869565216,0.0,255.99710856521742,0.0,255.99710856521742
29/01/2025,4,113.07,250,409.56260869565216,0.0,255.99710856521742,0.0,255.99710856521742
29/01/2025,5,110.74,250,409.56260869565216,0.0,255.99710856521742,0.0,255.99710856521742
29/01/2025,6,123.78,250,409.56260869565216,0.0,255.99710856521742,0.0,255.99710856521742
29/01/2025,7,143.08,250,409.56260869565216,0.0,255.99710856521742,0.0,255.99710856521742
29/01/2025,8,160.0,250,409.56260869565216,0.0,255.99710856521742,0.0,255.99710856521742
29/01/2025,9,165.88,250,409.56260869565216,0.0,255.99710856521742,0.0,255.99710856521742
29/01/2025,10,151.76,250,409.56260869565216,0.0,255.99710856521742,0.0,255.99710856521742
29/01/2025,11,147.05,250,409.56260869565216,0.0,255.99710856521742,0.0,255.99710856521742
29/01/2025,12,135.0,250,409.56260869565216,0.0,255.99710856521742,0.0,255.99710856521742
29/01/2025,13,125.08,250,409.56260869565216,0.0,255.99710856521742,0.0,255.99710856521742
29/01/2025,14,125.0,250,409.56260869565216,0.0,255.99710856521742,0.0,255.99710856521742
29/01/2025,15,130.0,250,409.56260869565216,0.0,255.99710856521742,0.0,255.99710856521742
29/01/2025,16,138.67,250,409.56260869565216,0.0,255.99710856521742,0.0,255.99710856521742
29/01/2025,17,161.14,250,409.56260869565216,0.0,255.99710856521742,0.0,255.99710856521742
29/01/2025,18,165.94,250,409.56260869565216,0.0,255.99710856521742,0.0,255.99710856521742
29/01/2025,19,158.37,250,409.56260869565216,0.0,255.99710856521742,0.0,255.99710856521742
29/01/2025,20,158.4,250,409.56260869565216,0.0,255.99710856521742,0.0,255.99710856521742
29/01/2025,21,146.42,250,409.56260869565216,0.0,255.99710856521742,0.0,255.99710856521742
29/01/2025,22,141.0,250,409.56260869565216,0.0,255.99710856521742,0.0,255.99710856521742
29/01/2025,23,139.08,250,409.56260869565216,0.0,255.99710856521742,0.0,255.99710856521742
29/01/2025,24,130.0,250,409.56260869565216,0.0,255.99710856521742,0.0,255.99710856521742
30/01/2025,1,127.56,250,409.56260869565216,0.0,255.99710856521742,0.0,255.99710856521742
30/01/2025,2,122.95,250,409.56260869565216,0.0,255.99710856521742,0.0,255.99710856521742
30/01/2025,3,121.6,250,409.56260869565216,0.0,255.99710856521742,0.0,255.99710856521742
30/01/2025,4,120.0,250,409.56260869565216,0.0,255.99710856521742,0.0,255.99710856521742
30/01/2025,5,117.9,250,409.56260869565216,0.0,255.99710856521742,0.0,255.99710856521742
30/01/2025,6,120.1,250,409.56260869565216,0.0,255.99710856521742,0.0,255.99710856521742
30/01/2025,7,141.5,250,409.56260869565216,0.0,255.99710856521742,0.0,255.99710856521742
30/01/2025,8,154.44,250,409.56260869565216,0.0,255.99710856521742,0.0,255.99710856521742
30/01/2025,9,160.3,250,409.56260869565216,0.0,255.99710856521742,0.0,255.99710856521742
30/01/2025,10,151.92,250,409.56260869565216,0.0,255.99710856521742,0.0,255.99710856521742
30/01/2025,11,145.0,250,409.56260869565216,0.0,255.99710856521742,0.0,255.99710856521742
30/01/2025,12,136.13,250,409.56260869565216,0.0,255.99710856521742,0.0,255.99710856521742
30/01/2025,13,130.0,250,409.56260869565216,0.0,255.99710856521742,0.0,255.99710856521742
30/01/2025,14,131.39,250,409.56260869565216,0.0,255.99710856521742,0.0,255.99710856521742
30/01/2025,15,133.77,250,409.56260869565216,0.0,255.99710856521742,0.0,255.99710856521742
30/01/2025,16,153.25,250,409.56260869565216,0.0,255.99710856521742,0.0,255.99710856521742
30/01/2025,17,160.72,250,409.56260869565216,0.0,255.99710856521742,0.0,255.99710856521742
30/01/2025,18,175.12,250,409.56260869565216,0.0,255.99710856521742,0.0,255.99710856521742
30/01/2025,19,171.6,250,409.56260869565216,0.0,255.99710856521742,0.0,255.99710856521742
30/01/2025,20,161.28,250,409.56260869565216,0.0,255.99710856521742,0.0,255.99710856521742
30/01/2025,21,151.45,250,409.56260869565216,0.0,255.99710856521742,0.0,255.99710856521742
30/01/2025,22,147.0,250,409.56260869565216,0.0,255.99710856521742,0.0,255.99710856521742
30/01/2025,23,142.66,250,409.56260869565216,0.0,255.99710856521742,0.0,255.99710856521742
30/01/2025,24,136.28,250,409.56260869565216,0.0,255.99710856521742,0.0,255.99710856521742
31/01/2025,1,129.95,250,409.56260869565216,0.0,255.99710856521742,0.0,255.99710856521742
31/01/2025,2,125.0,250,409.56260869565216,0.0,255.99710856521742,0.0,255.99710856521742
31/01/2025,3,125.1,250,409.56260869565216,0.0,255.99710856521742,0.0,255.99710856521742
31/01/2025,4,129.92,250,409.56260869565216,0.0,255.99710856521742,0.0,255.99710856521742
31/01/2025,5,130.0,250,409.56260869565216,0.0,255.99710856521742,0.0,255.99710856521742
31/01/2025,6,133.99,250,409.56260869565216,0.0,255.99710856521742,0.0,255.99710856521742
31/01/2025,7,148.61,250,409.56260869565216,0.0,255.99710856521742,0.0,255.99710856521742
31/01/2025,8,160.09,250,409.56260869565216,0.0,255.99710856521742,0.0,255.99710856521742
31/01/2025,9,166.18,250,409.56260869565216,0.0,255.99710856521742,0.0,255.99710856521742
31/01/2025,10,165.0,250,409.56260869565216,0.0,255.99710856521742,0.0,255.99710856521742
31/01/2025,11,160.0,250,409.56260869565216,0.0,255.99710856521742,0.0,255.99710856521742
31/01/2025,12,150.0,250,409.56260869565216,0.0,255.99710856521742,0.0,255.99710856521742
31/01/2025,13,145.0,250,409.56260869565216,0.0,255.99710856521742,0.0,255.99710856521742
31/01/2025,14,145.0,250,409.56260869565216,0.0,255.99710856521742,0.0,255.99710856521742
31/01/2025,15,149.43,250,409.56260869565216,0.0,255.99710856521742,0.0,255.99710856521742
31/01/2025,16,153.66,250,409.56260869565216,0.0,255.99710856521742,0.0,255.99710856521742
31/01/2025,17,167.5,250,409.56260869565216,0.0,255.99710856521742,0.0,255.99710856521742
31/01/2025,18,180.0,250,409.56260869565216,0.0,255.99710856521742,0.0,255.99710856521742
31/01/2025,19,184.48,250,409.56260869565216,0.0,255.99710856521742,0.0,255.99710856521742
31/01/2025,20,178.99,250,409.56260869565216,0.0,255.99710856521742,0.0,255.99710856521742
31/01/2025,21,162.66,250,409.56260869565216,0.0,255.99710856521742,0.0,255.99710856521742
31/01/2025,22,152.7,250,409.56260869565216,0.0,255.99710856521742,0.0,255.99710856521742
31/01/2025,23,149.0,250,409.56260869565216,0.0,255.99710856521742,0.0,255.99710856521742
31/01/2025,24,140.83,250,409.56260869565216,0.0,255.99710856521742,0.0,255.99710856521742
01/02/2025,1,144.0,250,409.56260869565216,0.0,255.99710856521742,0.0,255.99710856521742
01/02/2025,2,139.93,250,409.56260869565216,0.0,255.99710856521742,0.0,255.99710856521742
01/02/2025,3,135.27,250,409.56260869565216,0.0,255.99710856521742,0.0,255.99710856521742
01/02/2025,4,131.2,250,409.56260869565216,0.0,255.99710856521742,0.0,255.99710856521742
01/02/2025,5,133.41,250,409.56260869565216,0.0,255.99710856521742,0.0,255.99710856521742
01/02/2025,6,133.53,250,409.56260869565216,0.0,255.99710856521742,0.0,255.99710856521742
01/02/2025,7,141.32,250,409.56260869565216,0.0,255.99710856521742,0.0,255.99710856521742
01/02/2025,8,148.44,250,409.56260869565216,0.0,255.99710856521742,0.0,255.99710856521742
01/02/2025,9,155.97,250,409.56260869565216,0.0,255.99710856521742,0.0,255.99710856521742
01/02/2025,10,159.25,250,409.56260869565216,0.0,255.99710856521742,0.0,255.99710856521742
01/02/2025,11,151.19,250,409.56260869565216,0.0,255.99710856521742,0.0,255.99710856521742
01/02/2025,12,143.59,250,409.56260869565216,0.0,255.99710856521742,0.0,255.99710856521742
01/02/2025,13,136.33,250,409.56260869565216,0.0,255.99710856521742,0.0,255.99710856521742
01/02/2025,14,133.46,250,409.56260869565216,0.0,255.99710856521742,0.0,255.99710856521742
01/02/2025,15,134.6,250,409.56260869565216,0.0,255.99710856521742,0.0,255.99710856521742
01/02/2025,16,143.85,250,409.56260869565216,0.0,255.99710856521742,0.0,255.99710856521742
01/02/2025,17,155.85,250,409.56260869565216,0.0,255.99710856521742,0.0,255.99710856521742
01/02/2025,18,168.08,250,409.56260869565216,0.0,255.99710856521742,0.0,255.99710856521742
01/02/2025,19,166.97,250,409.56260869565216,0.0,255.99710856521742,0.0,255.99710856521742
01/02/2025,20,171.32,250,409.56260869565216,0.0,255.99710856521742,0.0,255.99710856521742
01/02/2025,21,157.03,250,409.56260869565216,0.0,255.99710856521742,0.0,255.99710856521742
01/02/2025,22,147.0,250,409.56260869565216,0.0,255.99710856521742,0.0,255.99710856521742
01/02/2025,23,143.45,250,409.56260869565216,0.0,255.99710856521742,0.0,255.99710856521742
01/02/2025,24,143.47,250,409.56260869565216,0.0,255.99710856521742,0.0,255.99710856521742
02/02/2025,1,142.0,250,409.56260869565216,0.0,255.99710856521742,0.0,255.99710856521742
02/02/2025,2,132.2,250,409.56260869565216,0.0,255.99710856521742,0.0,255.99710856521742
02/02/2025,3,123.3,250,409.56260869565216,0.0,255.99710856521742,0.0,255.99710856521742
02/02/2025,4,120.66,250,409.56260869565216,0.0,255.99710856521742,0.0,255.99710856521742
02/02/2025,5,122.34,250,409.56260869565216,0.0,255.99710856521742,0.0,255.99710856521742
02/02/2025,6,123.41,250,409.56260869565216,0.0,255.99710856521742,0.0,255.99710856521742
02/02/2025,7,128.09,250,409.56260869565216,0.0,255.99710856521742,0.0,255.99710856521742
02/02/2025,8,135.9,250,409.56260869565216,0.0,255.99710856521742,0.0,255.99710856521742
02/02/2025,9,137.3,250,409.56260869565216,0.0,255.99710856521742,0.0,255.99710856521742
02/02/2025,10,137.7,250,409.56260869565216,0.0,255.99710856521742,0.0,255.99710856521742
02/02/2025,11,133.1,250,409.56260869565216,0.0,255.99710856521742,0.0,255.99710856521742
02/02/2025,12,129.33,250,409.56260869565216,0.0,255.99710856521742,0.0,255.99710856521742
02/02/2025,13,122.24,250,409.56260869565216,0.0,255.99710856521742,0.0,255.99710856521742
02/02/2025,14,111.88,250,409.56260869565216,0.0,255.99710856521742,0.0,255.99710856521742
02/02/2025,15,117.0,250,409.56260869565216,0.0,255.99710856521742,0.0,255.99710856521742
02/02/2025,16,130.34,250,409.56260869565216,0.0,255.99710856521742,0.0,255.99710856521742
02/02/2025,17,154.67,250,409.56260869565216,0.0,255.99710856521742,0.0,255.99710856521742
02/02/2025,18,166.0,250,409.56260869565216,0.0,255.99710856521742,0.0,255.99710856521742
02/02/2025,19,164.67,250,409.56260869565216,0.0,255.99710856521742,0.0,255.99710856521742
02/02/2025,20,173.95,250,409.56260869565216,0.0,255.99710856521742,0.0,255.99710856521742
02/02/2025,21,165.5,250,409.56260869565216,0.0,255.99710856521742,0.0,255.99710856521742
02/02/2025,22,155.77,250,409.56260869565216,0.0,255.99710856521742,0.0,255.99710856521742
02/02/2025,23,149.16,250,409.56260869565216,0.0,255.99710856521742,0.0,255.99710856521742
02/02/2025,24,137.25,250,409.56260869565216,0.0,255.99710856521742,0.0,255.99710856521742
03/02/2025,1,131.47,250,409.56260869565216,0.0,255.99710856521742,0.0,255.99710856521742
03/02/2025,2,126.63,250,409.56260869565216,0.0,255.99710856521742,0.0,255.99710856521742
03/02/2025,3,124.72,250,409.56260869565216,0.0,255.99710856521742,0.0,255.99710856521742
03/02/2025,4,120.04,250,409.56260869565216,0.0,255.99710856521742,0.0,255.99710856521742
03/02/2025,5,123.24,250,409.56260869565216,0.0,255.99710856521742,0.0,255.99710856521742
03/02/2025,6,137.11,250,409.56260869565216,0.0,255.99710856521742,0.0,255.99710856521742
03/02/2025,7,159.18,250,409.56260869565216,0.0,255.99710856521742,0.0,255.99710856521742
03/02/2025,8,207.88,250,409.56260869565216,0.0,255.99710856521742,0.0,255.99710856521742
03/02/2025,9,243.23,250,409.56260869565216,0.0,255.99710856521742,0.0,255.99710856521742
03/02/2025,10,178.04,250,409.56260869565216,0.0,255.99710856521742,0.0,255.99710856521742
03/02/2025,11,149.95,250,409.56260869565216,0.0,255.99710856521742,0.0,255.99710856521742
03/02/2025,12,137.39,250,409.56260869565216,0.0,255.99710856521742,0.0,255.99710856521742
03/02/2025,13,127.68,250,409.56260869565216,0.0,255.99710856521742,0.0,255.99710856521742
03/02/2025,14,128.12,250,409.56260869565216,0.0,255.99710856521742,0.0,255.99710856521742
03/02/2025,15,136.27,250,409.56260869565216,0.0,255.99710856521742,0.0,255.99710856521742
03/02/2025,16,150.44,250,409.56260869565216,0.0,255.99710856521742,0.0,255.99710856521742
03/02/2025,17,166.95,250,409.56260869565216,0.0,255.99710856521742,0.0,255.99710856521742
03/02/2025,18,182.07,250,409.56260869565216,0.0,255.99710856521742,0.0,255.99710856521742
03/02/2025,19,200.73,250,409.56260869565216,0.0,255.99710856521742,0.0,255.99710856521742
03/02/2025,20,201.1,250,409.56260869565216,0.0,255.99710856521742,0.0,255.99710856521742
03/02/2025,21,167.74,250,409.56260869565216,0.0,255.99710856521742,0.0,255.99710856521742
03/02/2025,22,153.0,250,409.56260869565216,0.0,255.99710856521742,0.0,255.99710856521742
03/02/2025,23,146.48,250,409.56260869565216,0.0,255.99710856521742,0.0,255.99710856521742
03/02/2025,24,140.0,250,409.56260869565216,0.0,255.99710856521742,0.0,255.99710856521742
04/02/2025,1,140.32,250,409.56260869565216,0.0,255.99710856521742,0.0,255.99710856521742
04/02/2025,2,133.5,250,409.56260869565216,0.0,255.99710856521742,0.0,255.99710856521742
04/02/2025,3,132.0,250,409.56260869565216,0.0,255.99710856521742,0.0,255.99710856521742
04/02/2025,4,129.5,250,409.56260869565216,0.0,255.99710856521742,0.0,255.99710856521742
04/02/2025,5,130.0,250,409.56260869565216,0.0,255.99710856521742,0.0,255.99710856521742
04/02/2025,6,136.92,250,409.56260869565216,0.0,255.99710856521742,0.0,255.99710856521742
04/02/2025,7,155.0,250,409.56260869565216,0.0,255.99710856521742,0.0,255.99710856521742
04/02/2025,8,187.88,250,409.56260869565216,0.0,255.99710856521742,0.0,255.99710856521742
04/02/2025,9,211.99,250,409.56260869565216,0.0,255.99710856521742,0.0,255.99710856521742
04/02/2025,10,165.0,250,409.56260869565216,0.0,255.99710856521742,0.0,255.99710856521742
04/02/2025,11,150.1,250,409.56260869565216,0.0,255.99710856521742,0.0,255.99710856521742
04/02/2025,12,140.29,250,409.56260869565216,0.0,255.99710856521742,0.0,255.99710856521742
04/02/2025,13,131.46,250,409.56260869565216,0.0,255.99710856521742,0.0,255.99710856521742
04/02/2025,14,131.46,250,409.56260869565216,0.0,255.99710856521742,0.0,255.99710856521742
04/02/2025,15,137.14,250,409.56260869565216,0.0,255.99710856521742,0.0,255.99710856521742
04/02/2025,16,145.59,250,409.56260869565216,0.0,255.99710856521742,0.0,255.99710856521742
04/02/2025,17,162.95,250,409.56260869565216,0.0,255.99710856521742,0.0,255.99710856521742
04/02/2025,18,174.08,250,409.56260869565216,0.0,255.99710856521742,0.0,255.99710856521742
04/02/2025,19,175.0,250,409.56260869565216,0.0,255.99710856521742,0.0,255.99710856521742
04/02/2025,20,173.92,250,409.56260869565216,0.0,255.99710856521742,0.0,255.99710856521742
04/02/2025,21,162.05,250,409.56260869565216,0.0,255.99710856521742,0.0,255.99710856521742
04/02/2025,22,155.0,250,409.56260869565216,0.0,255.99710856521742,0.0,255.99710856521742
04/02/2025,23,152.56,250,409.56260869565216,0.0,255.99710856521742,0.0,255.99710856521742
04/02/2025,24,148.7,250,409.56260869565216,0.0,255.99710856521742,0.0,255.99710856521742
05/02/2025,1,134.8,250,409.56260869565216,0.0,255.99710856521742,0.0,255.99710856521742
05/02/2025,2,132.78,250,409.56260869565216,0.0,255.99710856521742,0.0,255.99710856521742
05/02/2025,3,130.0,250,409.56260869565216,0.0,255.99710856521742,0.0,255.99710856521742
05/02/2025,4,128.8,250,409.56260869565216,0.0,255.99710856521742,0.0,255.99710856521742
05/02/2025,5,128.8,250,409.56260869565216,0.0,255.99710856521742,0.0,255.99710856521742
05/02/2025,6,133.0,250,409.56260869565216,0.0,255.99710856521742,0.0,255.99710856521742
05/02/2025,7,151.43,250,409.56260869565216,0.0,255.99710856521742,0.0,255.99710856521742
05/02/2025,8,168.83,250,409.56260869565216,0.0,255.99710856521742,0.0,255.99710856521742
05/02/2025,9,180.81,250,409.56260869565216,0.0,255.99710856521742,0.0,255.99710856521742
05/02/2025,10,159.33,250,409.56260869565216,0.0,255.99710856521742,0.0,255.99710856521742
05/02/2025,11,143.61,250,409.56260869565216,0.0,255.99710856521742,0.0,255.99710856521742
05/02/2025,12,137.61,250,409.56260869565216,0.0,255.99710856521742,0.0,255.99710856521742
05/02/2025,13,129.14,250,409.56260869565216,0.0,255.99710856521742,0.0,255.99710856521742
05/02/2025,14,127.33,250,409.56260869565216,0.0,255.99710856521742,0.0,255.99710856521742
05/02/2025,15,130.0,250,409.56260869565216,0.0,255.99710856521742,0.0,255.99710856521742
05/02/2025,16,144.12,250,409.56260869565216,0.0,255.99710856521742,0.0,255.99710856521742
05/02/2025,17,159.65,250,409.56260869565216,0.0,255.99710856521742,0.0,255.99710856521742
05/02/2025,18,177.0,250,409.56260869565216,0.0,255.99710856521742,0.0,255.99710856521742
05/02/2025,19,189.9,250,409.56260869565216,0.0,255.99710856521742,0.0,255.99710856521742
05/02/2025,20,189.63,250,409.56260869565216,0.0,255.99710856521742,0.0,255.99710856521742
05/02/2025,21,170.0,250,409.56260869565216,0.0,255.99710856521742,0.0,255.99710856521742
05/02/2025,22,155.42,250,409.56260869565216,0.0,255.99710856521742,0.0,255.99710856521742
05/02/2025,23,147.16,250,409.56260869565216,0.0,255.99710856521742,0.0,255.99710856521742
05/02/2025,24,143.61,250,409.56260869565216,0.0,255.99710856521742,0.0,255.99710856521742
06/02/2025,1,139.4,250,409.56260869565216,0.0,255.99710856521742,0.0,255.99710856521742
06/02/2025,2,133.3,250,409.56260869565216,0.0,255.99710856521742,0.0,255.99710856521742
06/02/2025,3,133.1,250,409.56260869565216,0.0,255.99710856521742,0.0,255.99710856521742
06/02/2025,4,130.0,250,409.56260869565216,0.0,255.99710856521742,0.0,255.99710856521742
06/02/2025,5,130.0,250,409.56260869565216,0.0,255.99710856521742,0.0,255.99710856521742
06/02/2025,6,134.58,250,409.56260869565216,0.0,255.99710856521742,0.0,255.99710856521742
06/02/2025,7,154.0,250,409.56260869565216,0.0,255.99710856521742,0.0,255.99710856521742
06/02/2025,8,180.09,250,409.56260869565216,0.0,255.99710856521742,0.0,255.99710856521742
06/02/2025,9,210.56,250,409.56260869565216,0.0,255.99710856521742,0.0,255.99710856521742
06/02/2025,10,177.44,250,409.56260869565216,0.0,255.99710856521742,0.0,255.99710856521742
06/02/2025,11,158.82,250,409.56260869565216,0.0,255.99710856521742,0.0,255.99710856521742
06/02/2025,12,142.89,250,409.56260869565216,0.0,255.99710856521742,0.0,255.99710856521742
06/02/2025,13,136.27,250,409.56260869565216,0.0,255.99710856521742,0.0,255.99710856521742
06/02/2025,14,133.72,250,409.56260869565216,0.0,255.99710856521742,0.0,255.99710856521742
06/02/2025,15,140.0,250,409.56260869565216,0.0,255.99710856521742,0.0,255.99710856521742
06/02/2025,16,149.76,250,409.56260869565216,0.0,255.99710856521742,0.0,255.99710856521742
06/02/2025,17,165.2,250,409.56260869565216,0.0,255.99710856521742,0.0,255.99710856521742
06/02/2025,18,173.44,250,409.56260869565216,0.0,255.99710856521742,0.0,255.99710856521742
06/02/2025,19,176.19,250,409.56260869565216,0.0,255.99710856521742,0.0,255.99710856521742
06/02/2025,20,171.64,250,409.56260869565216,0.0,255.99710856521742,0.0,255.99710856521742
06/02/2025,21,160.0,250,409.56260869565216,0.0,255.99710856521742,0.0,255.99710856521742
06/02/2025,22,152.77,250,409.56260869565216,0.0,255.99710856521742,0.0,255.99710856521742
06/02/2025,23,147.33,250,409.56260869565216,0.0,255.99710856521742,0.0,255.99710856521742
06/02/2025,24,145.76,250,409.56260869565216,0.0,255.99710856521742,0.0,255.99710856521742
07/02/2025,1,146.1,250,409.56260869565216,0.0,255.99710856521742,0.0,255.99710856521742
07/02/2025,2,142.0,250,409.56260869565216,0.0,255.99710856521742,0.0,255.99710856521742
07/02/2025,3,138.9,250,409.56260869565216,0.0,255.99710856521742,0.0,255.99710856521742
07/02/2025,4,136.0,250,409.56260869565216,0.0,255.99710856521742,0.0,255.99710856521742
07/02/2025,5,135.71,250,409.56260869565216,0.0,255.99710856521742,0.0,255.99710856521742
07/02/2025,6,141.5,250,409.56260869565216,0.0,255.99710856521742,0.0,255.99710856521742
07/02/2025,7,153.3,250,409.56260869565216,0.0,255.99710856521742,0.0,255.99710856521742
07/02/2025,8,169.23,250,409.56260869565216,0.0,255.99710856521742,0.0,255.99710856521742
07/02/2025,9,205.0,250,409.56260869565216,0.0,255.99710856521742,0.0,255.99710856521742
07/02/2025,10,164.04,250,409.56260869565216,0.0,255.99710856521742,0.0,255.99710856521742
07/02/2025,11,153.31,250,409.56260869565216,0.0,255.99710856521742,0.0,255.99710856521742
07/02/2025,12,148.99,250,409.56260869565216,0.0,255.99710856521742,0.0,255.99710856521742
07/02/2025,13,142.11,250,409.56260869565216,0.0,255.99710856521742,0.0,255.99710856521742
07/02/2025,14,143.22,250,409.56260869565216,0.0,255.99710856521742,0.0,255.99710856521742
07/02/2025,15,150.26,250,409.56260869565216,0.0,255.99710856521742,0.0,255.99710856521742
07/02/2025,16,155.0,250,409.56260869565216,0.0,255.99710856521742,0.0,255.99710856521742
07/02/2025,17,165.17,250,409.56260869565216,0.0,255.99710856521742,0.0,255.99710856521742
07/02/2025,18,174.28,250,409.56260869565216,0.0,255.99710856521742,0.0,255.99710856521742
07/02/2025,19,170.0,250,409.56260869565216,0.0,255.99710856521742,0.0,255.99710856521742
07/02/2025,20,170.0,250,409.56260869565216,0.0,255.99710856521742,0.0,255.99710856521742
07/02/2025,21,162.03,250,409.56260869565216,0.0,255.99710856521742,0.0,255.99710856521742
07/02/2025,22,153.72,250,409.56260869565216,0.0,255.99710856521742,0.0,255.99710856521742
07/02/2025,23,149.01,250,409.56260869565216,0.0,255.99710856521742,0.0,255.99710856521742
07/02/2025,24,148.1,250,409.56260869565216,0.0,255.99710856521742,0.0,255.99710856521742
08/02/2025,1,151.67,250,409.56260869565216,0.0,255.99710856521742,0.0,255.99710856521742
08/02/2025,2,150.0,250,409.56260869565216,0.0,255.99710856521742,0.0,255.99710856521742
08/02/2025,3,145.0,250,409.56260869565216,0.0,255.99710856521742,0.0,255.99710856521742
08/02/2025,4,142.3,250,409.56260869565216,0.0,255.99710856521742,0.0,255.99710856521742
08/02/2025,5,142.0,250,409.56260869565216,0.0,255.99710856521742,0.0,255.99710856521742
08/02/2025,6,143.61,250,409.56260869565216,0.0,255.99710856521742,0.0,255.99710856521742
08/02/2025,7,150.0,250,409.56260869565216,0.0,255.99710856521742,0.0,255.99710856521742
08/02/2025,8,155.0,250,409.56260869565216,0.0,255.99710856521742,0.0,255.99710856521742
08/02/2025,9,161.32,250,409.56260869565216,0.0,255.99710856521742,0.0,255.99710856521742
08/02/2025,10,163.0,250,409.56260869565216,0.0,255.99710856521742,0.0,255.99710856521742
08/02/2025,11,164.48,250,409.56260869565216,0.0,255.99710856521742,0.0,255.99710856521742
08/02/2025,12,154.75,250,409.56260869565216,0.0,255.99710856521742,0.0,255.99710856521742
08/02/2025,13,150.94,250,409.56260869565216,0.0,255.99710856521742,0.0,255.99710856521742
08/02/2025,14,149.55,250,409.56260869565216,0.0,255.99710856521742,0.0,255.99710856521742
08/02/2025,15,149.86,250,409.56260869565216,0.0,255.99710856521742,0.0,255.99710856521742
08/02/2025,16,150.74,250,409.56260869565216,0.0,255.99710856521742,0.0,255.99710856521742
08/02/2025,17,160.0,250,409.56260869565216,0.0,255.99710856521742,0.0,255.99710856521742
08/02/2025,18,168.44,250,409.56260869565216,0.0,255.99710856521742,0.0,255.99710856521742
08/02/2025,19,171.0,250,409.56260869565216,0.0,255.99710856521742,0.0,255.99710856521742
08/02/2025,20,176.14,250,409.56260869565216,0.0,255.99710856521742,0.0,255.99710856521742
08/02/2025,21,165.04,250,409.56260869565216,0.0,255.99710856521742,0.0,255.99710856521742
08/02/2025,22,161.32,250,409.56260869565216,0.0,255.99710856521742,0.0,255.99710856521742
08/02/2025,23,158.13,250,409.56260869565216,0.0,255.99710856521742,0.0,255.99710856521742
08/02/2025,24,149.79,250,409.56260869565216,0.0,255.99710856521742,0.0,255.99710856521742
09/02/2025,1,153.18,250,409.56260869565216,0.0,255.99710856521742,0.0,255.99710856521742
09/02/2025,2,151.0,250,409.56260869565216,0.0,255.99710856521742,0.0,255.99710856521742
09/02/2025,3,148.1,250,409.56260869565216,0.0,255.99710856521742,0.0,255.99710856521742
09/02/2025,4,144.53,250,409.56260869565216,0.0,255.99710856521742,0.0,255.99710856521742
09/02/2025,5,141.42,250,409.56260869565216,0.0,255.99710856521742,0.0,255.99710856521742
09/02/2025,6,144.3,250,409.56260869565216,0.0,255.99710856521742,0.0,255.99710856521742
09/02/2025,7,150.0,250,409.56260869565216,0.0,255.99710856521742,0.0,255.99710856521742
09/02/2025,8,150.0,250,409.56260869565216,0.0,255.99710856521742,0.0,255.99710856521742
09/02/2025,9,150.0,250,409.56260869565216,0.0,255.99710856521742,0.0,255.99710856521742
09/02/2025,10,156.32,250,409.56260869565216,0.0,255.99710856521742,0.0,255.99710856521742
09/02/2025,11,155.0,250,409.56260869565216,0.0,255.99710856521742,0.0,255.99710856521742
09/02/2025,12,153.0,250,409.56260869565216,0.0,255.99710856521742,0.0,255.99710856521742
09/02/2025,13,156.0,250,409.56260869565216,0.0,255.99710856521742,0.0,255.99710856521742
09/02/2025,14,145.94,250,409.56260869565216,0.0,255.99710856521742,0.0,255.99710856521742
09/02/2025,15,145.91,250,409.56260869565216,0.0,255.99710856521742,0.0,255.99710856521742
09/02/2025,16,145.0,250,409.56260869565216,0.0,255.99710856521742,0.0,255.99710856521742
09/02/2025,17,153.18,250,409.56260869565216,0.0,255.99710856521742,0.0,255.99710856521742
09/02/2025,18,164.47,250,409.56260869565216,0.0,255.99710856521742,0.0,255.99710856521742
09/02/2025,19,180.92,250,409.56260869565216,0.0,255.99710856521742,0.0,255.99710856521742
09/02/2025,20,185.92,250,409.56260869565216,0.0,255.99710856521742,0.0,255.99710856521742
09/02/2025,21,178.5,250,409.56260869565216,0.0,255.99710856521742,0.0,255.99710856521742
09/02/2025,22,170.0,250,409.56260869565216,0.0,255.99710856521742,0.0,255.99710856521742
09/02/2025,23,160.0,250,409.56260869565216,0.0,255.99710856521742,0.0,255.99710856521742
09/02/2025,24,155.64,250,409.56260869565216,0.0,255.99710856521742,0.0,255.99710856521742
10/02/2025,1,149.64,250,409.56260869565216,0.0,255.99710856521742,0.0,255.99710856521742
10/02/2025,2,141.02,250,409.56260869565216,0.0,255.99710856521742,0.0,255.99710856521742
10/02/2025,3,139.7,250,409.56260869565216,0.0,255.99710856521742,0.0,255.99710856521742
10/02/2025,4,137.53,250,409.56260869565216,0.0,255.99710856521742,0.0,255.99710856521742
10/02/2025,5,138.4,250,409.56260869565216,0.0,255.99710856521742,0.0,255.99710856521742
10/02/2025,6,147.74,250,409.56260869565216,0.0,255.99710856521742,0.0,255.99710856521742
10/02/2025,7,159.91,250,409.56260869565216,0.0,255.99710856521742,0.0,255.99710856521742
10/02/2025,8,170.28,250,409.56260869565216,0.0,255.99710856521742,0.0,255.99710856521742
10/02/2025,9,181.36,250,409.56260869565216,0.0,255.99710856521742,0.0,255.99710856521742
10/02/2025,10,170.0,250,409.56260869565216,0.0,255.99710856521742,0.0,255.99710856521742
10/02/2025,11,160.0,250,409.56260869565216,0.0,255.99710856521742,0.0,255.99710856521742
10/02/2025,12,155.0,250,409.56260869565216,0.0,255.99710856521742,0.0,255.99710856521742
10/02/2025,13,153.18,250,409.56260869565216,0.0,255.99710856521742,0.0,255.99710856521742
10/02/2025,14,153.01,250,409.56260869565216,0.0,255.99710856521742,0.0,255.99710856521742
10/02/2025,15,160.0,250,409.56260869565216,0.0,255.99710856521742,0.0,255.99710856521742
10/02/2025,16,166.62,250,409.56260869565216,0.0,255.99710856521742,0.0,255.99710856521742
10/02/2025,17,185.0,250,409.56260869565216,0.0,255.99710856521742,0.0,255.99710856521742
10/02/2025,18,191.9,250,409.56260869565216,0.0,255.99710856521742,0.0,255.99710856521742
10/02/2025,19,203.66,250,409.56260869565216,0.0,255.99710856521742,0.0,255.99710856521742
10/02/2025,20,193.11,250,409.56260869565216,0.0,255.99710856521742,0.0,255.99710856521742
10/02/2025,21,181.01,250,409.56260869565216,0.0,255.99710856521742,0.0,255.99710856521742
10/02/2025,22,162.0,250,409.56260869565216,0.0,255.99710856521742,0.0,255.99710856521742
10/02/2025,23,157.0,250,409.56260869565216,0.0,255.99710856521742,0.0,255.99710856521742
10/02/2025,24,152.5,250,409.56260869565216,0.0,255.99710856521742,0.0,255.99710856521742
11/02/2025,1,149.75,250,409.56260869565216,0.0,255.99710856521742,0.0,255.99710856521742
11/02/2025,2,147.57,250,409.56260869565216,0.0,255.99710856521742,0.0,255.99710856521742
11/02/2025,3,140.53,250,409.56260869565216,0.0,255.99710856521742,0.0,255.99710856521742
11/02/2025,4,139.53,250,409.56260869565216,0.0,255.99710856521742,0.0,255.99710856521742
11/02/2025,5,139.53,250,409.56260869565216,0.0,255.99710856521742,0.0,255.99710856521742
11/02/2025,6,154.2,250,409.56260869565216,0.0,255.99710856521742,0.0,255.99710856521742
11/02/2025,7,165.0,250,409.56260869565216,0.0,255.99710856521742,0.0,255.99710856521742
11/02/2025,8,177.18,250,409.56260869565216,0.0,255.99710856521742,0.0,255.99710856521742
11/02/2025,9,180.84,250,409.56260869565216,0.0,255.99710856521742,0.0,255.99710856521742
11/02/2025,10,183.52,250,409.56260869565216,0.0,255.99710856521742,0.0,255.99710856521742
11/02/2025,11,186.0,250,409.56260869565216,0.0,255.99710856521742,0.0,255.99710856521742
11/02/2025,12,170.0,250,409.56260869565216,0.0,255.99710856521742,0.0,255.99710856521742
11/02/2025,13,160.6,250,409.56260869565216,0.0,255.99710856521742,0.0,255.99710856521742
11/02/2025,14,161.68,250,409.56260869565216,0.0,255.99710856521742,0.0,255.99710856521742
11/02/2025,15,170.0,250,409.56260869565216,0.0,255.99710856521742,0.0,255.99710856521742
11/02/2025,16,168.46,250,409.56260869565216,0.0,255.99710856521742,0.0,255.99710856521742
11/02/2025,17,181.3,250,409.56260869565216,0.0,255.99710856521742,0.0,255.99710856521742
11/02/2025,18,185.32,250,409.56260869565216,0.0,255.99710856521742,0.0,255.99710856521742
11/02/2025,19,188.04,250,409.56260869565216,0.0,255.99710856521742,0.0,255.99710856521742
11/02/2025,20,190.0,250,409.56260869565216,0.0,255.99710856521742,0.0,255.99710856521742
11/02/2025,21,171.45,250,409.56260869565216,0.0,255.99710856521742,0.0,255.99710856521742
11/02/2025,22,168.27,250,409.56260869565216,0.0,255.99710856521742,0.0,255.99710856521742
11/02/2025,23,161.64,250,409.56260869565216,0.0,255.99710856521742,0.0,255.99710856521742
11/02/2025,24,159.0,250,409.56260869565216,0.0,255.99710856521742,0.0,255.99710856521742
12/02/2025,1,157.35,250,409.56260869565216,0.0,255.99710856521742,0.0,255.99710856521742
12/02/2025,2,150.17,250,409.56260869565216,0.0,255.99710856521742,0.0,255.99710856521742
12/02/2025,3,149.1,250,409.56260869565216,0.0,255.99710856521742,0.0,255.99710856521742
12/02/2025,4,146.8,250,409.56260869565216,0.0,255.99710856521742,0.0,255.99710856521742
12/02/2025,5,146.83,250,409.56260869565216,0.0,255.99710856521742,0.0,255.99710856521742
12/02/2025,6,154.34,250,409.56260869565216,0.0,255.99710856521742,0.0,255.99710856521742
12/02/2025,7,168.93,250,409.56260869565216,0.0,255.99710856521742,0.0,255.99710856521742
12/02/2025,8,180.71,250,409.56260869565216,0.0,255.99710856521742,0.0,255.99710856521742
12/02/2025,9,200.0,250,409.56260869565216,0.0,255.99710856521742,0.0,255.99710856521742
12/02/2025,10,180.0,250,409.56260869565216,0.0,255.99710856521742,0.0,255.99710856521742
12/02/2025,11,169.25,250,409.56260869565216,0.0,255.99710856521742,0.0,255.99710856521742
12/02/2025,12,166.59,250,409.56260869565216,0.0,255.99710856521742,0.0,255.99710856521742
12/02/2025,13,161.86,250,409.56260869565216,0.0,255.99710856521742,0.0,255.99710856521742
12/02/2025,14,165.0,250,409.56260869565216,0.0,255.99710856521742,0.0,255.99710856521742
12/02/2025,15,170.0,250,409.56260869565216,0.0,255.99710856521742,0.0,255.99710856521742
12/02/2025,16,177.3,250,409.56260869565216,0.0,255.99710856521742,0.0,255.99710856521742
12/02/2025,17,185.24,250,409.56260869565216,0.0,255.99710856521742,0.0,255.99710856521742
12/02/2025,18,202.67,250,409.56260869565216,0.0,255.99710856521742,0.0,255.99710856521742
12/02/2025,19,213.18,250,409.56260869565216,0.0,255.99710856521742,0.0,255.99710856521742
12/02/2025,20,197.43,250,409.56260869565216,0.0,255.99710856521742,0.0,255.99710856521742
12/02/2025,21,187.25,250,409.56260869565216,0.0,255.99710856521742,0.0,255.99710856521742
12/02/2025,22,174.26,250,409.56260869565216,0.0,255.99710856521742,0.0,255.99710856521742
12/02/2025,23,168.67,250,409.56260869565216,0.0,255.99710856521742,0.0,255.99710856521742
12/02/2025,24,160.0,250,409.56260869565216,0.0,255.99710856521742,0.0,255.99710856521742
13/02/2025,1,156.5,250,409.56260869565216,0.0,255.99710856521742,0.0,255.99710856521742
13/02/2025,2,150.2,250,409.56260869565216,0.0,255.99710856521742,0.0,255.99710856521742
13/02/2025,3,150.2,250,409.56260869565216,0.0,255.99710856521742,0.0,255.99710856521742
13/02/2025,4,146.3,250,409.56260869565216,0.0,255.99710856521742,0.0,255.99710856521742
13/02/2025,5,147.47,250,409.56260869565216,0.0,255.99710856521742,0.0,255.99710856521742
13/02/2025,6,158.61,250,409.56260869565216,0.0,255.99710856521742,0.0,255.99710856521742
13/02/2025,7,175.0,250,409.56260869565216,0.0,255.99710856521742,0.0,255.99710856521742
13/02/2025,8,187.1,250,409.56260869565216,0.0,255.99710856521742,0.0,255.99710856521742
13/02/2025,9,200.0,250,409.56260869565216,0.0,255.99710856521742,0.0,255.99710856521742
13/02/2025,10,200.0,250,409.56260869565216,0.0,255.99710856521742,0.0,255.99710856521742
13/02/2025,11,174.7,250,409.56260869565216,0.0,255.99710856521742,0.0,255.99710856521742
13/02/2025,12,185.0,250,409.56260869565216,0.0,255.99710856521742,0.0,255.99710856521742
13/02/2025,13,162.75,250,409.56260869565216,0.0,255.99710856521742,0.0,255.99710856521742
13/02/2025,14,161.95,250,409.56260869565216,0.0,255.99710856521742,0.0,255.99710856521742
13/02/2025,15,171.5,250,409.56260869565216,0.0,255.99710856521742,0.0,255.99710856521742
13/02/2025,16,177.5,250,409.56260869565216,0.0,255.99710856521742,0.0,255.99710856521742
13/02/2025,17,178.1,250,409.56260869565216,0.0,255.99710856521742,0.0,255.99710856521742
13/02/2025,18,181.75,250,409.56260869565216,0.0,255.99710856521742,0.0,255.99710856521742
13/02/2025,19,186.96,250,409.56260869565216,0.0,255.99710856521742,0.0,255.99710856521742
13/02/2025,20,196.52,250,409.56260869565216,0.0,255.99710856521742,0.0,255.99710856521742
13/02/2025,21,177.12,250,409.56260869565216,0.0,255.99710856521742,0.0,255.99710856521742
13/02/2025,22,162.92,250,409.56260869565216,0.0,255.99710856521742,0.0,255.99710856521742
13/02/2025,23,158.1,250,409.56260869565216,0.0,255.99710856521742,0.0,255.99710856521742
13/02/2025,24,148.0,250,409.56260869565216,0.0,255.99710856521742,0.0,255.99710856521742
14/02/2025,1,141.46,250,409.56260869565216,0.0,255.99710856521742,0.0,255.99710856521742
14/02/2025,2,137.4,250,409.56260869565216,0.0,255.99710856521742,0.0,255.99710856521742
14/02/2025,3,133.1,250,409.56260869565216,0.0,255.99710856521742,0.0,255.99710856521742
14/02/2025,4,131.03,250,409.56260869565216,0.0,255.99710856521742,0.0,255.99710856521742
14/02/2025,5,131.48,250,409.56260869565216,0.0,255.99710856521742,0.0,255.99710856521742
14/02/2025,6,140.9,250,409.56260869565216,0.0,255.99710856521742,0.0,255.99710856521742
14/02/2025,7,152.13,250,409.56260869565216,0.0,255.99710856521742,0.0,255.99710856521742
14/02/2025,8,171.73,250,409.56260869565216,0.0,255.99710856521742,0.0,255.99710856521742
14/02/2025,9,189.79,250,409.56260869565216,0.0,255.99710856521742,0.0,255.99710856521742
14/02/2025,10,185.0,250,409.56260869565216,0.0,255.99710856521742,0.0,255.99710856521742
14/02/2025,11,179.0,250,409.56260869565216,0.0,255.99710856521742,0.0,255.99710856521742
14/02/2025,12,164.86,250,409.56260869565216,0.0,255.99710856521742,0.0,255.99710856521742
14/02/2025,13,156.31,250,409.56260869565216,0.0,255.99710856521742,0.0,255.99710856521742
14/02/2025,14,156.31,250,409.56260869565216,0.0,255.99710856521742,0.0,255.99710856521742
14/02/2025,15,160.0,250,409.56260869565216,0.0,255.99710856521742,0.0,255.99710856521742
14/02/2025,16,170.98,250,409.56260869565216,0.0,255.99710856521742,0.0,255.99710856521742
14/02/2025,17,180.13,250,409.56260869565216,0.0,255.99710856521742,0.0,255.99710856521742
14/02/2025,18,190.0,250,409.56260869565216,0.0,255.99710856521742,0.0,255.99710856521742
14/02/2025,19,185.0,250,409.56260869565216,0.0,255.99710856521742,0.0,255.99710856521742
14/02/2025,20,201.66,250,409.56260869565216,0.0,255.99710856521742,0.0,255.99710856521742
14/02/2025,21,183.55,250,409.56260869565216,0.0,255.99710856521742,0.0,255.99710856521742
14/02/2025,22,163.42,250,409.56260869565216,0.0,255.99710856521742,0.0,255.99710856521742
14/02/2025,23,157.0,250,409.56260869565216,0.0,255.99710856521742,0.0,255.99710856521742
14/02/2025,24,149.17,250,409.56260869565216,0.0,255.99710856521742,0.0,255.99710856521742
15/02/2025,1,144.64,250,409.56260869565216,0.0,255.99710856521742,0.0,255.99710856521742
15/02/2025,2,141.0,250,409.56260869565216,0.0,255.99710856521742,0.0,255.99710856521742
15/02/2025,3,140.61,250,409.56260869565216,0.0,255.99710856521742,0.0,255.99710856521742
15/02/2025,4,139.41,250,409.56260869565216,0.0,255.99710856521742,0.0,255.99710856521742
15/02/2025,5,139.14,250,409.56260869565216,0.0,255.99710856521742,0.0,255.99710856521742
15/02/2025,6,139.65,250,409.56260869565216,0.0,255.99710856521742,0.0,255.99710856521742
15/02/2025,7,150.91,250,409.56260869565216,0.0,255.99710856521742,0.0,255.99710856521742
15/02/2025,8,150.52,250,409.56260869565216,0.0,255.99710856521742,0.0,255.99710856521742
15/02/2025,9,150.0,250,409.56260869565216,0.0,255.99710856521742,0.0,255.99710856521742
15/02/2025,10,146.22,250,409.56260869565216,0.0,255.99710856521742,0.0,255.99710856521742
15/02/2025,11,134.5,250,409.56260869565216,0.0,255.99710856521742,0.0,255.99710856521742
15/02/2025,12,118.7,250,409.56260869565216,0.0,255.99710856521742,0.0,255.99710856521742
15/02/2025,13,112.39,250,409.56260869565216,0.0,255.99710856521742,0.0,255.99710856521742
15/02/2025,14,110.01,250,409.56260869565216,0.0,255.99710856521742,0.0,255.99710856521742
15/02/2025,15,116.8,250,409.56260869565216,0.0,255.99710856521742,0.0,255.99710856521742
15/02/2025,16,131.11,250,409.56260869565216,0.0,255.99710856521742,0.0,255.99710856521742
15/02/2025,17,147.91,250,409.56260869565216,0.0,255.99710856521742,0.0,255.99710856521742
15/02/2025,18,168.0,250,409.56260869565216,0.0,255.99710856521742,0.0,255.99710856521742
15/02/2025,19,175.0,250,409.56260869565216,0.0,255.99710856521742,0.0,255.99710856521742
15/02/2025,20,171.64,250,409.56260869565216,0.0,255.99710856521742,0.0,255.99710856521742
15/02/2025,21,162.3,250,409.56260869565216,0.0,255.99710856521742,0.0,255.99710856521742
15/02/2025,22,147.91,250,409.56260869565216,0.0,255.99710856521742,0.0,255.99710856521742
15/02/2025,23,137.91,250,409.56260869565216,0.0,255.99710856521742,0.0,255.99710856521742
15/02/2025,24,136.03,250,409.56260869565216,0.0,255.99710856521742,0.0,255.99710856521742
16/02/2025,1,134.11,250,409.56260869565216,0.0,255.99710856521742,0.0,255.99710856521742
16/02/2025,2,129.45,250,409.56260869565216,0.0,255.99710856521742,0.0,255.99710856521742
16/02/2025,3,126.5,250,409.56260869565216,0.0,255.99710856521742,0.0,255.99710856521742
16/02/2025,4,119.9,250,409.56260869565216,0.0,255.99710856521742,0.0,255.99710856521742
16/02/2025,5,119.61,250,409.56260869565216,0.0,255.99710856521742,0.0,255.99710856521742
16/02/2025,6,121.1,250,409.56260869565216,0.0,255.99710856521742,0.0,255.99710856521742
16/02/2025,7,130.91,250,409.56260869565216,0.0,255.99710856521742,0.0,255.99710856521742
16/02/2025,8,135.95,250,409.56260869565216,0.0,255.99710856521742,0.0,255.99710856521742
16/02/2025,9,146.02,250,409.56260869565216,0.0,255.99710856521742,0.0,255.99710856521742
16/02/2025,10,147.73,250,409.56260869565216,0.0,255.99710856521742,0.0,255.99710856521742
16/02/2025,11,142.69,250,409.56260869565216,0.0,255.99710856521742,0.0,255.99710856521742
16/02/2025,12,135.17,250,409.56260869565216,0.0,255.99710856521742,0.0,255.99710856521742
16/02/2025,13,131.17,250,409.56260869565216,0.0,255.99710856521742,0.0,255.99710856521742
16/02/2025,14,129.5,250,409.56260869565216,0.0,255.99710856521742,0.0,255.99710856521742
16/02/2025,15,132.6,250,409.56260869565216,0.0,255.99710856521742,0.0,255.99710856521742
16/02/2025,16,143.64,250,409.56260869565216,0.0,255.99710856521742,0.0,255.99710856521742
16/02/2025,17,160.0,250,409.56260869565216,0.0,255.99710856521742,0.0,255.99710856521742
16/02/2025,18,173.1,250,409.56260869565216,0.0,255.99710856521742,0.0,255.99710856521742
16/02/2025,19,176.21,250,409.56260869565216,0.0,255.99710856521742,0.0,255.99710856521742
16/02/2025,20,174.64,250,409.56260869565216,0.0,255.99710856521742,0.0,255.99710856521742
16/02/2025,21,168.87,250,409.56260869565216,0.0,255.99710856521742,0.0,255.99710856521742
16/02/2025,22,165.31,250,409.56260869565216,0.0,255.99710856521742,0.0,255.99710856521742
16/02/2025,23,157.55,250,409.56260869565216,0.0,255.99710856521742,0.0,255.99710856521742
16/02/2025,24,147.73,250,409.56260869565216,0.0,255.99710856521742,0.0,255.99710856521742
17/02/2025,1,141.91,250,409.56260869565216,0.0,255.99710856521742,0.0,255.99710856521742
17/02/2025,2,139.45,250,409.56260869565216,0.0,255.99710856521742,0.0,255.99710856521742
17/02/2025,3,131.72,250,409.56260869565216,0.0,255.99710856521742,0.0,255.99710856521742
17/02/2025,4,131.72,250,409.56260869565216,0.0,255.99710856521742,0.0,255.99710856521742
17/02/2025,5,132.72,250,409.56260869565216,0.0,255.99710856521742,0.0,255.99710856521742
17/02/2025,6,146.0,250,409.56260869565216,0.0,255.99710856521742,0.0,255.99710856521742
17/02/2025,7,173.0,250,409.56260869565216,0.0,255.99710856521742,0.0,255.99710856521742
17/02/2025,8,205.0,250,409.56260869565216,0.0,255.99710856521742,0.0,255.99710856521742
17/02/2025,9,209.79,250,409.56260869565216,0.0,255.99710856521742,0.0,255.99710856521742
17/02/2025,10,171.3,250,409.56260869565216,0.0,255.99710856521742,0.0,255.99710856521742
17/02/2025,11,149.72,250,409.56260869565216,0.0,255.99710856521742,0.0,255.99710856521742
17/02/2025,12,144.0,250,409.56260869565216,0.0,255.99710856521742,0.0,255.99710856521742
17/02/2025,13,137.0,250,409.56260869565216,0.0,255.99710856521742,0.0,255.99710856521742
17/02/2025,14,134.3,250,409.56260869565216,0.0,255.99710856521742,0.0,255.99710856521742
17/02/2025,15,147.02,250,409.56260869565216,0.0,255.99710856521742,0.0,255.99710856521742
17/02/2025,16,149.9,250,409.56260869565216,0.0,255.99710856521742,0.0,255.99710856521742
17/02/2025,17,171.0,250,409.56260869565216,0.0,255.99710856521742,0.0,255.99710856521742
17/02/2025,18,190.0,250,409.56260869565216,0.0,255.99710856521742,0.0,255.99710856521742
17/02/2025,19,213.34,250,409.56260869565216,0.0,255.99710856521742,0.0,255.99710856521742
17/02/2025,20,215.52,250,409.56260869565216,0.0,255.99710856521742,0.0,255.99710856521742
17/02/2025,21,178.0,250,409.56260869565216,0.0,255.99710856521742,0.0,255.99710856521742
17/02/2025,22,160.0,250,409.56260869565216,0.0,255.99710856521742,0.0,255.99710856521742
17/02/2025,23,153.72,250,409.56260869565216,0.0,255.99710856521742,0.0,255.99710856521742
17/02/2025,24,147.26,250,409.56260869565216,0.0,255.99710856521742,0.0,255.99710856521742
18/02/2025,1,141.37,250,409.56260869565216,0.0,255.99710856521742,0.0,255.99710856521742
18/02/2025,2,135.7,250,409.56260869565216,0.0,255.99710856521742,0.0,255.99710856521742
18/02/2025,3,135.08,250,409.56260869565216,0.0,255.99710856521742,0.0,255.99710856521742
18/02/2025,4,133.1,250,409.56260869565216,0.0,255.99710856521742,0.0,255.99710856521742
18/02/2025,5,135.0,250,409.56260869565216,0.0,255.99710856521742,0.0,255.99710856521742
18/02/2025,6,146.97,250,409.56260869565216,0.0,255.99710856521742,0.0,255.99710856521742
18/02/2025,7,165.0,250,409.56260869565216,0.0,255.99710856521742,0.0,255.99710856521742
18/02/2025,8,196.0,250,409.56260869565216,0.0,255.99710856521742,0.0,255.99710856521742
18/02/2025,9,193.8,250,409.56260869565216,0.0,255.99710856521742,0.0,255.99710856521742
18/02/2025,10,160.0,250,409.56260869565216,0.0,255.99710856521742,0.0,255.99710856521742
18/02/2025,11,147.46,250,409.56260869565216,0.0,255.99710856521742,0.0,255.99710856521742
18/02/2025,12,140.0,250,409.56260869565216,0.0,255.99710856521742,0.0,255.99710856521742
18/02/2025,13,133.35,250,409.56260869565216,0.0,255.99710856521742,0.0,255.99710856521742
18/02/2025,14,137.27,250,409.56260869565216,0.0,255.99710856521742,0.0,255.99710856521742
18/02/2025,15,145.13,250,409.56260869565216,0.0,255.99710856521742,0.0,255.99710856521742
18/02/2025,16,157.14,250,409.56260869565216,0.0,255.99710856521742,0.0,255.99710856521742
18/02/2025,17,164.67,250,409.56260869565216,0.0,255.99710856521742,0.0,255.99710856521742
18/02/2025,18,173.0,250,409.56260869565216,0.0,255.99710856521742,0.0,255.99710856521742
18/02/2025,19,178.19,250,409.56260869565216,0.0,255.99710856521742,0.0,255.99710856521742
18/02/2025,20,177.2,250,409.56260869565216,0.0,255.99710856521742,0.0,255.99710856521742
18/02/2025,21,168.64,250,409.56260869565216,0.0,255.99710856521742,0.0,255.99710856521742
18/02/2025,22,163.0,250,409.56260869565216,0.0,255.99710856521742,0.0,255.99710856521742
18/02/2025,23,160.12,250,409.56260869565216,0.0,255.99710856521742,0.0,255.99710856521742
18/02/2025,24,152.0,250,409.56260869565216,0.0,255.99710856521742,0.0,255.99710856521742
19/02/2025,1,140.16,250,409.56260869565216,0.0,255.99710856521742,0.0,255.99710856521742
19/02/2025,2,135.54,250,409.56260869565216,0.0,255.99710856521742,0.0,255.99710856521742
19/02/2025,3,132.9,250,409.56260869565216,0.0,255.99710856521742,0.0,255.99710856521742
19/02/2025,4,133.1,250,409.56260869565216,0.0,255.99710856521742,0.0,255.99710856521742
19/02/2025,5,133.11,250,409.56260869565216,0.0,255.99710856521742,0.0,255.99710856521742
19/02/2025,6,142.33,250,409.56260869565216,0.0,255.99710856521742,0.0,255.99710856521742
19/02/2025,7,159.47,250,409.56260869565216,0.0,255.99710856521742,0.0,255.99710856521742
19/02/2025,8,174.8,250,409.56260869565216,0.0,255.99710856521742,0.0,255.99710856521742
19/02/2025,9,178.85,250,409.56260869565216,0.0,255.99710856521742,0.0,255.99710856521742
19/02/2025,10,157.92,250,409.56260869565216,0.0,255.99710856521742,0.0,255.99710856521742
19/02/2025,11,148.7,250,409.56260869565216,0.0,255.99710856521742,0.0,255.99710856521742
19/02/2025,12,143.52,250,409.56260869565216,0.0,255.99710856521742,0.0,255.99710856521742
19/02/2025,13,134.76,250,409.56260869565216,0.0,255.99710856521742,0.0,255.99710856521742
19/02/2025,14,135.0,250,409.56260869565216,0.0,255.99710856521742,0.0,255.99710856521742
19/02/2025,15,140.83,250,409.56260869565216,0.0,255.99710856521742,0.0,255.99710856521742
19/02/2025,16,149.89,250,409.56260869565216,0.0,255.99710856521742,0.0,255.99710856521742
19/02/2025,17,167.31,250,409.56260869565216,0.0,255.99710856521742,0.0,255.99710856521742
19/02/2025,18,178.31,250,409.56260869565216,0.0,255.99710856521742,0.0,255.99710856521742
19/02/2025,19,171.91,250,409.56260869565216,0.0,255.99710856521742,0.0,255.99710856521742
19/02/2025,20,169.3,250,409.56260869565216,0.0,255.99710856521742,0.0,255.99710856521742
19/02/2025,21,165.0,250,409.56260869565216,0.0,255.99710856521742,0.0,255.99710856521742
19/02/2025,22,159.76,250,409.56260869565216,0.0,255.99710856521742,0.0,255.99710856521742
19/02/2025,23,155.45,250,409.56260869565216,0.0,255.99710856521742,0.0,255.99710856521742
19/02/2025,24,146.6,250,409.56260869565216,0.0,255.99710856521742,0.0,255.99710856521742
20/02/2025,1,142.01,250,409.56260869565216,0.0,255.99710856521742,0.0,255.99710856521742
20/02/2025,2,137.52,250,409.56260869565216,0.0,255.99710856521742,0.0,255.99710856521742
20/02/2025,3,135.44,250,409.56260869565216,0.0,255.99710856521742,0.0,255.99710856521742
20/02/2025,4,135.0,250,409.56260869565216,0.0,255.99710856521742,0.0,255.99710856521742
20/02/2025,5,135.52,250,409.56260869565216,0.0,255.99710856521742,0.0,255.99710856521742
20/02/2025,6,142.01,250,409.56260869565216,0.0,255.99710856521742,0.0,255.99710856521742
20/02/2025,7,160.41,250,409.56260869565216,0.0,255.99710856521742,0.0,255.99710856521742
20/02/2025,8,184.18,250,409.56260869565216,0.0,255.99710856521742,0.0,255.99710856521742
20/02/2025,9,178.5,250,409.56260869565216,0.0,255.99710856521742,0.0,255.99710856521742
20/02/2025,10,157.75,250,409.56260869565216,0.0,255.99710856521742,0.0,255.99710856521742
20/02/2025,11,150.8,250,409.56260869565216,0.0,255.99710856521742,0.0,255.99710856521742
20/02/2025,12,143.89,250,409.56260869565216,0.0,255.99710856521742,0.0,255.99710856521742
20/02/2025,13,136.13,250,409.56260869565216,0.0,255.99710856521742,0.0,255.99710856521742
20/02/2025,14,135.14,250,409.56260869565216,0.0,255.99710856521742,0.0,255.99710856521742
20/02/2025,15,141.67,250,409.56260869565216,0.0,255.99710856521742,0.0,255.99710856521742
20/02/2025,16,147.89,250,409.56260869565216,0.0,255.99710856521742,0.0,255.99710856521742
20/02/2025,17,160.5,250,409.56260869565216,0.0,255.99710856521742,0.0,255.99710856521742
20/02/2025,18,172.78,250,409.56260869565216,0.0,255.99710856521742,0.0,255.99710856521742
20/02/2025,19,176.62,250,409.56260869565216,0.0,255.99710856521742,0.0,255.99710856521742
20/02/2025,20,178.0,250,409.56260869565216,0.0,255.99710856521742,0.0,255.99710856521742
20/02/2025,21,165.0,250,409.56260869565216,0.0,255.99710856521742,0.0,255.99710856521742
20/02/2025,22,156.56,250,409.56260869565216,0.0,255.99710856521742,0.0,255.99710856521742
20/02/2025,23,152.86,250,409.56260869565216,0.0,255.99710856521742,0.0,255.99710856521742
20/02/2025,24,146.13,250,409.56260869565216,0.0,255.99710856521742,0.0,255.99710856521742
21/02/2025,1,136.78,250,409.56260869565216,0.0,255.99710856521742,0.0,255.99710856521742
21/02/2025,2,133.13,250,409.56260869565216,0.0,255.99710856521742,0.0,255.99710856521742
21/02/2025,3,127.43,250,409.56260869565216,0.0,255.99710856521742,0.0,255.99710856521742
21/02/2025,4,124.6,250,409.56260869565216,0.0,255.99710856521742,0.0,255.99710856521742
21/02/2025,5,125.45,250,409.56260869565216,0.0,255.99710856521742,0.0,255.99710856521742
21/02/2025,6,139.38,250,409.56260869565216,0.0,255.99710856521742,0.0,255.99710856521742
21/02/2025,7,154.32,250,409.56260869565216,0.0,255.99710856521742,0.0,255.99710856521742
21/02/2025,8,174.57,250,409.56260869565216,0.0,255.99710856521742,0.0,255.99710856521742
21/02/2025,9,163.0,250,409.56260869565216,0.0,255.99710856521742,0.0,255.99710856521742
21/02/2025,10,148.88,250,409.56260869565216,0.0,255.99710856521742,0.0,255.99710856521742
21/02/2025,11,137.66,250,409.56260869565216,0.0,255.99710856521742,0.0,255.99710856521742
21/02/2025,12,132.03,250,409.56260869565216,0.0,255.99710856521742,0.0,255.99710856521742
21/02/2025,13,123.22,250,409.56260869565216,0.0,255.99710856521742,0.0,255.99710856521742
21/02/2025,14,122.1,250,409.56260869565216,0.0,255.99710856521742,0.0,255.99710856521742
21/02/2025,15,128.74,250,409.56260869565216,0.0,255.99710856521742,0.0,255.99710856521742
21/02/2025,16,137.62,250,409.56260869565216,0.0,255.99710856521742,0.0,255.99710856521742
21/02/2025,17,152.48,250,409.56260869565216,0.0,255.99710856521742,0.0,255.99710856521742
21/02/2025,18,168.48,250,409.56260869565216,0.0,255.99710856521742,0.0,255.99710856521742
21/02/2025,19,170.0,250,409.56260869565216,0.0,255.99710856521742,0.0,255.99710856521742
21/02/2025,20,167.7,250,409.56260869565216,0.0,255.99710856521742,0.0,255.99710856521742
21/02/2025,21,157.28,250,409.56260869565216,0.0,255.99710856521742,0.0,255.99710856521742
21/02/2025,22,153.65,250,409.56260869565216,0.0,255.99710856521742,0.0,255.99710856521742
21/02/2025,23,148.21,250,409.56260869565216,0.0,255.99710856521742,0.0,255.99710856521742
21/02/2025,24,143.63,250,409.56260869565216,0.0,255.99710856521742,0.0,255.99710856521742
22/02/2025,1,139.84,250,409.56260869565216,0.0,255.99710856521742,0.0,255.99710856521742
22/02/2025,2,132.66,250,409.56260869565216,0.0,255.99710856521742,0.0,255.99710856521742
22/02/2025,3,128.74,250,409.56260869565216,0.0,255.99710856521742,0.0,255.99710856521742
22/02/2025,4,127.58,250,409.56260869565216,0.0,255.99710856521742,0.0,255.99710856521742
22/02/2025,5,125.6,250,409.56260869565216,0.0,255.99710856521742,0.0,255.99710856521742
22/02/2025,6,132.0,250,409.56260869565216,0.0,255.99710856521742,0.0,255.99710856521742
22/02/2025,7,134.89,250,409.56260869565216,0.0,255.99710856521742,0.0,255.99710856521742
22/02/2025,8,141.42,250,409.56260869565216,0.0,255.99710856521742,0.0,255.99710856521742
22/02/2025,9,139.84,250,409.56260869565216,0.0,255.99710856521742,0.0,255.99710856521742
22/02/2025,10,139.84,250,409.56260869565216,0.0,255.99710856521742,0.0,255.99710856521742
22/02/2025,11,135.58,250,409.56260869565216,0.0,255.99710856521742,0.0,255.99710856521742
22/02/2025,12,125.0,250,409.56260869565216,0.0,255.99710856521742,0.0,255.99710856521742
22/02/2025,13,123.0,250,409.56260869565216,0.0,255.99710856521742,0.0,255.99710856521742
22/02/2025,14,113.92,250,409.56260869565216,0.0,255.99710856521742,0.0,255.99710856521742
22/02/2025,15,119.0,250,409.56260869565216,0.0,255.99710856521742,0.0,255.99710856521742
22/02/2025,16,128.74,250,409.56260869565216,0.0,255.99710856521742,0.0,255.99710856521742
22/02/2025,17,145.0,250,409.56260869565216,0.0,255.99710856521742,0.0,255.99710856521742
22/02/2025,18,160.0,250,409.56260869565216,0.0,255.99710856521742,0.0,255.99710856521742
22/02/2025,19,165.01,250,409.56260869565216,0.0,255.99710856521742,0.0,255.99710856521742
22/02/2025,20,166.42,250,409.56260869565216,0.0,255.99710856521742,0.0,255.99710856521742
22/02/2025,21,163.23,250,409.56260869565216,0.0,255.99710856521742,0.0,255.99710856521742
22/02/2025,22,146.31,250,409.56260869565216,0.0,255.99710856521742,0.0,255.99710856521742
22/02/2025,23,141.42,250,409.56260869565216,0.0,255.99710856521742,0.0,255.99710856521742
22/02/2025,24,139.84,250,409.56260869565216,0.0,255.99710856521742,0.0,255.99710856521742
23/02/2025,1,138.56,250,409.56260869565216,0.0,255.99710856521742,0.0,255.99710856521742
23/02/2025,2,140.82,250,409.56260869565216,0.0,255.99710856521742,0.0,255.99710856521742
23/02/2025,3,129.01,250,409.56260869565216,0.0,255.99710856521742,0.0,255.99710856521742
23/02/2025,4,128.68,250,409.56260869565216,0.0,255.99710856521742,0.0,255.99710856521742
23/02/2025,5,128.82,250,409.56260869565216,0.0,255.99710856521742,0.0,255.99710856521742
23/02/2025,6,135.92,250,409.56260869565216,0.0,255.99710856521742,0.0,255.99710856521742
23/02/2025,7,140.82,250,409.56260869565216,0.0,255.99710856521742,0.0,255.99710856521742
23/02/2025,8,136.82,250,409.56260869565216,0.0,255.99710856521742,0.0,255.99710856521742
23/02/2025,9,133.51,250,409.56260869565216,0.0,255.99710856521742,0.0,255.99710856521742
23/02/2025,10,127.1,250,409.56260869565216,0.0,255.99710856521742,0.0,255.99710856521742
23/02/2025,11,120.58,250,409.56260869565216,0.0,255.99710856521742,0.0,255.99710856521742
23/02/2025,12,110.82,250,409.56260869565216,0.0,255.99710856521742,0.0,255.99710856521742
23/02/2025,13,106.74,250,409.56260869565216,0.0,255.99710856521742,0.0,255.99710856521742
23/02/2025,14,100.06,250,409.56260869565216,0.0,255.99710856521742,0.0,255.99710856521742
23/02/2025,15,106.57,250,409.56260869565216,0.0,255.99710856521742,0.0,255.99710856521742
23/02/2025,16,125.41,250,409.56260869565216,0.0,255.99710856521742,0.0,255.99710856521742
23/02/2025,17,140.03,250,409.56260869565216,0.0,255.99710856521742,0.0,255.99710856521742
23/02/2025,18,149.92,250,409.56260869565216,0.0,255.99710856521742,0.0,255.99710856521742
23/02/2025,19,155.0,250,409.56260869565216,0.0,255.99710856521742,0.0,255.99710856521742
23/02/2025,20,154.35,250,409.56260869565216,0.0,255.99710856521742,0.0,255.99710856521742
23/02/2025,21,150.0,250,409.56260869565216,0.0,255.99710856521742,0.0,255.99710856521742
23/02/2025,22,150.0,250,409.56260869565216,0.0,255.99710856521742,0.0,255.99710856521742
23/02/2025,23,138.56,250,409.56260869565216,0.0,255.99710856521742,0.0,255.99710856521742
23/02/2025,24,134.0,250,409.56260869565216,0.0,255.99710856521742,0.0,255.99710856521742
24/02/2025,1,129.44,250,409.56260869565216,0.0,255.99710856521742,0.0,255.99710856521742
24/02/2025,2,123.6,250,409.56260869565216,0.0,255.99710856521742,0.0,255.99710856521742
24/02/2025,3,120.0,250,409.56260869565216,0.0,255.99710856521742,0.0,255.99710856521742
24/02/2025,4,120.1,250,409.56260869565216,0.0,255.99710856521742,0.0,255.99710856521742
24/02/2025,5,122.21,250,409.56260869565216,0.0,255.99710856521742,0.0,255.99710856521742
24/02/2025,6,136.42,250,409.56260869565216,0.0,255.99710856521742,0.0,255.99710856521742
24/02/2025,7,143.12,250,409.56260869565216,0.0,255.99710856521742,0.0,255.99710856521742
24/02/2025,8,156.31,250,409.56260869565216,0.0,255.99710856521742,0.0,255.99710856521742
24/02/2025,9,162.53,250,409.56260869565216,0.0,255.99710856521742,0.0,255.99710856521742
24/02/2025,10,156.61,250,409.56260869565216,0.0,255.99710856521742,0.0,255.99710856521742
24/02/2025,11,146.6,250,409.56260869565216,0.0,255.99710856521742,0.0,255.99710856521742
24/02/2025,12,143.54,250,409.56260869565216,0.0,255.99710856521742,0.0,255.99710856521742
24/02/2025,13,137.32,250,409.56260869565216,0.0,255.99710856521742,0.0,255.99710856521742
24/02/2025,14,138.98,250,409.56260869565216,0.0,255.99710856521742,0.0,255.99710856521742
24/02/2025,15,145.0,250,409.56260869565216,0.0,255.99710856521742,0.0,255.99710856521742
24/02/2025,16,146.6,250,409.56260869565216,0.0,255.99710856521742,0.0,255.99710856521742
24/02/2025,17,153.03,250,409.56260869565216,0.0,255.99710856521742,0.0,255.99710856521742
24/02/2025,18,153.82,250,409.56260869565216,0.0,255.99710856521742,0.0,255.99710856521742
24/02/2025,19,158.71,250,409.56260869565216,0.0,255.99710856521742,0.0,255.99710856521742
24/02/2025,20,159.17,250,409.56260869565216,0.0,255.99710856521742,0.0,255.99710856521742
24/02/2025,21,154.02,250,409.56260869565216,0.0,255.99710856521742,0.0,255.99710856521742
24/02/2025,22,145.0,250,409.56260869565216,0.0,255.99710856521742,0.0,255.99710856521742
24/02/2025,23,141.0,250,409.56260869565216,0.0,255.99710856521742,0.0,255.99710856521742
24/02/2025,24,136.1,250,409.56260869565216,0.0,255.99710856521742,0.0,255.99710856521742
25/02/2025,1,134.32,250,409.56260869565216,0.0,255.99710856521742,0.0,255.99710856521742
25/02/2025,2,126.0,250,409.56260869565216,0.0,255.99710856521742,0.0,255.99710856521742
25/02/2025,3,124.8,250,409.56260869565216,0.0,255.99710856521742,0.0,255.99710856521742
25/02/2025,4,123.65,250,409.56260869565216,0.0,255.99710856521742,0.0,255.99710856521742
25/02/2025,5,124.86,250,409.56260869565216,0.0,255.99710856521742,0.0,255.99710856521742
25/02/2025,6,134.67,250,409.56260869565216,0.0,255.99710856521742,0.0,255.99710856521742
25/02/2025,7,150.0,250,409.56260869565216,0.0,255.99710856521742,0.0,255.99710856521742
25/02/2025,8,159.0,250,409.56260869565216,0.0,255.99710856521742,0.0,255.99710856521742
25/02/2025,9,161.47,250,409.56260869565216,0.0,255.99710856521742,0.0,255.99710856521742
25/02/2025,10,155.42,250,409.56260869565216,0.0,255.99710856521742,0.0,255.99710856521742
25/02/2025,11,143.2,250,409.56260869565216,0.0,255.99710856521742,0.0,255.99710856521742
25/02/2025,12,140.12,250,409.56260869565216,0.0,255.99710856521742,0.0,255.99710856521742
25/02/2025,13,133.76,250,409.56260869565216,0.0,255.99710856521742,0.0,255.99710856521742
25/02/2025,14,134.75,250,409.56260869565216,0.0,255.99710856521742,0.0,255.99710856521742
25/02/2025,15,139.79,250,409.56260869565216,0.0,255.99710856521742,0.0,255.99710856521742
25/02/2025,16,150.35,250,409.56260869565216,0.0,255.99710856521742,0.0,255.99710856521742
25/02/2025,17,156.3,250,409.56260869565216,0.0,255.99710856521742,0.0,255.99710856521742
25/02/2025,18,155.0,250,409.56260869565216,0.0,255.99710856521742,0.0,255.99710856521742
25/02/2025,19,169.31,250,409.56260869565216,0.0,255.99710856521742,0.0,255.99710856521742
25/02/2025,20,167.32,250,409.56260869565216,0.0,255.99710856521742,0.0,255.99710856521742
25/02/2025,21,152.62,250,409.56260869565216,0.0,255.99710856521742,0.0,255.99710856521742
25/02/2025,22,143.12,250,409.56260869565216,0.0,255.99710856521742,0.0,255.99710856521742
25/02/2025,23,140.01,250,409.56260869565216,0.0,255.99710856521742,0.0,255.99710856521742
25/02/2025,24,133.62,250,409.56260869565216,0.0,255.99710856521742,0.0,255.99710856521742
26/02/2025,1,126.3,250,409.56260869565216,0.0,255.99710856521742,0.0,255.99710856521742
26/02/2025,2,123.05,250,409.56260869565216,0.0,255.99710856521742,0.0,255.99710856521742
26/02/2025,3,119.53,250,409.56260869565216,0.0,255.99710856521742,0.0,255.99710856521742
26/02/2025,4,118.93,250,409.56260869565216,0.0,255.99710856521742,0.0,255.99710856521742
26/02/2025,5,119.3,250,409.56260869565216,0.0,255.99710856521742,0.0,255.99710856521742
26/02/2025,6,124.8,250,409.56260869565216,0.0,255.99710856521742,0.0,255.99710856521742
26/02/2025,7,144.0,250,409.56260869565216,0.0,255.99710856521742,0.0,255.99710856521742
26/02/2025,8,166.71,250,409.56260869565216,0.0,255.99710856521742,0.0,255.99710856521742
26/02/2025,9,185.47,250,409.56260869565216,0.0,255.99710856521742,0.0,255.99710856521742
26/02/2025,10,158.64,250,409.56260869565216,0.0,255.99710856521742,0.0,255.99710856521742
26/02/2025,11,146.65,250,409.56260869565216,0.0,255.99710856521742,0.0,255.99710856521742
26/02/2025,12,140.0,250,409.56260869565216,0.0,255.99710856521742,0.0,255.99710856521742
26/02/2025,13,128.33,250,409.56260869565216,0.0,255.99710856521742,0.0,255.99710856521742
26/02/2025,14,125.4,250,409.56260869565216,0.0,255.99710856521742,0.0,255.99710856521742
26/02/2025,15,131.31,250,409.56260869565216,0.0,255.99710856521742,0.0,255.99710856521742
26/02/2025,16,144.57,250,409.56260869565216,0.0,255.99710856521742,0.0,255.99710856521742
26/02/2025,17,147.6,250,409.56260869565216,0.0,255.99710856521742,0.0,255.99710856521742
26/02/2025,18,158.64,250,409.56260869565216,0.0,255.99710856521742,0.0,255.99710856521742
26/02/2025,19,162.7,250,409.56260869565216,0.0,255.99710856521742,0.0,255.99710856521742
26/02/2025,20,161.95,250,409.56260869565216,0.0,255.99710856521742,0.0,255.99710856521742
26/02/2025,21,147.2,250,409.56260869565216,0.0,255.99710856521742,0.0,255.99710856521742
26/02/2025,22,140.5,250,409.56260869565216,0.0,255.99710856521742,0.0,255.99710856521742
26/02/2025,23,136.77,250,409.56260869565216,0.0,255.99710856521742,0.0,255.99710856521742
26/02/2025,24,130.0,250,409.56260869565216,0.0,255.99710856521742,0.0,255.99710856521742
27/02/2025,1,123.12,250,409.56260869565216,0.0,255.99710856521742,0.0,255.99710856521742
27/02/2025,2,119.75,250,409.56260869565216,0.0,255.99710856521742,0.0,255.99710856521742
27/02/2025,3,116.4,250,409.56260869565216,0.0,255.99710856521742,0.0,255.99710856521742
27/02/2025,4,115.6,250,409.56260869565216,0.0,255.99710856521742,0.0,255.99710856521742
27/02/2025,5,119.46,250,409.56260869565216,0.0,255.99710856521742,0.0,255.99710856521742
27/02/2025,6,125.17,250,409.56260869565216,0.0,255.99710856521742,0.0,255.99710856521742
27/02/2025,7,145.0,250,409.56260869565216,0.0,255.99710856521742,0.0,255.99710856521742
27/02/2025,8,152.31,250,409.56260869565216,0.0,255.99710856521742,0.0,255.99710856521742
27/02/2025,9,161.13,250,409.56260869565216,0.0,255.99710856521742,0.0,255.99710856521742
27/02/2025,10,149.31,250,409.56260869565216,0.0,255.99710856521742,0.0,255.99710856521742
27/02/2025,11,135.0,250,409.56260869565216,0.0,255.99710856521742,0.0,255.99710856521742
27/02/2025,12,125.06,250,409.56260869565216,0.0,255.99710856521742,0.0,255.99710856521742
27/02/2025,13,117.0,250,409.56260869565216,0.0,255.99710856521742,0.0,255.99710856521742
27/02/2025,14,115.08,250,409.56260869565216,0.0,255.99710856521742,0.0,255.99710856521742
27/02/2025,15,119.75,250,409.56260869565216,0.0,255.99710856521742,0.0,255.99710856521742
27/02/2025,16,132.33,250,409.56260869565216,0.0,255.99710856521742,0.0,255.99710856521742
27/02/2025,17,144.87,250,409.56260869565216,0.0,255.99710856521742,0.0,255.99710856521742
27/02/2025,18,152.0,250,409.56260869565216,0.0,255.99710856521742,0.0,255.99710856521742
27/02/2025,19,161.41,250,409.56260869565216,0.0,255.99710856521742,0.0,255.99710856521742
27/02/2025,20,161.31,250,409.56260869565216,0.0,255.99710856521742,0.0,255.99710856521742
27/02/2025,21,149.31,250,409.56260869565216,0.0,255.99710856521742,0.0,255.99710856521742
27/02/2025,22,140.0,250,409.56260869565216,0.0,255.99710856521742,0.0,255.99710856521742
27/02/2025,23,134.74,250,409.56260869565216,0.0,255.99710856521742,0.0,255.99710856521742
27/02/2025,24,131.77,250,409.56260869565216,0.0,255.99710856521742,0.0,255.99710856521742
28/02/2025,1,122.8,250,409.56260869565216,0.0,255.99710856521742,0.0,255.99710856521742
28/02/2025,2,119.59,250,409.56260869565216,0.0,255.99710856521742,0.0,255.99710856521742
28/02/2025,3,117.61,250,409.56260869565216,0.0,255.99710856521742,0.0,255.99710856521742
28/02/2025,4,118.1,250,409.56260869565216,0.0,255.99710856521742,0.0,255.99710856521742
28/02/2025,5,118.0,250,409.56260869565216,0.0,255.99710856521742,0.0,255.99710856521742
28/02/2025,6,120.4,250,409.56260869565216,0.0,255.99710856521742,0.0,255.99710856521742
28/02/2025,7,136.85,250,409.56260869565216,0.0,255.99710856521742,0.0,255.99710856521742
28/02/2025,8,155.0,250,409.56260869565216,0.0,255.99710856521742,0.0,255.99710856521742
28/02/2025,9,152.94,250,409.56260869565216,0.0,255.99710856521742,0.0,255.99710856521742
28/02/2025,10,143.33,250,409.56260869565216,0.0,255.99710856521742,0.0,255.99710856521742
28/02/2025,11,129.49,250,409.56260869565216,0.0,255.99710856521742,0.0,255.99710856521742
28/02/2025,12,117.7,250,409.56260869565216,0.0,255.99710856521742,0.0,255.99710856521742
28/02/2025,13,110.0,250,409.56260869565216,0.0,255.99710856521742,0.0,255.99710856521742
28/02/2025,14,110.0,250,409.56260869565216,0.0,255.99710856521742,0.0,255.99710856521742
28/02/2025,15,112.8,250,409.56260869565216,0.0,255.99710856521742,0.0,255.99710856521742
28/02/2025,16,127.07,250,409.56260869565216,0.0,255.99710856521742,0.0,255.99710856521742
28/02/2025,17,140.75,250,409.56260869565216,0.0,255.99710856521742,0.0,255.99710856521742
28/02/2025,18,147.0,250,409.56260869565216,0.0,255.99710856521742,0.0,255.99710856521742
28/02/2025,19,153.72,250,409.56260869565216,0.0,255.99710856521742,0.0,255.99710856521742
28/02/2025,20,152.39,250,409.56260869565216,0.0,255.99710856521742,0.0,255.99710856521742
28/02/2025,21,144.59,250,409.56260869565216,0.0,255.99710856521742,0.0,255.99710856521742
28/02/2025,22,139.0,250,409.56260869565216,0.0,255.99710856521742,0.0,255.99710856521742
28/02/2025,23,135.0,250,409.56260869565216,0.0,255.99710856521742,0.0,255.99710856521742
28/02/2025,24,124.35,250,409.56260869565216,0.0,255.99710856521742,0.0,255.99710856521742
01/03/2025,1,129.18,250,409.56260869565216,0.0,255.99710856521742,0.0,255.99710856521742
01/03/2025,2,124.78,250,409.56260869565216,0.0,255.99710856521742,0.0,255.99710856521742
01/03/2025,3,121.59,250,409.56260869565216,0.0,255.99710856521742,0.0,255.99710856521742
01/03/2025,4,121.6,250,409.56260869565216,0.0,255.99710856521742,0.0,255.99710856521742
01/03/2025,5,120.0,250,409.56260869565216,0.0,255.99710856521742,0.0,255.99710856521742
01/03/2025,6,122.4,250,409.56260869565216,0.0,255.99710856521742,0.0,255.99710856521742
01/03/2025,7,134.14,250,409.56260869565216,0.0,255.99710856521742,0.0,255.99710856521742
01/03/2025,8,138.04,250,409.56260869565216,0.0,255.99710856521742,0.0,255.99710856521742
01/03/2025,9,140.0,250,409.56260869565216,0.0,255.99710856521742,0.0,255.99710856521742
01/03/2025,10,139.86,250,409.56260869565216,0.0,255.99710856521742,0.0,255.99710856521742
01/03/2025,11,128.0,250,409.56260869565216,0.0,255.99710856521742,0.0,255.99710856521742
01/03/2025,12,124.58,250,409.56260869565216,0.0,255.99710856521742,0.0,255.99710856521742
01/03/2025,13,112.8,250,409.56260869565216,0.0,255.99710856521742,0.0,255.99710856521742
01/03/2025,14,105.09,250,409.56260869565216,0.0,255.99710856521742,0.0,255.99710856521742
01/03/2025,15,112.54,250,409.56260869565216,0.0,255.99710856521742,0.0,255.99710856521742
01/03/2025,16,125.92,250,409.56260869565216,0.0,255.99710856521742,0.0,255.99710856521742
01/03/2025,17,136.0,250,409.56260869565216,0.0,255.99710856521742,0.0,255.99710856521742
01/03/2025,18,145.56,250,409.56260869565216,0.0,255.99710856521742,0.0,255.99710856521742
01/03/2025,19,148.85,250,409.56260869565216,0.0,255.99710856521742,0.0,255.99710856521742
01/03/2025,20,148.9,250,409.56260869565216,0.0,255.99710856521742,0.0,255.99710856521742
01/03/2025,21,144.0,250,409.56260869565216,0.0,255.99710856521742,0.0,255.99710856521742
01/03/2025,22,136.0,250,409.56260869565216,0.0,255.99710856521742,0.0,255.99710856521742
01/03/2025,23,130.77,250,409.56260869565216,0.0,255.99710856521742,0.0,255.99710856521742
01/03/2025,24,124.72,250,409.56260869565216,0.0,255.99710856521742,0.0,255.99710856521742
02/03/2025,1,130.15,250,409.56260869565216,0.0,255.99710856521742,0.0,255.99710856521742
02/03/2025,2,128.81,250,409.56260869565216,0.0,255.99710856521742,0.0,255.99710856521742
02/03/2025,3,120.61,250,409.56260869565216,0.0,255.99710856521742,0.0,255.99710856521742
02/03/2025,4,119.64,250,409.56260869565216,0.0,255.99710856521742,0.0,255.99710856521742
02/03/2025,5,118.88,250,409.56260869565216,0.0,255.99710856521742,0.0,255.99710856521742
02/03/2025,6,121.0,250,409.56260869565216,0.0,255.99710856521742,0.0,255.99710856521742
02/03/2025,7,128.63,250,409.56260869565216,0.0,255.99710856521742,0.0,255.99710856521742
02/03/2025,8,119.72,250,409.56260869565216,0.0,255.99710856521742,0.0,255.99710856521742
02/03/2025,9,110.08,250,409.56260869565216,0.0,255.99710856521742,0.0,255.99710856521742
02/03/2025,10,102.35,250,409.56260869565216,0.0,255.99710856521742,0.0,255.99710856521742
02/03/2025,11,76.53,250,409.56260869565216,0.0,255.99710856521742,0.0,255.99710856521742
02/03/2025,12,49.0,250,409.56260869565216,0.0,255.99710856521742,0.0,255.99710856521742
02/03/2025,13,27.5,450,379.8566519202964,399.55380458080873,237.42940028278124,10.987729625972241,248.41712990875348
02/03/2025,14,20.1,450,379.8566519202964,399.55380458080873,237.42940028278124,8.031031472074256,245.4604317548555
02/03/2025,15,27.95,450,379.8566519202964,399.55380458080873,237.42940028278124,11.167528838033604,248.59692912081485
02/03/2025,16,72.35,250,409.56260869565216,0.0,255.99710856521742,0.0,255.99710856521742
02/03/2025,17,115.02,250,409.56260869565216,0.0,255.99710856521742,0.0,255.99710856521742
02/03/2025,18,133.1,250,409.56260869565216,0.0,255.99710856521742,0.0,255.99710856521742
02/03/2025,19,150.05,250,409.56260869565216,0.0,255.99710856521742,0.0,255.99710856521742
02/03/2025,20,150.05,250,409.56260869565216,0.0,255.99710856521742,0.0,255.99710856521742
02/03/2025,21,148.33,250,409.56260869565216,0.0,255.99710856521742,0.0,255.99710856521742
02/03/2025,22,139.0,250,409.56260869565216,0.0,255.99710856521742,0.0,255.99710856521742
02/03/2025,23,126.23,250,409.56260869565216,0.0,255.99710856521742,0.0,255.99710856521742
02/03/2025,24,115.2,250,409.56260869565216,0.0,255.99710856521742,0.0,255.99710856521742
03/03/2025,1,115.02,250,409.56260869565216,0.0,255.99710856521742,0.0,255.99710856521742
03/03/2025,2,108.26,250,409.56260869565216,0.0,255.99710856521742,0.0,255.99710856521742
03/03/2025,3,106.75,250,409.56260869565216,0.0,255.99710856521742,0.0,255.99710856521742
03/03/2025,4,103.3,250,409.56260869565216,0.0,255.99710856521742,0.0,255.99710856521742
03/03/2025,5,106.81,250,409.56260869565216,0.0,255.99710856521742,0.0,255.99710856521742
03/03/2025,6,119.12,250,409.56260869565216,0.0,255.99710856521742,0.0,255.99710856521742
03/03/2025,7,140.09,250,409.56260869565216,0.0,255.99710856521742,0.0,255.99710856521742
03/03/2025,8,163.0,250,409.56260869565216,0.0,255.99710856521742,0.0,255.99710856521742
03/03/2025,9,148.46,250,409.56260869565216,0.0,255.99710856521742,0.0,255.99710856521742
03/03/2025,10,135.8,250,409.56260869565216,0.0,255.99710856521742,0.0,255.99710856521742
03/03/2025,11,116.4,250,409.56260869565216,0.0,255.99710856521742,0.0,255.99710856521742
03/03/2025,12,107.35,250,409.56260869565216,0.0,255.99710856521742,0.0,255.99710856521742
03/03/2025,13,101.9,250,409.56260869565216,0.0,255.99710856521742,0.0,255.99710856521742
03/03/2025,14,103.33,250,409.56260869565216,0.0,255.99710856521742,0.0,255.99710856521742
03/03/2025,15,112.5,250,409.56260869565216,0.0,255.99710856521742,0.0,255.99710856521742
03/03/2025,16,129.0,250,409.56260869565216,0.0,255.99710856521742,0.0,255.99710856521742
03/03/2025,17,135.99,250,409.56260869565216,0.0,255.99710856521742,0.0,255.99710856521742
03/03/2025,18,148.07,250,409.56260869565216,0.0,255.99710856521742,0.0,255.99710856521742
03/03/2025,19,159.09,250,409.56260869565216,0.0,255.99710856521742,0.0,255.99710856521742
03/03/2025,20,175.1,250,409.56260869565216,0.0,255.99710856521742,0.0,255.99710856521742
03/03/2025,21,149.0,250,409.56260869565216,0.0,255.99710856521742,0.0,255.99710856521742
03/03/2025,22,147.25,250,409.56260869565216,0.0,255.99710856521742,0.0,255.99710856521742
03/03/2025,23,138.91,250,409.56260869565216,0.0,255.99710856521742,0.0,255.99710856521742
03/03/2025,24,132.11,250,409.56260869565216,0.0,255.99710856521742,0.0,255.99710856521742
04/03/2025,1,128.55,250,409.56260869565216,0.0,255.99710856521742,0.0,255.99710856521742
04/03/2025,2,119.9,250,409.56260869565216,0.0,255.99710856521742,0.0,255.99710856521742
04/03/2025,3,116.85,250,409.56260869565216,0.0,255.99710856521742,0.0,255.99710856521742
04/03/2025,4,114.85,250,409.56260869565216,0.0,255.99710856521742,0.0,255.99710856521742
04/03/2025,5,115.0,250,409.56260869565216,0.0,255.99710856521742,0.0,255.99710856521742
04/03/2025,6,133.1,250,409.56260869565216,0.0,255.99710856521742,0.0,255.99710856521742
04/03/2025,7,161.3,250,409.56260869565216,0.0,255.99710856521742,0.0,255.99710856521742
04/03/2025,8,175.68,250,409.56260869565216,0.0,255.99710856521742,0.0,255.99710856521742
04/03/2025,9,149.5,250,409.56260869565216,0.0,255.99710856521742,0.0,255.99710856521742
04/03/2025,10,131.14,250,409.56260869565216,0.0,255.99710856521742,0.0,255.99710856521742
04/03/2025,11,120.0,250,409.56260869565216,0.0,255.99710856521742,0.0,255.99710856521742
04/03/2025,12,115.0,250,409.56260869565216,0.0,255.99710856521742,0.0,255.99710856521742
04/03/2025,13,102.4,250,409.56260869565216,0.0,255.99710856521742,0.0,255.99710856521742
04/03/2025,14,101.53,250,409.56260869565216,0.0,255.99710856521742,0.0,255.99710856521742
04/03/2025,15,107.67,250,409.56260869565216,0.0,255.99710856521742,0.0,255.99710856521742
04/03/2025,16,117.83,250,409.56260869565216,0.0,255.99710856521742,0.0,255.99710856521742
04/03/2025,17,138.36,250,409.56260869565216,0.0,255.99710856521742,0.0,255.99710856521742
04/03/2025,18,153.3,250,409.56260869565216,0.0,255.99710856521742,0.0,255.99710856521742
04/03/2025,19,166.5,250,409.56260869565216,0.0,255.99710856521742,0.0,255.99710856521742
04/03/2025,20,168.1,250,409.56260869565216,0.0,255.99710856521742,0.0,255.99710856521742
04/03/2025,21,154.0,250,409.56260869565216,0.0,255.99710856521742,0.0,255.99710856521742
04/03/2025,22,148.78,250,409.56260869565216,0.0,255.99710856521742,0.0,255.99710856521742
04/03/2025,23,140.0,250,409.56260869565216,0.0,255.99710856521742,0.0,255.99710856521742
04/03/2025,24,134.29,250,409.56260869565216,0.0,255.99710856521742,0.0,255.99710856521742
05/03/2025,1,128.92,250,409.56260869565216,0.0,255.99710856521742,0.0,255.99710856521742
05/03/2025,2,117.41,250,409.56260869565216,0.0,255.99710856521742,0.0,255.99710856521742
05/03/2025,3,115.4,250,409.56260869565216,0.0,255.99710856521742,0.0,255.99710856521742
05/03/2025,4,114.8,250,409.56260869565216,0.0,255.99710856521742,0.0,255.99710856521742
05/03/2025,5,117.0,250,409.56260869565216,0.0,255.99710856521742,0.0,255.99710856521742
05/03/2025,6,131.12,250,409.56260869565216,0.0,255.99710856521742,0.0,255.99710856521742
05/03/2025,7,151.56,250,409.56260869565216,0.0,255.99710856521742,0.0,255.99710856521742
05/03/2025,8,152.0,250,409.56260869565216,0.0,255.99710856521742,0.0,255.99710856521742
05/03/2025,9,145.5,250,409.56260869565216,0.0,255.99710856521742,0.0,255.99710856521742
05/03/2025,10,127.49,250,409.56260869565216,0.0,255.99710856521742,0.0,255.99710856521742
05/03/2025,11,122.65,250,409.56260869565216,0.0,255.99710856521742,0.0,255.99710856521742
05/03/2025,12,107.4,250,409.56260869565216,0.0,255.99710856521742,0.0,255.99710856521742
05/03/2025,13,100.0,250,409.56260869565216,0.0,255.99710856521742,0.0,255.99710856521742
05/03/2025,14,100.0,250,409.56260869565216,0.0,255.99710856521742,0.0,255.99710856521742
05/03/2025,15,107.41,250,409.56260869565216,0.0,255.99710856521742,0.0,255.99710856521742
05/03/2025,16,116.8,250,409.56260869565216,0.0,255.99710856521742,0.0,255.99710856521742
05/03/2025,17,129.52,250,409.56260869565216,0.0,255.99710856521742,0.0,255.99710856521742
05/03/2025,18,148.3,250,409.56260869565216,0.0,255.99710856521742,0.0,255.99710856521742
05/03/2025,19,153.6,250,409.56260869565216,0.0,255.99710856521742,0.0,255.99710856521742
05/03/2025,20,152.31,250,409.56260869565216,0.0,255.99710856521742,0.0,255.99710856521742
05/03/2025,21,150.12,250,409.56260869565216,0.0,255.99710856521742,0.0,255.99710856521742
05/03/2025,22,143.59,250,409.56260869565216,0.0,255.99710856521742,0.0,255.99710856521742
05/03/2025,23,133.3,250,409.56260869565216,0.0,255.99710856521742,0.0,255.99710856521742
05/03/2025,24,126.89,250,409.56260869565216,0.0,255.99710856521742,0.0,255.99710856521742
06/03/2025,1,117.0,250,409.56260869565216,0.0,255.99710856521742,0.0,255.99710856521742
06/03/2025,2,112.96,250,409.56260869565216,0.0,255.99710856521742,0.0,255.99710856521742
06/03/2025,3,111.1,250,409.56260869565216,0.0,255.99710856521742,0.0,255.99710856521742
06/03/2025,4,109.53,250,409.56260869565216,0.0,255.99710856521742,0.0,255.99710856521742
06/03/2025,5,111.1,250,409.56260869565216,0.0,255.99710856521742,0.0,255.99710856521742
06/03/2025,6,126.58,250,409.56260869565216,0.0,255.99710856521742,0.0,255.99710856521742
06/03/2025,7,150.13,250,409.56260869565216,0.0,255.99710856521742,0.0,255.99710856521742
06/03/2025,8,154.09,250,409.56260869565216,0.0,255.99710856521742,0.0,255.99710856521742
06/03/2025,9,159.9,250,409.56260869565216,0.0,255.99710856521742,0.0,255.99710856521742
06/03/2025,10,130.0,250,409.56260869565216,0.0,255.99710856521742,0.0,255.99710856521742
06/03/2025,11,113.0,250,409.56260869565216,0.0,255.99710856521742,0.0,255.99710856521742
06/03/2025,12,99.07,250,409.56260869565216,0.0,255.99710856521742,0.0,255.99710856521742
06/03/2025,13,85.0,250,409.56260869565216,0.0,255.99710856521742,0.0,255.99710856521742
06/03/2025,14,89.89,250,409.56260869565216,0.0,255.99710856521742,0.0,255.99710856521742
06/03/2025,15,99.2,250,409.56260869565216,0.0,255.99710856521742,0.0,255.99710856521742
06/03/2025,16,109.87,250,409.56260869565216,0.0,255.99710856521742,0.0,255.99710856521742
06/03/2025,17,123.06,250,409.56260869565216,0.0,255.99710856521742,0.0,255.99710856521742
06/03/2025,18,147.0,250,409.56260869565216,0.0,255.99710856521742,0.0,255.99710856521742
06/03/2025,19,171.1,250,409.56260869565216,0.0,255.99710856521742,0.0,255.99710856521742
06/03/2025,20,157.95,250,409.56260869565216,0.0,255.99710856521742,0.0,255.99710856521742
06/03/2025,21,148.0,250,409.56260869565216,0.0,255.99710856521742,0.0,255.99710856521742
06/03/2025,22,139.0,250,409.56260869565216,0.0,255.99710856521742,0.0,255.99710856521742
06/03/2025,23,131.5,250,409.56260869565216,0.0,255.99710856521742,0.0,255.99710856521742
06/03/2025,24,128.0,250,409.56260869565216,0.0,255.99710856521742,0.0,255.99710856521742
07/03/2025,1,114.0,250,409.56260869565216,0.0,255.99710856521742,0.0,255.99710856521742
07/03/2025,2,104.9,250,409.56260869565216,0.0,255.99710856521742,0.0,255.99710856521742
07/03/2025,3,102.9,250,409.56260869565216,0.0,255.99710856521742,0.0,255.99710856521742
07/03/2025,4,102.9,250,409.56260869565216,0.0,255.99710856521742,0.0,255.99710856521742
07/03/2025,5,105.13,250,409.56260869565216,0.0,255.99710856521742,0.0,255.99710856521742
07/03/2025,6,122.53,250,409.56260869565216,0.0,255.99710856521742,0.0,255.99710856521742
07/03/2025,7,144.79,250,409.56260869565216,0.0,255.99710856521742,0.0,255.99710856521742
07/03/2025,8,152.3,250,409.56260869565216,0.0,255.99710856521742,0.0,255.99710856521742
07/03/2025,9,139.55,250,409.56260869565216,0.0,255.99710856521742,0.0,255.99710856521742
07/03/2025,10,125.0,250,409.56260869565216,0.0,255.99710856521742,0.0,255.99710856521742
07/03/2025,11,115.5,250,409.56260869565216,0.0,255.99710856521742,0.0,255.99710856521742
07/03/2025,12,105.0,250,409.56260869565216,0.0,255.99710856521742,0.0,255.99710856521742
07/03/2025,13,94.26,250,409.56260869565216,0.0,255.99710856521742,0.0,255.99710856521742
07/03/2025,14,94.21,250,409.56260869565216,0.0,255.99710856521742,0.0,255.99710856521742
07/03/2025,15,99.86,250,409.56260869565216,0.0,255.99710856521742,0.0,255.99710856521742
07/03/2025,16,117.56,250,409.56260869565216,0.0,255.99710856521742,0.0,255.99710856521742
07/03/2025,17,135.13,250,409.56260869565216,0.0,255.99710856521742,0.0,255.99710856521742
07/03/2025,18,143.48,250,409.56260869565216,0.0,255.99710856521742,0.0,255.99710856521742
07/03/2025,19,160.38,250,409.56260869565216,0.0,255.99710856521742,0.0,255.99710856521742
07/03/2025,20,164.26,250,409.56260869565216,0.0,255.99710856521742,0.0,255.99710856521742
07/03/2025,21,144.24,250,409.56260869565216,0.0,255.99710856521742,0.0,255.99710856521742
07/03/2025,22,135.45,250,409.56260869565216,0.0,255.99710856521742,0.0,255.99710856521742
07/03/2025,23,125.14,250,409.56260869565216,0.0,255.99710856521742,0.0,255.99710856521742
07/03/2025,24,123.19,250,409.56260869565216,0.0,255.99710856521742,0.0,255.99710856521742
08/03/2025,1,129.07,250,409.56260869565216,0.0,255.99710856521742,0.0,255.99710856521742
08/03/2025,2,119.07,250,409.56260869565216,0.0,255.99710856521742,0.0,255.99710856521742
08/03/2025,3,113.94,250,409.56260869565216,0.0,255.99710856521742,0.0,255.99710856521742
08/03/2025,4,113.0,250,409.56260869565216,0.0,255.99710856521742,0.0,255.99710856521742
08/03/2025,5,113.94,250,409.56260869565216,0.0,255.99710856521742,0.0,255.99710856521742
08/03/2025,6,118.45,250,409.56260869565216,0.0,255.99710856521742,0.0,255.99710856521742
08/03/2025,7,130.37,250,409.56260869565216,0.0,255.99710856521742,0.0,255.99710856521742
08/03/2025,8,125.12,250,409.56260869565216,0.0,255.99710856521742,0.0,255.99710856521742
08/03/2025,9,112.6,250,409.56260869565216,0.0,255.99710856521742,0.0,255.99710856521742
08/03/2025,10,106.82,250,409.56260869565216,0.0,255.99710856521742,0.0,255.99710856521742
08/03/2025,11,98.82,250,409.56260869565216,0.0,255.99710856521742,0.0,255.99710856521742
08/03/2025,12,54.0,250,409.56260869565216,0.0,255.99710856521742,0.0,255.99710856521742
08/03/2025,13,27.77,450,379.8566519202964,399.55380458080873,237.42940028278124,11.09560915320906,248.5250094359903
08/03/2025,14,10.0,450,379.8566519202964,399.55380458080873,237.42940028278124,3.9955380458080874,241.42493832858932
08/03/2025,15,50.0,250,409.56260869565216,0.0,255.99710856521742,0.0,255.99710856521742
08/03/2025,16,78.97,250,409.56260869565216,0.0,255.99710856521742,0.0,255.99710856521742
08/03/2025,17,108.05,250,409.56260869565216,0.0,255.99710856521742,0.0,255.99710856521742
08/03/2025,18,130.0,250,409.56260869565216,0.0,255.99710856521742,0.0,255.99710856521742
08/03/2025,19,143.48,250,409.56260869565216,0.0,255.99710856521742,0.0,255.99710856521742
08/03/2025,20,143.48,250,409.56260869565216,0.0,255.99710856521742,0.0,255.99710856521742
08/03/2025,21,138.1,250,409.56260869565216,0.0,255.99710856521742,0.0,255.99710856521742
08/03/2025,22,131.86,250,409.56260869565216,0.0,255.99710856521742,0.0,255.99710856521742
08/03/2025,23,125.0,250,409.56260869565216,0.0,255.99710856521742,0.0,255.99710856521742
08/03/2025,24,112.95,250,409.56260869565216,0.0,255.99710856521742,0.0,255.99710856521742
09/03/2025,1,125.0,250,409.56260869565216,0.0,255.99710856521742,0.0,255.99710856521742
09/03/2025,2,119.48,250,409.56260869565216,0.0,255.99710856521742,0.0,255.99710856521742
09/03/2025,3,119.0,250,409.56260869565216,0.0,255.99710856521742,0.0,255.99710856521742
09/03/2025,4,112.97,250,409.56260869565216,0.0,255.99710856521742,0.0,255.99710856521742
09/03/2025,5,111.1,250,409.56260869565216,0.0,255.99710856521742,0.0,255.99710856521742
09/03/2025,6,114.89,250,409.56260869565216,0.0,255.99710856521742,0.0,255.99710856521742
09/03/2025,7,120.93,250,409.56260869565216,0.0,255.99710856521742,0.0,255.99710856521742
09/03/2025,8,121.97,250,409.56260869565216,0.0,255.99710856521742,0.0,255.99710856521742
09/03/2025,9,110.0,250,409.56260869565216,0.0,255.99710856521742,0.0,255.99710856521742
09/03/2025,10,91.04,250,409.56260869565216,0.0,255.99710856521742,0.0,255.99710856521742
09/03/2025,11,107.53,250,409.56260869565216,0.0,255.99710856521742,0.0,255.99710856521742
09/03/2025,12,90.0,250,409.56260869565216,0.0,255.99710856521742,0.0,255.99710856521742
09/03/2025,13,81.1,250,409.56260869565216,0.0,255.99710856521742,0.0,255.99710856521742
09/03/2025,14,68.7,250,409.56260869565216,0.0,255.99710856521742,0.0,255.99710856521742
09/03/2025,15,70.0,250,409.56260869565216,0.0,255.99710856521742,0.0,255.99710856521742
09/03/2025,16,80.0,250,409.56260869565216,0.0,255.99710856521742,0.0,255.99710856521742
09/03/2025,17,104.12,250,409.56260869565216,0.0,255.99710856521742,0.0,255.99710856521742
09/03/2025,18,133.96,250,409.56260869565216,0.0,255.99710856521742,0.0,255.99710856521742
09/03/2025,19,143.48,250,409.56260869565216,0.0,255.99710856521742,0.0,255.99710856521742
09/03/2025,20,143.48,250,409.56260869565216,0.0,255.99710856521742,0.0,255.99710856521742
09/03/2025,21,140.0,250,409.56260869565216,0.0,255.99710856521742,0.0,255.99710856521742
09/03/2025,22,134.5,250,409.56260869565216,0.0,255.99710856521742,0.0,255.99710856521742
09/03/2025,23,118.68,250,409.56260869565216,0.0,255.99710856521742,0.0,255.99710856521742
09/03/2025,24,112.28,250,409.56260869565216,0.0,255.99710856521742,0.0,255.99710856521742
10/03/2025,1,101.47,250,409.56260869565216,0.0,255.99710856521742,0.0,255.99710856521742
10/03/2025,2,99.2,250,409.56260869565216,0.0,255.99710856521742,0.0,255.99710856521742
10/03/2025,3,99.45,250,409.56260869565216,0.0,255.99710856521742,0.0,255.99710856521742
10/03/2025,4,99.65,250,409.56260869565216,0.0,255.99710856521742,0.0,255.99710856521742
10/03/2025,5,99.14,250,409.56260869565216,0.0,255.99710856521742,0.0,255.99710856521742
10/03/2025,6,111.53,250,409.56260869565216,0.0,255.99710856521742,0.0,255.99710856521742
10/03/2025,7,133.24,250,409.56260869565216,0.0,255.99710856521742,0.0,255.99710856521742
10/03/2025,8,157.9,250,409.56260869565216,0.0,255.99710856521742,0.0,255.99710856521742
10/03/2025,9,142.92,250,409.56260869565216,0.0,255.99710856521742,0.0,255.99710856521742
10/03/2025,10,156.07,250,409.56260869565216,0.0,255.99710856521742,0.0,255.99710856521742
10/03/2025,11,156.08,250,409.56260869565216,0.0,255.99710856521742,0.0,255.99710856521742
10/03/2025,12,140.0,250,409.56260869565216,0.0,255.99710856521742,0.0,255.99710856521742
10/03/2025,13,120.0,250,409.56260869565216,0.0,255.99710856521742,0.0,255.99710856521742
10/03/2025,14,116.35,250,409.56260869565216,0.0,255.99710856521742,0.0,255.99710856521742
10/03/2025,15,121.35,250,409.56260869565216,0.0,255.99710856521742,0.0,255.99710856521742
10/03/2025,16,130.47,250,409.56260869565216,0.0,255.99710856521742,0.0,255.99710856521742
10/03/2025,17,134.66,250,409.56260869565216,0.0,255.99710856521742,0.0,255.99710856521742
10/03/2025,18,144.9,250,409.56260869565216,0.0,255.99710856521742,0.0,255.99710856521742
10/03/2025,19,165.5,250,409.56260869565216,0.0,255.99710856521742,0.0,255.99710856521742
10/03/2025,20,158.99,250,409.56260869565216,0.0,255.99710856521742,0.0,255.99710856521742
10/03/2025,21,140.78,250,409.56260869565216,0.0,255.99710856521742,0.0,255.99710856521742
10/03/2025,22,131.57,250,409.56260869565216,0.0,255.99710856521742,0.0,255.99710856521742
10/03/2025,23,118.68,250,409.56260869565216,0.0,255.99710856521742,0.0,255.99710856521742
10/03/2025,24,115.87,250,409.56260869565216,0.0,255.99710856521742,0.0,255.99710856521742
11/03/2025,1,110.0,250,409.56260869565216,0.0,255.99710856521742,0.0,255.99710856521742
11/03/2025,2,104.8,250,409.56260869565216,0.0,255.99710856521742,0.0,255.99710856521742
11/03/2025,3,102.21,250,409.56260869565216,0.0,255.99710856521742,0.0,255.99710856521742
11/03/2025,4,106.7,250,409.56260869565216,0.0,255.99710856521742,0.0,255.99710856521742
11/03/2025,5,106.78,250,409.56260869565216,0.0,255.99710856521742,0.0,255.99710856521742
11/03/2025,6,113.16,250,409.56260869565216,0.0,255.99710856521742,0.0,255.99710856521742
11/03/2025,7,140.3,250,409.56260869565216,0.0,255.99710856521742,0.0,255.99710856521742
11/03/2025,8,146.19,250,409.56260869565216,0.0,255.99710856521742,0.0,255.99710856521742
11/03/2025,9,140.0,250,409.56260869565216,0.0,255.99710856521742,0.0,255.99710856521742
11/03/2025,10,130.17,250,409.56260869565216,0.0,255.99710856521742,0.0,255.99710856521742
11/03/2025,11,121.08,250,409.56260869565216,0.0,255.99710856521742,0.0,255.99710856521742
11/03/2025,12,121.0,250,409.56260869565216,0.0,255.99710856521742,0.0,255.99710856521742
11/03/2025,13,105.82,250,409.56260869565216,0.0,255.99710856521742,0.0,255.99710856521742
11/03/2025,14,108.34,250,409.56260869565216,0.0,255.99710856521742,0.0,255.99710856521742
11/03/2025,15,118.03,250,409.56260869565216,0.0,255.99710856521742,0.0,255.99710856521742
11/03/2025,16,127.09,250,409.56260869565216,0.0,255.99710856521742,0.0,255.99710856521742
11/03/2025,17,138.32,250,409.56260869565216,0.0,255.99710856521742,0.0,255.99710856521742
11/03/2025,18,140.26,250,409.56260869565216,0.0,255.99710856521742,0.0,255.99710856521742
11/03/2025,19,150.0,250,409.56260869565216,0.0,255.99710856521742,0.0,255.99710856521742
11/03/2025,20,157.5,250,409.56260869565216,0.0,255.99710856521742,0.0,255.99710856521742
11/03/2025,21,138.32,250,409.56260869565216,0.0,255.99710856521742,0.0,255.99710856521742
11/03/2025,22,133.97,250,409.56260869565216,0.0,255.99710856521742,0.0,255.99710856521742
11/03/2025,23,121.74,250,409.56260869565216,0.0,255.99710856521742,0.0,255.99710856521742
11/03/2025,24,118.81,250,409.56260869565216,0.0,255.99710856521742,0.0,255.99710856521742
12/03/2025,1,113.68,250,409.56260869565216,0.0,255.99710856521742,0.0,255.99710856521742
12/03/2025,2,110.0,250,409.56260869565216,0.0,255.99710856521742,0.0,255.99710856521742
12/03/2025,3,109.41,250,409.56260869565216,0.0,255.99710856521742,0.0,255.99710856521742
12/03/2025,4,108.35,250,409.56260869565216,0.0,255.99710856521742,0.0,255.99710856521742
12/03/2025,5,108.34,250,409.56260869565216,0.0,255.99710856521742,0.0,255.99710856521742
12/03/2025,6,113.55,250,409.56260869565216,0.0,255.99710856521742,0.0,255.99710856521742
12/03/2025,7,125.22,250,409.56260869565216,0.0,255.99710856521742,0.0,255.99710856521742
12/03/2025,8,148.87,250,409.56260869565216,0.0,255.99710856521742,0.0,255.99710856521742
12/03/2025,9,140.0,250,409.56260869565216,0.0,255.99710856521742,0.0,255.99710856521742
12/03/2025,10,128.74,250,409.56260869565216,0.0,255.99710856521742,0.0,255.99710856521742
12/03/2025,11,125.22,250,409.56260869565216,0.0,255.99710856521742,0.0,255.99710856521742
12/03/2025,12,122.46,250,409.56260869565216,0.0,255.99710856521742,0.0,255.99710856521742
12/03/2025,13,117.61,250,409.56260869565216,0.0,255.99710856521742,0.0,255.99710856521742
12/03/2025,14,120.82,250,409.56260869565216,0.0,255.99710856521742,0.0,255.99710856521742
12/03/2025,15,126.93,250,409.56260869565216,0.0,255.99710856521742,0.0,255.99710856521742
12/03/2025,16,128.27,250,409.56260869565216,0.0,255.99710856521742,0.0,255.99710856521742
12/03/2025,17,135.35,250,409.56260869565216,0.0,255.99710856521742,0.0,255.99710856521742
12/03/2025,18,143.99,250,409.56260869565216,0.0,255.99710856521742,0.0,255.99710856521742
12/03/2025,19,150.2,250,409.56260869565216,0.0,255.99710856521742,0.0,255.99710856521742
12/03/2025,20,176.69,250,409.56260869565216,0.0,255.99710856521742,0.0,255.99710856521742
12/03/2025,21,146.37,250,409.56260869565216,0.0,255.99710856521742,0.0,255.99710856521742
12/03/2025,22,132.2,250,409.56260869565216,0.0,255.99710856521742,0.0,255.99710856521742
12/03/2025,23,120.0,250,409.56260869565216,0.0,255.99710856521742,0.0,255.99710856521742
12/03/2025,24,114.0,250,409.56260869565216,0.0,255.99710856521742,0.0,255.99710856521742
13/03/2025,1,108.86,250,409.56260869565216,0.0,255.99710856521742,0.0,255.99710856521742
13/03/2025,2,107.62,250,409.56260869565216,0.0,255.99710856521742,0.0,255.99710856521742
13/03/2025,3,107.0,250,409.56260869565216,0.0,255.99710856521742,0.0,255.99710856521742
13/03/2025,4,107.0,250,409.56260869565216,0.0,255.99710856521742,0.0,255.99710856521742
13/03/2025,5,107.3,250,409.56260869565216,0.0,255.99710856521742,0.0,255.99710856521742
13/03/2025,6,107.76,250,409.56260869565216,0.0,255.99710856521742,0.0,255.99710856521742
13/03/2025,7,138.91,250,409.56260869565216,0.0,255.99710856521742,0.0,255.99710856521742
13/03/2025,8,154.37,250,409.56260869565216,0.0,255.99710856521742,0.0,255.99710856521742
13/03/2025,9,156.41,250,409.56260869565216,0.0,255.99710856521742,0.0,255.99710856521742
13/03/2025,10,140.0,250,409.56260869565216,0.0,255.99710856521742,0.0,255.99710856521742
13/03/2025,11,123.45,250,409.56260869565216,0.0,255.99710856521742,0.0,255.99710856521742
13/03/2025,12,112.21,250,409.56260869565216,0.0,255.99710856521742,0.0,255.99710856521742
13/03/2025,13,108.07,250,409.56260869565216,0.0,255.99710856521742,0.0,255.99710856521742
13/03/2025,14,106.66,250,409.56260869565216,0.0,255.99710856521742,0.0,255.99710856521742
13/03/2025,15,106.8,250,409.56260869565216,0.0,255.99710856521742,0.0,255.99710856521742
13/03/2025,16,113.12,250,409.56260869565216,0.0,255.99710856521742,0.0,255.99710856521742
13/03/2025,17,127.2,250,409.56260869565216,0.0,255.99710856521742,0.0,255.99710856521742
13/03/2025,18,141.83,250,409.56260869565216,0.0,255.99710856521742,0.0,255.99710856521742
13/03/2025,19,166.05,250,409.56260869565216,0.0,255.99710856521742,0.0,255.99710856521742
13/03/2025,20,173.47,250,409.56260869565216,0.0,255.99710856521742,0.0,255.99710856521742
13/03/2025,21,149.0,250,409.56260869565216,0.0,255.99710856521742,0.0,255.99710856521742
13/03/2025,22,135.69,250,409.56260869565216,0.0,255.99710856521742,0.0,255.99710856521742
13/03/2025,23,127.87,250,409.56260869565216,0.0,255.99710856521742,0.0,255.99710856521742
13/03/2025,24,122.15,250,409.56260869565216,0.0,255.99710856521742,0.0,255.99710856521742
14/03/2025,1,109.09,250,409.56260869565216,0.0,255.99710856521742,0.0,255.99710856521742
14/03/2025,2,106.0,250,409.56260869565216,0.0,255.99710856521742,0.0,255.99710856521742
14/03/2025,3,105.9,250,409.56260869565216,0.0,255.99710856521742,0.0,255.99710856521742
14/03/2025,4,103.83,250,409.56260869565216,0.0,255.99710856521742,0.0,255.99710856521742
14/03/2025,5,105.3,250,409.56260869565216,0.0,255.99710856521742,0.0,255.99710856521742
14/03/2025,6,112.47,250,409.56260869565216,0.0,255.99710856521742,0.0,255.99710856521742
14/03/2025,7,132.38,250,409.56260869565216,0.0,255.99710856521742,0.0,255.99710856521742
14/03/2025,8,155.0,250,409.56260869565216,0.0,255.99710856521742,0.0,255.99710856521742
14/03/2025,9,153.62,250,409.56260869565216,0.0,255.99710856521742,0.0,255.99710856521742
14/03/2025,10,132.14,250,409.56260869565216,0.0,255.99710856521742,0.0,255.99710856521742
14/03/2025,11,126.5,250,409.56260869565216,0.0,255.99710856521742,0.0,255.99710856521742
14/03/2025,12,118.61,250,409.56260869565216,0.0,255.99710856521742,0.0,255.99710856521742
14/03/2025,13,109.76,250,409.56260869565216,0.0,255.99710856521742,0.0,255.99710856521742
14/03/2025,14,110.2,250,409.56260869565216,0.0,255.99710856521742,0.0,255.99710856521742
14/03/2025,15,112.0,250,409.56260869565216,0.0,255.99710856521742,0.0,255.99710856521742
14/03/2025,16,118.61,250,409.56260869565216,0.0,255.99710856521742,0.0,255.99710856521742
14/03/2025,17,127.38,250,409.56260869565216,0.0,255.99710856521742,0.0,255.99710856521742
14/03/2025,18,139.4,250,409.56260869565216,0.0,255.99710856521742,0.0,255.99710856521742
14/03/2025,19,151.52,250,409.56260869565216,0.0,255.99710856521742,0.0,255.99710856521742
14/03/2025,20,150.74,250,409.56260869565216,0.0,255.99710856521742,0.0,255.99710856521742
14/03/2025,21,132.38,250,409.56260869565216,0.0,255.99710856521742,0.0,255.99710856521742
14/03/2025,22,126.21,250,409.56260869565216,0.0,255.99710856521742,0.0,255.99710856521742
14/03/2025,23,118.61,250,409.56260869565216,0.0,255.99710856521742,0.0,255.99710856521742
14/03/2025,24,116.66,250,409.56260869565216,0.0,255.99710856521742,0.0,255.99710856521742
15/03/2025,1,112.15,250,409.56260869565216,0.0,255.99710856521742,0.0,255.99710856521742
15/03/2025,2,106.62,250,409.56260869565216,0.0,255.99710856521742,0.0,255.99710856521742
15/03/2025,3,102.3,250,409.56260869565216,0.0,255.99710856521742,0.0,255.99710856521742
15/03/2025,4,102.3,250,409.56260869565216,0.0,255.99710856521742,0.0,255.99710856521742
15/03/2025,5,104.1,250,409.56260869565216,0.0,255.99710856521742,0.0,255.99710856521742
15/03/2025,6,107.49,250,409.56260869565216,0.0,255.99710856521742,0.0,255.99710856521742
15/03/2025,7,125.8,250,409.56260869565216,0.0,255.99710856521742,0.0,255.99710856521742
15/03/2025,8,130.0,250,409.56260869565216,0.0,255.99710856521742,0.0,255.99710856521742
15/03/2025,9,129.37,250,409.56260869565216,0.0,255.99710856521742,0.0,255.99710856521742
15/03/2025,10,125.5,250,409.56260869565216,0.0,255.99710856521742,0.0,255.99710856521742
15/03/2025,11,113.95,250,409.56260869565216,0.0,255.99710856521742,0.0,255.99710856521742
15/03/2025,12,108.54,250,409.56260869565216,0.0,255.99710856521742,0.0,255.99710856521742
15/03/2025,13,95.17,250,409.56260869565216,0.0,255.99710856521742,0.0,255.99710856521742
15/03/2025,14,89.62,250,409.56260869565216,0.0,255.99710856521742,0.0,255.99710856521742
15/03/2025,15,94.58,250,409.56260869565216,0.0,255.99710856521742,0.0,255.99710856521742
15/03/2025,16,111.4,250,409.56260869565216,0.0,255.99710856521742,0.0,255.99710856521742
15/03/2025,17,126.76,250,409.56260869565216,0.0,255.99710856521742,0.0,255.99710856521742
15/03/2025,18,134.98,250,409.56260869565216,0.0,255.99710856521742,0.0,255.99710856521742
15/03/2025,19,144.9,250,409.56260869565216,0.0,255.99710856521742,0.0,255.99710856521742
15/03/2025,20,150.0,250,409.56260869565216,0.0,255.99710856521742,0.0,255.99710856521742
15/03/2025,21,140.0,250,409.56260869565216,0.0,255.99710856521742,0.0,255.99710856521742
15/03/2025,22,131.76,250,409.56260869565216,0.0,255.99710856521742,0.0,255.99710856521742
15/03/2025,23,125.9,250,409.56260869565216,0.0,255.99710856521742,0.0,255.99710856521742
15/03/2025,24,114.44,250,409.56260869565216,0.0,255.99710856521742,0.0,255.99710856521742
16/03/2025,1,111.1,250,409.56260869565216,0.0,255.99710856521742,0.0,255.99710856521742
16/03/2025,2,104.1,250,409.56260869565216,0.0,255.99710856521742,0.0,255.99710856521742
16/03/2025,3,94.75,250,409.56260869565216,0.0,255.99710856521742,0.0,255.99710856521742
16/03/2025,4,98.4,250,409.56260869565216,0.0,255.99710856521742,0.0,255.99710856521742
16/03/2025,5,94.76,250,409.56260869565216,0.0,255.99710856521742,0.0,255.99710856521742
16/03/2025,6,94.76,250,409.56260869565216,0.0,255.99710856521742,0.0,255.99710856521742
16/03/2025,7,103.4,250,409.56260869565216,0.0,255.99710856521742,0.0,255.99710856521742
16/03/2025,8,104.55,250,409.56260869565216,0.0,255.99710856521742,0.0,255.99710856521742
16/03/2025,9,94.76,250,409.56260869565216,0.0,255.99710856521742,0.0,255.99710856521742
16/03/2025,10,76.0,250,409.56260869565216,0.0,255.99710856521742,0.0,255.99710856521742
16/03/2025,11,26.11,450,379.8566519202964,399.55380458080873,237.42940028278124,10.432349837604916,247.86175012038615
16/03/2025,12,16.45,450,379.8566519202964,399.55380458080873,237.42940028278124,6.572660085354304,244.00206036813555
16/03/2025,13,25.38,450,379.8566519202964,399.55380458080873,237.42940028278124,10.140675560260926,247.57007584304216
16/03/2025,14,11.37,450,379.8566519202964,399.55380458080873,237.42940028278124,4.542926758083795,241.97232704086505
16/03/2025,15,9.94,450,379.8566519202964,399.55380458080873,237.42940028278124,3.9715648175332388,241.4009651003145
16/03/2025,16,31.0,450,379.8566519202964,399.55380458080873,237.42940028278124,12.386167942005072,249.81556822478632
16/03/2025,17,94.65,250,409.56260869565216,0.0,255.99710856521742,0.0,255.99710856521742
16/03/2025,18,119.99,250,409.56260869565216,0.0,255.99710856521742,0.0,255.99710856521742
16/03/2025,19,134.9,250,409.56260869565216,0.0,255.99710856521742,0.0,255.99710856521742
16/03/2025,20,140.0,250,409.56260869565216,0.0,255.99710856521742,0.0,255.99710856521742
16/03/2025,21,136.72,250,409.56260869565216,0.0,255.99710856521742,0.0,255.99710856521742
16/03/2025,22,130.4,250,409.56260869565216,0.0,255.99710856521742,0.0,255.99710856521742
16/03/2025,23,124.85,250,409.56260869565216,0.0,255.99710856521742,0.0,255.99710856521742
16/03/2025,24,109.35,250,409.56260869565216,0.0,255.99710856521742,0.0,255.99710856521742
17/03/2025,1,104.5,250,409.56260869565216,0.0,255.99710856521742,0.0,255.99710856521742
17/03/2025,2,95.81,250,409.56260869565216,0.0,255.99710856521742,0.0,255.99710856521742
17/03/2025,3,94.94,250,409.56260869565216,0.0,255.99710856521742,0.0,255.99710856521742
17/03/2025,4,94.97,250,409.56260869565216,0.0,255.99710856521742,0.0,255.99710856521742
17/03/2025,5,95.82,250,409.56260869565216,0.0,255.99710856521742,0.0,255.99710856521742
17/03/2025,6,109.7,250,409.56260869565216,0.0,255.99710856521742,0.0,255.99710856521742
17/03/2025,7,135.18,250,409.56260869565216,0.0,255.99710856521742,0.0,255.99710856521742
17/03/2025,8,152.87,250,409.56260869565216,0.0,255.99710856521742,0.0,255.99710856521742
17/03/2025,9,141.59,250,409.56260869565216,0.0,255.99710856521742,0.0,255.99710856521742
17/03/2025,10,128.36,250,409.56260869565216,0.0,255.99710856521742,0.0,255.99710856521742
17/03/2025,11,112.16,250,409.56260869565216,0.0,255.99710856521742,0.0,255.99710856521742
17/03/2025,12,107.19,250,409.56260869565216,0.0,255.99710856521742,0.0,255.99710856521742
17/03/2025,13,96.47,250,409.56260869565216,0.0,255.99710856521742,0.0,255.99710856521742
17/03/2025,14,96.97,250,409.56260869565216,0.0,255.99710856521742,0.0,255.99710856521742
17/03/2025,15,107.97,250,409.56260869565216,0.0,255.99710856521742,0.0,255.99710856521742
17/03/2025,16,119.0,250,409.56260869565216,0.0,255.99710856521742,0.0,255.99710856521742
17/03/2025,17,129.36,250,409.56260869565216,0.0,255.99710856521742,0.0,255.99710856521742
17/03/2025,18,138.57,250,409.56260869565216,0.0,255.99710856521742,0.0,255.99710856521742
17/03/2025,19,167.15,250,409.56260869565216,0.0,255.99710856521742,0.0,255.99710856521742
17/03/2025,20,170.0,250,409.56260869565216,0.0,255.99710856521742,0.0,255.99710856521742
17/03/2025,21,141.5,250,409.56260869565216,0.0,255.99710856521742,0.0,255.99710856521742
17/03/2025,22,130.0,250,409.56260869565216,0.0,255.99710856521742,0.0,255.99710856521742
17/03/2025,23,124.64,250,409.56260869565216,0.0,255.99710856521742,0.0,255.99710856521742
17/03/2025,24,120.04,250,409.56260869565216,0.0,255.99710856521742,0.0,255.99710856521742
18/03/2025,1,118.1,250,409.56260869565216,0.0,255.99710856521742,0.0,255.99710856521742
18/03/2025,2,110.08,250,409.56260869565216,0.0,255.99710856521742,0.0,255.99710856521742
18/03/2025,3,107.31,250,409.56260869565216,0.0,255.99710856521742,0.0,255.99710856521742
18/03/2025,4,105.6,250,409.56260869565216,0.0,255.99710856521742,0.0,255.99710856521742
18/03/2025,5,105.15,250,409.56260869565216,0.0,255.99710856521742,0.0,255.99710856521742
18/03/2025,6,113.66,250,409.56260869565216,0.0,255.99710856521742,0.0,255.99710856521742
18/03/2025,7,142.04,250,409.56260869565216,0.0,255.99710856521742,0.0,255.99710856521742
18/03/2025,8,151.5,250,409.56260869565216,0.0,255.99710856521742,0.0,255.99710856521742
18/03/2025,9,142.93,250,409.56260869565216,0.0,255.99710856521742,0.0,255.99710856521742
18/03/2025,10,121.42,250,409.56260869565216,0.0,255.99710856521742,0.0,255.99710856521742
18/03/2025,11,116.79,250,409.56260869565216,0.0,255.99710856521742,0.0,255.99710856521742
18/03/2025,12,111.1,250,409.56260869565216,0.0,255.99710856521742,0.0,255.99710856521742
18/03/2025,13,81.0,250,409.56260869565216,0.0,255.99710856521742,0.0,255.99710856521742
18/03/2025,14,65.91,250,409.56260869565216,0.0,255.99710856521742,0.0,255.99710856521742
18/03/2025,15,92.17,250,409.56260869565216,0.0,255.99710856521742,0.0,255.99710856521742
18/03/2025,16,96.61,250,409.56260869565216,0.0,255.99710856521742,0.0,255.99710856521742
18/03/2025,17,111.01,250,409.56260869565216,0.0,255.99710856521742,0.0,255.99710856521742
18/03/2025,18,144.4,250,409.56260869565216,0.0,255.99710856521742,0.0,255.99710856521742
18/03/2025,19,165.07,250,409.56260869565216,0.0,255.99710856521742,0.0,255.99710856521742
18/03/2025,20,164.99,250,409.56260869565216,0.0,255.99710856521742,0.0,255.99710856521742
18/03/2025,21,144.04,250,409.56260869565216,0.0,255.99710856521742,0.0,255.99710856521742
18/03/2025,22,132.6,250,409.56260869565216,0.0,255.99710856521742,0.0,255.99710856521742
18/03/2025,23,125.0,250,409.56260869565216,0.0,255.99710856521742,0.0,255.99710856521742
18/03/2025,24,122.13,250,409.56260869565216,0.0,255.99710856521742,0.0,255.99710856521742
19/03/2025,1,111.1,250,409.56260869565216,0.0,255.99710856521742,0.0,255.99710856521742
19/03/2025,2,106.95,250,409.56260869565216,0.0,255.99710856521742,0.0,255.99710856521742
19/03/2025,3,105.11,250,409.56260869565216,0.0,255.99710856521742,0.0,255.99710856521742
19/03/2025,4,106.74,250,409.56260869565216,0.0,255.99710856521742,0.0,255.99710856521742
19/03/2025,5,109.5,250,409.56260869565216,0.0,255.99710856521742,0.0,255.99710856521742
19/03/2025,6,126.73,250,409.56260869565216,0.0,255.99710856521742,0.0,255.99710856521742
19/03/2025,7,149.49,250,409.56260869565216,0.0,255.99710856521742,0.0,255.99710856521742
19/03/2025,8,147.49,250,409.56260869565216,0.0,255.99710856521742,0.0,255.99710856521742
19/03/2025,9,130.98,250,409.56260869565216,0.0,255.99710856521742,0.0,255.99710856521742
19/03/2025,10,114.89,250,409.56260869565216,0.0,255.99710856521742,0.0,255.99710856521742
19/03/2025,11,102.08,250,409.56260869565216,0.0,255.99710856521742,0.0,255.99710856521742
19/03/2025,12,98.9,250,409.56260869565216,0.0,255.99710856521742,0.0,255.99710856521742
19/03/2025,13,96.36,250,409.56260869565216,0.0,255.99710856521742,0.0,255.99710856521742
19/03/2025,14,96.3,250,409.56260869565216,0.0,255.99710856521742,0.0,255.99710856521742
19/03/2025,15,113.0,250,409.56260869565216,0.0,255.99710856521742,0.0,255.99710856521742
19/03/2025,16,120.59,250,409.56260869565216,0.0,255.99710856521742,0.0,255.99710856521742
19/03/2025,17,117.95,250,409.56260869565216,0.0,255.99710856521742,0.0,255.99710856521742
19/03/2025,18,144.98,250,409.56260869565216,0.0,255.99710856521742,0.0,255.99710856521742
19/03/2025,19,164.25,250,409.56260869565216,0.0,255.99710856521742,0.0,255.99710856521742
19/03/2025,20,169.03,250,409.56260869565216,0.0,255.99710856521742,0.0,255.99710856521742
19/03/2025,21,148.21,250,409.56260869565216,0.0,255.99710856521742,0.0,255.99710856521742
19/03/2025,22,140.0,250,409.56260869565216,0.0,255.99710856521742,0.0,255.99710856521742
19/03/2025,23,130.98,250,409.56260869565216,0.0,255.99710856521742,0.0,255.99710856521742
19/03/2025,24,126.9,250,409.56260869565216,0.0,255.99710856521742,0.0,255.99710856521742
20/03/2025,1,125.02,250,409.56260869565216,0.0,255.99710856521742,0.0,255.99710856521742
20/03/2025,2,114.79,250,409.56260869565216,0.0,255.99710856521742,0.0,255.99710856521742
20/03/2025,3,114.56,250,409.56260869565216,0.0,255.99710856521742,0.0,255.99710856521742
20/03/2025,4,111.7,250,409.56260869565216,0.0,255.99710856521742,0.0,255.99710856521742
20/03/2025,5,113.11,250,409.56260869565216,0.0,255.99710856521742,0.0,255.99710856521742
20/03/2025,6,130.02,250,409.56260869565216,0.0,255.99710856521742,0.0,255.99710856521742
20/03/2025,7,154.16,250,409.56260869565216,0.0,255.99710856521742,0.0,255.99710856521742
20/03/2025,8,150.0,250,409.56260869565216,0.0,255.99710856521742,0.0,255.99710856521742
20/03/2025,9,135.14,250,409.56260869565216,0.0,255.99710856521742,0.0,255.99710856521742
20/03/2025,10,125.0,250,409.56260869565216,0.0,255.99710856521742,0.0,255.99710856521742
20/03/2025,11,107.46,250,409.56260869565216,0.0,255.99710856521742,0.0,255.99710856521742
20/03/2025,12,94.54,250,409.56260869565216,0.0,255.99710856521742,0.0,255.99710856521742
20/03/2025,13,70.33,250,409.56260869565216,0.0,255.99710856521742,0.0,255.99710856521742
20/03/2025,14,69.5,250,409.56260869565216,0.0,255.99710856521742,0.0,255.99710856521742
20/03/2025,15,97.72,250,409.56260869565216,0.0,255.99710856521742,0.0,255.99710856521742
20/03/2025,16,107.84,250,409.56260869565216,0.0,255.99710856521742,0.0,255.99710856521742
20/03/2025,17,128.0,250,409.56260869565216,0.0,255.99710856521742,0.0,255.99710856521742
20/03/2025,18,148.87,250,409.56260869565216,0.0,255.99710856521742,0.0,255.99710856521742
20/03/2025,19,167.19,250,409.56260869565216,0.0,255.99710856521742,0.0,255.99710856521742
20/03/2025,20,175.0,250,409.56260869565216,0.0,255.99710856521742,0.0,255.99710856521742
20/03/2025,21,164.3,250,409.56260869565216,0.0,255.99710856521742,0.0,255.99710856521742
20/03/2025,22,137.82,250,409.56260869565216,0.0,255.99710856521742,0.0,255.99710856521742
20/03/2025,23,129.11,250,409.56260869565216,0.0,255.99710856521742,0.0,255.99710856521742
20/03/2025,24,127.38,250,409.56260869565216,0.0,255.99710856521742,0.0,255.99710856521742
21/03/2025,1,132.98,250,409.56260869565216,0.0,255.99710856521742,0.0,255.99710856521742
21/03/2025,2,123.27,250,409.56260869565216,0.0,255.99710856521742,0.0,255.99710856521742
21/03/2025,3,119.56,250,409.56260869565216,0.0,255.99710856521742,0.0,255.99710856521742
21/03/2025,4,114.3,250,409.56260869565216,0.0,255.99710856521742,0.0,255.99710856521742
21/03/2025,5,118.12,250,409.56260869565216,0.0,255.99710856521742,0.0,255.99710856521742
21/03/2025,6,126.33,250,409.56260869565216,0.0,255.99710856521742,0.0,255.99710856521742
21/03/2025,7,145.0,250,409.56260869565216,0.0,255.99710856521742,0.0,255.99710856521742
21/03/2025,8,150.43,250,409.56260869565216,0.0,255.99710856521742,0.0,255.99710856521742
21/03/2025,9,146.0,250,409.56260869565216,0.0,255.99710856521742,0.0,255.99710856521742
21/03/2025,10,133.67,250,409.56260869565216,0.0,255.99710856521742,0.0,255.99710856521742
21/03/2025,11,122.64,250,409.56260869565216,0.0,255.99710856521742,0.0,255.99710856521742
21/03/2025,12,114.05,250,409.56260869565216,0.0,255.99710856521742,0.0,255.99710856521742
21/03/2025,13,110.0,250,409.56260869565216,0.0,255.99710856521742,0.0,255.99710856521742
21/03/2025,14,111.1,250,409.56260869565216,0.0,255.99710856521742,0.0,255.99710856521742
21/03/2025,15,116.48,250,409.56260869565216,0.0,255.99710856521742,0.0,255.99710856521742
21/03/2025,16,132.98,250,409.56260869565216,0.0,255.99710856521742,0.0,255.99710856521742
21/03/2025,17,135.98,250,409.56260869565216,0.0,255.99710856521742,0.0,255.99710856521742
21/03/2025,18,144.9,250,409.56260869565216,0.0,255.99710856521742,0.0,255.99710856521742
21/03/2025,19,151.1,250,409.56260869565216,0.0,255.99710856521742,0.0,255.99710856521742
21/03/2025,20,156.32,250,409.56260869565216,0.0,255.99710856521742,0.0,255.99710856521742
21/03/2025,21,146.0,250,409.56260869565216,0.0,255.99710856521742,0.0,255.99710856521742
21/03/2025,22,133.67,250,409.56260869565216,0.0,255.99710856521742,0.0,255.99710856521742
21/03/2025,23,130.0,250,409.56260869565216,0.0,255.99710856521742,0.0,255.99710856521742
21/03/2025,24,125.19,250,409.56260869565216,0.0,255.99710856521742,0.0,255.99710856521742
22/03/2025,1,128.74,250,409.56260869565216,0.0,255.99710856521742,0.0,255.99710856521742
22/03/2025,2,119.82,250,409.56260869565216,0.0,255.99710856521742,0.0,255.99710856521742
22/03/2025,3,119.2,250,409.56260869565216,0.0,255.99710856521742,0.0,255.99710856521742
22/03/2025,4,116.94,250,409.56260869565216,0.0,255.99710856521742,0.0,255.99710856521742
22/03/2025,5,115.0,250,409.56260869565216,0.0,255.99710856521742,0.0,255.99710856521742
22/03/2025,6,117.2,250,409.56260869565216,0.0,255.99710856521742,0.0,255.99710856521742
22/03/2025,7,124.27,250,409.56260869565216,0.0,255.99710856521742,0.0,255.99710856521742
22/03/2025,8,129.91,250,409.56260869565216,0.0,255.99710856521742,0.0,255.99710856521742
22/03/2025,9,134.21,250,409.56260869565216,0.0,255.99710856521742,0.0,255.99710856521742
22/03/2025,10,133.27,250,409.56260869565216,0.0,255.99710856521742,0.0,255.99710856521742
22/03/2025,11,126.46,250,409.56260869565216,0.0,255.99710856521742,0.0,255.99710856521742
22/03/2025,12,116.45,250,409.56260869565216,0.0,255.99710856521742,0.0,255.99710856521742
22/03/2025,13,108.73,250,409.56260869565216,0.0,255.99710856521742,0.0,255.99710856521742
22/03/2025,14,102.85,250,409.56260869565216,0.0,255.99710856521742,0.0,255.99710856521742
22/03/2025,15,106.08,250,409.56260869565216,0.0,255.99710856521742,0.0,255.99710856521742
22/03/2025,16,114.09,250,409.56260869565216,0.0,255.99710856521742,0.0,255.99710856521742
22/03/2025,17,128.03,250,409.56260869565216,0.0,255.99710856521742,0.0,255.99710856521742
22/03/2025,18,135.53,250,409.56260869565216,0.0,255.99710856521742,0.0,255.99710856521742
22/03/2025,19,141.44,250,409.56260869565216,0.0,255.99710856521742,0.0,255.99710856521742
22/03/2025,20,147.42,250,409.56260869565216,0.0,255.99710856521742,0.0,255.99710856521742
22/03/2025,21,143.27,250,409.56260869565216,0.0,255.99710856521742,0.0,255.99710856521742
22/03/2025,22,133.27,250,409.56260869565216,0.0,255.99710856521742,0.0,255.99710856521742
22/03/2025,23,127.4,250,409.56260869565216,0.0,255.99710856521742,0.0,255.99710856521742
22/03/2025,24,119.75,250,409.56260869565216,0.0,255.99710856521742,0.0,255.99710856521742
23/03/2025,1,125.0,250,409.56260869565216,0.0,255.99710856521742,0.0,255.99710856521742
23/03/2025,2,115.51,250,409.56260869565216,0.0,255.99710856521742,0.0,255.99710856521742
23/03/2025,3,109.22,250,409.56260869565216,0.0,255.99710856521742,0.0,255.99710856521742
23/03/2025,4,108.28,250,409.56260869565216,0.0,255.99710856521742,0.0,255.99710856521742
23/03/2025,5,108.3,250,409.56260869565216,0.0,255.99710856521742,0.0,255.99710856521742
23/03/2025,6,111.1,250,409.56260869565216,0.0,255.99710856521742,0.0,255.99710856521742
23/03/2025,7,117.11,250,409.56260869565216,0.0,255.99710856521742,0.0,255.99710856521742
23/03/2025,8,111.1,250,409.56260869565216,0.0,255.99710856521742,0.0,255.99710856521742
23/03/2025,9,115.0,250,409.56260869565216,0.0,255.99710856521742,0.0,255.99710856521742
23/03/2025,10,114.0,250,409.56260869565216,0.0,255.99710856521742,0.0,255.99710856521742
23/03/2025,11,114.29,250,409.56260869565216,0.0,255.99710856521742,0.0,255.99710856521742
23/03/2025,12,111.1,250,409.56260869565216,0.0,255.99710856521742,0.0,255.99710856521742
23/03/2025,13,110.0,250,409.56260869565216,0.0,255.99710856521742,0.0,255.99710856521742
23/03/2025,14,102.6,250,409.56260869565216,0.0,255.99710856521742,0.0,255.99710856521742
23/03/2025,15,103.98,250,409.56260869565216,0.0,255.99710856521742,0.0,255.99710856521742
23/03/2025,16,115.0,250,409.56260869565216,0.0,255.99710856521742,0.0,255.99710856521742
23/03/2025,17,121.73,250,409.56260869565216,0.0,255.99710856521742,0.0,255.99710856521742
23/03/2025,18,131.06,250,409.56260869565216,0.0,255.99710856521742,0.0,255.99710856521742
23/03/2025,19,147.68,250,409.56260869565216,0.0,255.99710856521742,0.0,255.99710856521742
23/03/2025,20,153.18,250,409.56260869565216,0.0,255.99710856521742,0.0,255.99710856521742
23/03/2025,21,147.42,250,409.56260869565216,0.0,255.99710856521742,0.0,255.99710856521742
23/03/2025,22,139.77,250,409.56260869565216,0.0,255.99710856521742,0.0,255.99710856521742
23/03/2025,23,137.3,250,409.56260869565216,0.0,255.99710856521742,0.0,255.99710856521742
23/03/2025,24,127.07,250,409.56260869565216,0.0,255.99710856521742,0.0,255.99710856521742
24/03/2025,1,113.2,250,409.56260869565216,0.0,255.99710856521742,0.0,255.99710856521742
24/03/2025,2,111.1,250,409.56260869565216,0.0,255.99710856521742,0.0,255.99710856521742
24/03/2025,3,110.0,250,409.56260869565216,0.0,255.99710856521742,0.0,255.99710856521742
24/03/2025,4,110.43,250,409.56260869565216,0.0,255.99710856521742,0.0,255.99710856521742
24/03/2025,5,110.43,250,409.56260869565216,0.0,255.99710856521742,0.0,255.99710856521742
24/03/2025,6,120.62,250,409.56260869565216,0.0,255.99710856521742,0.0,255.99710856521742
24/03/2025,7,141.5,250,409.56260869565216,0.0,255.99710856521742,0.0,255.99710856521742
24/03/2025,8,164.24,250,409.56260869565216,0.0,255.99710856521742,0.0,255.99710856521742
24/03/2025,9,162.44,250,409.56260869565216,0.0,255.99710856521742,0.0,255.99710856521742
24/03/2025,10,136.4,250,409.56260869565216,0.0,255.99710856521742,0.0,255.99710856521742
24/03/2025,11,124.15,250,409.56260869565216,0.0,255.99710856521742,0.0,255.99710856521742
24/03/2025,12,115.0,250,409.56260869565216,0.0,255.99710856521742,0.0,255.99710856521742
24/03/2025,13,105.39,250,409.56260869565216,0.0,255.99710856521742,0.0,255.99710856521742
24/03/2025,14,108.84,250,409.56260869565216,0.0,255.99710856521742,0.0,255.99710856521742
24/03/2025,15,117.17,250,409.56260869565216,0.0,255.99710856521742,0.0,255.99710856521742
24/03/2025,16,125.94,250,409.56260869565216,0.0,255.99710856521742,0.0,255.99710856521742
24/03/2025,17,136.1,250,409.56260869565216,0.0,255.99710856521742,0.0,255.99710856521742
24/03/2025,18,143.12,250,409.56260869565216,0.0,255.99710856521742,0.0,255.99710856521742
24/03/2025,19,167.74,250,409.56260869565216,0.0,255.99710856521742,0.0,255.99710856521742
24/03/2025,20,179.1,250,409.56260869565216,0.0,255.99710856521742,0.0,255.99710856521742
24/03/2025,21,160.3,250,409.56260869565216,0.0,255.99710856521742,0.0,255.99710856521742
24/03/2025,22,139.9,250,409.56260869565216,0.0,255.99710856521742,0.0,255.99710856521742
24/03/2025,23,127.0,250,409.56260869565216,0.0,255.99710856521742,0.0,255.99710856521742
24/03/2025,24,122.4,250,409.56260869565216,0.0,255.99710856521742,0.0,255.99710856521742
25/03/2025,1,123.39,250,409.56260869565216,0.0,255.99710856521742,0.0,255.99710856521742
25/03/2025,2,116.17,250,409.56260869565216,0.0,255.99710856521742,0.0,255.99710856521742
25/03/2025,3,111.1,250,409.56260869565216,0.0,255.99710856521742,0.0,255.99710856521742
25/03/2025,4,109.97,250,409.56260869565216,0.0,255.99710856521742,0.0,255.99710856521742
25/03/2025,5,111.1,250,409.56260869565216,0.0,255.99710856521742,0.0,255.99710856521742
25/03/2025,6,117.63,250,409.56260869565216,0.0,255.99710856521742,0.0,255.99710856521742
25/03/2025,7,138.21,250,409.56260869565216,0.0,255.99710856521742,0.0,255.99710856521742
25/03/2025,8,144.0,250,409.56260869565216,0.0,255.99710856521742,0.0,255.99710856521742
25/03/2025,9,139.42,250,409.56260869565216,0.0,255.99710856521742,0.0,255.99710856521742
25/03/2025,10,122.34,250,409.56260869565216,0.0,255.99710856521742,0.0,255.99710856521742
25/03/2025,11,113.62,250,409.56260869565216,0.0,255.99710856521742,0.0,255.99710856521742
25/03/2025,12,111.1,250,409.56260869565216,0.0,255.99710856521742,0.0,255.99710856521742
25/03/2025,13,103.1,250,409.56260869565216,0.0,255.99710856521742,0.0,255.99710856521742
25/03/2025,14,103.25,250,409.56260869565216,0.0,255.99710856521742,0.0,255.99710856521742
25/03/2025,15,111.1,250,409.56260869565216,0.0,255.99710856521742,0.0,255.99710856521742
25/03/2025,16,120.62,250,409.56260869565216,0.0,255.99710856521742,0.0,255.99710856521742
25/03/2025,17,135.23,250,409.56260869565216,0.0,255.99710856521742,0.0,255.99710856521742
25/03/2025,18,145.29,250,409.56260869565216,0.0,255.99710856521742,0.0,255.99710856521742
25/03/2025,19,164.91,250,409.56260869565216,0.0,255.99710856521742,0.0,255.99710856521742
25/03/2025,20,166.77,250,409.56260869565216,0.0,255.99710856521742,0.0,255.99710856521742
25/03/2025,21,148.6,250,409.56260869565216,0.0,255.99710856521742,0.0,255.99710856521742
25/03/2025,22,136.3,250,409.56260869565216,0.0,255.99710856521742,0.0,255.99710856521742
25/03/2025,23,129.6,250,409.56260869565216,0.0,255.99710856521742,0.0,255.99710856521742
25/03/2025,24,123.0,250,409.56260869565216,0.0,255.99710856521742,0.0,255.99710856521742
26/03/2025,1,116.66,250,409.56260869565216,0.0,255.99710856521742,0.0,255.99710856521742
26/03/2025,2,114.24,250,409.56260869565216,0.0,255.99710856521742,0.0,255.99710856521742
26/03/2025,3,113.6,250,409.56260869565216,0.0,255.99710856521742,0.0,255.99710856521742
26/03/2025,4,113.08,250,409.56260869565216,0.0,255.99710856521742,0.0,255.99710856521742
26/03/2025,5,113.6,250,409.56260869565216,0.0,255.99710856521742,0.0,255.99710856521742
26/03/2025,6,116.0,250,409.56260869565216,0.0,255.99710856521742,0.0,255.99710856521742
26/03/2025,7,135.05,250,409.56260869565216,0.0,255.99710856521742,0.0,255.99710856521742
26/03/2025,8,143.68,250,409.56260869565216,0.0,255.99710856521742,0.0,255.99710856521742
26/03/2025,9,145.76,250,409.56260869565216,0.0,255.99710856521742,0.0,255.99710856521742
26/03/2025,10,128.61,250,409.56260869565216,0.0,255.99710856521742,0.0,255.99710856521742
26/03/2025,11,115.3,250,409.56260869565216,0.0,255.99710856521742,0.0,255.99710856521742
26/03/2025,12,113.08,250,409.56260869565216,0.0,255.99710856521742,0.0,255.99710856521742
26/03/2025,13,102.99,250,409.56260869565216,0.0,255.99710856521742,0.0,255.99710856521742
26/03/2025,14,102.99,250,409.56260869565216,0.0,255.99710856521742,0.0,255.99710856521742
26/03/2025,15,109.5,250,409.56260869565216,0.0,255.99710856521742,0.0,255.99710856521742
26/03/2025,16,116.8,250,409.56260869565216,0.0,255.99710856521742,0.0,255.99710856521742
26/03/2025,17,127.63,250,409.56260869565216,0.0,255.99710856521742,0.0,255.99710856521742
26/03/2025,18,141.77,250,409.56260869565216,0.0,255.99710856521742,0.0,255.99710856521742
26/03/2025,19,163.99,250,409.56260869565216,0.0,255.99710856521742,0.0,255.99710856521742
26/03/2025,20,171.98,250,409.56260869565216,0.0,255.99710856521742,0.0,255.99710856521742
26/03/2025,21,139.36,250,409.56260869565216,0.0,255.99710856521742,0.0,255.99710856521742
26/03/2025,22,131.87,250,409.56260869565216,0.0,255.99710856521742,0.0,255.99710856521742
26/03/2025,23,125.0,250,409.56260869565216,0.0,255.99710856521742,0.0,255.99710856521742
26/03/2025,24,119.05,250,409.56260869565216,0.0,255.99710856521742,0.0,255.99710856521742
27/03/2025,1,113.0,250,409.56260869565216,0.0,255.99710856521742,0.0,255.99710856521742
27/03/2025,2,110.49,250,409.56260869565216,0.0,255.99710856521742,0.0,255.99710856521742
27/03/2025,3,110.53,250,409.56260869565216,0.0,255.99710856521742,0.0,255.99710856521742
27/03/2025,4,105.98,250,409.56260869565216,0.0,255.99710856521742,0.0,255.99710856521742
27/03/2025,5,104.26,250,409.56260869565216,0.0,255.99710856521742,0.0,255.99710856521742
27/03/2025,6,111.1,250,409.56260869565216,0.0,255.99710856521742,0.0,255.99710856521742
27/03/2025,7,132.13,250,409.56260869565216,0.0,255.99710856521742,0.0,255.99710856521742
27/03/2025,8,141.08,250,409.56260869565216,0.0,255.99710856521742,0.0,255.99710856521742
27/03/2025,9,138.52,250,409.56260869565216,0.0,255.99710856521742,0.0,255.99710856521742
27/03/2025,10,129.0,250,409.56260869565216,0.0,255.99710856521742,0.0,255.99710856521742
27/03/2025,11,116.21,250,409.56260869565216,0.0,255.99710856521742,0.0,255.99710856521742
27/03/2025,12,113.4,250,409.56260869565216,0.0,255.99710856521742,0.0,255.99710856521742
27/03/2025,13,104.32,250,409.56260869565216,0.0,255.99710856521742,0.0,255.99710856521742
27/03/2025,14,108.0,250,409.56260869565216,0.0,255.99710856521742,0.0,255.99710856521742
27/03/2025,15,113.88,250,409.56260869565216,0.0,255.99710856521742,0.0,255.99710856521742
27/03/2025,16,123.46,250,409.56260869565216,0.0,255.99710856521742,0.0,255.99710856521742
27/03/2025,17,124.84,250,409.56260869565216,0.0,255.99710856521742,0.0,255.99710856521742
27/03/2025,18,134.68,250,409.56260869565216,0.0,255.99710856521742,0.0,255.99710856521742
27/03/2025,19,155.0,250,409.56260869565216,0.0,255.99710856521742,0.0,255.99710856521742
27/03/2025,20,171.43,250,409.56260869565216,0.0,255.99710856521742,0.0,255.99710856521742
27/03/2025,21,142.15,250,409.56260869565216,0.0,255.99710856521742,0.0,255.99710856521742
27/03/2025,22,126.45,250,409.56260869565216,0.0,255.99710856521742,0.0,255.99710856521742
27/03/2025,23,119.1,250,409.56260869565216,0.0,255.99710856521742,0.0,255.99710856521742
27/03/2025,24,117.0,250,409.56260869565216,0.0,255.99710856521742,0.0,255.99710856521742
28/03/2025,1,111.1,250,409.56260869565216,0.0,255.99710856521742,0.0,255.99710856521742
28/03/2025,2,110.14,250,409.56260869565216,0.0,255.99710856521742,0.0,255.99710856521742
28/03/2025,3,105.58,250,409.56260869565216,0.0,255.99710856521742,0.0,255.99710856521742
28/03/2025,4,105.58,250,409.56260869565216,0.0,255.99710856521742,0.0,255.99710856521742
28/03/2025,5,104.62,250,409.56260869565216,0.0,255.99710856521742,0.0,255.99710856521742
28/03/2025,6,110.0,250,409.56260869565216,0.0,255.99710856521742,0.0,255.99710856521742
28/03/2025,7,126.4,250,409.56260869565216,0.0,255.99710856521742,0.0,255.99710856521742
28/03/2025,8,129.74,250,409.56260869565216,0.0,255.99710856521742,0.0,255.99710856521742
28/03/2025,9,126.45,250,409.56260869565216,0.0,255.99710856521742,0.0,255.99710856521742
28/03/2025,10,112.08,250,409.56260869565216,0.0,255.99710856521742,0.0,255.99710856521742
28/03/2025,11,103.4,250,409.56260869565216,0.0,255.99710856521742,0.0,255.99710856521742
28/03/2025,12,97.86,250,409.56260869565216,0.0,255.99710856521742,0.0,255.99710856521742
28/03/2025,13,91.2,250,409.56260869565216,0.0,255.99710856521742,0.0,255.99710856521742
28/03/2025,14,93.04,250,409.56260869565216,0.0,255.99710856521742,0.0,255.99710856521742
28/03/2025,15,97.71,250,409.56260869565216,0.0,255.99710856521742,0.0,255.99710856521742
28/03/2025,16,104.55,250,409.56260869565216,0.0,255.99710856521742,0.0,255.99710856521742
28/03/2025,17,110.18,250,409.56260869565216,0.0,255.99710856521742,0.0,255.99710856521742
28/03/2025,18,130.0,250,409.56260869565216,0.0,255.99710856521742,0.0,255.99710856521742
28/03/2025,19,150.0,250,409.56260869565216,0.0,255.99710856521742,0.0,255.99710856521742
28/03/2025,20,163.97,250,409.56260869565216,0.0,255.99710856521742,0.0,255.99710856521742
28/03/2025,21,146.07,250,409.56260869565216,0.0,255.99710856521742,0.0,255.99710856521742
28/03/2025,22,129.31,250,409.56260869565216,0.0,255.99710856521742,0.0,255.99710856521742
28/03/2025,23,124.07,250,409.56260869565216,0.0,255.99710856521742,0.0,255.99710856521742
28/03/2025,24,118.12,250,409.56260869565216,0.0,255.99710856521742,0.0,255.99710856521742
29/03/2025,1,119.38,250,409.56260869565216,0.0,255.99710856521742,0.0,255.99710856521742
29/03/2025,2,113.17,250,409.56260869565216,0.0,255.99710856521742,0.0,255.99710856521742
29/03/2025,3,112.58,250,409.56260869565216,0.0,255.99710856521742,0.0,255.99710856521742
29/03/2025,4,110.03,250,409.56260869565216,0.0,255.99710856521742,0.0,255.99710856521742
29/03/2025,5,109.23,250,409.56260869565216,0.0,255.99710856521742,0.0,255.99710856521742
29/03/2025,6,111.1,250,409.56260869565216,0.0,255.99710856521742,0.0,255.99710856521742
29/03/2025,7,128.73,250,409.56260869565216,0.0,255.99710856521742,0.0,255.99710856521742
29/03/2025,8,118.97,250,409.56260869565216,0.0,255.99710856521742,0.0,255.99710856521742
29/03/2025,9,125.0,250,409.56260869565216,0.0,255.99710856521742,0.0,255.99710856521742
29/03/2025,10,124.38,250,409.56260869565216,0.0,255.99710856521742,0.0,255.99710856521742
29/03/2025,11,114.41,250,409.56260869565216,0.0,255.99710856521742,0.0,255.99710856521742
29/03/2025,12,113.7,250,409.56260869565216,0.0,255.99710856521742,0.0,255.99710856521742
29/03/2025,13,112.53,250,409.56260869565216,0.0,255.99710856521742,0.0,255.99710856521742
29/03/2025,14,111.1,250,409.56260869565216,0.0,255.99710856521742,0.0,255.99710856521742
29/03/2025,15,111.1,250,409.56260869565216,0.0,255.99710856521742,0.0,255.99710856521742
29/03/2025,16,114.51,250,409.56260869565216,0.0,255.99710856521742,0.0,255.99710856521742
29/03/2025,17,128.73,250,409.56260869565216,0.0,255.99710856521742,0.0,255.99710856521742
29/03/2025,18,130.91,250,409.56260869565216,0.0,255.99710856521742,0.0,255.99710856521742
29/03/2025,19,151.39,250,409.56260869565216,0.0,255.99710856521742,0.0,255.99710856521742
29/03/2025,20,158.46,250,409.56260869565216,0.0,255.99710856521742,0.0,255.99710856521742
29/03/2025,21,135.53,250,409.56260869565216,0.0,255.99710856521742,0.0,255.99710856521742
29/03/2025,22,139.79,250,409.56260869565216,0.0,255.99710856521742,0.0,255.99710856521742
29/03/2025,23,130.34,250,409.56260869565216,0.0,255.99710856521742,0.0,255.99710856521742
29/03/2025,24,125.0,250,409.56260869565216,0.0,255.99710856521742,0.0,255.99710856521742
30/03/2025,1,126.0,250,409.56260869565216,0.0,255.99710856521742,0.0,255.99710856521742
30/03/2025,2,116.5,250,409.56260869565216,0.0,255.99710856521742,0.0,255.99710856521742
30/03/2025,3,112.52,250,409.56260869565216,0.0,255.99710856521742,0.0,255.99710856521742
30/03/2025,4,105.97,250,409.56260869565216,0.0,255.99710856521742,0.0,255.99710856521742
30/03/2025,5,108.19,250,409.56260869565216,0.0,255.99710856521742,0.0,255.99710856521742
30/03/2025,6,109.0,250,409.56260869565216,0.0,255.99710856521742,0.0,255.99710856521742
30/03/2025,7,108.31,250,409.56260869565216,0.0,255.99710856521742,0.0,255.99710856521742
30/03/2025,8,106.5,250,409.56260869565216,0.0,255.99710856521742,0.0,255.99710856521742
30/03/2025,9,103.66,250,409.56260869565216,0.0,255.99710856521742,0.0,255.99710856521742
30/03/2025,10,55.0,250,409.56260869565216,0.0,255.99710856521742,0.0,255.99710856521742
30/03/2025,11,50.0,250,409.56260869565216,0.0,255.99710856521742,0.0,255.99710856521742
30/03/2025,12,30.0,450,379.8566519202964,399.55380458080873,237.42940028278124,11.986614137424262,249.4160144202055
30/03/2025,13,18.0,450,379.8566519202964,399.55380458080873,237.42940028278124,7.191968482454557,244.62136876523581
30/03/2025,14,10.01,450,379.8566519202964,399.55380458080873,237.42940028278124,3.9995335838538955,241.42893386663513
30/03/2025,15,14.08,450,379.8566519202964,399.55380458080873,237.42940028278124,5.625717568497787,243.05511785127902
30/03/2025,16,24.4,450,379.8566519202964,399.55380458080873,237.42940028278124,9.749112831771733,247.17851311455297
30/03/2025,17,92.33,250,409.56260869565216,0.0,255.99710856521742,0.0,255.99710856521742
30/03/2025,18,126.0,250,409.56260869565216,0.0,255.99710856521742,0.0,255.99710856521742
30/03/2025,19,140.0,250,409.56260869565216,0.0,255.99710856521742,0.0,255.99710856521742
30/03/2025,20,139.23,250,409.56260869565216,0.0,255.99710856521742,0.0,255.99710856521742
30/03/2025,21,131.96,250,409.56260869565216,0.0,255.99710856521742,0.0,255.99710856521742
30/03/2025,22,127.35,250,409.56260869565216,0.0,255.99710856521742,0.0,255.99710856521742
30/03/2025,23,119.79,250,409.56260869565216,0.0,255.99710856521742,0.0,255.99710856521742
31/03/2025,1,111.53,250,409.56260869565216,0.0,255.99710856521742,0.0,255.99710856521742
31/03/2025,2,106.69,250,409.56260869565216,0.0,255.99710856521742,0.0,255.99710856521742
31/03/2025,3,101.5,250,409.56260869565216,0.0,255.99710856521742,0.0,255.99710856521742
31/03/2025,4,101.38,250,409.56260869565216,0.0,255.99710856521742,0.0,255.99710856521742
31/03/2025,5,103.28,250,409.56260869565216,0.0,255.99710856521742,0.0,255.99710856521742
31/03/2025,6,111.53,250,409.56260869565216,0.0,255.99710856521742,0.0,255.99710856521742
31/03/2025,7,132.24,250,409.56260869565216,0.0,255.99710856521742,0.0,255.99710856521742
31/03/2025,8,167.83,250,409.56260869565216,0.0,255.99710856521742,0.0,255.99710856521742
31/03/2025,9,175.67,250,409.56260869565216,0.0,255.99710856521742,0.0,255.99710856521742
31/03/2025,10,138.64,250,409.56260869565216,0.0,255.99710856521742,0.0,255.99710856521742
31/03/2025,11,125.0,250,409.56260869565216,0.0,255.99710856521742,0.0,255.99710856521742
31/03/2025,12,107.61,250,409.56260869565216,0.0,255.99710856521742,0.0,255.99710856521742
31/03/2025,13,94.0,250,409.56260869565216,0.0,255.99710856521742,0.0,255.99710856521742
31/03/2025,14,86.67,250,409.56260869565216,0.0,255.99710856521742,0.0,255.99710856521742
31/03/2025,15,89.6,250,409.56260869565216,0.0,255.99710856521742,0.0,255.99710856521742
31/03/2025,16,97.6,250,409.56260869565216,0.0,255.99710856521742,0.0,255.99710856521742
31/03/2025,17,106.89,250,409.56260869565216,0.0,255.99710856521742,0.0,255.99710856521742
31/03/2025,18,112.05,250,409.56260869565216,0.0,255.99710856521742,0.0,255.99710856521742
31/03/2025,19,132.24,250,409.56260869565216,0.0,255.99710856521742,0.0,255.99710856521742
31/03/2025,20,156.66,250,409.56260869565216,0.0,255.99710856521742,0.0,255.99710856521742
31/03/2025,21,152.29,250,409.56260869565216,0.0,255.99710856521742,0.0,255.99710856521742
31/03/2025,22,132.24,250,409.56260869565216,0.0,255.99710856521742,0.0,255.99710856521742
31/03/2025,23,122.0,250,409.56260869565216,0.0,255.99710856521742,0.0,255.99710856521742
31/03/2025,24,114.35,250,409.56260869565216,0.0,255.99710856521742,0.0,255.99710856521742
01/04/2025,1,105.3,250,409.56260869565216,0.0,255.99710856521742,0.0,255.99710856521742
01/04/2025,2,100.44,250,409.56260869565216,0.0,255.99710856521742,0.0,255.99710856521742
01/04/2025,3,95.03,250,409.56260869565216,0.0,255.99710856521742,0.0,255.99710856521742
01/04/2025,4,96.92,250,409.56260869565216,0.0,255.99710856521742,0.0,255.99710856521742
01/04/2025,5,97.0,250,409.56260869565216,0.0,255.99710856521742,0.0,255.99710856521742
01/04/2025,6,104.49,250,409.56260869565216,0.0,255.99710856521742,0.0,255.99710856521742
01/04/2025,7,131.76,250,409.56260869565216,0.0,255.99710856521742,0.0,255.99710856521742
01/04/2025,8,161.92,250,409.56260869565216,0.0,255.99710856521742,0.0,255.99710856521742
01/04/2025,9,159.37,250,409.56260869565216,0.0,255.99710856521742,0.0,255.99710856521742
01/04/2025,10,130.15,250,409.56260869565216,0.0,255.99710856521742,0.0,255.99710856521742
01/04/2025,11,116.07,250,409.56260869565216,0.0,255.99710856521742,0.0,255.99710856521742
01/04/2025,12,111.02,250,409.56260869565216,0.0,255.99710856521742,0.0,255.99710856521742
01/04/2025,13,94.18,250,409.56260869565216,0.0,255.99710856521742,0.0,255.99710856521742
01/04/2025,14,94.13,250,409.56260869565216,0.0,255.99710856521742,0.0,255.99710856521742
01/04/2025,15,102.71,250,409.56260869565216,0.0,255.99710856521742,0.0,255.99710856521742
01/04/2025,16,105.82,250,409.56260869565216,0.0,255.99710856521742,0.0,255.99710856521742
01/04/2025,17,107.3,250,409.56260869565216,0.0,255.99710856521742,0.0,255.99710856521742
01/04/2025,18,117.0,250,409.56260869565216,0.0,255.99710856521742,0.0,255.99710856521742
01/04/2025,19,132.8,250,409.56260869565216,0.0,255.99710856521742,0.0,255.99710856521742
01/04/2025,20,157.44,250,409.56260869565216,0.0,255.99710856521742,0.0,255.99710856521742
01/04/2025,21,142.21,250,409.56260869565216,0.0,255.99710856521742,0.0,255.99710856521742
01/04/2025,22,129.1,250,409.56260869565216,0.0,255.99710856521742,0.0,255.99710856521742
01/04/2025,23,118.51,250,409.56260869565216,0.0,255.99710856521742,0.0,255.99710856521742
01/04/2025,24,118.47,250,409.56260869565216,0.0,255.99710856521742,0.0,255.99710856521742
02/04/2025,1,111.97,250,409.56260869565216,0.0,255.99710856521742,0.0,255.99710856521742
02/04/2025,2,106.23,250,409.56260869565216,0.0,255.99710856521742,0.0,255.99710856521742
02/04/2025,3,106.23,250,409.56260869565216,0.0,255.99710856521742,0.0,255.99710856521742
02/04/2025,4,103.5,250,409.56260869565216,0.0,255.99710856521742,0.0,255.99710856521742
02/04/2025,5,105.0,250,409.56260869565216,0.0,255.99710856521742,0.0,255.99710856521742
02/04/2025,6,111.1,250,409.56260869565216,0.0,255.99710856521742,0.0,255.99710856521742
02/04/2025,7,129.6,250,409.56260869565216,0.0,255.99710856521742,0.0,255.99710856521742
02/04/2025,8,155.9,250,409.56260869565216,0.0,255.99710856521742,0.0,255.99710856521742
02/04/2025,9,147.88,250,409.56260869565216,0.0,255.99710856521742,0.0,255.99710856521742
02/04/2025,10,136.57,250,409.56260869565216,0.0,255.99710856521742,0.0,255.99710856521742
02/04/2025,11,124.01,250,409.56260869565216,0.0,255.99710856521742,0.0,255.99710856521742
02/04/2025,12,121.08,250,409.56260869565216,0.0,255.99710856521742,0.0,255.99710856521742
02/04/2025,13,100.87,250,409.56260869565216,0.0,255.99710856521742,0.0,255.99710856521742
02/04/2025,14,100.0,250,409.56260869565216,0.0,255.99710856521742,0.0,255.99710856521742
02/04/2025,15,100.0,250,409.56260869565216,0.0,255.99710856521742,0.0,255.99710856521742
02/04/2025,16,105.8,250,409.56260869565216,0.0,255.99710856521742,0.0,255.99710856521742
02/04/2025,17,111.1,250,409.56260869565216,0.0,255.99710856521742,0.0,255.99710856521742
02/04/2025,18,117.03,250,409.56260869565216,0.0,255.99710856521742,0.0,255.99710856521742
02/04/2025,19,129.75,250,409.56260869565216,0.0,255.99710856521742,0.0,255.99710856521742
02/04/2025,20,157.73,250,409.56260869565216,0.0,255.99710856521742,0.0,255.99710856521742
02/04/2025,21,149.35,250,409.56260869565216,0.0,255.99710856521742,0.0,255.99710856521742
02/04/2025,22,130.95,250,409.56260869565216,0.0,255.99710856521742,0.0,255.99710856521742
02/04/2025,23,126.74,250,409.56260869565216,0.0,255.99710856521742,0.0,255.99710856521742
02/04/2025,24,120.74,250,409.56260869565216,0.0,255.99710856521742,0.0,255.99710856521742
03/04/2025,1,120.36,250,409.56260869565216,0.0,255.99710856521742,0.0,255.99710856521742
03/04/2025,2,111.8,250,409.56260869565216,0.0,255.99710856521742,0.0,255.99710856521742
03/04/2025,3,110.0,250,409.56260869565216,0.0,255.99710856521742,0.0,255.99710856521742
03/04/2025,4,109.47,250,409.56260869565216,0.0,255.99710856521742,0.0,255.99710856521742
03/04/2025,5,109.55,250,409.56260869565216,0.0,255.99710856521742,0.0,255.99710856521742
03/04/2025,6,113.52,250,409.56260869565216,0.0,255.99710856521742,0.0,255.99710856521742
03/04/2025,7,141.87,250,409.56260869565216,0.0,255.99710856521742,0.0,255.99710856521742
03/04/2025,8,167.3,250,409.56260869565216,0.0,255.99710856521742,0.0,255.99710856521742
03/04/2025,9,149.5,250,409.56260869565216,0.0,255.99710856521742,0.0,255.99710856521742
03/04/2025,10,128.0,250,409.56260869565216,0.0,255.99710856521742,0.0,255.99710856521742
03/04/2025,11,116.02,250,409.56260869565216,0.0,255.99710856521742,0.0,255.99710856521742
03/04/2025,12,103.09,250,409.56260869565216,0.0,255.99710856521742,0.0,255.99710856521742
03/04/2025,13,55.0,250,409.56260869565216,0.0,255.99710856521742,0.0,255.99710856521742
03/04/2025,14,54.88,250,409.56260869565216,0.0,255.99710856521742,0.0,255.99710856521742
03/04/2025,15,75.0,250,409.56260869565216,0.0,255.99710856521742,0.0,255.99710856521742
03/04/2025,16,104.3,250,409.56260869565216,0.0,255.99710856521742,0.0,255.99710856521742
03/04/2025,17,111.1,250,409.56260869565216,0.0,255.99710856521742,0.0,255.99710856521742
03/04/2025,18,111.1,250,409.56260869565216,0.0,255.99710856521742,0.0,255.99710856521742
03/04/2025,19,134.75,250,409.56260869565216,0.0,255.99710856521742,0.0,255.99710856521742
03/04/2025,20,173.47,250,409.56260869565216,0.0,255.99710856521742,0.0,255.99710856521742
03/04/2025,21,176.85,250,409.56260869565216,0.0,255.99710856521742,0.0,255.99710856521742
03/04/2025,22,143.06,250,409.56260869565216,0.0,255.99710856521742,0.0,255.99710856521742
03/04/2025,23,137.07,250,409.56260869565216,0.0,255.99710856521742,0.0,255.99710856521742
03/04/2025,24,130.0,250,409.56260869565216,0.0,255.99710856521742,0.0,255.99710856521742
04/04/2025,1,116.0,250,409.56260869565216,0.0,255.99710856521742,0.0,255.99710856521742
04/04/2025,2,109.7,250,409.56260869565216,0.0,255.99710856521742,0.0,255.99710856521742
04/04/2025,3,107.84,250,409.56260869565216,0.0,255.99710856521742,0.0,255.99710856521742
04/04/2025,4,107.92,250,409.56260869565216,0.0,255.99710856521742,0.0,255.99710856521742
04/04/2025,5,111.1,250,409.56260869565216,0.0,255.99710856521742,0.0,255.99710856521742
04/04/2025,6,117.92,250,409.56260869565216,0.0,255.99710856521742,0.0,255.99710856521742
04/04/2025,7,153.05,250,409.56260869565216,0.0,255.99710856521742,0.0,255.99710856521742
04/04/2025,8,181.0,250,409.56260869565216,0.0,255.99710856521742,0.0,255.99710856521742
04/04/2025,9,144.0,250,409.56260869565216,0.0,255.99710856521742,0.0,255.99710856521742
04/04/2025,10,115.33,250,409.56260869565216,0.0,255.99710856521742,0.0,255.99710856521742
04/04/2025,11,112.0,250,409.56260869565216,0.0,255.99710856521742,0.0,255.99710856521742
04/04/2025,12,99.46,250,409.56260869565216,0.0,255.99710856521742,0.0,255.99710856521742
04/04/2025,13,65.0,250,409.56260869565216,0.0,255.99710856521742,0.0,255.99710856521742
04/04/2025,14,49.83,250,409.56260869565216,0.0,255.99710856521742,0.0,255.99710856521742
04/04/2025,15,65.0,250,409.56260869565216,0.0,255.99710856521742,0.0,255.99710856521742
04/04/2025,16,85.0,250,409.56260869565216,0.0,255.99710856521742,0.0,255.99710856521742
04/04/2025,17,95.64,250,409.56260869565216,0.0,255.99710856521742,0.0,255.99710856521742
04/04/2025,18,109.67,250,409.56260869565216,0.0,255.99710856521742,0.0,255.99710856521742
04/04/2025,19,130.0,250,409.56260869565216,0.0,255.99710856521742,0.0,255.99710856521742
04/04/2025,20,163.79,250,409.56260869565216,0.0,255.99710856521742,0.0,255.99710856521742
04/04/2025,21,159.72,250,409.56260869565216,0.0,255.99710856521742,0.0,255.99710856521742
04/04/2025,22,133.66,250,409.56260869565216,0.0,255.99710856521742,0.0,255.99710856521742
04/04/2025,23,127.22,250,409.56260869565216,0.0,255.99710856521742,0.0,255.99710856521742
04/04/2025,24,121.0,250,409.56260869565216,0.0,255.99710856521742,0.0,255.99710856521742
05/04/2025,1,125.0,250,409.56260869565216,0.0,255.99710856521742,0.0,255.99710856521742
05/04/2025,2,111.58,250,409.56260869565216,0.0,255.99710856521742,0.0,255.99710856521742
05/04/2025,3,108.68,250,409.56260869565216,0.0,255.99710856521742,0.0,255.99710856521742
05/04/2025,4,108.34,250,409.56260869565216,0.0,255.99710856521742,0.0,255.99710856521742
05/04/2025,5,107.94,250,409.56260869565216,0.0,255.99710856521742,0.0,255.99710856521742
05/04/2025,6,107.88,250,409.56260869565216,0.0,255.99710856521742,0.0,255.99710856521742
05/04/2025,7,123.42,250,409.56260869565216,0.0,255.99710856521742,0.0,255.99710856521742
05/04/2025,8,131.02,250,409.56260869565216,0.0,255.99710856521742,0.0,255.99710856521742
05/04/2025,9,125.09,250,409.56260869565216,0.0,255.99710856521742,0.0,255.99710856521742
05/04/2025,10,105.1,250,409.56260869565216,0.0,255.99710856521742,0.0,255.99710856521742
05/04/2025,11,83.5,250,409.56260869565216,0.0,255.99710856521742,0.0,255.99710856521742
05/04/2025,12,68.44,250,409.56260869565216,0.0,255.99710856521742,0.0,255.99710856521742
05/04/2025,13,33.0,450,379.8566519202964,399.55380458080873,237.42940028278124,13.185275551166688,250.61467583394793
05/04/2025,14,50.33,250,409.56260869565216,0.0,255.99710856521742,0.0,255.99710856521742
05/04/2025,15,60.0,250,409.56260869565216,0.0,255.99710856521742,0.0,255.99710856521742
05/04/2025,16,90.37,250,409.56260869565216,0.0,255.99710856521742,0.0,255.99710856521742
05/04/2025,17,84.5,250,409.56260869565216,0.0,255.99710856521742,0.0,255.99710856521742
05/04/2025,18,105.97,250,409.56260869565216,0.0,255.99710856521742,0.0,255.99710856521742
05/04/2025,19,125.09,250,409.56260869565216,0.0,255.99710856521742,0.0,255.99710856521742
05/04/2025,20,136.77,250,409.56260869565216,0.0,255.99710856521742,0.0,255.99710856521742
05/04/2025,21,138.24,250,409.56260869565216,0.0,255.99710856521742,0.0,255.99710856521742
05/04/2025,22,129.91,250,409.56260869565216,0.0,255.99710856521742,0.0,255.99710856521742
05/04/2025,23,123.26,250,409.56260869565216,0.0,255.99710856521742,0.0,255.99710856521742
05/04/2025,24,118.67,250,409.56260869565216,0.0,255.99710856521742,0.0,255.99710856521742
06/04/2025,1,103.02,250,409.56260869565216,0.0,255.99710856521742,0.0,255.99710856521742
06/04/2025,2,97.15,250,409.56260869565216,0.0,255.99710856521742,0.0,255.99710856521742
06/04/2025,3,92.57,250,409.56260869565216,0.0,255.99710856521742,0.0,255.99710856521742
06/04/2025,4,88.54,250,409.56260869565216,0.0,255.99710856521742,0.0,255.99710856521742
06/04/2025,5,90.08,250,409.56260869565216,0.0,255.99710856521742,0.0,255.99710856521742
06/04/2025,6,90.08,250,409.56260869565216,0.0,255.99710856521742,0.0,255.99710856521742
06/04/2025,7,100.13,250,409.56260869565216,0.0,255.99710856521742,0.0,255.99710856521742
06/04/2025,8,111.02,250,409.56260869565216,0.0,255.99710856521742,0.0,255.99710856521742
06/04/2025,9,116.1,250,409.56260869565216,0.0,255.99710856521742,0.0,255.99710856521742
06/04/2025,10,118.09,250,409.56260869565216,0.0,255.99710856521742,0.0,255.99710856521742
06/04/2025,11,111.0,250,409.56260869565216,0.0,255.99710856521742,0.0,255.99710856521742
06/04/2025,12,99.63,250,409.56260869565216,0.0,255.99710856521742,0.0,255.99710856521742
06/04/2025,13,93.07,250,409.56260869565216,0.0,255.99710856521742,0.0,255.99710856521742
06/04/2025,14,59.0,250,409.56260869565216,0.0,255.99710856521742,0.0,255.99710856521742
06/04/2025,15,75.0,250,409.56260869565216,0.0,255.99710856521742,0.0,255.99710856521742
06/04/2025,16,76.16,250,409.56260869565216,0.0,255.99710856521742,0.0,255.99710856521742
06/04/2025,17,86.4,250,409.56260869565216,0.0,255.99710856521742,0.0,255.99710856521742
06/04/2025,18,101.21,250,409.56260869565216,0.0,255.99710856521742,0.0,255.99710856521742
06/04/2025,19,110.45,250,409.56260869565216,0.0,255.99710856521742,0.0,255.99710856521742
06/04/2025,20,129.17,250,409.56260869565216,0.0,255.99710856521742,0.0,255.99710856521742
06/04/2025,21,132.0,250,409.56260869565216,0.0,255.99710856521742,0.0,255.99710856521742
06/04/2025,22,125.75,250,409.56260869565216,0.0,255.99710856521742,0.0,255.99710856521742
06/04/2025,23,114.33,250,409.56260869565216,0.0,255.99710856521742,0.0,255.99710856521742
06/04/2025,24,102.74,250,409.56260869565216,0.0,255.99710856521742,0.0,255.99710856521742
07/04/2025,1,89.9,250,409.56260869565216,0.0,255.99710856521742,0.0,255.99710856521742
07/04/2025,2,88.6,250,409.56260869565216,0.0,255.99710856521742,0.0,255.99710856521742
07/04/2025,3,85.02,250,409.56260869565216,0.0,255.99710856521742,0.0,255.99710856521742
07/04/2025,4,87.3,250,409.56260869565216,0.0,255.99710856521742,0.0,255.99710856521742
07/04/2025,5,88.98,250,409.56260869565216,0.0,255.99710856521742,0.0,255.99710856521742
07/04/2025,6,95.1,250,409.56260869565216,0.0,255.99710856521742,0.0,255.99710856521742
07/04/2025,7,132.32,250,409.56260869565216,0.0,255.99710856521742,0.0,255.99710856521742
07/04/2025,8,173.58,250,409.56260869565216,0.0,255.99710856521742,0.0,255.99710856521742
07/04/2025,9,143.45,250,409.56260869565216,0.0,255.99710856521742,0.0,255.99710856521742
07/04/2025,10,117.34,250,409.56260869565216,0.0,255.99710856521742,0.0,255.99710856521742
07/04/2025,11,111.0,250,409.56260869565216,0.0,255.99710856521742,0.0,255.99710856521742
07/04/2025,12,99.63,250,409.56260869565216,0.0,255.99710856521742,0.0,255.99710856521742
07/04/2025,13,75.0,250,409.56260869565216,0.0,255.99710856521742,0.0,255.99710856521742
07/04/2025,14,70.0,250,409.56260869565216,0.0,255.99710856521742,0.0,255.99710856521742
07/04/2025,15,86.18,250,409.56260869565216,0.0,255.99710856521742,0.0,255.99710856521742
07/04/2025,16,86.18,250,409.56260869565216,0.0,255.99710856521742,0.0,255.99710856521742
07/04/2025,17,97.39,250,409.56260869565216,0.0,255.99710856521742,0.0,255.99710856521742
07/04/2025,18,105.8,250,409.56260869565216,0.0,255.99710856521742,0.0,255.99710856521742
07/04/2025,19,129.46,250,409.56260869565216,0.0,255.99710856521742,0.0,255.99710856521742
07/04/2025,20,152.74,250,409.56260869565216,0.0,255.99710856521742,0.0,255.99710856521742
07/04/2025,21,162.6,250,409.56260869565216,0.0,255.99710856521742,0.0,255.99710856521742
07/04/2025,22,136.34,250,409.56260869565216,0.0,255.99710856521742,0.0,255.99710856521742
07/04/2025,23,122.91,250,409.56260869565216,0.0,255.99710856521742,0.0,255.99710856521742
07/04/2025,24,110.0,250,409.56260869565216,0.0,255.99710856521742,0.0,255.99710856521742
08/04/2025,1,97.09,250,409.56260869565216,0.0,255.99710856521742,0.0,255.99710856521742
08/04/2025,2,93.09,250,409.56260869565216,0.0,255.99710856521742,0.0,255.99710856521742
08/04/2025,3,93.09,250,409.56260869565216,0.0,255.99710856521742,0.0,255.99710856521742
08/04/2025,4,93.6,250,409.56260869565216,0.0,255.99710856521742,0.0,255.99710856521742
08/04/2025,5,95.76,250,409.56260869565216,0.0,255.99710856521742,0.0,255.99710856521742
08/04/2025,6,112.0,250,409.56260869565216,0.0,255.99710856521742,0.0,255.99710856521742
08/04/2025,7,145.9,250,409.56260869565216,0.0,255.99710856521742,0.0,255.99710856521742
08/04/2025,8,169.77,250,409.56260869565216,0.0,255.99710856521742,0.0,255.99710856521742
08/04/2025,9,136.77,250,409.56260869565216,0.0,255.99710856521742,0.0,255.99710856521742
08/04/2025,10,103.66,250,409.56260869565216,0.0,255.99710856521742,0.0,255.99710856521742
08/04/2025,11,94.4,250,409.56260869565216,0.0,255.99710856521742,0.0,255.99710856521742
08/04/2025,12,82.8,250,409.56260869565216,0.0,255.99710856521742,0.0,255.99710856521742
08/04/2025,13,65.5,250,409.56260869565216,0.0,255.99710856521742,0.0,255.99710856521742
08/04/2025,14,60.67,250,409.56260869565216,0.0,255.99710856521742,0.0,255.99710856521742
08/04/2025,15,75.0,250,409.56260869565216,0.0,255.99710856521742,0.0,255.99710856521742
08/04/2025,16,84.14,250,409.56260869565216,0.0,255.99710856521742,0.0,255.99710856521742
08/04/2025,17,90.5,250,409.56260869565216,0.0,255.99710856521742,0.0,255.99710856521742
08/04/2025,18,100.14,250,409.56260869565216,0.0,255.99710856521742,0.0,255.99710856521742
08/04/2025,19,123.53,250,409.56260869565216,0.0,255.99710856521742,0.0,255.99710856521742
08/04/2025,20,159.98,250,409.56260869565216,0.0,255.99710856521742,0.0,255.99710856521742
08/04/2025,21,162.05,250,409.56260869565216,0.0,255.99710856521742,0.0,255.99710856521742
08/04/2025,22,139.52,250,409.56260869565216,0.0,255.99710856521742,0.0,255.99710856521742
08/04/2025,23,120.5,250,409.56260869565216,0.0,255.99710856521742,0.0,255.99710856521742
08/04/2025,24,111.1,250,409.56260869565216,0.0,255.99710856521742,0.0,255.99710856521742
09/04/2025,1,109.65,250,409.56260869565216,0.0,255.99710856521742,0.0,255.99710856521742
09/04/2025,2,102.0,250,409.56260869565216,0.0,255.99710856521742,0.0,255.99710856521742
09/04/2025,3,99.96,250,409.56260869565216,0.0,255.99710856521742,0.0,255.99710856521742
09/04/2025,4,100.2,250,409.56260869565216,0.0,255.99710856521742,0.0,255.99710856521742
09/04/2025,5,101.47,250,409.56260869565216,0.0,255.99710856521742,0.0,255.99710856521742
09/04/2025,6,110.23,250,409.56260869565216,0.0,255.99710856521742,0.0,255.99710856521742
09/04/2025,7,145.0,250,409.56260869565216,0.0,255.99710856521742,0.0,255.99710856521742
09/04/2025,8,175.0,250,409.56260869565216,0.0,255.99710856521742,0.0,255.99710856521742
09/04/2025,9,143.37,250,409.56260869565216,0.0,255.99710856521742,0.0,255.99710856521742
09/04/2025,10,117.51,250,409.56260869565216,0.0,255.99710856521742,0.0,255.99710856521742
09/04/2025,11,110.85,250,409.56260869565216,0.0,255.99710856521742,0.0,255.99710856521742
09/04/2025,12,104.12,250,409.56260869565216,0.0,255.99710856521742,0.0,255.99710856521742
09/04/2025,13,81.67,250,409.56260869565216,0.0,255.99710856521742,0.0,255.99710856521742
09/04/2025,14,81.67,250,409.56260869565216,0.0,255.99710856521742,0.0,255.99710856521742
09/04/2025,15,93.8,250,409.56260869565216,0.0,255.99710856521742,0.0,255.99710856521742
09/04/2025,16,97.1,250,409.56260869565216,0.0,255.99710856521742,0.0,255.99710856521742
09/04/2025,17,104.54,250,409.56260869565216,0.0,255.99710856521742,0.0,255.99710856521742
09/04/2025,18,109.9,250,409.56260869565216,0.0,255.99710856521742,0.0,255.99710856521742
09/04/2025,19,124.26,250,409.56260869565216,0.0,255.99710856521742,0.0,255.99710856521742
09/04/2025,20,148.9,250,409.56260869565216,0.0,255.99710856521742,0.0,255.99710856521742
09/04/2025,21,151.33,250,409.56260869565216,0.0,255.99710856521742,0.0,255.99710856521742
09/04/2025,22,128.0,250,409.56260869565216,0.0,255.99710856521742,0.0,255.99710856521742
09/04/2025,23,118.8,250,409.56260869565216,0.0,255.99710856521742,0.0,255.99710856521742
09/04/2025,24,110.85,250,409.56260869565216,0.0,255.99710856521742,0.0,255.99710856521742
10/04/2025,1,102.91,250,409.56260869565216,0.0,255.99710856521742,0.0,255.99710856521742
10/04/2025,2,97.1,250,409.56260869565216,0.0,255.99710856521742,0.0,255.99710856521742
10/04/2025,3,95.83,250,409.56260869565216,0.0,255.99710856521742,0.0,255.99710856521742
10/04/2025,4,95.15,250,409.56260869565216,0.0,255.99710856521742,0.0,255.99710856521742
10/04/2025,5,97.1,250,409.56260869565216,0.0,255.99710856521742,0.0,255.99710856521742
10/04/2025,6,101.38,250,409.56260869565216,0.0,255.99710856521742,0.0,255.99710856521742
10/04/2025,7,125.28,250,409.56260869565216,0.0,255.99710856521742,0.0,255.99710856521742
10/04/2025,8,156.92,250,409.56260869565216,0.0,255.99710856521742,0.0,255.99710856521742
10/04/2025,9,137.75,250,409.56260869565216,0.0,255.99710856521742,0.0,255.99710856521742
10/04/2025,10,113.81,250,409.56260869565216,0.0,255.99710856521742,0.0,255.99710856521742
10/04/2025,11,107.58,250,409.56260869565216,0.0,255.99710856521742,0.0,255.99710856521742
10/04/2025,12,97.1,250,409.56260869565216,0.0,255.99710856521742,0.0,255.99710856521742
10/04/2025,13,67.0,250,409.56260869565216,0.0,255.99710856521742,0.0,255.99710856521742
10/04/2025,14,61.45,250,409.56260869565216,0.0,255.99710856521742,0.0,255.99710856521742
10/04/2025,15,70.0,250,409.56260869565216,0.0,255.99710856521742,0.0,255.99710856521742
10/04/2025,16,76.41,250,409.56260869565216,0.0,255.99710856521742,0.0,255.99710856521742
10/04/2025,17,85.0,250,409.56260869565216,0.0,255.99710856521742,0.0,255.99710856521742
10/04/2025,18,95.38,250,409.56260869565216,0.0,255.99710856521742,0.0,255.99710856521742
10/04/2025,19,112.07,250,409.56260869565216,0.0,255.99710856521742,0.0,255.99710856521742
10/04/2025,20,141.96,250,409.56260869565216,0.0,255.99710856521742,0.0,255.99710856521742
10/04/2025,21,149.89,250,409.56260869565216,0.0,255.99710856521742,0.0,255.99710856521742
10/04/2025,22,125.75,250,409.56260869565216,0.0,255.99710856521742,0.0,255.99710856521742
10/04/2025,23,111.64,250,409.56260869565216,0.0,255.99710856521742,0.0,255.99710856521742
10/04/2025,24,105.67,250,409.56260869565216,0.0,255.99710856521742,0.0,255.99710856521742
11/04/2025,1,99.04,250,409.56260869565216,0.0,255.99710856521742,0.0,255.99710856521742
11/04/2025,2,94.84,250,409.56260869565216,0.0,255.99710856521742,0.0,255.99710856521742
11/04/2025,3,94.51,250,409.56260869565216,0.0,255.99710856521742,0.0,255.99710856521742
11/04/2025,4,93.87,250,409.56260869565216,0.0,255.99710856521742,0.0,255.99710856521742
11/04/2025,5,94.13,250,409.56260869565216,0.0,255.99710856521742,0.0,255.99710856521742
11/04/2025,6,97.1,250,409.56260869565216,0.0,255.99710856521742,0.0,255.99710856521742
11/04/2025,7,118.83,250,409.56260869565216,0.0,255.99710856521742,0.0,255.99710856521742
11/04/2025,8,148.47,250,409.56260869565216,0.0,255.99710856521742,0.0,255.99710856521742
11/04/2025,9,128.61,250,409.56260869565216,0.0,255.99710856521742,0.0,255.99710856521742
11/04/2025,10,104.04,250,409.56260869565216,0.0,255.99710856521742,0.0,255.99710856521742
11/04/2025,11,107.08,250,409.56260869565216,0.0,255.99710856521742,0.0,255.99710856521742
11/04/2025,12,97.1,250,409.56260869565216,0.0,255.99710856521742,0.0,255.99710856521742
11/04/2025,13,63.22,250,409.56260869565216,0.0,255.99710856521742,0.0,255.99710856521742
11/04/2025,14,50.0,250,409.56260869565216,0.0,255.99710856521742,0.0,255.99710856521742
11/04/2025,15,58.0,250,409.56260869565216,0.0,255.99710856521742,0.0,255.99710856521742
11/04/2025,16,66.41,250,409.56260869565216,0.0,255.99710856521742,0.0,255.99710856521742
11/04/2025,17,75.0,250,409.56260869565216,0.0,255.99710856521742,0.0,255.99710856521742
11/04/2025,18,92.58,250,409.56260869565216,0.0,255.99710856521742,0.0,255.99710856521742
11/04/2025,19,118.83,250,409.56260869565216,0.0,255.99710856521742,0.0,255.99710856521742
11/04/2025,20,130.61,250,409.56260869565216,0.0,255.99710856521742,0.0,255.99710856521742
11/04/2025,21,149.34,250,409.56260869565216,0.0,255.99710856521742,0.0,255.99710856521742
11/04/2025,22,123.3,250,409.56260869565216,0.0,255.99710856521742,0.0,255.99710856521742
11/04/2025,23,116.0,250,409.56260869565216,0.0,255.99710856521742,0.0,255.99710856521742
11/04/2025,24,111.46,250,409.56260869565216,0.0,255.99710856521742,0.0,255.99710856521742
12/04/2025,1,112.0,250,409.56260869565216,0.0,255.99710856521742,0.0,255.99710856521742
12/04/2025,2,103.4,250,409.56260869565216,0.0,255.99710856521742,0.0,255.99710856521742
12/04/2025,3,99.6,250,409.56260869565216,0.0,255.99710856521742,0.0,255.99710856521742
12/04/2025,4,98.51,250,409.56260869565216,0.0,255.99710856521742,0.0,255.99710856521742
12/04/2025,5,98.51,250,409.56260869565216,0.0,255.99710856521742,0.0,255.99710856521742
12/04/2025,6,103.88,250,409.56260869565216,0.0,255.99710856521742,0.0,255.99710856521742
12/04/2025,7,112.13,250,409.56260869565216,0.0,255.99710856521742,0.0,255.99710856521742
12/04/2025,8,113.0,250,409.56260869565216,0.0,255.99710856521742,0.0,255.99710856521742
12/04/2025,9,99.9,250,409.56260869565216,0.0,255.99710856521742,0.0,255.99710856521742
12/04/2025,10,88.1,250,409.56260869565216,0.0,255.99710856521742,0.0,255.99710856521742
12/04/2025,11,41.0,450,379.8566519202964,399.55380458080873,237.42940028278124,16.38170598781316,253.8111062705944
12/04/2025,12,15.56,450,379.8566519202964,399.55380458080873,237.42940028278124,6.217057199277384,243.64645748205862
12/04/2025,13,12.05,450,379.8566519202964,399.55380458080873,237.42940028278124,4.814623345198745,242.24402362798
12/04/2025,14,12.28,450,379.8566519202964,399.55380458080873,237.42940028278124,4.906520720252331,242.33592100303358
12/04/2025,15,26.59,450,379.8566519202964,399.55380458080873,237.42940028278124,10.624135663803704,248.05353594658496
12/04/2025,16,47.0,250,409.56260869565216,0.0,255.99710856521742,0.0,255.99710856521742
12/04/2025,17,68.4,250,409.56260869565216,0.0,255.99710856521742,0.0,255.99710856521742
12/04/2025,18,90.5,250,409.56260869565216,0.0,255.99710856521742,0.0,255.99710856521742
12/04/2025,19,116.55,250,409.56260869565216,0.0,255.99710856521742,0.0,255.99710856521742
12/04/2025,20,128.81,250,409.56260869565216,0.0,255.99710856521742,0.0,255.99710856521742
12/04/2025,21,136.76,250,409.56260869565216,0.0,255.99710856521742,0.0,255.99710856521742
12/04/2025,22,118.56,250,409.56260869565216,0.0,255.99710856521742,0.0,255.99710856521742
12/04/2025,23,113.85,250,409.56260869565216,0.0,255.99710856521742,0.0,255.99710856521742
12/04/2025,24,102.32,250,409.56260869565216,0.0,255.99710856521742,0.0,255.99710856521742
13/04/2025,1,97.1,250,409.56260869565216,0.0,255.99710856521742,0.0,255.99710856521742
13/04/2025,2,90.27,250,409.56260869565216,0.0,255.99710856521742,0.0,255.99710856521742
13/04/2025,3,86.97,250,409.56260869565216,0.0,255.99710856521742,0.0,255.99710856521742
13/04/2025,4,81.9,250,409.56260869565216,0.0,255.99710856521742,0.0,255.99710856521742
13/04/2025,5,81.43,250,409.56260869565216,0.0,255.99710856521742,0.0,255.99710856521742
13/04/2025,6,84.0,250,409.56260869565216,0.0,255.99710856521742,0.0,255.99710856521742
13/04/2025,7,89.57,250,409.56260869565216,0.0,255.99710856521742,0.0,255.99710856521742
13/04/2025,8,93.53,250,409.56260869565216,0.0,255.99710856521742,0.0,255.99710856521742
13/04/2025,9,93.49,250,409.56260869565216,0.0,255.99710856521742,0.0,255.99710856521742
13/04/2025,10,98.2,250,409.56260869565216,0.0,255.99710856521742,0.0,255.99710856521742
13/04/2025,11,102.11,250,409.56260869565216,0.0,255.99710856521742,0.0,255.99710856521742
13/04/2025,12,97.67,250,409.56260869565216,0.0,255.99710856521742,0.0,255.99710856521742
13/04/2025,13,95.85,250,409.56260869565216,0.0,255.99710856521742,0.0,255.99710856521742
13/04/2025,14,90.19,250,409.56260869565216,0.0,255.99710856521742,0.0,255.99710856521742
13/04/2025,15,90.17,250,409.56260869565216,0.0,255.99710856521742,0.0,255.99710856521742
13/04/2025,16,92.39,250,409.56260869565216,0.0,255.99710856521742,0.0,255.99710856521742
13/04/2025,17,90.95,250,409.56260869565216,0.0,255.99710856521742,0.0,255.99710856521742
13/04/2025,18,90.01,250,409.56260869565216,0.0,255.99710856521742,0.0,255.99710856521742
13/04/2025,19,107.44,250,409.56260869565216,0.0,255.99710856521742,0.0,255.99710856521742
13/04/2025,20,119.37,250,409.56260869565216,0.0,255.99710856521742,0.0,255.99710856521742
13/04/2025,21,121.44,250,409.56260869565216,0.0,255.99710856521742,0.0,255.99710856521742
13/04/2025,22,115.9,250,409.56260869565216,0.0,255.99710856521742,0.0,255.99710856521742
13/04/2025,23,107.72,250,409.56260869565216,0.0,255.99710856521742,0.0,255.99710856521742
13/04/2025,24,99.67,250,409.56260869565216,0.0,255.99710856521742,0.0,255.99710856521742
14/04/2025,1,93.0,250,409.56260869565216,0.0,255.99710856521742,0.0,255.99710856521742
14/04/2025,2,87.77,250,409.56260869565216,0.0,255.99710856521742,0.0,255.99710856521742
14/04/2025,3,86.97,250,409.56260869565216,0.0,255.99710856521742,0.0,255.99710856521742
14/04/2025,4,86.92,250,409.56260869565216,0.0,255.99710856521742,0.0,255.99710856521742
14/04/2025,5,89.51,250,409.56260869565216,0.0,255.99710856521742,0.0,255.99710856521742
14/04/2025,6,97.1,250,409.56260869565216,0.0,255.99710856521742,0.0,255.99710856521742
14/04/2025,7,117.0,250,409.56260869565216,0.0,255.99710856521742,0.0,255.99710856521742
14/04/2025,8,152.03,250,409.56260869565216,0.0,255.99710856521742,0.0,255.99710856521742
14/04/2025,9,144.39,250,409.56260869565216,0.0,255.99710856521742,0.0,255.99710856521742
14/04/2025,10,125.0,250,409.56260869565216,0.0,255.99710856521742,0.0,255.99710856521742
14/04/2025,11,122.47,250,409.56260869565216,0.0,255.99710856521742,0.0,255.99710856521742
14/04/2025,12,122.47,250,409.56260869565216,0.0,255.99710856521742,0.0,255.99710856521742
14/04/2025,13,114.01,250,409.56260869565216,0.0,255.99710856521742,0.0,255.99710856521742
14/04/2025,14,108.78,250,409.56260869565216,0.0,255.99710856521742,0.0,255.99710856521742
14/04/2025,15,112.54,250,409.56260869565216,0.0,255.99710856521742,0.0,255.99710856521742
14/04/2025,16,108.76,250,409.56260869565216,0.0,255.99710856521742,0.0,255.99710856521742
14/04/2025,17,114.01,250,409.56260869565216,0.0,255.99710856521742,0.0,255.99710856521742
14/04/2025,18,113.3,250,409.56260869565216,0.0,255.99710856521742,0.0,255.99710856521742
14/04/2025,19,125.0,250,409.56260869565216,0.0,255.99710856521742,0.0,255.99710856521742
14/04/2025,20,146.7,250,409.56260869565216,0.0,255.99710856521742,0.0,255.99710856521742
14/04/2025,21,147.88,250,409.56260869565216,0.0,255.99710856521742,0.0,255.99710856521742
14/04/2025,22,111.84,250,409.56260869565216,0.0,255.99710856521742,0.0,255.99710856521742
14/04/2025,23,103.76,250,409.56260869565216,0.0,255.99710856521742,0.0,255.99710856521742
14/04/2025,24,97.1,250,409.56260869565216,0.0,255.99710856521742,0.0,255.99710856521742
15/04/2025,1,95.17,250,409.56260869565216,0.0,255.99710856521742,0.0,255.99710856521742
15/04/2025,2,91.3,250,409.56260869565216,0.0,255.99710856521742,0.0,255.99710856521742
15/04/2025,3,90.83,250,409.56260869565216,0.0,255.99710856521742,0.0,255.99710856521742
15/04/2025,4,89.51,250,409.56260869565216,0.0,255.99710856521742,0.0,255.99710856521742
15/04/2025,5,87.22,250,409.56260869565216,0.0,255.99710856521742,0.0,255.99710856521742
15/04/2025,6,90.9,250,409.56260869565216,0.0,255.99710856521742,0.0,255.99710856521742
15/04/2025,7,107.26,250,409.56260869565216,0.0,255.99710856521742,0.0,255.99710856521742
15/04/2025,8,120.87,250,409.56260869565216,0.0,255.99710856521742,0.0,255.99710856521742
15/04/2025,9,132.15,250,409.56260869565216,0.0,255.99710856521742,0.0,255.99710856521742
15/04/2025,10,127.15,250,409.56260869565216,0.0,255.99710856521742,0.0,255.99710856521742
15/04/2025,11,125.7,250,409.56260869565216,0.0,255.99710856521742,0.0,255.99710856521742
15/04/2025,12,123.5,250,409.56260869565216,0.0,255.99710856521742,0.0,255.99710856521742
15/04/2025,13,110.45,250,409.56260869565216,0.0,255.99710856521742,0.0,255.99710856521742
15/04/2025,14,101.2,250,409.56260869565216,0.0,255.99710856521742,0.0,255.99710856521742
15/04/2025,15,101.2,250,409.56260869565216,0.0,255.99710856521742,0.0,255.99710856521742
15/04/2025,16,101.2,250,409.56260869565216,0.0,255.99710856521742,0.0,255.99710856521742
15/04/2025,17,109.29,250,409.56260869565216,0.0,255.99710856521742,0.0,255.99710856521742
15/04/2025,18,110.55,250,409.56260869565216,0.0,255.99710856521742,0.0,255.99710856521742
15/04/2025,19,114.0,250,409.56260869565216,0.0,255.99710856521742,0.0,255.99710856521742
15/04/2025,20,141.0,250,409.56260869565216,0.0,255.99710856521742,0.0,255.99710856521742
15/04/2025,21,150.09,250,409.56260869565216,0.0,255.99710856521742,0.0,255.99710856521742
15/04/2025,22,118.05,250,409.56260869565216,0.0,255.99710856521742,0.0,255.99710856521742
15/04/2025,23,111.29,250,409.56260869565216,0.0,255.99710856521742,0.0,255.99710856521742
15/04/2025,24,109.55,250,409.56260869565216,0.0,255.99710856521742,0.0,255.99710856521742
16/04/2025,1,110.0,250,409.56260869565216,0.0,255.99710856521742,0.0,255.99710856521742
16/04/2025,2,101.98,250,409.56260869565216,0.0,255.99710856521742,0.0,255.99710856521742
16/04/2025,3,98.3,250,409.56260869565216,0.0,255.99710856521742,0.0,255.99710856521742
16/04/2025,4,99.13,250,409.56260869565216,0.0,255.99710856521742,0.0,255.99710856521742
16/04/2025,5,98.3,250,409.56260869565216,0.0,255.99710856521742,0.0,255.99710856521742
16/04/2025,6,107.74,250,409.56260869565216,0.0,255.99710856521742,0.0,255.99710856521742
16/04/2025,7,121.0,250,409.56260869565216,0.0,255.99710856521742,0.0,255.99710856521742
16/04/2025,8,138.93,250,409.56260869565216,0.0,255.99710856521742,0.0,255.99710856521742
16/04/2025,9,135.71,250,409.56260869565216,0.0,255.99710856521742,0.0,255.99710856521742
16/04/2025,10,124.63,250,409.56260869565216,0.0,255.99710856521742,0.0,255.99710856521742
16/04/2025,11,114.97,250,409.56260869565216,0.0,255.99710856521742,0.0,255.99710856521742
16/04/2025,12,107.56,250,409.56260869565216,0.0,255.99710856521742,0.0,255.99710856521742
16/04/2025,13,95.0,250,409.56260869565216,0.0,255.99710856521742,0.0,255.99710856521742
16/04/2025,14,93.95,250,409.56260869565216,0.0,255.99710856521742,0.0,255.99710856521742
16/04/2025,15,95.85,250,409.56260869565216,0.0,255.99710856521742,0.0,255.99710856521742
16/04/2025,16,99.13,250,409.56260869565216,0.0,255.99710856521742,0.0,255.99710856521742
16/04/2025,17,99.11,250,409.56260869565216,0.0,255.99710856521742,0.0,255.99710856521742
16/04/2025,18,100.02,250,409.56260869565216,0.0,255.99710856521742,0.0,255.99710856521742
16/04/2025,19,118.26,250,409.56260869565216,0.0,255.99710856521742,0.0,255.99710856521742
16/04/2025,20,153.05,250,409.56260869565216,0.0,255.99710856521742,0.0,255.99710856521742
16/04/2025,21,150.0,250,409.56260869565216,0.0,255.99710856521742,0.0,255.99710856521742
16/04/2025,22,119.1,250,409.56260869565216,0.0,255.99710856521742,0.0,255.99710856521742
16/04/2025,23,110.38,250,409.56260869565216,0.0,255.99710856521742,0.0,255.99710856521742
16/04/2025,24,98.59,250,409.56260869565216,0.0,255.99710856521742,0.0,255.99710856521742
17/04/2025,1,92.4,250,409.56260869565216,0.0,255.99710856521742,0.0,255.99710856521742
17/04/2025,2,87.14,250,409.56260869565216,0.0,255.99710856521742,0.0,255.99710856521742
17/04/2025,3,85.93,250,409.56260869565216,0.0,255.99710856521742,0.0,255.99710856521742
17/04/2025,4,87.3,250,409.56260869565216,0.0,255.99710856521742,0.0,255.99710856521742
17/04/2025,5,87.27,250,409.56260869565216,0.0,255.99710856521742,0.0,255.99710856521742
17/04/2025,6,94.18,250,409.56260869565216,0.0,255.99710856521742,0.0,255.99710856521742
17/04/2025,7,111.8,250,409.56260869565216,0.0,255.99710856521742,0.0,255.99710856521742
17/04/2025,8,127.2,250,409.56260869565216,0.0,255.99710856521742,0.0,255.99710856521742
17/04/2025,9,135.0,250,409.56260869565216,0.0,255.99710856521742,0.0,255.99710856521742
17/04/2025,10,128.46,250,409.56260869565216,0.0,255.99710856521742,0.0,255.99710856521742
17/04/2025,11,124.62,250,409.56260869565216,0.0,255.99710856521742,0.0,255.99710856521742
17/04/2025,12,118.57,250,409.56260869565216,0.0,255.99710856521742,0.0,255.99710856521742
17/04/2025,13,108.0,250,409.56260869565216,0.0,255.99710856521742,0.0,255.99710856521742
17/04/2025,14,101.18,250,409.56260869565216,0.0,255.99710856521742,0.0,255.99710856521742
17/04/2025,15,107.5,250,409.56260869565216,0.0,255.99710856521742,0.0,255.99710856521742
17/04/2025,16,97.1,250,409.56260869565216,0.0,255.99710856521742,0.0,255.99710856521742
17/04/2025,17,96.39,250,409.56260869565216,0.0,255.99710856521742,0.0,255.99710856521742
17/04/2025,18,101.98,250,409.56260869565216,0.0,255.99710856521742,0.0,255.99710856521742
17/04/2025,19,118.57,250,409.56260869565216,0.0,255.99710856521742,0.0,255.99710856521742
17/04/2025,20,141.12,250,409.56260869565216,0.0,255.99710856521742,0.0,255.99710856521742
17/04/2025,21,144.03,250,409.56260869565216,0.0,255.99710856521742,0.0,255.99710856521742
17/04/2025,22,125.0,250,409.56260869565216,0.0,255.99710856521742,0.0,255.99710856521742
17/04/2025,23,113.0,250,409.56260869565216,0.0,255.99710856521742,0.0,255.99710856521742
17/04/2025,24,99.26,250,409.56260869565216,0.0,255.99710856521742,0.0,255.99710856521742
18/04/2025,1,90.02,250,409.56260869565216,0.0,255.99710856521742,0.0,255.99710856521742
18/04/2025,2,81.81,250,409.56260869565216,0.0,255.99710856521742,0.0,255.99710856521742
18/04/2025,3,78.35,250,409.56260869565216,0.0,255.99710856521742,0.0,255.99710856521742
18/04/2025,4,86.0,250,409.56260869565216,0.0,255.99710856521742,0.0,255.99710856521742
18/04/2025,5,80.01,250,409.56260869565216,0.0,255.99710856521742,0.0,255.99710856521742
18/04/2025,6,90.9,250,409.56260869565216,0.0,255.99710856521742,0.0,255.99710856521742
18/04/2025,7,119.38,250,409.56260869565216,0.0,255.99710856521742,0.0,255.99710856521742
18/04/2025,8,137.13,250,409.56260869565216,0.0,255.99710856521742,0.0,255.99710856521742
18/04/2025,9,137.13,250,409.56260869565216,0.0,255.99710856521742,0.0,255.99710856521742
18/04/2025,10,119.43,250,409.56260869565216,0.0,255.99710856521742,0.0,255.99710856521742
18/04/2025,11,100.36,250,409.56260869565216,0.0,255.99710856521742,0.0,255.99710856521742
18/04/2025,12,93.85,250,409.56260869565216,0.0,255.99710856521742,0.0,255.99710856521742
18/04/2025,13,80.99,250,409.56260869565216,0.0,255.99710856521742,0.0,255.99710856521742
18/04/2025,14,69.98,250,409.56260869565216,0.0,255.99710856521742,0.0,255.99710856521742
18/04/2025,15,67.43,250,409.56260869565216,0.0,255.99710856521742,0.0,255.99710856521742
18/04/2025,16,68.28,250,409.56260869565216,0.0,255.99710856521742,0.0,255.99710856521742
18/04/2025,17,76.39,250,409.56260869565216,0.0,255.99710856521742,0.0,255.99710856521742
18/04/2025,18,95.0,250,409.56260869565216,0.0,255.99710856521742,0.0,255.99710856521742
18/04/2025,19,110.73,250,409.56260869565216,0.0,255.99710856521742,0.0,255.99710856521742
18/04/2025,20,132.37,250,409.56260869565216,0.0,255.99710856521742,0.0,255.99710856521742
18/04/2025,21,137.13,250,409.56260869565216,0.0,255.99710856521742,0.0,255.99710856521742
18/04/2025,22,122.12,250,409.56260869565216,0.0,255.99710856521742,0.0,255.99710856521742
18/04/2025,23,114.33,250,409.56260869565216,0.0,255.99710856521742,0.0,255.99710856521742
18/04/2025,24,105.57,250,409.56260869565216,0.0,255.99710856521742,0.0,255.99710856521742
19/04/2025,1,95.92,250,409.56260869565216,0.0,255.99710856521742,0.0,255.99710856521742
19/04/2025,2,84.25,250,409.56260869565216,0.0,255.99710856521742,0.0,255.99710856521742
19/04/2025,3,82.61,250,409.56260869565216,0.0,255.99710856521742,0.0,255.99710856521742
19/04/2025,4,82.61,250,409.56260869565216,0.0,255.99710856521742,0.0,255.99710856521742
19/04/2025,5,82.61,250,409.56260869565216,0.0,255.99710856521742,0.0,255.99710856521742
19/04/2025,6,84.25,250,409.56260869565216,0.0,255.99710856521742,0.0,255.99710856521742
19/04/2025,7,100.62,250,409.56260869565216,0.0,255.99710856521742,0.0,255.99710856521742
19/04/2025,8,109.21,250,409.56260869565216,0.0,255.99710856521742,0.0,255.99710856521742
19/04/2025,9,115.12,250,409.56260869565216,0.0,255.99710856521742,0.0,255.99710856521742
19/04/2025,10,99.92,250,409.56260869565216,0.0,255.99710856521742,0.0,255.99710856521742
19/04/2025,11,68.81,250,409.56260869565216,0.0,255.99710856521742,0.0,255.99710856521742
19/04/2025,12,40.0,450,379.8566519202964,399.55380458080873,237.42940028278124,15.98215218323235,253.4115524660136
19/04/2025,13,20.0,450,379.8566519202964,399.55380458080873,237.42940028278124,7.991076091616175,245.42047637439742
19/04/2025,14,12.83,450,379.8566519202964,399.55380458080873,237.42940028278124,5.126275312771776,242.55567559555303
19/04/2025,15,15.0,450,379.8566519202964,399.55380458080873,237.42940028278124,5.993307068712131,243.4227073514934
19/04/2025,16,16.1,450,379.8566519202964,399.55380458080873,237.42940028278124,6.432816253751021,243.86221653653226
19/04/2025,17,49.0,250,409.56260869565216,0.0,255.99710856521742,0.0,255.99710856521742
19/04/2025,18,96.72,250,409.56260869565216,0.0,255.99710856521742,0.0,255.99710856521742
19/04/2025,19,121.12,250,409.56260869565216,0.0,255.99710856521742,0.0,255.99710856521742
19/04/2025,20,137.5,250,409.56260869565216,0.0,255.99710856521742,0.0,255.99710856521742
19/04/2025,21,136.64,250,409.56260869565216,0.0,255.99710856521742,0.0,255.99710856521742
19/04/2025,22,117.52,250,409.56260869565216,0.0,255.99710856521742,0.0,255.99710856521742
19/04/2025,23,108.0,250,409.56260869565216,0.0,255.99710856521742,0.0,255.99710856521742
19/04/2025,24,99.8,250,409.56260869565216,0.0,255.99710856521742,0.0,255.99710856521742
20/04/2025,1,103.54,250,409.56260869565216,0.0,255.99710856521742,0.0,255.99710856521742
20/04/2025,2,99.83,250,409.56260869565216,0.0,255.99710856521742,0.0,255.99710856521742
20/04/2025,3,95.0,250,409.56260869565216,0.0,255.99710856521742,0.0,255.99710856521742
20/04/2025,4,93.9,250,409.56260869565216,0.0,255.99710856521742,0.0,255.99710856521742
20/04/2025,5,93.22,250,409.56260869565216,0.0,255.99710856521742,0.0,255.99710856521742
20/04/2025,6,93.2,250,409.56260869565216,0.0,255.99710856521742,0.0,255.99710856521742
20/04/2025,7,94.03,250,409.56260869565216,0.0,255.99710856521742,0.0,255.99710856521742
20/04/2025,8,95.0,250,409.56260869565216,0.0,255.99710856521742,0.0,255.99710856521742
20/04/2025,9,97.1,250,409.56260869565216,0.0,255.99710856521742,0.0,255.99710856521742
20/04/2025,10,97.6,250,409.56260869565216,0.0,255.99710856521742,0.0,255.99710856521742
20/04/2025,11,95.0,250,409.56260869565216,0.0,255.99710856521742,0.0,255.99710856521742
20/04/2025,12,80.0,250,409.56260869565216,0.0,255.99710856521742,0.0,255.99710856521742
20/04/2025,13,49.98,250,409.56260869565216,0.0,255.99710856521742,0.0,255.99710856521742
20/04/2025,14,20.0,450,379.8566519202964,399.55380458080873,237.42940028278124,7.991076091616175,245.42047637439742
20/04/2025,15,19.0,450,379.8566519202964,399.55380458080873,237.42940028278124,7.5915222870353665,245.0209225698166
20/04/2025,16,20.0,450,379.8566519202964,399.55380458080873,237.42940028278124,7.991076091616175,245.42047637439742
20/04/2025,17,73.1,250,409.56260869565216,0.0,255.99710856521742,0.0,255.99710856521742
20/04/2025,18,98.23,250,409.56260869565216,0.0,255.99710856521742,0.0,255.99710856521742
20/04/2025,19,111.76,250,409.56260869565216,0.0,255.99710856521742,0.0,255.99710856521742
20/04/2025,20,120.26,250,409.56260869565216,0.0,255.99710856521742,0.0,255.99710856521742
20/04/2025,21,132.4,250,409.56260869565216,0.0,255.99710856521742,0.0,255.99710856521742
20/04/2025,22,125.75,250,409.56260869565216,0.0,255.99710856521742,0.0,255.99710856521742
20/04/2025,23,120.26,250,409.56260869565216,0.0,255.99710856521742,0.0,255.99710856521742
20/04/2025,24,111.24,250,409.56260869565216,0.0,255.99710856521742,0.0,255.99710856521742
21/04/2025,1,100.0,250,409.56260869565216,0.0,255.99710856521742,0.0,255.99710856521742
21/04/2025,2,99.45,250,409.56260869565216,0.0,255.99710856521742,0.0,255.99710856521742
21/04/2025,3,94.59,250,409.56260869565216,0.0,255.99710856521742,0.0,255.99710856521742
21/04/2025,4,93.88,250,409.56260869565216,0.0,255.99710856521742,0.0,255.99710856521742
21/04/2025,5,93.9,250,409.56260869565216,0.0,255.99710856521742,0.0,255.99710856521742
21/04/2025,6,93.91,250,409.56260869565216,0.0,255.99710856521742,0.0,255.99710856521742
21/04/2025,7,100.0,250,409.56260869565216,0.0,255.99710856521742,0.0,255.99710856521742
21/04/2025,8,116.0,250,409.56260869565216,0.0,255.99710856521742,0.0,255.99710856521742
21/04/2025,9,117.5,250,409.56260869565216,0.0,255.99710856521742,0.0,255.99710856521742
21/04/2025,10,102.93,250,409.56260869565216,0.0,255.99710856521742,0.0,255.99710856521742
21/04/2025,11,100.0,250,409.56260869565216,0.0,255.99710856521742,0.0,255.99710856521742
21/04/2025,12,92.35,250,409.56260869565216,0.0,255.99710856521742,0.0,255.99710856521742
21/04/2025,13,75.0,250,409.56260869565216,0.0,255.99710856521742,0.0,255.99710856521742
21/04/2025,14,27.0,450,379.8566519202964,399.55380458080873,237.42940028278124,10.787952723681837,248.21735300646307
21/04/2025,15,25.0,450,379.8566519202964,399.55380458080873,237.42940028278124,9.988845114520219,247.41824539730146
21/04/2025,16,40.0,450,379.8566519202964,399.55380458080873,237.42940028278124,15.98215218323235,253.4115524660136
21/04/2025,17,77.1,250,409.56260869565216,0.0,255.99710856521742,0.0,255.99710856521742
21/04/2025,18,115.0,250,409.56260869565216,0.0,255.99710856521742,0.0,255.99710856521742
21/04/2025,19,121.67,250,409.56260869565216,0.0,255.99710856521742,0.0,255.99710856521742
21/04/2025,20,127.37,250,409.56260869565216,0.0,255.99710856521742,0.0,255.99710856521742
21/04/2025,21,134.09,250,409.56260869565216,0.0,255.99710856521742,0.0,255.99710856521742
21/04/2025,22,132.1,250,409.56260869565216,0.0,255.99710856521742,0.0,255.99710856521742
21/04/2025,23,122.77,250,409.56260869565216,0.0,255.99710856521742,0.0,255.99710856521742
21/04/2025,24,102.93,250,409.56260869565216,0.0,255.99710856521742,0.0,255.99710856521742
22/04/2025,1,98.39,250,409.56260869565216,0.0,255.99710856521742,0.0,255.99710856521742
22/04/2025,2,93.69,250,409.56260869565216,0.0,255.99710856521742,0.0,255.99710856521742
22/04/2025,3,97.0,250,409.56260869565216,0.0,255.99710856521742,0.0,255.99710856521742
22/04/2025,4,96.0,250,409.56260869565216,0.0,255.99710856521742,0.0,255.99710856521742
22/04/2025,5,97.0,250,409.56260869565216,0.0,255.99710856521742,0.0,255.99710856521742
22/04/2025,6,100.0,250,409.56260869565216,0.0,255.99710856521742,0.0,255.99710856521742
22/04/2025,7,125.0,250,409.56260869565216,0.0,255.99710856521742,0.0,255.99710856521742
22/04/2025,8,151.66,250,409.56260869565216,0.0,255.99710856521742,0.0,255.99710856521742
22/04/2025,9,141.84,250,409.56260869565216,0.0,255.99710856521742,0.0,255.99710856521742
22/04/2025,10,115.8,250,409.56260869565216,0.0,255.99710856521742,0.0,255.99710856521742
22/04/2025,11,92.33,250,409.56260869565216,0.0,255.99710856521742,0.0,255.99710856521742
22/04/2025,12,79.96,250,409.56260869565216,0.0,255.99710856521742,0.0,255.99710856521742
22/04/2025,13,50.0,250,409.56260869565216,0.0,255.99710856521742,0.0,255.99710856521742
22/04/2025,14,51.82,250,409.56260869565216,0.0,255.99710856521742,0.0,255.99710856521742
22/04/2025,15,71.79,250,409.56260869565216,0.0,255.99710856521742,0.0,255.99710856521742
22/04/2025,16,79.27,250,409.56260869565216,0.0,255.99710856521742,0.0,255.99710856521742
22/04/2025,17,97.1,250,409.56260869565216,0.0,255.99710856521742,0.0,255.99710856521742
22/04/2025,18,106.71,250,409.56260869565216,0.0,255.99710856521742,0.0,255.99710856521742
22/04/2025,19,140.68,250,409.56260869565216,0.0,255.99710856521742,0.0,255.99710856521742
22/04/2025,20,157.37,250,409.56260869565216,0.0,255.99710856521742,0.0,255.99710856521742
22/04/2025,21,169.44,250,409.56260869565216,0.0,255.99710856521742,0.0,255.99710856521742
22/04/2025,22,153.23,250,409.56260869565216,0.0,255.99710856521742,0.0,255.99710856521742
22/04/2025,23,124.94,250,409.56260869565216,0.0,255.99710856521742,0.0,255.99710856521742
22/04/2025,24,120.0,250,409.56260869565216,0.0,255.99710856521742,0.0,255.99710856521742
23/04/2025,1,108.98,250,409.56260869565216,0.0,255.99710856521742,0.0,255.99710856521742
23/04/2025,2,101.48,250,409.56260869565216,0.0,255.99710856521742,0.0,255.99710856521742
23/04/2025,3,98.7,250,409.56260869565216,0.0,255.99710856521742,0.0,255.99710856521742
23/04/2025,4,97.1,250,409.56260869565216,0.0,255.99710856521742,0.0,255.99710856521742
23/04/2025,5,102.39,250,409.56260869565216,0.0,255.99710856521742,0.0,255.99710856521742
23/04/2025,6,108.69,250,409.56260869565216,0.0,255.99710856521742,0.0,255.99710856521742
23/04/2025,7,133.4,250,409.56260869565216,0.0,255.99710856521742,0.0,255.99710856521742
23/04/2025,8,151.15,250,409.56260869565216,0.0,255.99710856521742,0.0,255.99710856521742
23/04/2025,9,135.0,250,409.56260869565216,0.0,255.99710856521742,0.0,255.99710856521742
23/04/2025,10,104.0,250,409.56260869565216,0.0,255.99710856521742,0.0,255.99710856521742
23/04/2025,11,100.55,250,409.56260869565216,0.0,255.99710856521742,0.0,255.99710856521742
23/04/2025,12,95.2,250,409.56260869565216,0.0,255.99710856521742,0.0,255.99710856521742
23/04/2025,13,80.0,250,409.56260869565216,0.0,255.99710856521742,0.0,255.99710856521742
23/04/2025,14,80.0,250,409.56260869565216,0.0,255.99710856521742,0.0,255.99710856521742
23/04/2025,15,88.04,250,409.56260869565216,0.0,255.99710856521742,0.0,255.99710856521742
23/04/2025,16,97.1,250,409.56260869565216,0.0,255.99710856521742,0.0,255.99710856521742
23/04/2025,17,103.0,250,409.56260869565216,0.0,255.99710856521742,0.0,255.99710856521742
23/04/2025,18,113.66,250,409.56260869565216,0.0,255.99710856521742,0.0,255.99710856521742
23/04/2025,19,123.3,250,409.56260869565216,0.0,255.99710856521742,0.0,255.99710856521742
23/04/2025,20,150.0,250,409.56260869565216,0.0,255.99710856521742,0.0,255.99710856521742
23/04/2025,21,152.3,250,409.56260869565216,0.0,255.99710856521742,0.0,255.99710856521742
23/04/2025,22,124.75,250,409.56260869565216,0.0,255.99710856521742,0.0,255.99710856521742
23/04/2025,23,108.56,250,409.56260869565216,0.0,255.99710856521742,0.0,255.99710856521742
23/04/2025,24,97.82,250,409.56260869565216,0.0,255.99710856521742,0.0,255.99710856521742
24/04/2025,1,95.84,250,409.56260869565216,0.0,255.99710856521742,0.0,255.99710856521742
24/04/2025,2,90.88,250,409.56260869565216,0.0,255.99710856521742,0.0,255.99710856521742
24/04/2025,3,88.44,250,409.56260869565216,0.0,255.99710856521742,0.0,255.99710856521742
24/04/2025,4,87.2,250,409.56260869565216,0.0,255.99710856521742,0.0,255.99710856521742
24/04/2025,5,87.2,250,409.56260869565216,0.0,255.99710856521742,0.0,255.99710856521742
24/04/2025,6,94.05,250,409.56260869565216,0.0,255.99710856521742,0.0,255.99710856521742
24/04/2025,7,111.84,250,409.56260869565216,0.0,255.99710856521742,0.0,255.99710856521742
24/04/2025,8,133.42,250,409.56260869565216,0.0,255.99710856521742,0.0,255.99710856521742
24/04/2025,9,125.51,250,409.56260869565216,0.0,255.99710856521742,0.0,255.99710856521742
24/04/2025,10,105.88,250,409.56260869565216,0.0,255.99710856521742,0.0,255.99710856521742
24/04/2025,11,94.46,250,409.56260869565216,0.0,255.99710856521742,0.0,255.99710856521742
24/04/2025,12,82.74,250,409.56260869565216,0.0,255.99710856521742,0.0,255.99710856521742
24/04/2025,13,78.89,250,409.56260869565216,0.0,255.99710856521742,0.0,255.99710856521742
24/04/2025,14,69.13,250,409.56260869565216,0.0,255.99710856521742,0.0,255.99710856521742
24/04/2025,15,72.14,250,409.56260869565216,0.0,255.99710856521742,0.0,255.99710856521742
24/04/2025,16,82.06,250,409.56260869565216,0.0,255.99710856521742,0.0,255.99710856521742
24/04/2025,17,88.1,250,409.56260869565216,0.0,255.99710856521742,0.0,255.99710856521742
24/04/2025,18,100.12,250,409.56260869565216,0.0,255.99710856521742,0.0,255.99710856521742
24/04/2025,19,111.63,250,409.56260869565216,0.0,255.99710856521742,0.0,255.99710856521742
24/04/2025,20,134.78,250,409.56260869565216,0.0,255.99710856521742,0.0,255.99710856521742
24/04/2025,21,151.12,250,409.56260869565216,0.0,255.99710856521742,0.0,255.99710856521742
24/04/2025,22,124.02,250,409.56260869565216,0.0,255.99710856521742,0.0,255.99710856521742
24/04/2025,23,107.0,250,409.56260869565216,0.0,255.99710856521742,0.0,255.99710856521742
24/04/2025,24,101.49,250,409.56260869565216,0.0,255.99710856521742,0.0,255.99710856521742
25/04/2025,1,95.45,250,409.56260869565216,0.0,255.99710856521742,0.0,255.99710856521742
25/04/2025,2,89.46,250,409.56260869565216,0.0,255.99710856521742,0.0,255.99710856521742
25/04/2025,3,83.31,250,409.56260869565216,0.0,255.99710856521742,0.0,255.99710856521742
25/04/2025,4,85.37,250,409.56260869565216,0.0,255.99710856521742,0.0,255.99710856521742
25/04/2025,5,86.71,250,409.56260869565216,0.0,255.99710856521742,0.0,255.99710856521742
25/04/2025,6,95.5,250,409.56260869565216,0.0,255.99710856521742,0.0,255.99710856521742
25/04/2025,7,100.0,250,409.56260869565216,0.0,255.99710856521742,0.0,255.99710856521742
25/04/2025,8,113.39,250,409.56260869565216,0.0,255.99710856521742,0.0,255.99710856521742
25/04/2025,9,99.0,250,409.56260869565216,0.0,255.99710856521742,0.0,255.99710856521742
25/04/2025,10,80.5,250,409.56260869565216,0.0,255.99710856521742,0.0,255.99710856521742
25/04/2025,11,60.56,250,409.56260869565216,0.0,255.99710856521742,0.0,255.99710856521742
25/04/2025,12,45.58,450,379.8566519202964,399.55380458080873,237.42940028278124,18.211662412793263,255.6410626955745
25/04/2025,13,40.25,450,379.8566519202964,399.55380458080873,237.42940028278124,16.082040634377552,253.5114409171588
25/04/2025,14,15.11,450,379.8566519202964,399.55380458080873,237.42940028278124,6.03725798721602,243.46665826999725
25/04/2025,15,12.23,450,379.8566519202964,399.55380458080873,237.42940028278124,4.886543030023291,242.31594331280454
25/04/2025,16,5.0,450,379.8566519202964,399.55380458080873,237.42940028278124,1.9977690229040437,239.42716930568528
25/04/2025,17,26.54,450,379.8566519202964,399.55380458080873,237.42940028278124,10.604157973574663,248.03355825635592
25/04/2025,18,52.13,250,409.56260869565216,0.0,255.99710856521742,0.0,255.99710856521742
25/04/2025,19,91.63,250,409.56260869565216,0.0,255.99710856521742,0.0,255.99710856521742
25/04/2025,20,117.28,250,409.56260869565216,0.0,255.99710856521742,0.0,255.99710856521742
25/04/2025,21,123.0,250,409.56260869565216,0.0,255.99710856521742,0.0,255.99710856521742
25/04/2025,22,109.63,250,409.56260869565216,0.0,255.99710856521742,0.0,255.99710856521742
25/04/2025,23,100.37,250,409.56260869565216,0.0,255.99710856521742,0.0,255.99710856521742
25/04/2025,24,92.09,250,409.56260869565216,0.0,255.99710856521742,0.0,255.99710856521742
26/04/2025,1,97.68,250,409.56260869565216,0.0,255.99710856521742,0.0,255.99710856521742
26/04/2025,2,91.29,250,409.56260869565216,0.0,255.99710856521742,0.0,255.99710856521742
26/04/2025,3,88.1,250,409.56260869565216,0.0,255.99710856521742,0.0,255.99710856521742
26/04/2025,4,87.18,250,409.56260869565216,0.0,255.99710856521742,0.0,255.99710856521742
26/04/2025,5,85.0,250,409.56260869565216,0.0,255.99710856521742,0.0,255.99710856521742
26/04/2025,6,90.0,250,409.56260869565216,0.0,255.99710856521742,0.0,255.99710856521742
26/04/2025,7,95.01,250,409.56260869565216,0.0,255.99710856521742,0.0,255.99710856521742
26/04/2025,8,97.42,250,409.56260869565216,0.0,255.99710856521742,0.0,255.99710856521742
26/04/2025,9,94.37,250,409.56260869565216,0.0,255.99710856521742,0.0,255.99710856521742
26/04/2025,10,88.73,250,409.56260869565216,0.0,255.99710856521742,0.0,255.99710856521742
26/04/2025,11,40.0,450,379.8566519202964,399.55380458080873,237.42940028278124,15.98215218323235,253.4115524660136
26/04/2025,12,5.58,450,379.8566519202964,399.55380458080873,237.42940028278124,2.229510229560913,239.65891051234215
26/04/2025,13,5.0,450,379.8566519202964,399.55380458080873,237.42940028278124,1.9977690229040437,239.42716930568528
26/04/2025,14,4.0,450,379.8566519202964,399.55380458080873,237.42940028278124,1.598215218323235,239.0276155011045
26/04/2025,15,4.0,450,379.8566519202964,399.55380458080873,237.42940028278124,1.598215218323235,239.0276155011045
26/04/2025,16,4.0,450,379.8566519202964,399.55380458080873,237.42940028278124,1.598215218323235,239.0276155011045
26/04/2025,17,13.15,450,379.8566519202964,399.55380458080873,237.42940028278124,5.254132530237635,242.68353281301887
26/04/2025,18,60.0,250,409.56260869565216,0.0,255.99710856521742,0.0,255.99710856521742
26/04/2025,19,99.0,250,409.56260869565216,0.0,255.99710856521742,0.0,255.99710856521742
26/04/2025,20,118.71,250,409.56260869565216,0.0,255.99710856521742,0.0,255.99710856521742
26/04/2025,21,118.71,250,409.56260869565216,0.0,255.99710856521742,0.0,255.99710856521742
26/04/2025,22,104.0,250,409.56260869565216,0.0,255.99710856521742,0.0,255.99710856521742
26/04/2025,23,86.42,250,409.56260869565216,0.0,255.99710856521742,0.0,255.99710856521742
26/04/2025,24,77.67,250,409.56260869565216,0.0,255.99710856521742,0.0,255.99710856521742
27/04/2025,1,77.03,250,409.56260869565216,0.0,255.99710856521742,0.0,255.99710856521742
27/04/2025,2,61.0,250,409.56260869565216,0.0,255.99710856521742,0.0,255.99710856521742
27/04/2025,3,60.0,250,409.56260869565216,0.0,255.99710856521742,0.0,255.99710856521742
27/04/2025,4,58.29,250,409.56260869565216,0.0,255.99710856521742,0.0,255.99710856521742
27/04/2025,5,65.1,250,409.56260869565216,0.0,255.99710856521742,0.0,255.99710856521742
27/04/2025,6,66.48,250,409.56260869565216,0.0,255.99710856521742,0.0,255.99710856521742
27/04/2025,7,65.95,250,409.56260869565216,0.0,255.99710856521742,0.0,255.99710856521742
27/04/2025,8,55.0,250,409.56260869565216,0.0,255.99710856521742,0.0,255.99710856521742
27/04/2025,9,48.5,250,409.56260869565216,0.0,255.99710856521742,0.0,255.99710856521742
27/04/2025,10,78.67,250,409.56260869565216,0.0,255.99710856521742,0.0,255.99710856521742
27/04/2025,11,45.0,450,379.8566519202964,399.55380458080873,237.42940028278124,17.979921206136392,255.40932148891764
27/04/2025,12,22.0,450,379.8566519202964,399.55380458080873,237.42940028278124,8.790183700777792,246.21958398355903
27/04/2025,13,22.0,450,379.8566519202964,399.55380458080873,237.42940028278124,8.790183700777792,246.21958398355903
27/04/2025,14,9.65,450,379.8566519202964,399.55380458080873,237.42940028278124,3.8556942142048047,241.28509449698606
27/04/2025,15,5.0,450,379.8566519202964,399.55380458080873,237.42940028278124,1.9977690229040437,239.42716930568528
27/04/2025,16,5.0,450,379.8566519202964,399.55380458080873,237.42940028278124,1.9977690229040437,239.42716930568528
27/04/2025,17,24.0,450,379.8566519202964,399.55380458080873,237.42940028278124,9.58929130993941,247.01869159272064
27/04/2025,18,84.0,250,409.56260869565216,0.0,255.99710856521742,0.0,255.99710856521742
27/04/2025,19,90.68,250,409.56260869565216,0.0,255.99710856521742,0.0,255.99710856521742
27/04/2025,20,114.0,250,409.56260869565216,0.0,255.99710856521742,0.0,255.99710856521742
27/04/2025,21,123.6,250,409.56260869565216,0.0,255.99710856521742,0.0,255.99710856521742
27/04/2025,22,109.3,250,409.56260869565216,0.0,255.99710856521742,0.0,255.99710856521742
27/04/2025,23,99.0,250,409.56260869565216,0.0,255.99710856521742,0.0,255.99710856521742
27/04/2025,24,94.07,250,409.56260869565216,0.0,255.99710856521742,0.0,255.99710856521742
28/04/2025,1,93.67,250,409.56260869565216,0.0,255.99710856521742,0.0,255.99710856521742
28/04/2025,2,88.1,250,409.56260869565216,0.0,255.99710856521742,0.0,255.99710856521742
28/04/2025,3,83.67,250,409.56260869565216,0.0,255.99710856521742,0.0,255.99710856521742
28/04/2025,4,86.81,250,409.56260869565216,0.0,255.99710856521742,0.0,255.99710856521742
28/04/2025,5,91.95,250,409.56260869565216,0.0,255.99710856521742,0.0,255.99710856521742
28/04/2025,6,97.1,250,409.56260869565216,0.0,255.99710856521742,0.0,255.99710856521742
28/04/2025,7,114.0,250,409.56260869565216,0.0,255.99710856521742,0.0,255.99710856521742
28/04/2025,8,131.09,250,409.56260869565216,0.0,255.99710856521742,0.0,255.99710856521742
28/04/2025,9,124.94,250,409.56260869565216,0.0,255.99710856521742,0.0,255.99710856521742
28/04/2025,10,98.51,250,409.56260869565216,0.0,255.99710856521742,0.0,255.99710856521742
28/04/2025,11,88.25,250,409.56260869565216,0.0,255.99710856521742,0.0,255.99710856521742
28/04/2025,12,70.0,250,409.56260869565216,0.0,255.99710856521742,0.0,255.99710856521742
28/04/2025,13,27.58,450,379.8566519202964,399.55380458080873,237.42940028278124,11.019693930338704,248.44909421311996
28/04/2025,14,27.16,450,379.8566519202964,399.55380458080873,237.42940028278124,10.851881332414766,248.281281615196
28/04/2025,15,55.0,250,409.56260869565216,0.0,255.99710856521742,0.0,255.99710856521742
28/04/2025,16,79.1,250,409.56260869565216,0.0,255.99710856521742,0.0,255.99710856521742
28/04/2025,17,89.25,250,409.56260869565216,0.0,255.99710856521742,0.0,255.99710856521742
28/04/2025,18,92.12,250,409.56260869565216,0.0,255.99710856521742,0.0,255.99710856521742
28/04/2025,19,112.6,250,409.56260869565216,0.0,255.99710856521742,0.0,255.99710856521742
28/04/2025,20,130.96,250,409.56260869565216,0.0,255.99710856521742,0.0,255.99710856521742
28/04/2025,21,143.96,250,409.56260869565216,0.0,255.99710856521742,0.0,255.99710856521742
28/04/2025,22,128.83,250,409.56260869565216,0.0,255.99710856521742,0.0,255.99710856521742
28/04/2025,23,106.04,250,409.56260869565216,0.0,255.99710856521742,0.0,255.99710856521742
28/04/2025,24,97.18,250,409.56260869565216,0.0,255.99710856521742,0.0,255.99710856521742
29/04/2025,1,93.05,250,409.56260869565216,0.0,255.99710856521742,0.0,255.99710856521742
29/04/2025,2,89.04,250,409.56260869565216,0.0,255.99710856521742,0.0,255.99710856521742
29/04/2025,3,84.24,250,409.56260869565216,0.0,255.99710856521742,0.0,255.99710856521742
29/04/2025,4,82.13,250,409.56260869565216,0.0,255.99710856521742,0.0,255.99710856521742
29/04/2025,5,82.78,250,409.56260869565216,0.0,255.99710856521742,0.0,255.99710856521742
29/04/2025,6,90.97,250,409.56260869565216,0.0,255.99710856521742,0.0,255.99710856521742
29/04/2025,7,107.01,250,409.56260869565216,0.0,255.99710856521742,0.0,255.99710856521742
29/04/2025,8,114.85,250,409.56260869565216,0.0,255.99710856521742,0.0,255.99710856521742
29/04/2025,9,101.45,250,409.56260869565216,0.0,255.99710856521742,0.0,255.99710856521742
29/04/2025,10,95.0,250,409.56260869565216,0.0,255.99710856521742,0.0,255.99710856521742
29/04/2025,11,70.0,250,409.56260869565216,0.0,255.99710856521742,0.0,255.99710856521742
29/04/2025,12,40.0,450,379.8566519202964,399.55380458080873,237.42940028278124,15.98215218323235,253.4115524660136
29/04/2025,13,12.1,450,379.8566519202964,399.55380458080873,237.42940028278124,4.834601035427785,242.26400131820904
29/04/2025,14,13.0,450,379.8566519202964,399.55380458080873,237.42940028278124,5.194199459550513,242.62359974233175
29/04/2025,15,20.29,450,379.8566519202964,399.55380458080873,237.42940028278124,8.10694669494461,245.53634697772586
29/04/2025,16,30.0,450,379.8566519202964,399.55380458080873,237.42940028278124,11.986614137424262,249.4160144202055
29/04/2025,17,56.4,250,409.56260869565216,0.0,255.99710856521742,0.0,255.99710856521742
29/04/2025,18,85.97,250,409.56260869565216,0.0,255.99710856521742,0.0,255.99710856521742
29/04/2025,19,101.85,250,409.56260869565216,0.0,255.99710856521742,0.0,255.99710856521742
29/04/2025,20,129.7,250,409.56260869565216,0.0,255.99710856521742,0.0,255.99710856521742
29/04/2025,21,144.17,250,409.56260869565216,0.0,255.99710856521742,0.0,255.99710856521742
29/04/2025,22,119.17,250,409.56260869565216,0.0,255.99710856521742,0.0,255.99710856521742
29/04/2025,23,104.0,250,409.56260869565216,0.0,255.99710856521742,0.0,255.99710856521742
29/04/2025,24,98.9,250,409.56260869565216,0.0,255.99710856521742,0.0,255.99710856521742
30/04/2025,1,96.42,250,409.56260869565216,0.0,255.99710856521742,0.0,255.99710856521742
30/04/2025,2,90.11,250,409.56260869565216,0.0,255.99710856521742,0.0,255.99710856521742
30/04/2025,3,89.9,250,409.56260869565216,0.0,255.99710856521742,0.0,255.99710856521742
30/04/2025,4,90.0,250,409.56260869565216,0.0,255.99710856521742,0.0,255.99710856521742
30/04/2025,5,93.66,250,409.56260869565216,0.0,255.99710856521742,0.0,255.99710856521742
30/04/2025,6,97.4,250,409.56260869565216,0.0,255.99710856521742,0.0,255.99710856521742
30/04/2025,7,114.86,250,409.56260869565216,0.0,255.99710856521742,0.0,255.99710856521742
30/04/2025,8,120.35,250,409.56260869565216,0.0,255.99710856521742,0.0,255.99710856521742
30/04/2025,9,105.72,250,409.56260869565216,0.0,255.99710856521742,0.0,255.99710856521742
30/04/2025,10,97.1,250,409.56260869565216,0.0,255.99710856521742,0.0,255.99710856521742
30/04/2025,11,71.81,250,409.56260869565216,0.0,255.99710856521742,0.0,255.99710856521742
30/04/2025,12,50.0,250,409.56260869565216,0.0,255.99710856521742,0.0,255.99710856521742
30/04/2025,13,24.72,450,379.8566519202964,399.55380458080873,237.42940028278124,9.876970049237592,247.30637033201884
30/04/2025,14,20.73,450,379.8566519202964,399.55380458080873,237.42940028278124,8.282750368960166,245.7121506517414
30/04/2025,15,31.0,450,379.8566519202964,399.55380458080873,237.42940028278124,12.386167942005072,249.81556822478632
30/04/2025,16,49.67,250,409.56260869565216,0.0,255.99710856521742,0.0,255.99710856521742
30/04/2025,17,59.0,250,409.56260869565216,0.0,255.99710856521742,0.0,255.99710856521742
30/04/2025,18,89.55,250,409.56260869565216,0.0,255.99710856521742,0.0,255.99710856521742
30/04/2025,19,102.95,250,409.56260869565216,0.0,255.99710856521742,0.0,255.99710856521742
30/04/2025,20,130.0,250,409.56260869565216,0.0,255.99710856521742,0.0,255.99710856521742
30/04/2025,21,151.06,250,409.56260869565216,0.0,255.99710856521742,0.0,255.99710856521742
30/04/2025,22,123.2,250,409.56260869565216,0.0,255.99710856521742,0.0,255.99710856521742
30/04/2025,23,104.8,250,409.56260869565216,0.0,255.99710856521742,0.0,255.99710856521742
30/04/2025,24,100.0,250,409.56260869565216,0.0,255.99710856521742,0.0,255.99710856521742
01/05/2025,1,106.2,250,409.56260869565216,0.0,255.99710856521742,0.0,255.99710856521742
01/05/2025,2,97.1,250,409.56260869565216,0.0,255.99710856521742,0.0,255.99710856521742
01/05/2025,3,95.59,250,409.56260869565216,0.0,255.99710856521742,0.0,255.99710856521742
01/05/2025,4,93.7,250,409.56260869565216,0.0,255.99710856521742,0.0,255.99710856521742
01/05/2025,5,94.91,250,409.56260869565216,0.0,255.99710856521742,0.0,255.99710856521742
01/05/2025,6,95.58,250,409.56260869565216,0.0,255.99710856521742,0.0,255.99710856521742
01/05/2025,7,92.0,250,409.56260869565216,0.0,255.99710856521742,0.0,255.99710856521742
01/05/2025,8,90.97,250,409.56260869565216,0.0,255.99710856521742,0.0,255.99710856521742
01/05/2025,9,50.0,250,409.56260869565216,0.0,255.99710856521742,0.0,255.99710856521742
01/05/2025,10,13.33,450,379.8566519202964,399.55380458080873,237.42940028278124,5.32605221506218,242.75545249784344
01/05/2025,11,1.0,450,379.8566519202964,399.55380458080873,237.42940028278124,0.39955380458080875,237.82895408736206
01/05/2025,12,1.0,450,379.8566519202964,399.55380458080873,237.42940028278124,0.39955380458080875,237.82895408736206
01/05/2025,13,1.0,450,379.8566519202964,399.55380458080873,237.42940028278124,0.39955380458080875,237.82895408736206
01/05/2025,14,0.01,450,379.8566519202964,399.55380458080873,237.42940028278124,0.003995538045808087,237.43339582082706
01/05/2025,15,0.0,450,379.8566519202964,399.55380458080873,237.42940028278124,0.0,237.42940028278124
01/05/2025,16,0.01,450,379.8566519202964,399.55380458080873,237.42940028278124,0.003995538045808087,237.43339582082706
01/05/2025,17,1.0,450,379.8566519202964,399.55380458080873,237.42940028278124,0.39955380458080875,237.82895408736206
01/05/2025,18,11.0,450,379.8566519202964,399.55380458080873,237.42940028278124,4.395091850388896,241.82449213317014
01/05/2025,19,87.08,250,409.56260869565216,0.0,255.99710856521742,0.0,255.99710856521742
01/05/2025,20,118.53,250,409.56260869565216,0.0,255.99710856521742,0.0,255.99710856521742
01/05/2025,21,141.12,250,409.56260869565216,0.0,255.99710856521742,0.0,255.99710856521742
01/05/2025,22,118.53,250,409.56260869565216,0.0,255.99710856521742,0.0,255.99710856521742
01/05/2025,23,99.88,250,409.56260869565216,0.0,255.99710856521742,0.0,255.99710856521742
01/05/2025,24,90.0,250,409.56260869565216,0.0,255.99710856521742,0.0,255.99710856521742
02/05/2025,1,77.8,250,409.56260869565216,0.0,255.99710856521742,0.0,255.99710856521742
02/05/2025,2,57.91,250,409.56260869565216,0.0,255.99710856521742,0.0,255.99710856521742
02/05/2025,3,46.16,450,379.8566519202964,399.55380458080873,237.42940028278124,18.44340361945013,255.87280390223137
02/05/2025,4,58.05,250,409.56260869565216,0.0,255.99710856521742,0.0,255.99710856521742
02/05/2025,5,66.31,250,409.56260869565216,0.0,255.99710856521742,0.0,255.99710856521742
02/05/2025,6,77.22,250,409.56260869565216,0.0,255.99710856521742,0.0,255.99710856521742
02/05/2025,7,102.0,250,409.56260869565216,0.0,255.99710856521742,0.0,255.99710856521742
02/05/2025,8,127.98,250,409.56260869565216,0.0,255.99710856521742,0.0,255.99710856521742
02/05/2025,9,125.93,250,409.56260869565216,0.0,255.99710856521742,0.0,255.99710856521742
02/05/2025,10,100.0,250,409.56260869565216,0.0,255.99710856521742,0.0,255.99710856521742
02/05/2025,11,67.0,250,409.56260869565216,0.0,255.99710856521742,0.0,255.99710856521742
02/05/2025,12,23.52,450,379.8566519202964,399.55380458080873,237.42940028278124,9.397505483740622,246.82690576652186
02/05/2025,13,15.0,450,379.8566519202964,399.55380458080873,237.42940028278124,5.993307068712131,243.4227073514934
02/05/2025,14,14.43,450,379.8566519202964,399.55380458080873,237.42940028278124,5.76556140010107,243.1949616828823
02/05/2025,15,18.03,450,379.8566519202964,399.55380458080873,237.42940028278124,7.203955096591982,244.63335537937323
02/05/2025,16,40.0,450,379.8566519202964,399.55380458080873,237.42940028278124,15.98215218323235,253.4115524660136
02/05/2025,17,80.2,250,409.56260869565216,0.0,255.99710856521742,0.0,255.99710856521742
02/05/2025,18,90.0,250,409.56260869565216,0.0,255.99710856521742,0.0,255.99710856521742
02/05/2025,19,117.42,250,409.56260869565216,0.0,255.99710856521742,0.0,255.99710856521742
02/05/2025,20,128.93,250,409.56260869565216,0.0,255.99710856521742,0.0,255.99710856521742
02/05/2025,21,146.6,250,409.56260869565216,0.0,255.99710856521742,0.0,255.99710856521742
02/05/2025,22,130.0,250,409.56260869565216,0.0,255.99710856521742,0.0,255.99710856521742
02/05/2025,23,111.42,250,409.56260869565216,0.0,255.99710856521742,0.0,255.99710856521742
02/05/2025,24,99.42,250,409.56260869565216,0.0,255.99710856521742,0.0,255.99710856521742
03/05/2025,1,99.95,250,409.56260869565216,0.0,255.99710856521742,0.0,255.99710856521742
03/05/2025,2,95.68,250,409.56260869565216,0.0,255.99710856521742,0.0,255.99710856521742
03/05/2025,3,94.5,250,409.56260869565216,0.0,255.99710856521742,0.0,255.99710856521742
03/05/2025,4,92.81,250,409.56260869565216,0.0,255.99710856521742,0.0,255.99710856521742
03/05/2025,5,91.24,250,409.56260869565216,0.0,255.99710856521742,0.0,255.99710856521742
03/05/2025,6,95.72,250,409.56260869565216,0.0,255.99710856521742,0.0,255.99710856521742
03/05/2025,7,110.61,250,409.56260869565216,0.0,255.99710856521742,0.0,255.99710856521742
03/05/2025,8,114.6,250,409.56260869565216,0.0,255.99710856521742,0.0,255.99710856521742
03/05/2025,9,114.6,250,409.56260869565216,0.0,255.99710856521742,0.0,255.99710856521742
03/05/2025,10,108.17,250,409.56260869565216,0.0,255.99710856521742,0.0,255.99710856521742
03/05/2025,11,80.0,250,409.56260869565216,0.0,255.99710856521742,0.0,255.99710856521742
03/05/2025,12,33.13,450,379.8566519202964,399.55380458080873,237.42940028278124,13.237217545762196,250.66661782854345
03/05/2025,13,19.0,450,379.8566519202964,399.55380458080873,237.42940028278124,7.5915222870353665,245.0209225698166
03/05/2025,14,9.65,450,379.8566519202964,399.55380458080873,237.42940028278124,3.8556942142048047,241.28509449698606
03/05/2025,15,9.65,450,379.8566519202964,399.55380458080873,237.42940028278124,3.8556942142048047,241.28509449698606
03/05/2025,16,15.0,450,379.8566519202964,399.55380458080873,237.42940028278124,5.993307068712131,243.4227073514934
03/05/2025,17,40.0,450,379.8566519202964,399.55380458080873,237.42940028278124,15.98215218323235,253.4115524660136
03/05/2025,18,80.97,250,409.56260869565216,0.0,255.99710856521742,0.0,255.99710856521742
03/05/2025,19,109.98,250,409.56260869565216,0.0,255.99710856521742,0.0,255.99710856521742
03/05/2025,20,122.0,250,409.56260869565216,0.0,255.99710856521742,0.0,255.99710856521742
03/05/2025,21,114.6,250,409.56260869565216,0.0,255.99710856521742,0.0,255.99710856521742
03/05/2025,22,108.17,250,409.56260869565216,0.0,255.99710856521742,0.0,255.99710856521742
03/05/2025,23,100.0,250,409.56260869565216,0.0,255.99710856521742,0.0,255.99710856521742
03/05/2025,24,80.97,250,409.56260869565216,0.0,255.99710856521742,0.0,255.99710856521742
04/05/2025,1,60.0,250,409.56260869565216,0.0,255.99710856521742,0.0,255.99710856521742
04/05/2025,2,32.35,450,379.8566519202964,399.55380458080873,237.42940028278124,12.925565578189163,250.3549658609704
04/05/2025,3,24.01,450,379.8566519202964,399.55380458080873,237.42940028278124,9.593286847985219,247.02268713076646
04/05/2025,4,19.31,450,379.8566519202964,399.55380458080873,237.42940028278124,7.715383966455416,245.14478424923666
04/05/2025,5,18.0,450,379.8566519202964,399.55380458080873,237.42940028278124,7.191968482454557,244.62136876523581
04/05/2025,6,37.38,450,379.8566519202964,399.55380458080873,237.42940028278124,14.935321215230632,252.36472149801187
04/05/2025,7,70.0,250,409.56260869565216,0.0,255.99710856521742,0.0,255.99710856521742
04/05/2025,8,80.52,250,409.56260869565216,0.0,255.99710856521742,0.0,255.99710856521742
04/05/2025,9,60.0,250,409.56260869565216,0.0,255.99710856521742,0.0,255.99710856521742
04/05/2025,10,33.62,450,379.8566519202964,399.55380458080873,237.42940028278124,13.43299891000679,250.86239919278805
04/05/2025,11,13.7,450,379.8566519202964,399.55380458080873,237.42940028278124,5.47388712275708,242.90328740553832
04/05/2025,12,5.01,450,379.8566519202964,399.55380458080873,237.42940028278124,2.0017645609498516,239.4311648437311
04/05/2025,13,5.0,450,379.8566519202964,399.55380458080873,237.42940028278124,1.9977690229040437,239.42716930568528
04/05/2025,14,5.0,450,379.8566519202964,399.55380458080873,237.42940028278124,1.9977690229040437,239.42716930568528
04/05/2025,15,5.0,450,379.8566519202964,399.55380458080873,237.42940028278124,1.9977690229040437,239.42716930568528
04/05/2025,16,9.65,450,379.8566519202964,399.55380458080873,237.42940028278124,3.8556942142048047,241.28509449698606
04/05/2025,17,33.0,450,379.8566519202964,399.55380458080873,237.42940028278124,13.185275551166688,250.61467583394793
04/05/2025,18,80.97,250,409.56260869565216,0.0,255.99710856521742,0.0,255.99710856521742
04/05/2025,19,97.45,250,409.56260869565216,0.0,255.99710856521742,0.0,255.99710856521742
04/05/2025,20,118.58,250,409.56260869565216,0.0,255.99710856521742,0.0,255.99710856521742
04/05/2025,21,120.31,250,409.56260869565216,0.0,255.99710856521742,0.0,255.99710856521742
04/05/2025,22,108.42,250,409.56260869565216,0.0,255.99710856521742,0.0,255.99710856521742
04/05/2025,23,99.17,250,409.56260869565216,0.0,255.99710856521742,0.0,255.99710856521742
04/05/2025,24,90.0,250,409.56260869565216,0.0,255.99710856521742,0.0,255.99710856521742
05/05/2025,1,67.28,250,409.56260869565216,0.0,255.99710856521742,0.0,255.99710856521742
05/05/2025,2,72.0,250,409.56260869565216,0.0,255.99710856521742,0.0,255.99710856521742
05/05/2025,3,72.0,250,409.56260869565216,0.0,255.99710856521742,0.0,255.99710856521742
05/05/2025,4,67.8,250,409.56260869565216,0.0,255.99710856521742,0.0,255.99710856521742
05/05/2025,5,67.85,250,409.56260869565216,0.0,255.99710856521742,0.0,255.99710856521742
05/05/2025,6,83.56,250,409.56260869565216,0.0,255.99710856521742,0.0,255.99710856521742
05/05/2025,7,120.0,250,409.56260869565216,0.0,255.99710856521742,0.0,255.99710856521742
05/05/2025,8,144.59,250,409.56260869565216,0.0,255.99710856521742,0.0,255.99710856521742
05/05/2025,9,149.75,250,409.56260869565216,0.0,255.99710856521742,0.0,255.99710856521742
05/05/2025,10,145.05,250,409.56260869565216,0.0,255.99710856521742,0.0,255.99710856521742
05/05/2025,11,121.0,250,409.56260869565216,0.0,255.99710856521742,0.0,255.99710856521742
05/05/2025,12,112.47,250,409.56260869565216,0.0,255.99710856521742,0.0,255.99710856521742
05/05/2025,13,89.09,250,409.56260869565216,0.0,255.99710856521742,0.0,255.99710856521742
05/05/2025,14,89.65,250,409.56260869565216,0.0,255.99710856521742,0.0,255.99710856521742
05/05/2025,15,97.1,250,409.56260869565216,0.0,255.99710856521742,0.0,255.99710856521742
05/05/2025,16,97.1,250,409.56260869565216,0.0,255.99710856521742,0.0,255.99710856521742
05/05/2025,17,97.1,250,409.56260869565216,0.0,255.99710856521742,0.0,255.99710856521742
05/05/2025,18,100.62,250,409.56260869565216,0.0,255.99710856521742,0.0,255.99710856521742
05/05/2025,19,115.15,250,409.56260869565216,0.0,255.99710856521742,0.0,255.99710856521742
05/05/2025,20,142.15,250,409.56260869565216,0.0,255.99710856521742,0.0,255.99710856521742
05/05/2025,21,145.0,250,409.56260869565216,0.0,255.99710856521742,0.0,255.99710856521742
05/05/2025,22,122.46,250,409.56260869565216,0.0,255.99710856521742,0.0,255.99710856521742
05/05/2025,23,102.42,250,409.56260869565216,0.0,255.99710856521742,0.0,255.99710856521742
05/05/2025,24,99.93,250,409.56260869565216,0.0,255.99710856521742,0.0,255.99710856521742
06/05/2025,1,83.12,250,409.56260869565216,0.0,255.99710856521742,0.0,255.99710856521742
06/05/2025,2,76.91,250,409.56260869565216,0.0,255.99710856521742,0.0,255.99710856521742
06/05/2025,3,73.0,250,409.56260869565216,0.0,255.99710856521742,0.0,255.99710856521742
06/05/2025,4,72.0,250,409.56260869565216,0.0,255.99710856521742,0.0,255.99710856521742
06/05/2025,5,79.9,250,409.56260869565216,0.0,255.99710856521742,0.0,255.99710856521742
06/05/2025,6,83.13,250,409.56260869565216,0.0,255.99710856521742,0.0,255.99710856521742
06/05/2025,7,100.0,250,409.56260869565216,0.0,255.99710856521742,0.0,255.99710856521742
06/05/2025,8,126.89,250,409.56260869565216,0.0,255.99710856521742,0.0,255.99710856521742
06/05/2025,9,126.89,250,409.56260869565216,0.0,255.99710856521742,0.0,255.99710856521742
06/05/2025,10,125.0,250,409.56260869565216,0.0,255.99710856521742,0.0,255.99710856521742
06/05/2025,11,102.21,250,409.56260869565216,0.0,255.99710856521742,0.0,255.99710856521742
06/05/2025,12,95.21,250,409.56260869565216,0.0,255.99710856521742,0.0,255.99710856521742
06/05/2025,13,75.09,250,409.56260869565216,0.0,255.99710856521742,0.0,255.99710856521742
06/05/2025,14,73.41,250,409.56260869565216,0.0,255.99710856521742,0.0,255.99710856521742
06/05/2025,15,81.0,250,409.56260869565216,0.0,255.99710856521742,0.0,255.99710856521742
06/05/2025,16,95.07,250,409.56260869565216,0.0,255.99710856521742,0.0,255.99710856521742
06/05/2025,17,100.76,250,409.56260869565216,0.0,255.99710856521742,0.0,255.99710856521742
06/05/2025,18,105.0,250,409.56260869565216,0.0,255.99710856521742,0.0,255.99710856521742
06/05/2025,19,110.54,250,409.56260869565216,0.0,255.99710856521742,0.0,255.99710856521742
06/05/2025,20,130.19,250,409.56260869565216,0.0,255.99710856521742,0.0,255.99710856521742
06/05/2025,21,149.58,250,409.56260869565216,0.0,255.99710856521742,0.0,255.99710856521742
06/05/2025,22,121.63,250,409.56260869565216,0.0,255.99710856521742,0.0,255.99710856521742
06/05/2025,23,107.86,250,409.56260869565216,0.0,255.99710856521742,0.0,255.99710856521742
06/05/2025,24,99.93,250,409.56260869565216,0.0,255.99710856521742,0.0,255.99710856521742
07/05/2025,1,97.1,250,409.56260869565216,0.0,255.99710856521742,0.0,255.99710856521742
07/05/2025,2,92.02,250,409.56260869565216,0.0,255.99710856521742,0.0,255.99710856521742
07/05/2025,3,89.36,250,409.56260869565216,0.0,255.99710856521742,0.0,255.99710856521742
07/05/2025,4,91.5,250,409.56260869565216,0.0,255.99710856521742,0.0,255.99710856521742
07/05/2025,5,92.07,250,409.56260869565216,0.0,255.99710856521742,0.0,255.99710856521742
07/05/2025,6,99.0,250,409.56260869565216,0.0,255.99710856521742,0.0,255.99710856521742
07/05/2025,7,120.84,250,409.56260869565216,0.0,255.99710856521742,0.0,255.99710856521742
07/05/2025,8,140.04,250,409.56260869565216,0.0,255.99710856521742,0.0,255.99710856521742
07/05/2025,9,124.98,250,409.56260869565216,0.0,255.99710856521742,0.0,255.99710856521742
07/05/2025,10,122.98,250,409.56260869565216,0.0,255.99710856521742,0.0,255.99710856521742
07/05/2025,11,122.34,250,409.56260869565216,0.0,255.99710856521742,0.0,255.99710856521742
07/05/2025,12,103.15,250,409.56260869565216,0.0,255.99710856521742,0.0,255.99710856521742
07/05/2025,13,90.71,250,409.56260869565216,0.0,255.99710856521742,0.0,255.99710856521742
07/05/2025,14,94.0,250,409.56260869565216,0.0,255.99710856521742,0.0,255.99710856521742
07/05/2025,15,94.08,250,409.56260869565216,0.0,255.99710856521742,0.0,255.99710856521742
07/05/2025,16,97.1,250,409.56260869565216,0.0,255.99710856521742,0.0,255.99710856521742
07/05/2025,17,105.0,250,409.56260869565216,0.0,255.99710856521742,0.0,255.99710856521742
07/05/2025,18,112.37,250,409.56260869565216,0.0,255.99710856521742,0.0,255.99710856521742
07/05/2025,19,115.54,250,409.56260869565216,0.0,255.99710856521742,0.0,255.99710856521742
07/05/2025,20,137.04,250,409.56260869565216,0.0,255.99710856521742,0.0,255.99710856521742
07/05/2025,21,148.71,250,409.56260869565216,0.0,255.99710856521742,0.0,255.99710856521742
07/05/2025,22,120.49,250,409.56260869565216,0.0,255.99710856521742,0.0,255.99710856521742
07/05/2025,23,111.91,250,409.56260869565216,0.0,255.99710856521742,0.0,255.99710856521742
07/05/2025,24,100.69,250,409.56260869565216,0.0,255.99710856521742,0.0,255.99710856521742
08/05/2025,1,90.0,250,409.56260869565216,0.0,255.99710856521742,0.0,255.99710856521742
08/05/2025,2,82.0,250,409.56260869565216,0.0,255.99710856521742,0.0,255.99710856521742
08/05/2025,3,86.0,250,409.56260869565216,0.0,255.99710856521742,0.0,255.99710856521742
08/05/2025,4,87.0,250,409.56260869565216,0.0,255.99710856521742,0.0,255.99710856521742
08/05/2025,5,89.8,250,409.56260869565216,0.0,255.99710856521742,0.0,255.99710856521742
08/05/2025,6,96.52,250,409.56260869565216,0.0,255.99710856521742,0.0,255.99710856521742
08/05/2025,7,120.0,250,409.56260869565216,0.0,255.99710856521742,0.0,255.99710856521742
08/05/2025,8,134.94,250,409.56260869565216,0.0,255.99710856521742,0.0,255.99710856521742
08/05/2025,9,119.92,250,409.56260869565216,0.0,255.99710856521742,0.0,255.99710856521742
08/05/2025,10,107.0,250,409.56260869565216,0.0,255.99710856521742,0.0,255.99710856521742
08/05/2025,11,94.0,250,409.56260869565216,0.0,255.99710856521742,0.0,255.99710856521742
08/05/2025,12,82.0,250,409.56260869565216,0.0,255.99710856521742,0.0,255.99710856521742
08/05/2025,13,64.06,250,409.56260869565216,0.0,255.99710856521742,0.0,255.99710856521742
08/05/2025,14,67.42,250,409.56260869565216,0.0,255.99710856521742,0.0,255.99710856521742
08/05/2025,15,75.0,250,409.56260869565216,0.0,255.99710856521742,0.0,255.99710856521742
08/05/2025,16,82.0,250,409.56260869565216,0.0,255.99710856521742,0.0,255.99710856521742
08/05/2025,17,91.63,250,409.56260869565216,0.0,255.99710856521742,0.0,255.99710856521742
08/05/2025,18,101.45,250,409.56260869565216,0.0,255.99710856521742,0.0,255.99710856521742
08/05/2025,19,113.88,250,409.56260869565216,0.0,255.99710856521742,0.0,255.99710856521742
08/05/2025,20,132.0,250,409.56260869565216,0.0,255.99710856521742,0.0,255.99710856521742
08/05/2025,21,151.0,250,409.56260869565216,0.0,255.99710856521742,0.0,255.99710856521742
08/05/2025,22,125.01,250,409.56260869565216,0.0,255.99710856521742,0.0,255.99710856521742
08/05/2025,23,111.06,250,409.56260869565216,0.0,255.99710856521742,0.0,255.99710856521742
08/05/2025,24,110.1,250,409.56260869565216,0.0,255.99710856521742,0.0,255.99710856521742
09/05/2025,1,100.76,250,409.56260869565216,0.0,255.99710856521742,0.0,255.99710856521742
09/05/2025,2,100.5,250,409.56260869565216,0.0,255.99710856521742,0.0,255.99710856521742
09/05/2025,3,97.53,250,409.56260869565216,0.0,255.99710856521742,0.0,255.99710856521742
09/05/2025,4,98.84,250,409.56260869565216,0.0,255.99710856521742,0.0,255.99710856521742
09/05/2025,5,99.4,250,409.56260869565216,0.0,255.99710856521742,0.0,255.99710856521742
09/05/2025,6,106.78,250,409.56260869565216,0.0,255.99710856521742,0.0,255.99710856521742
09/05/2025,7,125.06,250,409.56260869565216,0.0,255.99710856521742,0.0,255.99710856521742
09/05/2025,8,139.94,250,409.56260869565216,0.0,255.99710856521742,0.0,255.99710856521742
09/05/2025,9,129.56,250,409.56260869565216,0.0,255.99710856521742,0.0,255.99710856521742
09/05/2025,10,115.0,250,409.56260869565216,0.0,255.99710856521742,0.0,255.99710856521742
09/05/2025,11,100.83,250,409.56260869565216,0.0,255.99710856521742,0.0,255.99710856521742
09/05/2025,12,86.93,250,409.56260869565216,0.0,255.99710856521742,0.0,255.99710856521742
09/05/2025,13,58.49,250,409.56260869565216,0.0,255.99710856521742,0.0,255.99710856521742
09/05/2025,14,53.92,250,409.56260869565216,0.0,255.99710856521742,0.0,255.99710856521742
09/05/2025,15,70.0,250,409.56260869565216,0.0,255.99710856521742,0.0,255.99710856521742
09/05/2025,16,70.0,250,409.56260869565216,0.0,255.99710856521742,0.0,255.99710856521742
09/05/2025,17,87.66,250,409.56260869565216,0.0,255.99710856521742,0.0,255.99710856521742
09/05/2025,18,99.27,250,409.56260869565216,0.0,255.99710856521742,0.0,255.99710856521742
09/05/2025,19,111.12,250,409.56260869565216,0.0,255.99710856521742,0.0,255.99710856521742
09/05/2025,20,128.7,250,409.56260869565216,0.0,255.99710856521742,0.0,255.99710856521742
09/05/2025,21,146.77,250,409.56260869565216,0.0,255.99710856521742,0.0,255.99710856521742
09/05/2025,22,126.21,250,409.56260869565216,0.0,255.99710856521742,0.0,255.99710856521742
09/05/2025,23,107.13,250,409.56260869565216,0.0,255.99710856521742,0.0,255.99710856521742
09/05/2025,24,111.59,250,409.56260869565216,0.0,255.99710856521742,0.0,255.99710856521742
10/05/2025,1,101.5,250,409.56260869565216,0.0,255.99710856521742,0.0,255.99710856521742
10/05/2025,2,106.27,250,409.56260869565216,0.0,255.99710856521742,0.0,255.99710856521742
10/05/2025,3,102.05,250,409.56260869565216,0.0,255.99710856521742,0.0,255.99710856521742
10/05/2025,4,96.34,250,409.56260869565216,0.0,255.99710856521742,0.0,255.99710856521742
10/05/2025,5,97.1,250,409.56260869565216,0.0,255.99710856521742,0.0,255.99710856521742
10/05/2025,6,97.1,250,409.56260869565216,0.0,255.99710856521742,0.0,255.99710856521742
10/05/2025,7,96.04,250,409.56260869565216,0.0,255.99710856521742,0.0,255.99710856521742
10/05/2025,8,104.11,250,409.56260869565216,0.0,255.99710856521742,0.0,255.99710856521742
10/05/2025,9,108.86,250,409.56260869565216,0.0,255.99710856521742,0.0,255.99710856521742
10/05/2025,10,107.86,250,409.56260869565216,0.0,255.99710856521742,0.0,255.99710856521742
10/05/2025,11,80.0,250,409.56260869565216,0.0,255.99710856521742,0.0,255.99710856521742
10/05/2025,12,31.0,450,379.8566519202964,399.55380458080873,237.42940028278124,12.386167942005072,249.81556822478632
10/05/2025,13,20.0,450,379.8566519202964,399.55380458080873,237.42940028278124,7.991076091616175,245.42047637439742
10/05/2025,14,9.65,450,379.8566519202964,399.55380458080873,237.42940028278124,3.8556942142048047,241.28509449698606
10/05/2025,15,9.65,450,379.8566519202964,399.55380458080873,237.42940028278124,3.8556942142048047,241.28509449698606
10/05/2025,16,15.0,450,379.8566519202964,399.55380458080873,237.42940028278124,5.993307068712131,243.4227073514934
10/05/2025,17,42.81,450,379.8566519202964,399.55380458080873,237.42940028278124,17.104898374104422,254.53429865688565
10/05/2025,18,87.17,250,409.56260869565216,0.0,255.99710856521742,0.0,255.99710856521742
10/05/2025,19,110.48,250,409.56260869565216,0.0,255.99710856521742,0.0,255.99710856521742
10/05/2025,20,126.7,250,409.56260869565216,0.0,255.99710856521742,0.0,255.99710856521742
10/05/2025,21,129.92,250,409.56260869565216,0.0,255.99710856521742,0.0,255.99710856521742
10/05/2025,22,116.3,250,409.56260869565216,0.0,255.99710856521742,0.0,255.99710856521742
10/05/2025,23,99.89,250,409.56260869565216,0.0,255.99710856521742,0.0,255.99710856521742
10/05/2025,24,95.99,250,409.56260869565216,0.0,255.99710856521742,0.0,255.99710856521742
11/05/2025,1,95.72,250,409.56260869565216,0.0,255.99710856521742,0.0,255.99710856521742
11/05/2025,2,98.99,250,409.56260869565216,0.0,255.99710856521742,0.0,255.99710856521742
11/05/2025,3,97.24,250,409.56260869565216,0.0,255.99710856521742,0.0,255.99710856521742
11/05/2025,4,98.99,250,409.56260869565216,0.0,255.99710856521742,0.0,255.99710856521742
11/05/2025,5,99.01,250,409.56260869565216,0.0,255.99710856521742,0.0,255.99710856521742
11/05/2025,6,98.93,250,409.56260869565216,0.0,255.99710856521742,0.0,255.99710856521742
11/05/2025,7,95.63,250,409.56260869565216,0.0,255.99710856521742,0.0,255.99710856521742
11/05/2025,8,97.64,250,409.56260869565216,0.0,255.99710856521742,0.0,255.99710856521742
11/05/2025,9,95.81,250,409.56260869565216,0.0,255.99710856521742,0.0,255.99710856521742
11/05/2025,10,87.86,250,409.56260869565216,0.0,255.99710856521742,0.0,255.99710856521742
11/05/2025,11,31.0,450,379.8566519202964,399.55380458080873,237.42940028278124,12.386167942005072,249.81556822478632
11/05/2025,12,9.95,450,379.8566519202964,399.55380458080873,237.42940028278124,3.975560355579047,241.40496063836028
11/05/2025,13,8.65,450,379.8566519202964,399.55380458080873,237.42940028278124,3.4561404096239956,240.88554069240524
11/05/2025,14,8.65,450,379.8566519202964,399.55380458080873,237.42940028278124,3.4561404096239956,240.88554069240524
11/05/2025,15,8.65,450,379.8566519202964,399.55380458080873,237.42940028278124,3.4561404096239956,240.88554069240524
11/05/2025,16,8.65,450,379.8566519202964,399.55380458080873,237.42940028278124,3.4561404096239956,240.88554069240524
11/05/2025,17,21.0,450,379.8566519202964,399.55380458080873,237.42940028278124,8.390629896196984,245.82003017897824
11/05/2025,18,80.92,250,409.56260869565216,0.0,255.99710856521742,0.0,255.99710856521742
11/05/2025,19,110.0,250,409.56260869565216,0.0,255.99710856521742,0.0,255.99710856521742
11/05/2025,20,129.6,250,409.56260869565216,0.0,255.99710856521742,0.0,255.99710856521742
11/05/2025,21,140.0,250,409.56260869565216,0.0,255.99710856521742,0.0,255.99710856521742
11/05/2025,22,117.19,250,409.56260869565216,0.0,255.99710856521742,0.0,255.99710856521742
11/05/2025,23,97.69,250,409.56260869565216,0.0,255.99710856521742,0.0,255.99710856521742
11/05/2025,24,90.69,250,409.56260869565216,0.0,255.99710856521742,0.0,255.99710856521742
12/05/2025,1,90.41,250,409.56260869565216,0.0,255.99710856521742,0.0,255.99710856521742
12/05/2025,2,85.44,250,409.56260869565216,0.0,255.99710856521742,0.0,255.99710856521742
12/05/2025,3,84.96,250,409.56260869565216,0.0,255.99710856521742,0.0,255.99710856521742
12/05/2025,4,84.78,250,409.56260869565216,0.0,255.99710856521742,0.0,255.99710856521742
12/05/2025,5,84.96,250,409.56260869565216,0.0,255.99710856521742,0.0,255.99710856521742
12/05/2025,6,93.6,250,409.56260869565216,0.0,255.99710856521742,0.0,255.99710856521742
12/05/2025,7,110.0,250,409.56260869565216,0.0,255.99710856521742,0.0,255.99710856521742
12/05/2025,8,140.98,250,409.56260869565216,0.0,255.99710856521742,0.0,255.99710856521742
12/05/2025,9,136.7,250,409.56260869565216,0.0,255.99710856521742,0.0,255.99710856521742
12/05/2025,10,98.43,250,409.56260869565216,0.0,255.99710856521742,0.0,255.99710856521742
12/05/2025,11,80.0,250,409.56260869565216,0.0,255.99710856521742,0.0,255.99710856521742
12/05/2025,12,65.4,250,409.56260869565216,0.0,255.99710856521742,0.0,255.99710856521742
12/05/2025,13,58.65,250,409.56260869565216,0.0,255.99710856521742,0.0,255.99710856521742
12/05/2025,14,77.87,250,409.56260869565216,0.0,255.99710856521742,0.0,255.99710856521742
12/05/2025,15,96.48,250,409.56260869565216,0.0,255.99710856521742,0.0,255.99710856521742
12/05/2025,16,95.02,250,409.56260869565216,0.0,255.99710856521742,0.0,255.99710856521742
12/05/2025,17,101.35,250,409.56260869565216,0.0,255.99710856521742,0.0,255.99710856521742
12/05/2025,18,108.2,250,409.56260869565216,0.0,255.99710856521742,0.0,255.99710856521742
12/05/2025,19,118.83,250,409.56260869565216,0.0,255.99710856521742,0.0,255.99710856521742
12/05/2025,20,139.02,250,409.56260869565216,0.0,255.99710856521742,0.0,255.99710856521742
12/05/2025,21,141.7,250,409.56260869565216,0.0,255.99710856521742,0.0,255.99710856521742
12/05/2025,22,122.03,250,409.56260869565216,0.0,255.99710856521742,0.0,255.99710856521742
12/05/2025,23,103.75,250,409.56260869565216,0.0,255.99710856521742,0.0,255.99710856521742
12/05/2025,24,99.46,250,409.56260869565216,0.0,255.99710856521742,0.0,255.99710856521742
13/05/2025,1,114.0,250,409.56260869565216,0.0,255.99710856521742,0.0,255.99710856521742
13/05/2025,2,101.18,250,409.56260869565216,0.0,255.99710856521742,0.0,255.99710856521742
13/05/2025,3,98.67,250,409.56260869565216,0.0,255.99710856521742,0.0,255.99710856521742
13/05/2025,4,97.37,250,409.56260869565216,0.0,255.99710856521742,0.0,255.99710856521742
13/05/2025,5,100.0,250,409.56260869565216,0.0,255.99710856521742,0.0,255.99710856521742
13/05/2025,6,106.44,250,409.56260869565216,0.0,255.99710856521742,0.0,255.99710856521742
13/05/2025,7,137.33,250,409.56260869565216,0.0,255.99710856521742,0.0,255.99710856521742
13/05/2025,8,153.77,250,409.56260869565216,0.0,255.99710856521742,0.0,255.99710856521742
13/05/2025,9,139.7,250,409.56260869565216,0.0,255.99710856521742,0.0,255.99710856521742
13/05/2025,10,102.41,250,409.56260869565216,0.0,255.99710856521742,0.0,255.99710856521742
13/05/2025,11,98.53,250,409.56260869565216,0.0,255.99710856521742,0.0,255.99710856521742
13/05/2025,12,88.36,250,409.56260869565216,0.0,255.99710856521742,0.0,255.99710856521742
13/05/2025,13,88.39,250,409.56260869565216,0.0,255.99710856521742,0.0,255.99710856521742
13/05/2025,14,87.62,250,409.56260869565216,0.0,255.99710856521742,0.0,255.99710856521742
13/05/2025,15,89.4,250,409.56260869565216,0.0,255.99710856521742,0.0,255.99710856521742
13/05/2025,16,99.86,250,409.56260869565216,0.0,255.99710856521742,0.0,255.99710856521742
13/05/2025,17,111.7,250,409.56260869565216,0.0,255.99710856521742,0.0,255.99710856521742
13/05/2025,18,110.0,250,409.56260869565216,0.0,255.99710856521742,0.0,255.99710856521742
13/05/2025,19,120.0,250,409.56260869565216,0.0,255.99710856521742,0.0,255.99710856521742
13/05/2025,20,144.18,250,409.56260869565216,0.0,255.99710856521742,0.0,255.99710856521742
13/05/2025,21,156.83,250,409.56260869565216,0.0,255.99710856521742,0.0,255.99710856521742
13/05/2025,22,144.05,250,409.56260869565216,0.0,255.99710856521742,0.0,255.99710856521742
13/05/2025,23,127.06,250,409.56260869565216,0.0,255.99710856521742,0.0,255.99710856521742
13/05/2025,24,113.99,250,409.56260869565216,0.0,255.99710856521742,0.0,255.99710856521742
14/05/2025,1,114.12,250,409.56260869565216,0.0,255.99710856521742,0.0,255.99710856521742
14/05/2025,2,104.97,250,409.56260869565216,0.0,255.99710856521742,0.0,255.99710856521742
14/05/2025,3,105.0,250,409.56260869565216,0.0,255.99710856521742,0.0,255.99710856521742
14/05/2025,4,104.76,250,409.56260869565216,0.0,255.99710856521742,0.0,255.99710856521742
14/05/2025,5,102.47,250,409.56260869565216,0.0,255.99710856521742,0.0,255.99710856521742
14/05/2025,6,109.5,250,409.56260869565216,0.0,255.99710856521742,0.0,255.99710856521742
14/05/2025,7,127.76,250,409.56260869565216,0.0,255.99710856521742,0.0,255.99710856521742
14/05/2025,8,130.19,250,409.56260869565216,0.0,255.99710856521742,0.0,255.99710856521742
14/05/2025,9,123.0,250,409.56260869565216,0.0,255.99710856521742,0.0,255.99710856521742
14/05/2025,10,97.1,250,409.56260869565216,0.0,255.99710856521742,0.0,255.99710856521742
14/05/2025,11,70.0,250,409.56260869565216,0.0,255.99710856521742,0.0,255.99710856521742
14/05/2025,12,55.29,250,409.56260869565216,0.0,255.99710856521742,0.0,255.99710856521742
14/05/2025,13,50.75,250,409.56260869565216,0.0,255.99710856521742,0.0,255.99710856521742
14/05/2025,14,55.29,250,409.56260869565216,0.0,255.99710856521742,0.0,255.99710856521742
14/05/2025,15,61.0,250,409.56260869565216,0.0,255.99710856521742,0.0,255.99710856521742
14/05/2025,16,72.5,250,409.56260869565216,0.0,255.99710856521742,0.0,255.99710856521742
14/05/2025,17,89.41,250,409.56260869565216,0.0,255.99710856521742,0.0,255.99710856521742
14/05/2025,18,100.0,250,409.56260869565216,0.0,255.99710856521742,0.0,255.99710856521742
14/05/2025,19,117.42,250,409.56260869565216,0.0,255.99710856521742,0.0,255.99710856521742
14/05/2025,20,142.45,250,409.56260869565216,0.0,255.99710856521742,0.0,255.99710856521742
14/05/2025,21,150.0,250,409.56260869565216,0.0,255.99710856521742,0.0,255.99710856521742
14/05/2025,22,139.36,250,409.56260869565216,0.0,255.99710856521742,0.0,255.99710856521742
14/05/2025,23,120.0,250,409.56260869565216,0.0,255.99710856521742,0.0,255.99710856521742
14/05/2025,24,115.0,250,409.56260869565216,0.0,255.99710856521742,0.0,255.99710856521742
15/05/2025,1,113.0,250,409.56260869565216,0.0,255.99710856521742,0.0,255.99710856521742
15/05/2025,2,105.0,250,409.56260869565216,0.0,255.99710856521742,0.0,255.99710856521742
15/05/2025,3,101.48,250,409.56260869565216,0.0,255.99710856521742,0.0,255.99710856521742
15/05/2025,4,103.72,250,409.56260869565216,0.0,255.99710856521742,0.0,255.99710856521742
15/05/2025,5,105.85,250,409.56260869565216,0.0,255.99710856521742,0.0,255.99710856521742
15/05/2025,6,108.65,250,409.56260869565216,0.0,255.99710856521742,0.0,255.99710856521742
15/05/2025,7,124.97,250,409.56260869565216,0.0,255.99710856521742,0.0,255.99710856521742
15/05/2025,8,131.75,250,409.56260869565216,0.0,255.99710856521742,0.0,255.99710856521742
15/05/2025,9,128.2,250,409.56260869565216,0.0,255.99710856521742,0.0,255.99710856521742
15/05/2025,10,110.8,250,409.56260869565216,0.0,255.99710856521742,0.0,255.99710856521742
15/05/2025,11,80.0,250,409.56260869565216,0.0,255.99710856521742,0.0,255.99710856521742
15/05/2025,12,44.7,450,379.8566519202964,399.55380458080873,237.42940028278124,17.860055064762154,255.2894553475434
15/05/2025,13,22.1,450,379.8566519202964,399.55380458080873,237.42940028278124,8.830139081235874,246.25953936401712
15/05/2025,14,22.61,450,379.8566519202964,399.55380458080873,237.42940028278124,9.033911521572085,246.46331180435334
15/05/2025,15,39.0,450,379.8566519202964,399.55380458080873,237.42940028278124,15.582598378651541,253.01199866143278
15/05/2025,16,56.0,250,409.56260869565216,0.0,255.99710856521742,0.0,255.99710856521742
15/05/2025,17,102.14,250,409.56260869565216,0.0,255.99710856521742,0.0,255.99710856521742
15/05/2025,18,108.0,250,409.56260869565216,0.0,255.99710856521742,0.0,255.99710856521742
15/05/2025,19,125.96,250,409.56260869565216,0.0,255.99710856521742,0.0,255.99710856521742
15/05/2025,20,144.95,250,409.56260869565216,0.0,255.99710856521742,0.0,255.99710856521742
15/05/2025,21,158.12,250,409.56260869565216,0.0,255.99710856521742,0.0,255.99710856521742
15/05/2025,22,136.15,250,409.56260869565216,0.0,255.99710856521742,0.0,255.99710856521742
15/05/2025,23,117.55,250,409.56260869565216,0.0,255.99710856521742,0.0,255.99710856521742
15/05/2025,24,114.22,250,409.56260869565216,0.0,255.99710856521742,0.0,255.99710856521742
16/05/2025,1,112.11,250,409.56260869565216,0.0,255.99710856521742,0.0,255.99710856521742
16/05/2025,2,105.8,250,409.56260869565216,0.0,255.99710856521742,0.0,255.99710856521742
16/05/2025,3,103.67,250,409.56260869565216,0.0,255.99710856521742,0.0,255.99710856521742
16/05/2025,4,105.78,250,409.56260869565216,0.0,255.99710856521742,0.0,255.99710856521742
16/05/2025,5,104.68,250,409.56260869565216,0.0,255.99710856521742,0.0,255.99710856521742
16/05/2025,6,110.0,250,409.56260869565216,0.0,255.99710856521742,0.0,255.99710856521742
16/05/2025,7,121.81,250,409.56260869565216,0.0,255.99710856521742,0.0,255.99710856521742
16/05/2025,8,128.0,250,409.56260869565216,0.0,255.99710856521742,0.0,255.99710856521742
16/05/2025,9,119.95,250,409.56260869565216,0.0,255.99710856521742,0.0,255.99710856521742
16/05/2025,10,106.73,250,409.56260869565216,0.0,255.99710856521742,0.0,255.99710856521742
16/05/2025,11,85.99,250,409.56260869565216,0.0,255.99710856521742,0.0,255.99710856521742
16/05/2025,12,48.2,250,409.56260869565216,0.0,255.99710856521742,0.0,255.99710856521742
16/05/2025,13,23.0,450,379.8566519202964,399.55380458080873,237.42940028278124,9.1897375053586,246.61913778813985
16/05/2025,14,15.22,450,379.8566519202964,399.55380458080873,237.42940028278124,6.081208905719909,243.51060918850115
16/05/2025,15,20.0,450,379.8566519202964,399.55380458080873,237.42940028278124,7.991076091616175,245.42047637439742
16/05/2025,16,25.0,450,379.8566519202964,399.55380458080873,237.42940028278124,9.988845114520219,247.41824539730146
16/05/2025,17,33.1,450,379.8566519202964,399.55380458080873,237.42940028278124,13.22523093162477,250.654631214406
16/05/2025,18,84.5,250,409.56260869565216,0.0,255.99710856521742,0.0,255.99710856521742
16/05/2025,19,111.4,250,409.56260869565216,0.0,255.99710856521742,0.0,255.99710856521742
16/05/2025,20,130.0,250,409.56260869565216,0.0,255.99710856521742,0.0,255.99710856521742
16/05/2025,21,147.6,250,409.56260869565216,0.0,255.99710856521742,0.0,255.99710856521742
16/05/2025,22,132.05,250,409.56260869565216,0.0,255.99710856521742,0.0,255.99710856521742
16/05/2025,23,117.47,250,409.56260869565216,0.0,255.99710856521742,0.0,255.99710856521742
16/05/2025,24,106.19,250,409.56260869565216,0.0,255.99710856521742,0.0,255.99710856521742
17/05/2025,1,114.03,250,409.56260869565216,0.0,255.99710856521742,0.0,255.99710856521742
17/05/2025,2,103.66,250,409.56260869565216,0.0,255.99710856521742,0.0,255.99710856521742
17/05/2025,3,100.0,250,409.56260869565216,0.0,255.99710856521742,0.0,255.99710856521742
17/05/2025,4,90.5,250,409.56260869565216,0.0,255.99710856521742,0.0,255.99710856521742
17/05/2025,5,91.92,250,409.56260869565216,0.0,255.99710856521742,0.0,255.99710856521742
17/05/2025,6,98.52,250,409.56260869565216,0.0,255.99710856521742,0.0,255.99710856521742
17/05/2025,7,105.9,250,409.56260869565216,0.0,255.99710856521742,0.0,255.99710856521742
17/05/2025,8,118.8,250,409.56260869565216,0.0,255.99710856521742,0.0,255.99710856521742
17/05/2025,9,110.0,250,409.56260869565216,0.0,255.99710856521742,0.0,255.99710856521742
17/05/2025,10,105.0,250,409.56260869565216,0.0,255.99710856521742,0.0,255.99710856521742
17/05/2025,11,60.0,250,409.56260869565216,0.0,255.99710856521742,0.0,255.99710856521742
17/05/2025,12,20.0,450,379.8566519202964,399.55380458080873,237.42940028278124,7.991076091616175,245.42047637439742
17/05/2025,13,20.0,450,379.8566519202964,399.55380458080873,237.42940028278124,7.991076091616175,245.42047637439742
17/05/2025,14,20.0,450,379.8566519202964,399.55380458080873,237.42940028278124,7.991076091616175,245.42047637439742
17/05/2025,15,20.0,450,379.8566519202964,399.55380458080873,237.42940028278124,7.991076091616175,245.42047637439742
17/05/2025,16,20.0,450,379.8566519202964,399.55380458080873,237.42940028278124,7.991076091616175,245.42047637439742
17/05/2025,17,70.0,250,409.56260869565216,0.0,255.99710856521742,0.0,255.99710856521742
17/05/2025,18,104.27,250,409.56260869565216,0.0,255.99710856521742,0.0,255.99710856521742
17/05/2025,19,122.45,250,409.56260869565216,0.0,255.99710856521742,0.0,255.99710856521742
17/05/2025,20,145.62,250,409.56260869565216,0.0,255.99710856521742,0.0,255.99710856521742
17/05/2025,21,145.62,250,409.56260869565216,0.0,255.99710856521742,0.0,255.99710856521742
17/05/2025,22,130.0,250,409.56260869565216,0.0,255.99710856521742,0.0,255.99710856521742
17/05/2025,23,116.38,250,409.56260869565216,0.0,255.99710856521742,0.0,255.99710856521742
17/05/2025,24,111.55,250,409.56260869565216,0.0,255.99710856521742,0.0,255.99710856521742
18/05/2025,1,99.68,250,409.56260869565216,0.0,255.99710856521742,0.0,255.99710856521742
18/05/2025,2,98.78,250,409.56260869565216,0.0,255.99710856521742,0.0,255.99710856521742
18/05/2025,3,99.48,250,409.56260869565216,0.0,255.99710856521742,0.0,255.99710856521742
18/05/2025,4,98.78,250,409.56260869565216,0.0,255.99710856521742,0.0,255.99710856521742
18/05/2025,5,98.78,250,409.56260869565216,0.0,255.99710856521742,0.0,255.99710856521742
18/05/2025,6,98.78,250,409.56260869565216,0.0,255.99710856521742,0.0,255.99710856521742
18/05/2025,7,98.78,250,409.56260869565216,0.0,255.99710856521742,0.0,255.99710856521742
18/05/2025,8,99.43,250,409.56260869565216,0.0,255.99710856521742,0.0,255.99710856521742
18/05/2025,9,88.23,250,409.56260869565216,0.0,255.99710856521742,0.0,255.99710856521742
18/05/2025,10,17.65,450,379.8566519202964,399.55380458080873,237.42940028278124,7.052124650851273,244.48152493363253
18/05/2025,11,8.65,450,379.8566519202964,399.55380458080873,237.42940028278124,3.4561404096239956,240.88554069240524
18/05/2025,12,8.65,450,379.8566519202964,399.55380458080873,237.42940028278124,3.4561404096239956,240.88554069240524
18/05/2025,13,1.0,450,379.8566519202964,399.55380458080873,237.42940028278124,0.39955380458080875,237.82895408736206
18/05/2025,14,0.0,450,379.8566519202964,399.55380458080873,237.42940028278124,0.0,237.42940028278124
18/05/2025,15,0.0,450,379.8566519202964,399.55380458080873,237.42940028278124,0.0,237.42940028278124
18/05/2025,16,0.0,450,379.8566519202964,399.55380458080873,237.42940028278124,0.0,237.42940028278124
18/05/2025,17,3.0,450,379.8566519202964,399.55380458080873,237.42940028278124,1.1986614137424263,238.62806169652367
18/05/2025,18,25.24,450,379.8566519202964,399.55380458080873,237.42940028278124,10.084738027619613,247.51413831040085
18/05/2025,19,100.0,250,409.56260869565216,0.0,255.99710856521742,0.0,255.99710856521742
18/05/2025,20,120.5,250,409.56260869565216,0.0,255.99710856521742,0.0,255.99710856521742
18/05/2025,21,130.0,250,409.56260869565216,0.0,255.99710856521742,0.0,255.99710856521742
18/05/2025,22,128.0,250,409.56260869565216,0.0,255.99710856521742,0.0,255.99710856521742
18/05/2025,23,120.0,250,409.56260869565216,0.0,255.99710856521742,0.0,255.99710856521742
18/05/2025,24,106.51,250,409.56260869565216,0.0,255.99710856521742,0.0,255.99710856521742
19/05/2025,1,100.0,250,409.56260869565216,0.0,255.99710856521742,0.0,255.99710856521742
19/05/2025,2,95.7,250,409.56260869565216,0.0,255.99710856521742,0.0,255.99710856521742
19/05/2025,3,95.44,250,409.56260869565216,0.0,255.99710856521742,0.0,255.99710856521742
19/05/2025,4,93.0,250,409.56260869565216,0.0,255.99710856521742,0.0,255.99710856521742
19/05/2025,5,94.5,250,409.56260869565216,0.0,255.99710856521742,0.0,255.99710856521742
19/05/2025,6,104.97,250,409.56260869565216,0.0,255.99710856521742,0.0,255.99710856521742
19/05/2025,7,126.86,250,409.56260869565216,0.0,255.99710856521742,0.0,255.99710856521742
19/05/2025,8,135.18,250,409.56260869565216,0.0,255.99710856521742,0.0,255.99710856521742
19/05/2025,9,126.99,250,409.56260869565216,0.0,255.99710856521742,0.0,255.99710856521742
19/05/2025,10,108.72,250,409.56260869565216,0.0,255.99710856521742,0.0,255.99710856521742
19/05/2025,11,72.95,250,409.56260869565216,0.0,255.99710856521742,0.0,255.99710856521742
19/05/2025,12,38.0,450,379.8566519202964,399.55380458080873,237.42940028278124,15.183044574070733,252.61244485685197
19/05/2025,13,20.72,450,379.8566519202964,399.55380458080873,237.42940028278124,8.278754830914357,245.7081551136956
19/05/2025,14,22.64,450,379.8566519202964,399.55380458080873,237.42940028278124,9.04589813570951,246.47529841849075
19/05/2025,15,36.89,450,379.8566519202964,399.55380458080873,237.42940028278124,14.739539850986034,252.16894013376728
19/05/2025,16,70.0,250,409.56260869565216,0.0,255.99710856521742,0.0,255.99710856521742
19/05/2025,17,98.65,250,409.56260869565216,0.0,255.99710856521742,0.0,255.99710856521742
19/05/2025,18,113.71,250,409.56260869565216,0.0,255.99710856521742,0.0,255.99710856521742
19/05/2025,19,128.0,250,409.56260869565216,0.0,255.99710856521742,0.0,255.99710856521742
19/05/2025,20,143.75,250,409.56260869565216,0.0,255.99710856521742,0.0,255.99710856521742
19/05/2025,21,157.7,250,409.56260869565216,0.0,255.99710856521742,0.0,255.99710856521742
19/05/2025,22,143.75,250,409.56260869565216,0.0,255.99710856521742,0.0,255.99710856521742
19/05/2025,23,124.0,250,409.56260869565216,0.0,255.99710856521742,0.0,255.99710856521742
19/05/2025,24,125.22,250,409.56260869565216,0.0,255.99710856521742,0.0,255.99710856521742
20/05/2025,1,114.0,250,409.56260869565216,0.0,255.99710856521742,0.0,255.99710856521742
20/05/2025,2,110.0,250,409.56260869565216,0.0,255.99710856521742,0.0,255.99710856521742
20/05/2025,3,107.61,250,409.56260869565216,0.0,255.99710856521742,0.0,255.99710856521742
20/05/2025,4,110.9,250,409.56260869565216,0.0,255.99710856521742,0.0,255.99710856521742
20/05/2025,5,110.0,250,409.56260869565216,0.0,255.99710856521742,0.0,255.99710856521742
20/05/2025,6,118.96,250,409.56260869565216,0.0,255.99710856521742,0.0,255.99710856521742
20/05/2025,7,140.0,250,409.56260869565216,0.0,255.99710856521742,0.0,255.99710856521742
20/05/2025,8,136.13,250,409.56260869565216,0.0,255.99710856521742,0.0,255.99710856521742
20/05/2025,9,130.5,250,409.56260869565216,0.0,255.99710856521742,0.0,255.99710856521742
20/05/2025,10,135.8,250,409.56260869565216,0.0,255.99710856521742,0.0,255.99710856521742
20/05/2025,11,115.0,250,409.56260869565216,0.0,255.99710856521742,0.0,255.99710856521742
20/05/2025,12,110.0,250,409.56260869565216,0.0,255.99710856521742,0.0,255.99710856521742
20/05/2025,13,98.11,250,409.56260869565216,0.0,255.99710856521742,0.0,255.99710856521742
20/05/2025,14,97.47,250,409.56260869565216,0.0,255.99710856521742,0.0,255.99710856521742
20/05/2025,15,101.46,250,409.56260869565216,0.0,255.99710856521742,0.0,255.99710856521742
20/05/2025,16,113.77,250,409.56260869565216,0.0,255.99710856521742,0.0,255.99710856521742
20/05/2025,17,120.0,250,409.56260869565216,0.0,255.99710856521742,0.0,255.99710856521742
20/05/2025,18,119.95,250,409.56260869565216,0.0,255.99710856521742,0.0,255.99710856521742
20/05/2025,19,126.64,250,409.56260869565216,0.0,255.99710856521742,0.0,255.99710856521742
20/05/2025,20,130.18,250,409.56260869565216,0.0,255.99710856521742,0.0,255.99710856521742
20/05/2025,21,150.61,250,409.56260869565216,0.0,255.99710856521742,0.0,255.99710856521742
20/05/2025,22,132.1,250,409.56260869565216,0.0,255.99710856521742,0.0,255.99710856521742
20/05/2025,23,114.73,250,409.56260869565216,0.0,255.99710856521742,0.0,255.99710856521742
20/05/2025,24,113.74,250,409.56260869565216,0.0,255.99710856521742,0.0,255.99710856521742
21/05/2025,1,107.93,250,409.56260869565216,0.0,255.99710856521742,0.0,255.99710856521742
21/05/2025,2,102.33,250,409.56260869565216,0.0,255.99710856521742,0.0,255.99710856521742
21/05/2025,3,100.5,250,409.56260869565216,0.0,255.99710856521742,0.0,255.99710856521742
21/05/2025,4,100.0,250,409.56260869565216,0.0,255.99710856521742,0.0,255.99710856521742
21/05/2025,5,98.98,250,409.56260869565216,0.0,255.99710856521742,0.0,255.99710856521742
21/05/2025,6,104.25,250,409.56260869565216,0.0,255.99710856521742,0.0,255.99710856521742
21/05/2025,7,125.8,250,409.56260869565216,0.0,255.99710856521742,0.0,255.99710856521742
21/05/2025,8,138.0,250,409.56260869565216,0.0,255.99710856521742,0.0,255.99710856521742
21/05/2025,9,127.78,250,409.56260869565216,0.0,255.99710856521742,0.0,255.99710856521742
21/05/2025,10,127.78,250,409.56260869565216,0.0,255.99710856521742,0.0,255.99710856521742
21/05/2025,11,102.31,250,409.56260869565216,0.0,255.99710856521742,0.0,255.99710856521742
21/05/2025,12,96.0,250,409.56260869565216,0.0,255.99710856521742,0.0,255.99710856521742
21/05/2025,13,50.0,250,409.56260869565216,0.0,255.99710856521742,0.0,255.99710856521742
21/05/2025,14,45.17,450,379.8566519202964,399.55380458080873,237.42940028278124,18.047845352915132,255.47724563569636
21/05/2025,15,74.7,250,409.56260869565216,0.0,255.99710856521742,0.0,255.99710856521742
21/05/2025,16,82.0,250,409.56260869565216,0.0,255.99710856521742,0.0,255.99710856521742
21/05/2025,17,98.5,250,409.56260869565216,0.0,255.99710856521742,0.0,255.99710856521742
21/05/2025,18,110.56,250,409.56260869565216,0.0,255.99710856521742,0.0,255.99710856521742
21/05/2025,19,112.53,250,409.56260869565216,0.0,255.99710856521742,0.0,255.99710856521742
21/05/2025,20,131.21,250,409.56260869565216,0.0,255.99710856521742,0.0,255.99710856521742
21/05/2025,21,148.15,250,409.56260869565216,0.0,255.99710856521742,0.0,255.99710856521742
21/05/2025,22,130.92,250,409.56260869565216,0.0,255.99710856521742,0.0,255.99710856521742
21/05/2025,23,115.0,250,409.56260869565216,0.0,255.99710856521742,0.0,255.99710856521742
21/05/2025,24,112.89,250,409.56260869565216,0.0,255.99710856521742,0.0,255.99710856521742
22/05/2025,1,105.94,250,409.56260869565216,0.0,255.99710856521742,0.0,255.99710856521742
22/05/2025,2,96.83,250,409.56260869565216,0.0,255.99710856521742,0.0,255.99710856521742
22/05/2025,3,92.38,250,409.56260869565216,0.0,255.99710856521742,0.0,255.99710856521742
22/05/2025,4,94.16,250,409.56260869565216,0.0,255.99710856521742,0.0,255.99710856521742
22/05/2025,5,91.67,250,409.56260869565216,0.0,255.99710856521742,0.0,255.99710856521742
22/05/2025,6,98.51,250,409.56260869565216,0.0,255.99710856521742,0.0,255.99710856521742
22/05/2025,7,122.66,250,409.56260869565216,0.0,255.99710856521742,0.0,255.99710856521742
22/05/2025,8,127.6,250,409.56260869565216,0.0,255.99710856521742,0.0,255.99710856521742
22/05/2025,9,132.69,250,409.56260869565216,0.0,255.99710856521742,0.0,255.99710856521742
22/05/2025,10,124.34,250,409.56260869565216,0.0,255.99710856521742,0.0,255.99710856521742
22/05/2025,11,115.31,250,409.56260869565216,0.0,255.99710856521742,0.0,255.99710856521742
22/05/2025,12,108.98,250,409.56260869565216,0.0,255.99710856521742,0.0,255.99710856521742
22/05/2025,13,96.09,250,409.56260869565216,0.0,255.99710856521742,0.0,255.99710856521742
22/05/2025,14,101.27,250,409.56260869565216,0.0,255.99710856521742,0.0,255.99710856521742
22/05/2025,15,105.14,250,409.56260869565216,0.0,255.99710856521742,0.0,255.99710856521742
22/05/2025,16,110.59,250,409.56260869565216,0.0,255.99710856521742,0.0,255.99710856521742
22/05/2025,17,105.0,250,409.56260869565216,0.0,255.99710856521742,0.0,255.99710856521742
22/05/2025,18,105.52,250,409.56260869565216,0.0,255.99710856521742,0.0,255.99710856521742
22/05/2025,19,117.26,250,409.56260869565216,0.0,255.99710856521742,0.0,255.99710856521742
22/05/2025,20,130.0,250,409.56260869565216,0.0,255.99710856521742,0.0,255.99710856521742
22/05/2025,21,140.0,250,409.56260869565216,0.0,255.99710856521742,0.0,255.99710856521742
22/05/2025,22,136.9,250,409.56260869565216,0.0,255.99710856521742,0.0,255.99710856521742
22/05/2025,23,122.35,250,409.56260869565216,0.0,255.99710856521742,0.0,255.99710856521742
22/05/2025,24,110.48,250,409.56260869565216,0.0,255.99710856521742,0.0,255.99710856521742
23/05/2025,1,113.11,250,409.56260869565216,0.0,255.99710856521742,0.0,255.99710856521742
23/05/2025,2,104.67,250,409.56260869565216,0.0,255.99710856521742,0.0,255.99710856521742
23/05/2025,3,100.0,250,409.56260869565216,0.0,255.99710856521742,0.0,255.99710856521742
23/05/2025,4,100.0,250,409.56260869565216,0.0,255.99710856521742,0.0,255.99710856521742
23/05/2025,5,105.99,250,409.56260869565216,0.0,255.99710856521742,0.0,255.99710856521742
23/05/2025,6,110.54,250,409.56260869565216,0.0,255.99710856521742,0.0,255.99710856521742
23/05/2025,7,132.98,250,409.56260869565216,0.0,255.99710856521742,0.0,255.99710856521742
23/05/2025,8,157.6,250,409.56260869565216,0.0,255.99710856521742,0.0,255.99710856521742
23/05/2025,9,141.6,250,409.56260869565216,0.0,255.99710856521742,0.0,255.99710856521742
23/05/2025,10,129.5,250,409.56260869565216,0.0,255.99710856521742,0.0,255.99710856521742
23/05/2025,11,106.2,250,409.56260869565216,0.0,255.99710856521742,0.0,255.99710856521742
23/05/2025,12,97.1,250,409.56260869565216,0.0,255.99710856521742,0.0,255.99710856521742
23/05/2025,13,80.5,250,409.56260869565216,0.0,255.99710856521742,0.0,255.99710856521742
23/05/2025,14,71.43,250,409.56260869565216,0.0,255.99710856521742,0.0,255.99710856521742
23/05/2025,15,86.64,250,409.56260869565216,0.0,255.99710856521742,0.0,255.99710856521742
23/05/2025,16,90.7,250,409.56260869565216,0.0,255.99710856521742,0.0,255.99710856521742
23/05/2025,17,101.5,250,409.56260869565216,0.0,255.99710856521742,0.0,255.99710856521742
23/05/2025,18,110.0,250,409.56260869565216,0.0,255.99710856521742,0.0,255.99710856521742
23/05/2025,19,124.97,250,409.56260869565216,0.0,255.99710856521742,0.0,255.99710856521742
23/05/2025,20,132.98,250,409.56260869565216,0.0,255.99710856521742,0.0,255.99710856521742
23/05/2025,21,150.25,250,409.56260869565216,0.0,255.99710856521742,0.0,255.99710856521742
23/05/2025,22,149.76,250,409.56260869565216,0.0,255.99710856521742,0.0,255.99710856521742
23/05/2025,23,131.94,250,409.56260869565216,0.0,255.99710856521742,0.0,255.99710856521742
23/05/2025,24,128.0,250,409.56260869565216,0.0,255.99710856521742,0.0,255.99710856521742
24/05/2025,1,115.3,250,409.56260869565216,0.0,255.99710856521742,0.0,255.99710856521742
24/05/2025,2,111.5,250,409.56260869565216,0.0,255.99710856521742,0.0,255.99710856521742
24/05/2025,3,106.17,250,409.56260869565216,0.0,255.99710856521742,0.0,255.99710856521742
24/05/2025,4,99.83,250,409.56260869565216,0.0,255.99710856521742,0.0,255.99710856521742
24/05/2025,5,99.0,250,409.56260869565216,0.0,255.99710856521742,0.0,255.99710856521742
24/05/2025,6,98.06,250,409.56260869565216,0.0,255.99710856521742,0.0,255.99710856521742
24/05/2025,7,98.25,250,409.56260869565216,0.0,255.99710856521742,0.0,255.99710856521742
24/05/2025,8,100.19,250,409.56260869565216,0.0,255.99710856521742,0.0,255.99710856521742
24/05/2025,9,102.93,250,409.56260869565216,0.0,255.99710856521742,0.0,255.99710856521742
24/05/2025,10,99.28,250,409.56260869565216,0.0,255.99710856521742,0.0,255.99710856521742
24/05/2025,11,73.0,250,409.56260869565216,0.0,255.99710856521742,0.0,255.99710856521742
24/05/2025,12,25.0,450,379.8566519202964,399.55380458080873,237.42940028278124,9.988845114520219,247.41824539730146
24/05/2025,13,20.0,450,379.8566519202964,399.55380458080873,237.42940028278124,7.991076091616175,245.42047637439742
24/05/2025,14,10.0,450,379.8566519202964,399.55380458080873,237.42940028278124,3.9955380458080874,241.42493832858932
24/05/2025,15,10.0,450,379.8566519202964,399.55380458080873,237.42940028278124,3.9955380458080874,241.42493832858932
24/05/2025,16,10.0,450,379.8566519202964,399.55380458080873,237.42940028278124,3.9955380458080874,241.42493832858932
24/05/2025,17,19.7,450,379.8566519202964,399.55380458080873,237.42940028278124,7.871209950241932,245.30061023302318
24/05/2025,18,65.0,250,409.56260869565216,0.0,255.99710856521742,0.0,255.99710856521742
24/05/2025,19,118.58,250,409.56260869565216,0.0,255.99710856521742,0.0,255.99710856521742
24/05/2025,20,140.0,250,409.56260869565216,0.0,255.99710856521742,0.0,255.99710856521742
24/05/2025,21,150.5,250,409.56260869565216,0.0,255.99710856521742,0.0,255.99710856521742
24/05/2025,22,127.77,250,409.56260869565216,0.0,255.99710856521742,0.0,255.99710856521742
24/05/2025,23,110.0,250,409.56260869565216,0.0,255.99710856521742,0.0,255.99710856521742
24/05/2025,24,97.1,250,409.56260869565216,0.0,255.99710856521742,0.0,255.99710856521742
25/05/2025,1,96.86,250,409.56260869565216,0.0,255.99710856521742,0.0,255.99710856521742
25/05/2025,2,62.03,250,409.56260869565216,0.0,255.99710856521742,0.0,255.99710856521742
25/05/2025,3,33.9,450,379.8566519202964,399.55380458080873,237.42940028278124,13.544873975289416,250.97427425807066
25/05/2025,4,45.0,450,379.8566519202964,399.55380458080873,237.42940028278124,17.979921206136392,255.40932148891764
25/05/2025,5,50.0,250,409.56260869565216,0.0,255.99710856521742,0.0,255.99710856521742
25/05/2025,6,59.45,250,409.56260869565216,0.0,255.99710856521742,0.0,255.99710856521742
25/05/2025,7,69.0,250,409.56260869565216,0.0,255.99710856521742,0.0,255.99710856521742
25/05/2025,8,30.1,450,379.8566519202964,399.55380458080873,237.42940028278124,12.026569517882344,249.45596980066358
25/05/2025,9,16.82,450,379.8566519202964,399.55380458080873,237.42940028278124,6.720494993049203,244.14989527583046
25/05/2025,10,1.0,450,379.8566519202964,399.55380458080873,237.42940028278124,0.39955380458080875,237.82895408736206
25/05/2025,11,0.03,450,379.8566519202964,399.55380458080873,237.42940028278124,0.011986614137424263,237.44138689691866
25/05/2025,12,0.0,450,379.8566519202964,399.55380458080873,237.42940028278124,0.0,237.42940028278124
25/05/2025,13,0.0,450,379.8566519202964,399.55380458080873,237.42940028278124,0.0,237.42940028278124
25/05/2025,14,0.0,450,379.8566519202964,399.55380458080873,237.42940028278124,0.0,237.42940028278124
25/05/2025,15,0.0,450,379.8566519202964,399.55380458080873,237.42940028278124,0.0,237.42940028278124
25/05/2025,16,0.0,450,379.8566519202964,399.55380458080873,237.42940028278124,0.0,237.42940028278124
25/05/2025,17,0.0,450,379.8566519202964,399.55380458080873,237.42940028278124,0.0,237.42940028278124
25/05/2025,18,9.0,450,379.8566519202964,399.55380458080873,237.42940028278124,3.5959842412272787,241.02538452400853
25/05/2025,19,86.2,250,409.56260869565216,0.0,255.99710856521742,0.0,255.99710856521742
25/05/2025,20,128.27,250,409.56260869565216,0.0,255.99710856521742,0.0,255.99710856521742
25/05/2025,21,136.7,250,409.56260869565216,0.0,255.99710856521742,0.0,255.99710856521742
25/05/2025,22,118.77,250,409.56260869565216,0.0,255.99710856521742,0.0,255.99710856521742
25/05/2025,23,104.95,250,409.56260869565216,0.0,255.99710856521742,0.0,255.99710856521742
25/05/2025,24,97.8,250,409.56260869565216,0.0,255.99710856521742,0.0,255.99710856521742
26/05/2025,1,96.8,250,409.56260869565216,0.0,255.99710856521742,0.0,255.99710856521742
26/05/2025,2,88.25,250,409.56260869565216,0.0,255.99710856521742,0.0,255.99710856521742
26/05/2025,3,88.26,250,409.56260869565216,0.0,255.99710856521742,0.0,255.99710856521742
26/05/2025,4,88.26,250,409.56260869565216,0.0,255.99710856521742,0.0,255.99710856521742
26/05/2025,5,88.55,250,409.56260869565216,0.0,255.99710856521742,0.0,255.99710856521742
26/05/2025,6,97.58,250,409.56260869565216,0.0,255.99710856521742,0.0,255.99710856521742
26/05/2025,7,137.73,250,409.56260869565216,0.0,255.99710856521742,0.0,255.99710856521742
26/05/2025,8,150.0,250,409.56260869565216,0.0,255.99710856521742,0.0,255.99710856521742
26/05/2025,9,142.03,250,409.56260869565216,0.0,255.99710856521742,0.0,255.99710856521742
26/05/2025,10,110.0,250,409.56260869565216,0.0,255.99710856521742,0.0,255.99710856521742
26/05/2025,11,97.1,250,409.56260869565216,0.0,255.99710856521742,0.0,255.99710856521742
26/05/2025,12,81.03,250,409.56260869565216,0.0,255.99710856521742,0.0,255.99710856521742
26/05/2025,13,51.0,250,409.56260869565216,0.0,255.99710856521742,0.0,255.99710856521742
26/05/2025,14,46.0,450,379.8566519202964,399.55380458080873,237.42940028278124,18.3794750107172,255.80887529349843
26/05/2025,15,75.33,250,409.56260869565216,0.0,255.99710856521742,0.0,255.99710856521742
26/05/2025,16,88.85,250,409.56260869565216,0.0,255.99710856521742,0.0,255.99710856521742
26/05/2025,17,97.1,250,409.56260869565216,0.0,255.99710856521742,0.0,255.99710856521742
26/05/2025,18,101.18,250,409.56260869565216,0.0,255.99710856521742,0.0,255.99710856521742
26/05/2025,19,127.0,250,409.56260869565216,0.0,255.99710856521742,0.0,255.99710856521742
26/05/2025,20,139.06,250,409.56260869565216,0.0,255.99710856521742,0.0,255.99710856521742
26/05/2025,21,157.4,250,409.56260869565216,0.0,255.99710856521742,0.0,255.99710856521742
26/05/2025,22,150.64,250,409.56260869565216,0.0,255.99710856521742,0.0,255.99710856521742
26/05/2025,23,118.5,250,409.56260869565216,0.0,255.99710856521742,0.0,255.99710856521742
26/05/2025,24,119.53,250,409.56260869565216,0.0,255.99710856521742,0.0,255.99710856521742
27/05/2025,1,115.55,250,409.56260869565216,0.0,255.99710856521742,0.0,255.99710856521742
27/05/2025,2,103.68,250,409.56260869565216,0.0,255.99710856521742,0.0,255.99710856521742
27/05/2025,3,97.23,250,409.56260869565216,0.0,255.99710856521742,0.0,255.99710856521742
27/05/2025,4,90.97,250,409.56260869565216,0.0,255.99710856521742,0.0,255.99710856521742
27/05/2025,5,95.35,250,409.56260869565216,0.0,255.99710856521742,0.0,255.99710856521742
27/05/2025,6,98.64,250,409.56260869565216,0.0,255.99710856521742,0.0,255.99710856521742
27/05/2025,7,118.11,250,409.56260869565216,0.0,255.99710856521742,0.0,255.99710856521742
27/05/2025,8,146.76,250,409.56260869565216,0.0,255.99710856521742,0.0,255.99710856521742
27/05/2025,9,150.18,250,409.56260869565216,0.0,255.99710856521742,0.0,255.99710856521742
27/05/2025,10,142.06,250,409.56260869565216,0.0,255.99710856521742,0.0,255.99710856521742
27/05/2025,11,130.16,250,409.56260869565216,0.0,255.99710856521742,0.0,255.99710856521742
27/05/2025,12,105.5,250,409.56260869565216,0.0,255.99710856521742,0.0,255.99710856521742
27/05/2025,13,94.0,250,409.56260869565216,0.0,255.99710856521742,0.0,255.99710856521742
27/05/2025,14,79.0,250,409.56260869565216,0.0,255.99710856521742,0.0,255.99710856521742
27/05/2025,15,96.0,250,409.56260869565216,0.0,255.99710856521742,0.0,255.99710856521742
27/05/2025,16,103.67,250,409.56260869565216,0.0,255.99710856521742,0.0,255.99710856521742
27/05/2025,17,105.5,250,409.56260869565216,0.0,255.99710856521742,0.0,255.99710856521742
27/05/2025,18,115.0,250,409.56260869565216,0.0,255.99710856521742,0.0,255.99710856521742
27/05/2025,19,116.2,250,409.56260869565216,0.0,255.99710856521742,0.0,255.99710856521742
27/05/2025,20,139.19,250,409.56260869565216,0.0,255.99710856521742,0.0,255.99710856521742
27/05/2025,21,150.49,250,409.56260869565216,0.0,255.99710856521742,0.0,255.99710856521742
27/05/2025,22,140.71,250,409.56260869565216,0.0,255.99710856521742,0.0,255.99710856521742
27/05/2025,23,128.36,250,409.56260869565216,0.0,255.99710856521742,0.0,255.99710856521742
27/05/2025,24,120.5,250,409.56260869565216,0.0,255.99710856521742,0.0,255.99710856521742
28/05/2025,1,124.0,250,409.56260869565216,0.0,255.99710856521742,0.0,255.99710856521742
28/05/2025,2,115.55,250,409.56260869565216,0.0,255.99710856521742,0.0,255.99710856521742
28/05/2025,3,107.4,250,409.56260869565216,0.0,255.99710856521742,0.0,255.99710856521742
28/05/2025,4,102.0,250,409.56260869565216,0.0,255.99710856521742,0.0,255.99710856521742
28/05/2025,5,102.0,250,409.56260869565216,0.0,255.99710856521742,0.0,255.99710856521742
28/05/2025,6,103.67,250,409.56260869565216,0.0,255.99710856521742,0.0,255.99710856521742
28/05/2025,7,120.0,250,409.56260869565216,0.0,255.99710856521742,0.0,255.99710856521742
28/05/2025,8,127.02,250,409.56260869565216,0.0,255.99710856521742,0.0,255.99710856521742
28/05/2025,9,120.0,250,409.56260869565216,0.0,255.99710856521742,0.0,255.99710856521742
28/05/2025,10,105.13,250,409.56260869565216,0.0,255.99710856521742,0.0,255.99710856521742
28/05/2025,11,83.64,250,409.56260869565216,0.0,255.99710856521742,0.0,255.99710856521742
28/05/2025,12,77.56,250,409.56260869565216,0.0,255.99710856521742,0.0,255.99710856521742
28/05/2025,13,69.2,250,409.56260869565216,0.0,255.99710856521742,0.0,255.99710856521742
28/05/2025,14,66.63,250,409.56260869565216,0.0,255.99710856521742,0.0,255.99710856521742
28/05/2025,15,78.8,250,409.56260869565216,0.0,255.99710856521742,0.0,255.99710856521742
28/05/2025,16,90.55,250,409.56260869565216,0.0,255.99710856521742,0.0,255.99710856521742
28/05/2025,17,104.48,250,409.56260869565216,0.0,255.99710856521742,0.0,255.99710856521742
28/05/2025,18,116.67,250,409.56260869565216,0.0,255.99710856521742,0.0,255.99710856521742
28/05/2025,19,130.0,250,409.56260869565216,0.0,255.99710856521742,0.0,255.99710856521742
28/05/2025,20,137.81,250,409.56260869565216,0.0,255.99710856521742,0.0,255.99710856521742
28/05/2025,21,159.68,250,409.56260869565216,0.0,255.99710856521742,0.0,255.99710856521742
28/05/2025,22,147.76,250,409.56260869565216,0.0,255.99710856521742,0.0,255.99710856521742
28/05/2025,23,132.85,250,409.56260869565216,0.0,255.99710856521742,0.0,255.99710856521742
28/05/2025,24,124.82,250,409.56260869565216,0.0,255.99710856521742,0.0,255.99710856521742
29/05/2025,1,116.71,250,409.56260869565216,0.0,255.99710856521742,0.0,255.99710856521742
29/05/2025,2,104.4,250,409.56260869565216,0.0,255.99710856521742,0.0,255.99710856521742
29/05/2025,3,99.3,250,409.56260869565216,0.0,255.99710856521742,0.0,255.99710856521742
29/05/2025,4,89.81,250,409.56260869565216,0.0,255.99710856521742,0.0,255.99710856521742
29/05/2025,5,89.82,250,409.56260869565216,0.0,255.99710856521742,0.0,255.99710856521742
29/05/2025,6,97.1,250,409.56260869565216,0.0,255.99710856521742,0.0,255.99710856521742
29/05/2025,7,110.13,250,409.56260869565216,0.0,255.99710856521742,0.0,255.99710856521742
29/05/2025,8,130.19,250,409.56260869565216,0.0,255.99710856521742,0.0,255.99710856521742
29/05/2025,9,126.73,250,409.56260869565216,0.0,255.99710856521742,0.0,255.99710856521742
29/05/2025,10,128.6,250,409.56260869565216,0.0,255.99710856521742,0.0,255.99710856521742
29/05/2025,11,88.78,250,409.56260869565216,0.0,255.99710856521742,0.0,255.99710856521742
29/05/2025,12,42.0,450,379.8566519202964,399.55380458080873,237.42940028278124,16.781259792393968,254.2106600751752
29/05/2025,13,29.7,450,379.8566519202964,399.55380458080873,237.42940028278124,11.86674799605002,249.29614827883125
29/05/2025,14,22.83,450,379.8566519202964,399.55380458080873,237.42940028278124,9.121813358579862,246.5512136413611
29/05/2025,15,36.51,450,379.8566519202964,399.55380458080873,237.42940028278124,14.587709405245327,252.01710968802658
29/05/2025,16,35.36,450,379.8566519202964,399.55380458080873,237.42940028278124,14.128222529977396,251.55762281275864
29/05/2025,17,37.0,450,379.8566519202964,399.55380458080873,237.42940028278124,14.783490769489923,252.21289105227117
29/05/2025,18,89.7,250,409.56260869565216,0.0,255.99710856521742,0.0,255.99710856521742
29/05/2025,19,105.59,250,409.56260869565216,0.0,255.99710856521742,0.0,255.99710856521742
29/05/2025,20,135.47,250,409.56260869565216,0.0,255.99710856521742,0.0,255.99710856521742
29/05/2025,21,162.0,250,409.56260869565216,0.0,255.99710856521742,0.0,255.99710856521742
29/05/2025,22,140.87,250,409.56260869565216,0.0,255.99710856521742,0.0,255.99710856521742
29/05/2025,23,119.12,250,409.56260869565216,0.0,255.99710856521742,0.0,255.99710856521742
29/05/2025,24,112.26,250,409.56260869565216,0.0,255.99710856521742,0.0,255.99710856521742
30/05/2025,1,110.6,250,409.56260869565216,0.0,255.99710856521742,0.0,255.99710856521742
30/05/2025,2,100.08,250,409.56260869565216,0.0,255.99710856521742,0.0,255.99710856521742
30/05/2025,3,97.1,250,409.56260869565216,0.0,255.99710856521742,0.0,255.99710856521742
30/05/2025,4,88.9,250,409.56260869565216,0.0,255.99710856521742,0.0,255.99710856521742
30/05/2025,5,77.16,250,409.56260869565216,0.0,255.99710856521742,0.0,255.99710856521742
30/05/2025,6,97.1,250,409.56260869565216,0.0,255.99710856521742,0.0,255.99710856521742
30/05/2025,7,110.0,250,409.56260869565216,0.0,255.99710856521742,0.0,255.99710856521742
30/05/2025,8,110.0,250,409.56260869565216,0.0,255.99710856521742,0.0,255.99710856521742
30/05/2025,9,97.1,250,409.56260869565216,0.0,255.99710856521742,0.0,255.99710856521742
30/05/2025,10,99.16,250,409.56260869565216,0.0,255.99710856521742,0.0,255.99710856521742
30/05/2025,11,92.64,250,409.56260869565216,0.0,255.99710856521742,0.0,255.99710856521742
30/05/2025,12,57.0,250,409.56260869565216,0.0,255.99710856521742,0.0,255.99710856521742
30/05/2025,13,31.0,450,379.8566519202964,399.55380458080873,237.42940028278124,12.386167942005072,249.81556822478632
30/05/2025,14,32.0,450,379.8566519202964,399.55380458080873,237.42940028278124,12.78572174658588,250.21512202936714
30/05/2025,15,35.0,450,379.8566519202964,399.55380458080873,237.42940028278124,13.984383160328306,251.41378344310954
30/05/2025,16,45.0,450,379.8566519202964,399.55380458080873,237.42940028278124,17.979921206136392,255.40932148891764
30/05/2025,17,62.15,250,409.56260869565216,0.0,255.99710856521742,0.0,255.99710856521742
30/05/2025,18,72.0,250,409.56260869565216,0.0,255.99710856521742,0.0,255.99710856521742
30/05/2025,19,119.16,250,409.56260869565216,0.0,255.99710856521742,0.0,255.99710856521742
30/05/2025,20,130.57,250,409.56260869565216,0.0,255.99710856521742,0.0,255.99710856521742
30/05/2025,21,154.0,250,409.56260869565216,0.0,255.99710856521742,0.0,255.99710856521742
30/05/2025,22,142.44,250,409.56260869565216,0.0,255.99710856521742,0.0,255.99710856521742
30/05/2025,23,130.19,250,409.56260869565216,0.0,255.99710856521742,0.0,255.99710856521742
30/05/2025,24,124.0,250,409.56260869565216,0.0,255.99710856521742,0.0,255.99710856521742
31/05/2025,1,124.0,250,409.56260869565216,0.0,255.99710856521742,0.0,255.99710856521742
31/05/2025,2,111.65,250,409.56260869565216,0.0,255.99710856521742,0.0,255.99710856521742
31/05/2025,3,101.62,250,409.56260869565216,0.0,255.99710856521742,0.0,255.99710856521742
31/05/2025,4,103.07,250,409.56260869565216,0.0,255.99710856521742,0.0,255.99710856521742
31/05/2025,5,106.99,250,409.56260869565216,0.0,255.99710856521742,0.0,255.99710856521742
31/05/2025,6,107.01,250,409.56260869565216,0.0,255.99710856521742,0.0,255.99710856521742
31/05/2025,7,124.0,250,409.56260869565216,0.0,255.99710856521742,0.0,255.99710856521742
31/05/2025,8,128.74,250,409.56260869565216,0.0,255.99710856521742,0.0,255.99710856521742
31/05/2025,9,108.0,250,409.56260869565216,0.0,255.99710856521742,0.0,255.99710856521742
31/05/2025,10,98.64,250,409.56260869565216,0.0,255.99710856521742,0.0,255.99710856521742
31/05/2025,11,25.9,450,379.8566519202964,399.55380458080873,237.42940028278124,10.348443538642947,247.7778438214242
31/05/2025,12,10.0,450,379.8566519202964,399.55380458080873,237.42940028278124,3.9955380458080874,241.42493832858932
31/05/2025,13,10.0,450,379.8566519202964,399.55380458080873,237.42940028278124,3.9955380458080874,241.42493832858932
31/05/2025,14,10.0,450,379.8566519202964,399.55380458080873,237.42940028278124,3.9955380458080874,241.42493832858932
31/05/2025,15,10.0,450,379.8566519202964,399.55380458080873,237.42940028278124,3.9955380458080874,241.42493832858932
31/05/2025,16,11.0,450,379.8566519202964,399.55380458080873,237.42940028278124,4.395091850388896,241.82449213317014
31/05/2025,17,38.0,450,379.8566519202964,399.55380458080873,237.42940028278124,15.183044574070733,252.61244485685197
31/05/2025,18,99.0,250,409.56260869565216,0.0,255.99710856521742,0.0,255.99710856521742
31/05/2025,19,125.0,250,409.56260869565216,0.0,255.99710856521742,0.0,255.99710856521742
31/05/2025,20,129.39,250,409.56260869565216,0.0,255.99710856521742,0.0,255.99710856521742
31/05/2025,21,146.51,250,409.56260869565216,0.0,255.99710856521742,0.0,255.99710856521742
31/05/2025,22,146.4,250,409.56260869565216,0.0,255.99710856521742,0.0,255.99710856521742
31/05/2025,23,130.19,250,409.56260869565216,0.0,255.99710856521742,0.0,255.99710856521742
31/05/2025,24,128.85,250,409.56260869565216,0.0,255.99710856521742,0.0,255.99710856521742
01/06/2025,1,125.0,250,409.56260869565216,0.0,255.99710856521742,0.0,255.99710856521742
01/06/2025,2,124.44,250,409.56260869565216,0.0,255.99710856521742,0.0,255.99710856521742
01/06/2025,3,120.0,250,409.56260869565216,0.0,255.99710856521742,0.0,255.99710856521742
01/06/2025,4,118.0,250,409.56260869565216,0.0,255.99710856521742,0.0,255.99710856521742
01/06/2025,5,120.0,250,409.56260869565216,0.0,255.99710856521742,0.0,255.99710856521742
01/06/2025,6,116.5,250,409.56260869565216,0.0,255.99710856521742,0.0,255.99710856521742
01/06/2025,7,104.51,250,409.56260869565216,0.0,255.99710856521742,0.0,255.99710856521742
01/06/2025,8,101.93,250,409.56260869565216,0.0,255.99710856521742,0.0,255.99710856521742
01/06/2025,9,97.13,250,409.56260869565216,0.0,255.99710856521742,0.0,255.99710856521742
01/06/2025,10,90.0,250,409.56260869565216,0.0,255.99710856521742,0.0,255.99710856521742
01/06/2025,11,15.0,450,379.8566519202964,399.55380458080873,237.42940028278124,5.993307068712131,243.4227073514934
01/06/2025,12,10.0,450,379.8566519202964,399.55380458080873,237.42940028278124,3.9955380458080874,241.42493832858932
01/06/2025,13,10.0,450,379.8566519202964,399.55380458080873,237.42940028278124,3.9955380458080874,241.42493832858932
01/06/2025,14,10.0,450,379.8566519202964,399.55380458080873,237.42940028278124,3.9955380458080874,241.42493832858932
01/06/2025,15,9.95,450,379.8566519202964,399.55380458080873,237.42940028278124,3.975560355579047,241.40496063836028
01/06/2025,16,9.65,450,379.8566519202964,399.55380458080873,237.42940028278124,3.8556942142048047,241.28509449698606
01/06/2025,17,15.0,450,379.8566519202964,399.55380458080873,237.42940028278124,5.993307068712131,243.4227073514934
01/06/2025,18,97.0,250,409.56260869565216,0.0,255.99710856521742,0.0,255.99710856521742
01/06/2025,19,114.6,250,409.56260869565216,0.0,255.99710856521742,0.0,255.99710856521742
01/06/2025,20,127.03,250,409.56260869565216,0.0,255.99710856521742,0.0,255.99710856521742
01/06/2025,21,133.0,250,409.56260869565216,0.0,255.99710856521742,0.0,255.99710856521742
01/06/2025,22,135.17,250,409.56260869565216,0.0,255.99710856521742,0.0,255.99710856521742
01/06/2025,23,125.38,250,409.56260869565216,0.0,255.99710856521742,0.0,255.99710856521742
01/06/2025,24,121.17,250,409.56260869565216,0.0,255.99710856521742,0.0,255.99710856521742
02/06/2025,1,119.9,250,409.56260869565216,0.0,255.99710856521742,0.0,255.99710856521742
02/06/2025,2,110.0,250,409.56260869565216,0.0,255.99710856521742,0.0,255.99710856521742
02/06/2025,3,102.52,250,409.56260869565216,0.0,255.99710856521742,0.0,255.99710856521742
02/06/2025,4,100.95,250,409.56260869565216,0.0,255.99710856521742,0.0,255.99710856521742
02/06/2025,5,100.2,250,409.56260869565216,0.0,255.99710856521742,0.0,255.99710856521742
02/06/2025,6,97.67,250,409.56260869565216,0.0,255.99710856521742,0.0,255.99710856521742
02/06/2025,7,95.49,250,409.56260869565216,0.0,255.99710856521742,0.0,255.99710856521742
02/06/2025,8,115.85,250,409.56260869565216,0.0,255.99710856521742,0.0,255.99710856521742
02/06/2025,9,115.0,250,409.56260869565216,0.0,255.99710856521742,0.0,255.99710856521742
02/06/2025,10,103.35,250,409.56260869565216,0.0,255.99710856521742,0.0,255.99710856521742
02/06/2025,11,65.98,250,409.56260869565216,0.0,255.99710856521742,0.0,255.99710856521742
02/06/2025,12,50.0,250,409.56260869565216,0.0,255.99710856521742,0.0,255.99710856521742
02/06/2025,13,20.0,450,379.8566519202964,399.55380458080873,237.42940028278124,7.991076091616175,245.42047637439742
02/06/2025,14,19.0,450,379.8566519202964,399.55380458080873,237.42940028278124,7.5915222870353665,245.0209225698166
02/06/2025,15,11.0,450,379.8566519202964,399.55380458080873,237.42940028278124,4.395091850388896,241.82449213317014
02/06/2025,16,25.0,450,379.8566519202964,399.55380458080873,237.42940028278124,9.988845114520219,247.41824539730146
02/06/2025,17,85.17,250,409.56260869565216,0.0,255.99710856521742,0.0,255.99710856521742
02/06/2025,18,106.09,250,409.56260869565216,0.0,255.99710856521742,0.0,255.99710856521742
02/06/2025,19,121.16,250,409.56260869565216,0.0,255.99710856521742,0.0,255.99710856521742
02/06/2025,20,124.0,250,409.56260869565216,0.0,255.99710856521742,0.0,255.99710856521742
02/06/2025,21,140.5,250,409.56260869565216,0.0,255.99710856521742,0.0,255.99710856521742
02/06/2025,22,143.36,250,409.56260869565216,0.0,255.99710856521742,0.0,255.99710856521742
02/06/2025,23,125.38,250,409.56260869565216,0.0,255.99710856521742,0.0,255.99710856521742
02/06/2025,24,122.56,250,409.56260869565216,0.0,255.99710856521742,0.0,255.99710856521742
03/06/2025,1,112.0,250,409.56260869565216,0.0,255.99710856521742,0.0,255.99710856521742
03/06/2025,2,106.46,250,409.56260869565216,0.0,255.99710856521742,0.0,255.99710856521742
03/06/2025,3,101.0,250,409.56260869565216,0.0,255.99710856521742,0.0,255.99710856521742
03/06/2025,4,99.28,250,409.56260869565216,0.0,255.99710856521742,0.0,255.99710856521742
03/06/2025,5,100.27,250,409.56260869565216,0.0,255.99710856521742,0.0,255.99710856521742
03/06/2025,6,107.53,250,409.56260869565216,0.0,255.99710856521742,0.0,255.99710856521742
03/06/2025,7,136.18,250,409.56260869565216,0.0,255.99710856521742,0.0,255.99710856521742
03/06/2025,8,131.33,250,409.56260869565216,0.0,255.99710856521742,0.0,255.99710856521742
03/06/2025,9,129.5,250,409.56260869565216,0.0,255.99710856521742,0.0,255.99710856521742
03/06/2025,10,126.53,250,409.56260869565216,0.0,255.99710856521742,0.0,255.99710856521742
03/06/2025,11,99.99,250,409.56260869565216,0.0,255.99710856521742,0.0,255.99710856521742
03/06/2025,12,89.0,250,409.56260869565216,0.0,255.99710856521742,0.0,255.99710856521742
03/06/2025,13,58.0,250,409.56260869565216,0.0,255.99710856521742,0.0,255.99710856521742
03/06/2025,14,55.53,250,409.56260869565216,0.0,255.99710856521742,0.0,255.99710856521742
03/06/2025,15,55.0,250,409.56260869565216,0.0,255.99710856521742,0.0,255.99710856521742
03/06/2025,16,84.55,250,409.56260869565216,0.0,255.99710856521742,0.0,255.99710856521742
03/06/2025,17,100.9,250,409.56260869565216,0.0,255.99710856521742,0.0,255.99710856521742
03/06/2025,18,107.83,250,409.56260869565216,0.0,255.99710856521742,0.0,255.99710856521742
03/06/2025,19,117.9,250,409.56260869565216,0.0,255.99710856521742,0.0,255.99710856521742
03/06/2025,20,141.62,250,409.56260869565216,0.0,255.99710856521742,0.0,255.99710856521742
03/06/2025,21,150.0,250,409.56260869565216,0.0,255.99710856521742,0.0,255.99710856521742
03/06/2025,22,141.0,250,409.56260869565216,0.0,255.99710856521742,0.0,255.99710856521742
03/06/2025,23,127.36,250,409.56260869565216,0.0,255.99710856521742,0.0,255.99710856521742
03/06/2025,24,117.51,250,409.56260869565216,0.0,255.99710856521742,0.0,255.99710856521742
04/06/2025,1,115.41,250,409.56260869565216,0.0,255.99710856521742,0.0,255.99710856521742
04/06/2025,2,106.46,250,409.56260869565216,0.0,255.99710856521742,0.0,255.99710856521742
04/06/2025,3,99.5,250,409.56260869565216,0.0,255.99710856521742,0.0,255.99710856521742
04/06/2025,4,92.3,250,409.56260869565216,0.0,255.99710856521742,0.0,255.99710856521742
04/06/2025,5,93.6,250,409.56260869565216,0.0,255.99710856521742,0.0,255.99710856521742
04/06/2025,6,98.77,250,409.56260869565216,0.0,255.99710856521742,0.0,255.99710856521742
04/06/2025,7,117.51,250,409.56260869565216,0.0,255.99710856521742,0.0,255.99710856521742
04/06/2025,8,136.2,250,409.56260869565216,0.0,255.99710856521742,0.0,255.99710856521742
04/06/2025,9,139.87,250,409.56260869565216,0.0,255.99710856521742,0.0,255.99710856521742
04/06/2025,10,127.29,250,409.56260869565216,0.0,255.99710856521742,0.0,255.99710856521742
04/06/2025,11,120.0,250,409.56260869565216,0.0,255.99710856521742,0.0,255.99710856521742
04/06/2025,12,117.51,250,409.56260869565216,0.0,255.99710856521742,0.0,255.99710856521742
04/06/2025,13,90.0,250,409.56260869565216,0.0,255.99710856521742,0.0,255.99710856521742
04/06/2025,14,95.21,250,409.56260869565216,0.0,255.99710856521742,0.0,255.99710856521742
04/06/2025,15,101.0,250,409.56260869565216,0.0,255.99710856521742,0.0,255.99710856521742
04/06/2025,16,104.54,250,409.56260869565216,0.0,255.99710856521742,0.0,255.99710856521742
04/06/2025,17,109.8,250,409.56260869565216,0.0,255.99710856521742,0.0,255.99710856521742
04/06/2025,18,125.0,250,409.56260869565216,0.0,255.99710856521742,0.0,255.99710856521742
04/06/2025,19,130.0,250,409.56260869565216,0.0,255.99710856521742,0.0,255.99710856521742
04/06/2025,20,142.11,250,409.56260869565216,0.0,255.99710856521742,0.0,255.99710856521742
04/06/2025,21,154.58,250,409.56260869565216,0.0,255.99710856521742,0.0,255.99710856521742
04/06/2025,22,139.87,250,409.56260869565216,0.0,255.99710856521742,0.0,255.99710856521742
04/06/2025,23,131.33,250,409.56260869565216,0.0,255.99710856521742,0.0,255.99710856521742
04/06/2025,24,115.86,250,409.56260869565216,0.0,255.99710856521742,0.0,255.99710856521742
05/06/2025,1,114.0,250,409.56260869565216,0.0,255.99710856521742,0.0,255.99710856521742
05/06/2025,2,112.0,250,409.56260869565216,0.0,255.99710856521742,0.0,255.99710856521742
05/06/2025,3,107.71,250,409.56260869565216,0.0,255.99710856521742,0.0,255.99710856521742
05/06/2025,4,105.42,250,409.56260869565216,0.0,255.99710856521742,0.0,255.99710856521742
05/06/2025,5,105.86,250,409.56260869565216,0.0,255.99710856521742,0.0,255.99710856521742
05/06/2025,6,111.13,250,409.56260869565216,0.0,255.99710856521742,0.0,255.99710856521742
05/06/2025,7,113.0,250,409.56260869565216,0.0,255.99710856521742,0.0,255.99710856521742
05/06/2025,8,129.04,250,409.56260869565216,0.0,255.99710856521742,0.0,255.99710856521742
05/06/2025,9,119.53,250,409.56260869565216,0.0,255.99710856521742,0.0,255.99710856521742
05/06/2025,10,116.1,250,409.56260869565216,0.0,255.99710856521742,0.0,255.99710856521742
05/06/2025,11,110.03,250,409.56260869565216,0.0,255.99710856521742,0.0,255.99710856521742
05/06/2025,12,105.0,250,409.56260869565216,0.0,255.99710856521742,0.0,255.99710856521742
05/06/2025,13,90.1,250,409.56260869565216,0.0,255.99710856521742,0.0,255.99710856521742
05/06/2025,14,89.0,250,409.56260869565216,0.0,255.99710856521742,0.0,255.99710856521742
05/06/2025,15,94.41,250,409.56260869565216,0.0,255.99710856521742,0.0,255.99710856521742
05/06/2025,16,98.02,250,409.56260869565216,0.0,255.99710856521742,0.0,255.99710856521742
05/06/2025,17,105.0,250,409.56260869565216,0.0,255.99710856521742,0.0,255.99710856521742
05/06/2025,18,114.57,250,409.56260869565216,0.0,255.99710856521742,0.0,255.99710856521742
05/06/2025,19,117.87,250,409.56260869565216,0.0,255.99710856521742,0.0,255.99710856521742
05/06/2025,20,123.49,250,409.56260869565216,0.0,255.99710856521742,0.0,255.99710856521742
05/06/2025,21,129.33,250,409.56260869565216,0.0,255.99710856521742,0.0,255.99710856521742
05/06/2025,22,127.82,250,409.56260869565216,0.0,255.99710856521742,0.0,255.99710856521742
05/06/2025,23,113.31,250,409.56260869565216,0.0,255.99710856521742,0.0,255.99710856521742
05/06/2025,24,108.68,250,409.56260869565216,0.0,255.99710856521742,0.0,255.99710856521742
06/06/2025,1,103.12,250,409.56260869565216,0.0,255.99710856521742,0.0,255.99710856521742
06/06/2025,2,97.38,250,409.56260869565216,0.0,255.99710856521742,0.0,255.99710856521742
06/06/2025,3,90.09,250,409.56260869565216,0.0,255.99710856521742,0.0,255.99710856521742
06/06/2025,4,89.21,250,409.56260869565216,0.0,255.99710856521742,0.0,255.99710856521742
06/06/2025,5,90.28,250,409.56260869565216,0.0,255.99710856521742,0.0,255.99710856521742
06/06/2025,6,97.6,250,409.56260869565216,0.0,255.99710856521742,0.0,255.99710856521742
06/06/2025,7,121.47,250,409.56260869565216,0.0,255.99710856521742,0.0,255.99710856521742
06/06/2025,8,149.07,250,409.56260869565216,0.0,255.99710856521742,0.0,255.99710856521742
06/06/2025,9,149.07,250,409.56260869565216,0.0,255.99710856521742,0.0,255.99710856521742
06/06/2025,10,134.53,250,409.56260869565216,0.0,255.99710856521742,0.0,255.99710856521742
06/06/2025,11,128.22,250,409.56260869565216,0.0,255.99710856521742,0.0,255.99710856521742
06/06/2025,12,111.09,250,409.56260869565216,0.0,255.99710856521742,0.0,255.99710856521742
06/06/2025,13,90.8,250,409.56260869565216,0.0,255.99710856521742,0.0,255.99710856521742
06/06/2025,14,89.85,250,409.56260869565216,0.0,255.99710856521742,0.0,255.99710856521742
06/06/2025,15,93.0,250,409.56260869565216,0.0,255.99710856521742,0.0,255.99710856521742
06/06/2025,16,95.0,250,409.56260869565216,0.0,255.99710856521742,0.0,255.99710856521742
06/06/2025,17,108.02,250,409.56260869565216,0.0,255.99710856521742,0.0,255.99710856521742
06/06/2025,18,115.02,250,409.56260869565216,0.0,255.99710856521742,0.0,255.99710856521742
06/06/2025,19,129.29,250,409.56260869565216,0.0,255.99710856521742,0.0,255.99710856521742
06/06/2025,20,136.49,250,409.56260869565216,0.0,255.99710856521742,0.0,255.99710856521742
06/06/2025,21,140.49,250,409.56260869565216,0.0,255.99710856521742,0.0,255.99710856521742
06/06/2025,22,133.0,250,409.56260869565216,0.0,255.99710856521742,0.0,255.99710856521742
06/06/2025,23,124.92,250,409.56260869565216,0.0,255.99710856521742,0.0,255.99710856521742
06/06/2025,24,108.02,250,409.56260869565216,0.0,255.99710856521742,0.0,255.99710856521742
07/06/2025,1,119.5,250,409.56260869565216,0.0,255.99710856521742,0.0,255.99710856521742
07/06/2025,2,110.0,250,409.56260869565216,0.0,255.99710856521742,0.0,255.99710856521742
07/06/2025,3,105.0,250,409.56260869565216,0.0,255.99710856521742,0.0,255.99710856521742
07/06/2025,4,100.0,250,409.56260869565216,0.0,255.99710856521742,0.0,255.99710856521742
07/06/2025,5,100.28,250,409.56260869565216,0.0,255.99710856521742,0.0,255.99710856521742
07/06/2025,6,91.55,250,409.56260869565216,0.0,255.99710856521742,0.0,255.99710856521742
07/06/2025,7,88.25,250,409.56260869565216,0.0,255.99710856521742,0.0,255.99710856521742
07/06/2025,8,86.4,250,409.56260869565216,0.0,255.99710856521742,0.0,255.99710856521742
07/06/2025,9,99.6,250,409.56260869565216,0.0,255.99710856521742,0.0,255.99710856521742
07/06/2025,10,95.0,250,409.56260869565216,0.0,255.99710856521742,0.0,255.99710856521742
07/06/2025,11,43.0,450,379.8566519202964,399.55380458080873,237.42940028278124,17.180813596974776,254.61021387975603
07/06/2025,12,28.43,450,379.8566519202964,399.55380458080873,237.42940028278124,11.359314664232393,248.78871494701363
07/06/2025,13,31.0,450,379.8566519202964,399.55380458080873,237.42940028278124,12.386167942005072,249.81556822478632
07/06/2025,14,27.0,450,379.8566519202964,399.55380458080873,237.42940028278124,10.787952723681837,248.21735300646307
07/06/2025,15,24.0,450,379.8566519202964,399.55380458080873,237.42940028278124,9.58929130993941,247.01869159272064
07/06/2025,16,27.0,450,379.8566519202964,399.55380458080873,237.42940028278124,10.787952723681837,248.21735300646307
07/06/2025,17,28.3,450,379.8566519202964,399.55380458080873,237.42940028278124,11.307372669636887,248.73677295241814
07/06/2025,18,75.02,250,409.56260869565216,0.0,255.99710856521742,0.0,255.99710856521742
07/06/2025,19,108.03,250,409.56260869565216,0.0,255.99710856521742,0.0,255.99710856521742
07/06/2025,20,125.6,250,409.56260869565216,0.0,255.99710856521742,0.0,255.99710856521742
07/06/2025,21,125.0,250,409.56260869565216,0.0,255.99710856521742,0.0,255.99710856521742
07/06/2025,22,125.0,250,409.56260869565216,0.0,255.99710856521742,0.0,255.99710856521742
07/06/2025,23,119.0,250,409.56260869565216,0.0,255.99710856521742,0.0,255.99710856521742
07/06/2025,24,101.65,250,409.56260869565216,0.0,255.99710856521742,0.0,255.99710856521742
08/06/2025,1,97.86,250,409.56260869565216,0.0,255.99710856521742,0.0,255.99710856521742
08/06/2025,2,89.4,250,409.56260869565216,0.0,255.99710856521742,0.0,255.99710856521742
08/06/2025,3,83.67,250,409.56260869565216,0.0,255.99710856521742,0.0,255.99710856521742
08/06/2025,4,79.69,250,409.56260869565216,0.0,255.99710856521742,0.0,255.99710856521742
08/06/2025,5,78.16,250,409.56260869565216,0.0,255.99710856521742,0.0,255.99710856521742
08/06/2025,6,86.7,250,409.56260869565216,0.0,255.99710856521742,0.0,255.99710856521742
08/06/2025,7,89.7,250,409.56260869565216,0.0,255.99710856521742,0.0,255.99710856521742
08/06/2025,8,93.99,250,409.56260869565216,0.0,255.99710856521742,0.0,255.99710856521742
08/06/2025,9,70.0,250,409.56260869565216,0.0,255.99710856521742,0.0,255.99710856521742
08/06/2025,10,39.5,450,379.8566519202964,399.55380458080873,237.42940028278124,15.782375280941945,253.2117755637232
08/06/2025,11,15.0,450,379.8566519202964,399.55380458080873,237.42940028278124,5.993307068712131,243.4227073514934
08/06/2025,12,10.0,450,379.8566519202964,399.55380458080873,237.42940028278124,3.9955380458080874,241.42493832858932
08/06/2025,13,10.0,450,379.8566519202964,399.55380458080873,237.42940028278124,3.9955380458080874,241.42493832858932
08/06/2025,14,10.0,450,379.8566519202964,399.55380458080873,237.42940028278124,3.9955380458080874,241.42493832858932
08/06/2025,15,10.0,450,379.8566519202964,399.55380458080873,237.42940028278124,3.9955380458080874,241.42493832858932
08/06/2025,16,10.0,450,379.8566519202964,399.55380458080873,237.42940028278124,3.9955380458080874,241.42493832858932
08/06/2025,17,8.65,450,379.8566519202964,399.55380458080873,237.42940028278124,3.4561404096239956,240.88554069240524
08/06/2025,18,54.67,250,409.56260869565216,0.0,255.99710856521742,0.0,255.99710856521742
08/06/2025,19,104.48,250,409.56260869565216,0.0,255.99710856521742,0.0,255.99710856521742
08/06/2025,20,131.28,250,409.56260869565216,0.0,255.99710856521742,0.0,255.99710856521742
08/06/2025,21,135.6,250,409.56260869565216,0.0,255.99710856521742,0.0,255.99710856521742
08/06/2025,22,132.07,250,409.56260869565216,0.0,255.99710856521742,0.0,255.99710856521742
08/06/2025,23,105.62,250,409.56260869565216,0.0,255.99710856521742,0.0,255.99710856521742
08/06/2025,24,86.93,250,409.56260869565216,0.0,255.99710856521742,0.0,255.99710856521742
09/06/2025,1,90.27,250,409.56260869565216,0.0,255.99710856521742,0.0,255.99710856521742
09/06/2025,2,79.25,250,409.56260869565216,0.0,255.99710856521742,0.0,255.99710856521742
09/06/2025,3,75.0,250,409.56260869565216,0.0,255.99710856521742,0.0,255.99710856521742
09/06/2025,4,59.08,250,409.56260869565216,0.0,255.99710856521742,0.0,255.99710856521742
09/06/2025,5,84.76,250,409.56260869565216,0.0,255.99710856521742,0.0,255.99710856521742
09/06/2025,6,86.97,250,409.56260869565216,0.0,255.99710856521742,0.0,255.99710856521742
09/06/2025,7,116.0,250,409.56260869565216,0.0,255.99710856521742,0.0,255.99710856521742
09/06/2025,8,148.87,250,409.56260869565216,0.0,255.99710856521742,0.0,255.99710856521742
09/06/2025,9,153.77,250,409.56260869565216,0.0,255.99710856521742,0.0,255.99710856521742
09/06/2025,10,119.5,250,409.56260869565216,0.0,255.99710856521742,0.0,255.99710856521742
09/06/2025,11,93.01,250,409.56260869565216,0.0,255.99710856521742,0.0,255.99710856521742
09/06/2025,12,59.67,250,409.56260869565216,0.0,255.99710856521742,0.0,255.99710856521742
09/06/2025,13,47.18,250,409.56260869565216,0.0,255.99710856521742,0.0,255.99710856521742
09/06/2025,14,60.85,250,409.56260869565216,0.0,255.99710856521742,0.0,255.99710856521742
09/06/2025,15,82.8,250,409.56260869565216,0.0,255.99710856521742,0.0,255.99710856521742
09/06/2025,16,60.0,250,409.56260869565216,0.0,255.99710856521742,0.0,255.99710856521742
09/06/2025,17,88.02,250,409.56260869565216,0.0,255.99710856521742,0.0,255.99710856521742
09/06/2025,18,104.2,250,409.56260869565216,0.0,255.99710856521742,0.0,255.99710856521742
09/06/2025,19,122.93,250,409.56260869565216,0.0,255.99710856521742,0.0,255.99710856521742
09/06/2025,20,136.49,250,409.56260869565216,0.0,255.99710856521742,0.0,255.99710856521742
09/06/2025,21,140.58,250,409.56260869565216,0.0,255.99710856521742,0.0,255.99710856521742
09/06/2025,22,135.0,250,409.56260869565216,0.0,255.99710856521742,0.0,255.99710856521742
09/06/2025,23,125.0,250,409.56260869565216,0.0,255.99710856521742,0.0,255.99710856521742
09/06/2025,24,114.03,250,409.56260869565216,0.0,255.99710856521742,0.0,255.99710856521742
10/06/2025,1,108.03,250,409.56260869565216,0.0,255.99710856521742,0.0,255.99710856521742
10/06/2025,2,102.75,250,409.56260869565216,0.0,255.99710856521742,0.0,255.99710856521742
10/06/2025,3,103.02,250,409.56260869565216,0.0,255.99710856521742,0.0,255.99710856521742
10/06/2025,4,102.02,250,409.56260869565216,0.0,255.99710856521742,0.0,255.99710856521742
10/06/2025,5,103.0,250,409.56260869565216,0.0,255.99710856521742,0.0,255.99710856521742
10/06/2025,6,101.72,250,409.56260869565216,0.0,255.99710856521742,0.0,255.99710856521742
10/06/2025,7,125.0,250,409.56260869565216,0.0,255.99710856521742,0.0,255.99710856521742
10/06/2025,8,132.52,250,409.56260869565216,0.0,255.99710856521742,0.0,255.99710856521742
10/06/2025,9,132.52,250,409.56260869565216,0.0,255.99710856521742,0.0,255.99710856521742
10/06/2025,10,114.66,250,409.56260869565216,0.0,255.99710856521742,0.0,255.99710856521742
10/06/2025,11,102.07,250,409.56260869565216,0.0,255.99710856521742,0.0,255.99710856521742
10/06/2025,12,89.67,250,409.56260869565216,0.0,255.99710856521742,0.0,255.99710856521742
10/06/2025,13,43.8,450,379.8566519202964,399.55380458080873,237.42940028278124,17.50045664063942,254.92985692342066
10/06/2025,14,62.67,250,409.56260869565216,0.0,255.99710856521742,0.0,255.99710856521742
10/06/2025,15,70.19,250,409.56260869565216,0.0,255.99710856521742,0.0,255.99710856521742
10/06/2025,16,88.15,250,409.56260869565216,0.0,255.99710856521742,0.0,255.99710856521742
10/06/2025,17,101.67,250,409.56260869565216,0.0,255.99710856521742,0.0,255.99710856521742
10/06/2025,18,107.9,250,409.56260869565216,0.0,255.99710856521742,0.0,255.99710856521742
10/06/2025,19,134.92,250,409.56260869565216,0.0,255.99710856521742,0.0,255.99710856521742
10/06/2025,20,153.64,250,409.56260869565216,0.0,255.99710856521742,0.0,255.99710856521742
10/06/2025,21,154.06,250,409.56260869565216,0.0,255.99710856521742,0.0,255.99710856521742
10/06/2025,22,143.35,250,409.56260869565216,0.0,255.99710856521742,0.0,255.99710856521742
10/06/2025,23,132.52,250,409.56260869565216,0.0,255.99710856521742,0.0,255.99710856521742
10/06/2025,24,125.0,250,409.56260869565216,0.0,255.99710856521742,0.0,255.99710856521742
11/06/2025,1,116.0,250,409.56260869565216,0.0,255.99710856521742,0.0,255.99710856521742
11/06/2025,2,108.86,250,409.56260869565216,0.0,255.99710856521742,0.0,255.99710856521742
11/06/2025,3,104.0,250,409.56260869565216,0.0,255.99710856521742,0.0,255.99710856521742
11/06/2025,4,102.38,250,409.56260869565216,0.0,255.99710856521742,0.0,255.99710856521742
11/06/2025,5,101.55,250,409.56260869565216,0.0,255.99710856521742,0.0,255.99710856521742
11/06/2025,6,102.3,250,409.56260869565216,0.0,255.99710856521742,0.0,255.99710856521742
11/06/2025,7,117.32,250,409.56260869565216,0.0,255.99710856521742,0.0,255.99710856521742
11/06/2025,8,127.18,250,409.56260869565216,0.0,255.99710856521742,0.0,255.99710856521742
11/06/2025,9,129.5,250,409.56260869565216,0.0,255.99710856521742,0.0,255.99710856521742
11/06/2025,10,118.0,250,409.56260869565216,0.0,255.99710856521742,0.0,255.99710856521742
11/06/2025,11,114.0,250,409.56260869565216,0.0,255.99710856521742,0.0,255.99710856521742
11/06/2025,12,114.0,250,409.56260869565216,0.0,255.99710856521742,0.0,255.99710856521742
11/06/2025,13,94.3,250,409.56260869565216,0.0,255.99710856521742,0.0,255.99710856521742
11/06/2025,14,90.0,250,409.56260869565216,0.0,255.99710856521742,0.0,255.99710856521742
11/06/2025,15,100.97,250,409.56260869565216,0.0,255.99710856521742,0.0,255.99710856521742
11/06/2025,16,108.15,250,409.56260869565216,0.0,255.99710856521742,0.0,255.99710856521742
11/06/2025,17,115.03,250,409.56260869565216,0.0,255.99710856521742,0.0,255.99710856521742
11/06/2025,18,124.56,250,409.56260869565216,0.0,255.99710856521742,0.0,255.99710856521742
11/06/2025,19,123.18,250,409.56260869565216,0.0,255.99710856521742,0.0,255.99710856521742
11/06/2025,20,141.81,250,409.56260869565216,0.0,255.99710856521742,0.0,255.99710856521742
11/06/2025,21,146.99,250,409.56260869565216,0.0,255.99710856521742,0.0,255.99710856521742
11/06/2025,22,131.18,250,409.56260869565216,0.0,255.99710856521742,0.0,255.99710856521742
11/06/2025,23,123.18,250,409.56260869565216,0.0,255.99710856521742,0.0,255.99710856521742
11/06/2025,24,109.15,250,409.56260869565216,0.0,255.99710856521742,0.0,255.99710856521742
12/06/2025,1,120.26,250,409.56260869565216,0.0,255.99710856521742,0.0,255.99710856521742
12/06/2025,2,107.83,250,409.56260869565216,0.0,255.99710856521742,0.0,255.99710856521742
12/06/2025,3,104.05,250,409.56260869565216,0.0,255.99710856521742,0.0,255.99710856521742
12/06/2025,4,104.0,250,409.56260869565216,0.0,255.99710856521742,0.0,255.99710856521742
12/06/2025,5,102.37,250,409.56260869565216,0.0,255.99710856521742,0.0,255.99710856521742
12/06/2025,6,106.1,250,409.56260869565216,0.0,255.99710856521742,0.0,255.99710856521742
12/06/2025,7,112.0,250,409.56260869565216,0.0,255.99710856521742,0.0,255.99710856521742
12/06/2025,8,125.63,250,409.56260869565216,0.0,255.99710856521742,0.0,255.99710856521742
12/06/2025,9,124.0,250,409.56260869565216,0.0,255.99710856521742,0.0,255.99710856521742
12/06/2025,10,114.82,250,409.56260869565216,0.0,255.99710856521742,0.0,255.99710856521742
12/06/2025,11,110.67,250,409.56260869565216,0.0,255.99710856521742,0.0,255.99710856521742
12/06/2025,12,104.0,250,409.56260869565216,0.0,255.99710856521742,0.0,255.99710856521742
12/06/2025,13,89.0,250,409.56260869565216,0.0,255.99710856521742,0.0,255.99710856521742
12/06/2025,14,87.14,250,409.56260869565216,0.0,255.99710856521742,0.0,255.99710856521742
12/06/2025,15,90.57,250,409.56260869565216,0.0,255.99710856521742,0.0,255.99710856521742
12/06/2025,16,103.23,250,409.56260869565216,0.0,255.99710856521742,0.0,255.99710856521742
12/06/2025,17,114.82,250,409.56260869565216,0.0,255.99710856521742,0.0,255.99710856521742
12/06/2025,18,112.62,250,409.56260869565216,0.0,255.99710856521742,0.0,255.99710856521742
12/06/2025,19,125.24,250,409.56260869565216,0.0,255.99710856521742,0.0,255.99710856521742
12/06/2025,20,147.8,250,409.56260869565216,0.0,255.99710856521742,0.0,255.99710856521742
12/06/2025,21,159.27,250,409.56260869565216,0.0,255.99710856521742,0.0,255.99710856521742
12/06/2025,22,135.0,250,409.56260869565216,0.0,255.99710856521742,0.0,255.99710856521742
12/06/2025,23,121.86,250,409.56260869565216,0.0,255.99710856521742,0.0,255.99710856521742
12/06/2025,24,113.52,250,409.56260869565216,0.0,255.99710856521742,0.0,255.99710856521742
13/06/2025,1,122.0,250,409.56260869565216,0.0,255.99710856521742,0.0,255.99710856521742
13/06/2025,2,112.51,250,409.56260869565216,0.0,255.99710856521742,0.0,255.99710856521742
13/06/2025,3,110.0,250,409.56260869565216,0.0,255.99710856521742,0.0,255.99710856521742
13/06/2025,4,104.4,250,409.56260869565216,0.0,255.99710856521742,0.0,255.99710856521742
13/06/2025,5,104.4,250,409.56260869565216,0.0,255.99710856521742,0.0,255.99710856521742
13/06/2025,6,105.72,250,409.56260869565216,0.0,255.99710856521742,0.0,255.99710856521742
13/06/2025,7,115.56,250,409.56260869565216,0.0,255.99710856521742,0.0,255.99710856521742
13/06/2025,8,124.96,250,409.56260869565216,0.0,255.99710856521742,0.0,255.99710856521742
13/06/2025,9,126.18,250,409.56260869565216,0.0,255.99710856521742,0.0,255.99710856521742
13/06/2025,10,124.96,250,409.56260869565216,0.0,255.99710856521742,0.0,255.99710856521742
13/06/2025,11,124.96,250,409.56260869565216,0.0,255.99710856521742,0.0,255.99710856521742
13/06/2025,12,113.16,250,409.56260869565216,0.0,255.99710856521742,0.0,255.99710856521742
13/06/2025,13,101.72,250,409.56260869565216,0.0,255.99710856521742,0.0,255.99710856521742
13/06/2025,14,98.0,250,409.56260869565216,0.0,255.99710856521742,0.0,255.99710856521742
13/06/2025,15,101.0,250,409.56260869565216,0.0,255.99710856521742,0.0,255.99710856521742
13/06/2025,16,101.68,250,409.56260869565216,0.0,255.99710856521742,0.0,255.99710856521742
13/06/2025,17,114.56,250,409.56260869565216,0.0,255.99710856521742,0.0,255.99710856521742
13/06/2025,18,114.56,250,409.56260869565216,0.0,255.99710856521742,0.0,255.99710856521742
13/06/2025,19,122.36,250,409.56260869565216,0.0,255.99710856521742,0.0,255.99710856521742
13/06/2025,20,135.0,250,409.56260869565216,0.0,255.99710856521742,0.0,255.99710856521742
13/06/2025,21,147.23,250,409.56260869565216,0.0,255.99710856521742,0.0,255.99710856521742
13/06/2025,22,129.96,250,409.56260869565216,0.0,255.99710856521742,0.0,255.99710856521742
13/06/2025,23,115.74,250,409.56260869565216,0.0,255.99710856521742,0.0,255.99710856521742
13/06/2025,24,115.16,250,409.56260869565216,0.0,255.99710856521742,0.0,255.99710856521742
14/06/2025,1,125.0,250,409.56260869565216,0.0,255.99710856521742,0.0,255.99710856521742
14/06/2025,2,120.0,250,409.56260869565216,0.0,255.99710856521742,0.0,255.99710856521742
14/06/2025,3,116.1,250,409.56260869565216,0.0,255.99710856521742,0.0,255.99710856521742
14/06/2025,4,107.97,250,409.56260869565216,0.0,255.99710856521742,0.0,255.99710856521742
14/06/2025,5,108.0,250,409.56260869565216,0.0,255.99710856521742,0.0,255.99710856521742
14/06/2025,6,107.92,250,409.56260869565216,0.0,255.99710856521742,0.0,255.99710856521742
14/06/2025,7,112.25,250,409.56260869565216,0.0,255.99710856521742,0.0,255.99710856521742
14/06/2025,8,120.03,250,409.56260869565216,0.0,255.99710856521742,0.0,255.99710856521742
14/06/2025,9,118.0,250,409.56260869565216,0.0,255.99710856521742,0.0,255.99710856521742
14/06/2025,10,113.14,250,409.56260869565216,0.0,255.99710856521742,0.0,255.99710856521742
14/06/2025,11,104.2,250,409.56260869565216,0.0,255.99710856521742,0.0,255.99710856521742
14/06/2025,12,97.1,250,409.56260869565216,0.0,255.99710856521742,0.0,255.99710856521742
14/06/2025,13,98.1,250,409.56260869565216,0.0,255.99710856521742,0.0,255.99710856521742
14/06/2025,14,88.7,250,409.56260869565216,0.0,255.99710856521742,0.0,255.99710856521742
14/06/2025,15,97.1,250,409.56260869565216,0.0,255.99710856521742,0.0,255.99710856521742
14/06/2025,16,104.4,250,409.56260869565216,0.0,255.99710856521742,0.0,255.99710856521742
14/06/2025,17,125.0,250,409.56260869565216,0.0,255.99710856521742,0.0,255.99710856521742
14/06/2025,18,127.77,250,409.56260869565216,0.0,255.99710856521742,0.0,255.99710856521742
14/06/2025,19,124.7,250,409.56260869565216,0.0,255.99710856521742,0.0,255.99710856521742
14/06/2025,20,133.62,250,409.56260869565216,0.0,255.99710856521742,0.0,255.99710856521742
14/06/2025,21,135.0,250,409.56260869565216,0.0,255.99710856521742,0.0,255.99710856521742
14/06/2025,22,131.62,250,409.56260869565216,0.0,255.99710856521742,0.0,255.99710856521742
14/06/2025,23,127.77,250,409.56260869565216,0.0,255.99710856521742,0.0,255.99710856521742
14/06/2025,24,119.39,250,409.56260869565216,0.0,255.99710856521742,0.0,255.99710856521742
15/06/2025,1,127.0,250,409.56260869565216,0.0,255.99710856521742,0.0,255.99710856521742
15/06/2025,2,130.0,250,409.56260869565216,0.0,255.99710856521742,0.0,255.99710856521742
15/06/2025,3,131.58,250,409.56260869565216,0.0,255.99710856521742,0.0,255.99710856521742
15/06/2025,4,128.4,250,409.56260869565216,0.0,255.99710856521742,0.0,255.99710856521742
15/06/2025,5,125.0,250,409.56260869565216,0.0,255.99710856521742,0.0,255.99710856521742
15/06/2025,6,125.0,250,409.56260869565216,0.0,255.99710856521742,0.0,255.99710856521742
15/06/2025,7,113.05,250,409.56260869565216,0.0,255.99710856521742,0.0,255.99710856521742
15/06/2025,8,105.0,250,409.56260869565216,0.0,255.99710856521742,0.0,255.99710856521742
15/06/2025,9,97.1,250,409.56260869565216,0.0,255.99710856521742,0.0,255.99710856521742
15/06/2025,10,97.1,250,409.56260869565216,0.0,255.99710856521742,0.0,255.99710856521742
15/06/2025,11,78.0,250,409.56260869565216,0.0,255.99710856521742,0.0,255.99710856521742
15/06/2025,12,89.07,250,409.56260869565216,0.0,255.99710856521742,0.0,255.99710856521742
15/06/2025,13,96.0,250,409.56260869565216,0.0,255.99710856521742,0.0,255.99710856521742
15/06/2025,14,90.5,250,409.56260869565216,0.0,255.99710856521742,0.0,255.99710856521742
15/06/2025,15,97.1,250,409.56260869565216,0.0,255.99710856521742,0.0,255.99710856521742
15/06/2025,16,101.0,250,409.56260869565216,0.0,255.99710856521742,0.0,255.99710856521742
15/06/2025,17,114.56,250,409.56260869565216,0.0,255.99710856521742,0.0,255.99710856521742
15/06/2025,18,113.05,250,409.56260869565216,0.0,255.99710856521742,0.0,255.99710856521742
15/06/2025,19,120.0,250,409.56260869565216,0.0,255.99710856521742,0.0,255.99710856521742
15/06/2025,20,136.0,250,409.56260869565216,0.0,255.99710856521742,0.0,255.99710856521742
15/06/2025,21,142.97,250,409.56260869565216,0.0,255.99710856521742,0.0,255.99710856521742
15/06/2025,22,137.75,250,409.56260869565216,0.0,255.99710856521742,0.0,255.99710856521742
15/06/2025,23,133.23,250,409.56260869565216,0.0,255.99710856521742,0.0,255.99710856521742
15/06/2025,24,124.0,250,409.56260869565216,0.0,255.99710856521742,0.0,255.99710856521742
16/06/2025,1,121.3,250,409.56260869565216,0.0,255.99710856521742,0.0,255.99710856521742
16/06/2025,2,119.13,250,409.56260869565216,0.0,255.99710856521742,0.0,255.99710856521742
16/06/2025,3,110.48,250,409.56260869565216,0.0,255.99710856521742,0.0,255.99710856521742
16/06/2025,4,116.03,250,409.56260869565216,0.0,255.99710856521742,0.0,255.99710856521742
16/06/2025,5,114.56,250,409.56260869565216,0.0,255.99710856521742,0.0,255.99710856521742
16/06/2025,6,115.0,250,409.56260869565216,0.0,255.99710856521742,0.0,255.99710856521742
16/06/2025,7,123.64,250,409.56260869565216,0.0,255.99710856521742,0.0,255.99710856521742
16/06/2025,8,130.2,250,409.56260869565216,0.0,255.99710856521742,0.0,255.99710856521742
16/06/2025,9,133.56,250,409.56260869565216,0.0,255.99710856521742,0.0,255.99710856521742
16/06/2025,10,133.56,250,409.56260869565216,0.0,255.99710856521742,0.0,255.99710856521742
16/06/2025,11,123.92,250,409.56260869565216,0.0,255.99710856521742,0.0,255.99710856521742
16/06/2025,12,118.4,250,409.56260869565216,0.0,255.99710856521742,0.0,255.99710856521742
16/06/2025,13,104.31,250,409.56260869565216,0.0,255.99710856521742,0.0,255.99710856521742
16/06/2025,14,104.31,250,409.56260869565216,0.0,255.99710856521742,0.0,255.99710856521742
16/06/2025,15,115.0,250,409.56260869565216,0.0,255.99710856521742,0.0,255.99710856521742
16/06/2025,16,123.92,250,409.56260869565216,0.0,255.99710856521742,0.0,255.99710856521742
16/06/2025,17,130.0,250,409.56260869565216,0.0,255.99710856521742,0.0,255.99710856521742
16/06/2025,18,123.92,250,409.56260869565216,0.0,255.99710856521742,0.0,255.99710856521742
16/06/2025,19,127.17,250,409.56260869565216,0.0,255.99710856521742,0.0,255.99710856521742
16/06/2025,20,133.4,250,409.56260869565216,0.0,255.99710856521742,0.0,255.99710856521742
16/06/2025,21,136.4,250,409.56260869565216,0.0,255.99710856521742,0.0,255.99710856521742
16/06/2025,22,135.0,250,409.56260869565216,0.0,255.99710856521742,0.0,255.99710856521742
16/06/2025,23,129.1,250,409.56260869565216,0.0,255.99710856521742,0.0,255.99710856521742
16/06/2025,24,123.92,250,409.56260869565216,0.0,255.99710856521742,0.0,255.99710856521742
17/06/2025,1,105.0,250,409.56260869565216,0.0,255.99710856521742,0.0,255.99710856521742
17/06/2025,2,101.9,250,409.56260869565216,0.0,255.99710856521742,0.0,255.99710856521742
17/06/2025,3,107.83,250,409.56260869565216,0.0,255.99710856521742,0.0,255.99710856521742
17/06/2025,4,105.61,250,409.56260869565216,0.0,255.99710856521742,0.0,255.99710856521742
17/06/2025,5,101.9,250,409.56260869565216,0.0,255.99710856521742,0.0,255.99710856521742
17/06/2025,6,104.25,250,409.56260869565216,0.0,255.99710856521742,0.0,255.99710856521742
17/06/2025,7,117.31,250,409.56260869565216,0.0,255.99710856521742,0.0,255.99710856521742
17/06/2025,8,134.26,250,409.56260869565216,0.0,255.99710856521742,0.0,255.99710856521742
17/06/2025,9,135.0,250,409.56260869565216,0.0,255.99710856521742,0.0,255.99710856521742
17/06/2025,10,134.26,250,409.56260869565216,0.0,255.99710856521742,0.0,255.99710856521742
17/06/2025,11,129.16,250,409.56260869565216,0.0,255.99710856521742,0.0,255.99710856521742
17/06/2025,12,120.0,250,409.56260869565216,0.0,255.99710856521742,0.0,255.99710856521742
17/06/2025,13,97.1,250,409.56260869565216,0.0,255.99710856521742,0.0,255.99710856521742
17/06/2025,14,93.0,250,409.56260869565216,0.0,255.99710856521742,0.0,255.99710856521742
17/06/2025,15,97.69,250,409.56260869565216,0.0,255.99710856521742,0.0,255.99710856521742
17/06/2025,16,104.91,250,409.56260869565216,0.0,255.99710856521742,0.0,255.99710856521742
17/06/2025,17,105.0,250,409.56260869565216,0.0,255.99710856521742,0.0,255.99710856521742
17/06/2025,18,106.49,250,409.56260869565216,0.0,255.99710856521742,0.0,255.99710856521742
17/06/2025,19,120.1,250,409.56260869565216,0.0,255.99710856521742,0.0,255.99710856521742
17/06/2025,20,130.0,250,409.56260869565216,0.0,255.99710856521742,0.0,255.99710856521742
17/06/2025,21,134.26,250,409.56260869565216,0.0,255.99710856521742,0.0,255.99710856521742
17/06/2025,22,122.65,250,409.56260869565216,0.0,255.99710856521742,0.0,255.99710856521742
17/06/2025,23,122.86,250,409.56260869565216,0.0,255.99710856521742,0.0,255.99710856521742
17/06/2025,24,116.1,250,409.56260869565216,0.0,255.99710856521742,0.0,255.99710856521742
18/06/2025,1,118.23,250,409.56260869565216,0.0,255.99710856521742,0.0,255.99710856521742
18/06/2025,2,111.94,250,409.56260869565216,0.0,255.99710856521742,0.0,255.99710856521742
18/06/2025,3,111.95,250,409.56260869565216,0.0,255.99710856521742,0.0,255.99710856521742
18/06/2025,4,110.83,250,409.56260869565216,0.0,255.99710856521742,0.0,255.99710856521742
18/06/2025,5,110.83,250,409.56260869565216,0.0,255.99710856521742,0.0,255.99710856521742
18/06/2025,6,108.9,250,409.56260869565216,0.0,255.99710856521742,0.0,255.99710856521742
18/06/2025,7,125.9,250,409.56260869565216,0.0,255.99710856521742,0.0,255.99710856521742
18/06/2025,8,140.0,250,409.56260869565216,0.0,255.99710856521742,0.0,255.99710856521742
18/06/2025,9,135.0,250,409.56260869565216,0.0,255.99710856521742,0.0,255.99710856521742
18/06/2025,10,122.96,250,409.56260869565216,0.0,255.99710856521742,0.0,255.99710856521742
18/06/2025,11,112.0,250,409.56260869565216,0.0,255.99710856521742,0.0,255.99710856521742
18/06/2025,12,105.78,250,409.56260869565216,0.0,255.99710856521742,0.0,255.99710856521742
18/06/2025,13,104.41,250,409.56260869565216,0.0,255.99710856521742,0.0,255.99710856521742
18/06/2025,14,107.0,250,409.56260869565216,0.0,255.99710856521742,0.0,255.99710856521742
18/06/2025,15,108.9,250,409.56260869565216,0.0,255.99710856521742,0.0,255.99710856521742
18/06/2025,16,106.49,250,409.56260869565216,0.0,255.99710856521742,0.0,255.99710856521742
18/06/2025,17,113.74,250,409.56260869565216,0.0,255.99710856521742,0.0,255.99710856521742
18/06/2025,18,117.15,250,409.56260869565216,0.0,255.99710856521742,0.0,255.99710856521742
18/06/2025,19,135.0,250,409.56260869565216,0.0,255.99710856521742,0.0,255.99710856521742
18/06/2025,20,146.11,250,409.56260869565216,0.0,255.99710856521742,0.0,255.99710856521742
18/06/2025,21,146.11,250,409.56260869565216,0.0,255.99710856521742,0.0,255.99710856521742
18/06/2025,22,140.73,250,409.56260869565216,0.0,255.99710856521742,0.0,255.99710856521742
18/06/2025,23,133.06,250,409.56260869565216,0.0,255.99710856521742,0.0,255.99710856521742
18/06/2025,24,121.0,250,409.56260869565216,0.0,255.99710856521742,0.0,255.99710856521742
19/06/2025,1,114.42,250,409.56260869565216,0.0,255.99710856521742,0.0,255.99710856521742
19/06/2025,2,110.16,250,409.56260869565216,0.0,255.99710856521742,0.0,255.99710856521742
19/06/2025,3,108.9,250,409.56260869565216,0.0,255.99710856521742,0.0,255.99710856521742
19/06/2025,4,103.2,250,409.56260869565216,0.0,255.99710856521742,0.0,255.99710856521742
19/06/2025,5,103.2,250,409.56260869565216,0.0,255.99710856521742,0.0,255.99710856521742
19/06/2025,6,103.2,250,409.56260869565216,0.0,255.99710856521742,0.0,255.99710856521742
19/06/2025,7,120.0,250,409.56260869565216,0.0,255.99710856521742,0.0,255.99710856521742
19/06/2025,8,132.9,250,409.56260869565216,0.0,255.99710856521742,0.0,255.99710856521742
19/06/2025,9,133.2,250,409.56260869565216,0.0,255.99710856521742,0.0,255.99710856521742
19/06/2025,10,125.0,250,409.56260869565216,0.0,255.99710856521742,0.0,255.99710856521742
19/06/2025,11,113.81,250,409.56260869565216,0.0,255.99710856521742,0.0,255.99710856521742
19/06/2025,12,108.5,250,409.56260869565216,0.0,255.99710856521742,0.0,255.99710856521742
19/06/2025,13,107.47,250,409.56260869565216,0.0,255.99710856521742,0.0,255.99710856521742
19/06/2025,14,108.5,250,409.56260869565216,0.0,255.99710856521742,0.0,255.99710856521742
19/06/2025,15,115.0,250,409.56260869565216,0.0,255.99710856521742,0.0,255.99710856521742
19/06/2025,16,127.0,250,409.56260869565216,0.0,255.99710856521742,0.0,255.99710856521742
19/06/2025,17,137.23,250,409.56260869565216,0.0,255.99710856521742,0.0,255.99710856521742
19/06/2025,18,134.8,250,409.56260869565216,0.0,255.99710856521742,0.0,255.99710856521742
19/06/2025,19,137.23,250,409.56260869565216,0.0,255.99710856521742,0.0,255.99710856521742
19/06/2025,20,140.0,250,409.56260869565216,0.0,255.99710856521742,0.0,255.99710856521742
19/06/2025,21,142.21,250,409.56260869565216,0.0,255.99710856521742,0.0,255.99710856521742
19/06/2025,22,140.0,250,409.56260869565216,0.0,255.99710856521742,0.0,255.99710856521742
19/06/2025,23,132.0,250,409.56260869565216,0.0,255.99710856521742,0.0,255.99710856521742
19/06/2025,24,125.66,250,409.56260869565216,0.0,255.99710856521742,0.0,255.99710856521742
20/06/2025,1,125.0,250,409.56260869565216,0.0,255.99710856521742,0.0,255.99710856521742
20/06/2025,2,116.38,250,409.56260869565216,0.0,255.99710856521742,0.0,255.99710856521742
20/06/2025,3,111.16,250,409.56260869565216,0.0,255.99710856521742,0.0,255.99710856521742
20/06/2025,4,108.0,250,409.56260869565216,0.0,255.99710856521742,0.0,255.99710856521742
20/06/2025,5,104.08,250,409.56260869565216,0.0,255.99710856521742,0.0,255.99710856521742
20/06/2025,6,109.29,250,409.56260869565216,0.0,255.99710856521742,0.0,255.99710856521742
20/06/2025,7,119.67,250,409.56260869565216,0.0,255.99710856521742,0.0,255.99710856521742
20/06/2025,8,120.0,250,409.56260869565216,0.0,255.99710856521742,0.0,255.99710856521742
20/06/2025,9,120.53,250,409.56260869565216,0.0,255.99710856521742,0.0,255.99710856521742
20/06/2025,10,113.25,250,409.56260869565216,0.0,255.99710856521742,0.0,255.99710856521742
20/06/2025,11,110.0,250,409.56260869565216,0.0,255.99710856521742,0.0,255.99710856521742
20/06/2025,12,104.81,250,409.56260869565216,0.0,255.99710856521742,0.0,255.99710856521742
20/06/2025,13,102.43,250,409.56260869565216,0.0,255.99710856521742,0.0,255.99710856521742
20/06/2025,14,102.02,250,409.56260869565216,0.0,255.99710856521742,0.0,255.99710856521742
20/06/2025,15,102.9,250,409.56260869565216,0.0,255.99710856521742,0.0,255.99710856521742
20/06/2025,16,112.35,250,409.56260869565216,0.0,255.99710856521742,0.0,255.99710856521742
20/06/2025,17,117.5,250,409.56260869565216,0.0,255.99710856521742,0.0,255.99710856521742
20/06/2025,18,117.54,250,409.56260869565216,0.0,255.99710856521742,0.0,255.99710856521742
20/06/2025,19,125.19,250,409.56260869565216,0.0,255.99710856521742,0.0,255.99710856521742
20/06/2025,20,135.72,250,409.56260869565216,0.0,255.99710856521742,0.0,255.99710856521742
20/06/2025,21,140.0,250,409.56260869565216,0.0,255.99710856521742,0.0,255.99710856521742
20/06/2025,22,142.18,250,409.56260869565216,0.0,255.99710856521742,0.0,255.99710856521742
20/06/2025,23,137.05,250,409.56260869565216,0.0,255.99710856521742,0.0,255.99710856521742
20/06/2025,24,121.38,250,409.56260869565216,0.0,255.99710856521742,0.0,255.99710856521742
21/06/2025,1,120.0,250,409.56260869565216,0.0,255.99710856521742,0.0,255.99710856521742
21/06/2025,2,112.47,250,409.56260869565216,0.0,255.99710856521742,0.0,255.99710856521742
21/06/2025,3,108.15,250,409.56260869565216,0.0,255.99710856521742,0.0,255.99710856521742
21/06/2025,4,107.89,250,409.56260869565216,0.0,255.99710856521742,0.0,255.99710856521742
21/06/2025,5,108.35,250,409.56260869565216,0.0,255.99710856521742,0.0,255.99710856521742
21/06/2025,6,108.0,250,409.56260869565216,0.0,255.99710856521742,0.0,255.99710856521742
21/06/2025,7,110.0,250,409.56260869565216,0.0,255.99710856521742,0.0,255.99710856521742
21/06/2025,8,116.68,250,409.56260869565216,0.0,255.99710856521742,0.0,255.99710856521742
21/06/2025,9,111.71,250,409.56260869565216,0.0,255.99710856521742,0.0,255.99710856521742
21/06/2025,10,97.1,250,409.56260869565216,0.0,255.99710856521742,0.0,255.99710856521742
21/06/2025,11,92.97,250,409.56260869565216,0.0,255.99710856521742,0.0,255.99710856521742
21/06/2025,12,97.1,250,409.56260869565216,0.0,255.99710856521742,0.0,255.99710856521742
21/06/2025,13,93.2,250,409.56260869565216,0.0,255.99710856521742,0.0,255.99710856521742
21/06/2025,14,81.71,250,409.56260869565216,0.0,255.99710856521742,0.0,255.99710856521742
21/06/2025,15,92.86,250,409.56260869565216,0.0,255.99710856521742,0.0,255.99710856521742
21/06/2025,16,97.1,250,409.56260869565216,0.0,255.99710856521742,0.0,255.99710856521742
21/06/2025,17,104.0,250,409.56260869565216,0.0,255.99710856521742,0.0,255.99710856521742
21/06/2025,18,115.45,250,409.56260869565216,0.0,255.99710856521742,0.0,255.99710856521742
21/06/2025,19,122.0,250,409.56260869565216,0.0,255.99710856521742,0.0,255.99710856521742
21/06/2025,20,133.44,250,409.56260869565216,0.0,255.99710856521742,0.0,255.99710856521742
21/06/2025,21,141.99,250,409.56260869565216,0.0,255.99710856521742,0.0,255.99710856521742
21/06/2025,22,138.99,250,409.56260869565216,0.0,255.99710856521742,0.0,255.99710856521742
21/06/2025,23,138.81,250,409.56260869565216,0.0,255.99710856521742,0.0,255.99710856521742
21/06/2025,24,127.0,250,409.56260869565216,0.0,255.99710856521742,0.0,255.99710856521742
22/06/2025,1,109.36,250,409.56260869565216,0.0,255.99710856521742,0.0,255.99710856521742
22/06/2025,2,100.92,250,409.56260869565216,0.0,255.99710856521742,0.0,255.99710856521742
22/06/2025,3,95.93,250,409.56260869565216,0.0,255.99710856521742,0.0,255.99710856521742
22/06/2025,4,93.39,250,409.56260869565216,0.0,255.99710856521742,0.0,255.99710856521742
22/06/2025,5,93.37,250,409.56260869565216,0.0,255.99710856521742,0.0,255.99710856521742
22/06/2025,6,93.37,250,409.56260869565216,0.0,255.99710856521742,0.0,255.99710856521742
22/06/2025,7,97.1,250,409.56260869565216,0.0,255.99710856521742,0.0,255.99710856521742
22/06/2025,8,107.38,250,409.56260869565216,0.0,255.99710856521742,0.0,255.99710856521742
22/06/2025,9,97.1,250,409.56260869565216,0.0,255.99710856521742,0.0,255.99710856521742
22/06/2025,10,97.93,250,409.56260869565216,0.0,255.99710856521742,0.0,255.99710856521742
22/06/2025,11,97.1,250,409.56260869565216,0.0,255.99710856521742,0.0,255.99710856521742
22/06/2025,12,92.87,250,409.56260869565216,0.0,255.99710856521742,0.0,255.99710856521742
22/06/2025,13,90.0,250,409.56260869565216,0.0,255.99710856521742,0.0,255.99710856521742
22/06/2025,14,70.03,250,409.56260869565216,0.0,255.99710856521742,0.0,255.99710856521742
22/06/2025,15,60.0,250,409.56260869565216,0.0,255.99710856521742,0.0,255.99710856521742
22/06/2025,16,92.89,250,409.56260869565216,0.0,255.99710856521742,0.0,255.99710856521742
22/06/2025,17,95.07,250,409.56260869565216,0.0,255.99710856521742,0.0,255.99710856521742
22/06/2025,18,97.1,250,409.56260869565216,0.0,255.99710856521742,0.0,255.99710856521742
22/06/2025,19,121.0,250,409.56260869565216,0.0,255.99710856521742,0.0,255.99710856521742
22/06/2025,20,132.54,250,409.56260869565216,0.0,255.99710856521742,0.0,255.99710856521742
22/06/2025,21,140.0,250,409.56260869565216,0.0,255.99710856521742,0.0,255.99710856521742
22/06/2025,22,135.4,250,409.56260869565216,0.0,255.99710856521742,0.0,255.99710856521742
22/06/2025,23,127.45,250,409.56260869565216,0.0,255.99710856521742,0.0,255.99710856521742
22/06/2025,24,120.0,250,409.56260869565216,0.0,255.99710856521742,0.0,255.99710856521742
23/06/2025,1,117.28,250,409.56260869565216,0.0,255.99710856521742,0.0,255.99710856521742
23/06/2025,2,114.5,250,409.56260869565216,0.0,255.99710856521742,0.0,255.99710856521742
23/06/2025,3,104.09,250,409.56260869565216,0.0,255.99710856521742,0.0,255.99710856521742
23/06/2025,4,110.21,250,409.56260869565216,0.0,255.99710856521742,0.0,255.99710856521742
23/06/2025,5,114.21,250,409.56260869565216,0.0,255.99710856521742,0.0,255.99710856521742
23/06/2025,6,117.5,250,409.56260869565216,0.0,255.99710856521742,0.0,255.99710856521742
23/06/2025,7,131.29,250,409.56260869565216,0.0,255.99710856521742,0.0,255.99710856521742
23/06/2025,8,144.0,250,409.56260869565216,0.0,255.99710856521742,0.0,255.99710856521742
23/06/2025,9,168.35,250,409.56260869565216,0.0,255.99710856521742,0.0,255.99710856521742
23/06/2025,10,153.37,250,409.56260869565216,0.0,255.99710856521742,0.0,255.99710856521742
23/06/2025,11,133.0,250,409.56260869565216,0.0,255.99710856521742,0.0,255.99710856521742
23/06/2025,12,132.87,250,409.56260869565216,0.0,255.99710856521742,0.0,255.99710856521742
23/06/2025,13,132.87,250,409.56260869565216,0.0,255.99710856521742,0.0,255.99710856521742
23/06/2025,14,133.0,250,409.56260869565216,0.0,255.99710856521742,0.0,255.99710856521742
23/06/2025,15,135.0,250,409.56260869565216,0.0,255.99710856521742,0.0,255.99710856521742
23/06/2025,16,133.86,250,409.56260869565216,0.0,255.99710856521742,0.0,255.99710856521742
23/06/2025,17,143.99,250,409.56260869565216,0.0,255.99710856521742,0.0,255.99710856521742
23/06/2025,18,139.0,250,409.56260869565216,0.0,255.99710856521742,0.0,255.99710856521742
23/06/2025,19,153.37,250,409.56260869565216,0.0,255.99710856521742,0.0,255.99710856521742
23/06/2025,20,163.01,250,409.56260869565216,0.0,255.99710856521742,0.0,255.99710856521742
23/06/2025,21,159.43,250,409.56260869565216,0.0,255.99710856521742,0.0,255.99710856521742
23/06/2025,22,153.37,250,409.56260869565216,0.0,255.99710856521742,0.0,255.99710856521742
23/06/2025,23,133.0,250,409.56260869565216,0.0,255.99710856521742,0.0,255.99710856521742
23/06/2025,24,132.87,250,409.56260869565216,0.0,255.99710856521742,0.0,255.99710856521742
24/06/2025,1,132.22,250,409.56260869565216,0.0,255.99710856521742,0.0,255.99710856521742
24/06/2025,2,123.54,250,409.56260869565216,0.0,255.99710856521742,0.0,255.99710856521742
24/06/2025,3,120.15,250,409.56260869565216,0.0,255.99710856521742,0.0,255.99710856521742
24/06/2025,4,119.77,250,409.56260869565216,0.0,255.99710856521742,0.0,255.99710856521742
24/06/2025,5,119.77,250,409.56260869565216,0.0,255.99710856521742,0.0,255.99710856521742
24/06/2025,6,119.77,250,409.56260869565216,0.0,255.99710856521742,0.0,255.99710856521742
24/06/2025,7,123.54,250,409.56260869565216,0.0,255.99710856521742,0.0,255.99710856521742
24/06/2025,8,132.22,250,409.56260869565216,0.0,255.99710856521742,0.0,255.99710856521742
24/06/2025,9,133.88,250,409.56260869565216,0.0,255.99710856521742,0.0,255.99710856521742
24/06/2025,10,132.22,250,409.56260869565216,0.0,255.99710856521742,0.0,255.99710856521742
24/06/2025,11,130.0,250,409.56260869565216,0.0,255.99710856521742,0.0,255.99710856521742
24/06/2025,12,123.07,250,409.56260869565216,0.0,255.99710856521742,0.0,255.99710856521742
24/06/2025,13,122.71,250,409.56260869565216,0.0,255.99710856521742,0.0,255.99710856521742
24/06/2025,14,121.21,250,409.56260869565216,0.0,255.99710856521742,0.0,255.99710856521742
24/06/2025,15,123.67,250,409.56260869565216,0.0,255.99710856521742,0.0,255.99710856521742
24/06/2025,16,129.14,250,409.56260869565216,0.0,255.99710856521742,0.0,255.99710856521742
24/06/2025,17,125.0,250,409.56260869565216,0.0,255.99710856521742,0.0,255.99710856521742
24/06/2025,18,132.22,250,409.56260869565216,0.0,255.99710856521742,0.0,255.99710856521742
24/06/2025,19,145.0,250,409.56260869565216,0.0,255.99710856521742,0.0,255.99710856521742
24/06/2025,20,155.59,250,409.56260869565216,0.0,255.99710856521742,0.0,255.99710856521742
24/06/2025,21,157.96,250,409.56260869565216,0.0,255.99710856521742,0.0,255.99710856521742
24/06/2025,22,161.0,250,409.56260869565216,0.0,255.99710856521742,0.0,255.99710856521742
24/06/2025,23,154.44,250,409.56260869565216,0.0,255.99710856521742,0.0,255.99710856521742
24/06/2025,24,144.26,250,409.56260869565216,0.0,255.99710856521742,0.0,255.99710856521742
25/06/2025,1,123.05,250,409.56260869565216,0.0,255.99710856521742,0.0,255.99710856521742
25/06/2025,2,124.04,250,409.56260869565216,0.0,255.99710856521742,0.0,255.99710856521742
25/06/2025,3,119.7,250,409.56260869565216,0.0,255.99710856521742,0.0,255.99710856521742
25/06/2025,4,119.63,250,409.56260869565216,0.0,255.99710856521742,0.0,255.99710856521742
25/06/2025,5,119.63,250,409.56260869565216,0.0,255.99710856521742,0.0,255.99710856521742
25/06/2025,6,124.04,250,409.56260869565216,0.0,255.99710856521742,0.0,255.99710856521742
25/06/2025,7,123.0,250,409.56260869565216,0.0,255.99710856521742,0.0,255.99710856521742
25/06/2025,8,124.04,250,409.56260869565216,0.0,255.99710856521742,0.0,255.99710856521742
25/06/2025,9,125.0,250,409.56260869565216,0.0,255.99710856521742,0.0,255.99710856521742
25/06/2025,10,123.0,250,409.56260869565216,0.0,255.99710856521742,0.0,255.99710856521742
25/06/2025,11,115.66,250,409.56260869565216,0.0,255.99710856521742,0.0,255.99710856521742
25/06/2025,12,112.54,250,409.56260869565216,0.0,255.99710856521742,0.0,255.99710856521742
25/06/2025,13,112.24,250,409.56260869565216,0.0,255.99710856521742,0.0,255.99710856521742
25/06/2025,14,111.15,250,409.56260869565216,0.0,255.99710856521742,0.0,255.99710856521742
25/06/2025,15,114.39,250,409.56260869565216,0.0,255.99710856521742,0.0,255.99710856521742
25/06/2025,16,114.6,250,409.56260869565216,0.0,255.99710856521742,0.0,255.99710856521742
25/06/2025,17,120.65,250,409.56260869565216,0.0,255.99710856521742,0.0,255.99710856521742
25/06/2025,18,120.2,250,409.56260869565216,0.0,255.99710856521742,0.0,255.99710856521742
25/06/2025,19,140.5,250,409.56260869565216,0.0,255.99710856521742,0.0,255.99710856521742
25/06/2025,20,152.0,250,409.56260869565216,0.0,255.99710856521742,0.0,255.99710856521742
25/06/2025,21,161.0,250,409.56260869565216,0.0,255.99710856521742,0.0,255.99710856521742
25/06/2025,22,163.99,250,409.56260869565216,0.0,255.99710856521742,0.0,255.99710856521742
25/06/2025,23,155.0,250,409.56260869565216,0.0,255.99710856521742,0.0,255.99710856521742
25/06/2025,24,129.86,250,409.56260869565216,0.0,255.99710856521742,0.0,255.99710856521742
26/06/2025,1,119.95,250,409.56260869565216,0.0,255.99710856521742,0.0,255.99710856521742
26/06/2025,2,111.59,250,409.56260869565216,0.0,255.99710856521742,0.0,255.99710856521742
26/06/2025,3,111.0,250,409.56260869565216,0.0,255.99710856521742,0.0,255.99710856521742
26/06/2025,4,114.69,250,409.56260869565216,0.0,255.99710856521742,0.0,255.99710856521742
26/06/2025,5,114.05,250,409.56260869565216,0.0,255.99710856521742,0.0,255.99710856521742
26/06/2025,6,114.09,250,409.56260869565216,0.0,255.99710856521742,0.0,255.99710856521742
26/06/2025,7,117.67,250,409.56260869565216,0.0,255.99710856521742,0.0,255.99710856521742
26/06/2025,8,121.51,250,409.56260869565216,0.0,255.99710856521742,0.0,255.99710856521742
26/06/2025,9,129.82,250,409.56260869565216,0.0,255.99710856521742,0.0,255.99710856521742
26/06/2025,10,119.7,250,409.56260869565216,0.0,255.99710856521742,0.0,255.99710856521742
26/06/2025,11,116.85,250,409.56260869565216,0.0,255.99710856521742,0.0,255.99710856521742
26/06/2025,12,115.16,250,409.56260869565216,0.0,255.99710856521742,0.0,255.99710856521742
26/06/2025,13,113.99,250,409.56260869565216,0.0,255.99710856521742,0.0,255.99710856521742
26/06/2025,14,113.87,250,409.56260869565216,0.0,255.99710856521742,0.0,255.99710856521742
26/06/2025,15,115.48,250,409.56260869565216,0.0,255.99710856521742,0.0,255.99710856521742
26/06/2025,16,115.0,250,409.56260869565216,0.0,255.99710856521742,0.0,255.99710856521742
26/06/2025,17,117.03,250,409.56260869565216,0.0,255.99710856521742,0.0,255.99710856521742
26/06/2025,18,117.41,250,409.56260869565216,0.0,255.99710856521742,0.0,255.99710856521742
26/06/2025,19,134.95,250,409.56260869565216,0.0,255.99710856521742,0.0,255.99710856521742
26/06/2025,20,152.0,250,409.56260869565216,0.0,255.99710856521742,0.0,255.99710856521742
26/06/2025,21,146.0,250,409.56260869565216,0.0,255.99710856521742,0.0,255.99710856521742
26/06/2025,22,145.0,250,409.56260869565216,0.0,255.99710856521742,0.0,255.99710856521742
26/06/2025,23,134.0,250,409.56260869565216,0.0,255.99710856521742,0.0,255.99710856521742
26/06/2025,24,129.0,250,409.56260869565216,0.0,255.99710856521742,0.0,255.99710856521742
27/06/2025,1,117.01,250,409.56260869565216,0.0,255.99710856521742,0.0,255.99710856521742
27/06/2025,2,114.28,250,409.56260869565216,0.0,255.99710856521742,0.0,255.99710856521742
27/06/2025,3,113.67,250,409.56260869565216,0.0,255.99710856521742,0.0,255.99710856521742
27/06/2025,4,113.23,250,409.56260869565216,0.0,255.99710856521742,0.0,255.99710856521742
27/06/2025,5,113.04,250,409.56260869565216,0.0,255.99710856521742,0.0,255.99710856521742
27/06/2025,6,112.28,250,409.56260869565216,0.0,255.99710856521742,0.0,255.99710856521742
27/06/2025,7,114.28,250,409.56260869565216,0.0,255.99710856521742,0.0,255.99710856521742
27/06/2025,8,119.02,250,409.56260869565216,0.0,255.99710856521742,0.0,255.99710856521742
27/06/2025,9,116.18,250,409.56260869565216,0.0,255.99710856521742,0.0,255.99710856521742
27/06/2025,10,117.11,250,409.56260869565216,0.0,255.99710856521742,0.0,255.99710856521742
27/06/2025,11,115.0,250,409.56260869565216,0.0,255.99710856521742,0.0,255.99710856521742
27/06/2025,12,112.44,250,409.56260869565216,0.0,255.99710856521742,0.0,255.99710856521742
27/06/2025,13,104.38,250,409.56260869565216,0.0,255.99710856521742,0.0,255.99710856521742
27/06/2025,14,103.76,250,409.56260869565216,0.0,255.99710856521742,0.0,255.99710856521742
27/06/2025,15,104.0,250,409.56260869565216,0.0,255.99710856521742,0.0,255.99710856521742
27/06/2025,16,107.77,250,409.56260869565216,0.0,255.99710856521742,0.0,255.99710856521742
27/06/2025,17,115.0,250,409.56260869565216,0.0,255.99710856521742,0.0,255.99710856521742
27/06/2025,18,115.81,250,409.56260869565216,0.0,255.99710856521742,0.0,255.99710856521742
27/06/2025,19,123.14,250,409.56260869565216,0.0,255.99710856521742,0.0,255.99710856521742
27/06/2025,20,145.0,250,409.56260869565216,0.0,255.99710856521742,0.0,255.99710856521742
27/06/2025,21,148.56,250,409.56260869565216,0.0,255.99710856521742,0.0,255.99710856521742
27/06/2025,22,142.55,250,409.56260869565216,0.0,255.99710856521742,0.0,255.99710856521742
27/06/2025,23,130.05,250,409.56260869565216,0.0,255.99710856521742,0.0,255.99710856521742
27/06/2025,24,117.0,250,409.56260869565216,0.0,255.99710856521742,0.0,255.99710856521742
28/06/2025,1,112.98,250,409.56260869565216,0.0,255.99710856521742,0.0,255.99710856521742
28/06/2025,2,109.49,250,409.56260869565216,0.0,255.99710856521742,0.0,255.99710856521742
28/06/2025,3,107.52,250,409.56260869565216,0.0,255.99710856521742,0.0,255.99710856521742
28/06/2025,4,106.55,250,409.56260869565216,0.0,255.99710856521742,0.0,255.99710856521742
28/06/2025,5,102.59,250,409.56260869565216,0.0,255.99710856521742,0.0,255.99710856521742
28/06/2025,6,99.5,250,409.56260869565216,0.0,255.99710856521742,0.0,255.99710856521742
28/06/2025,7,97.1,250,409.56260869565216,0.0,255.99710856521742,0.0,255.99710856521742
28/06/2025,8,97.1,250,409.56260869565216,0.0,255.99710856521742,0.0,255.99710856521742
28/06/2025,9,90.64,250,409.56260869565216,0.0,255.99710856521742,0.0,255.99710856521742
28/06/2025,10,80.14,250,409.56260869565216,0.0,255.99710856521742,0.0,255.99710856521742
28/06/2025,11,75.0,250,409.56260869565216,0.0,255.99710856521742,0.0,255.99710856521742
28/06/2025,12,81.85,250,409.56260869565216,0.0,255.99710856521742,0.0,255.99710856521742
28/06/2025,13,75.0,250,409.56260869565216,0.0,255.99710856521742,0.0,255.99710856521742
28/06/2025,14,71.0,250,409.56260869565216,0.0,255.99710856521742,0.0,255.99710856521742
28/06/2025,15,75.0,250,409.56260869565216,0.0,255.99710856521742,0.0,255.99710856521742
28/06/2025,16,61.0,250,409.56260869565216,0.0,255.99710856521742,0.0,255.99710856521742
28/06/2025,17,73.03,250,409.56260869565216,0.0,255.99710856521742,0.0,255.99710856521742
28/06/2025,18,102.66,250,409.56260869565216,0.0,255.99710856521742,0.0,255.99710856521742
28/06/2025,19,108.44,250,409.56260869565216,0.0,255.99710856521742,0.0,255.99710856521742
28/06/2025,20,122.6,250,409.56260869565216,0.0,255.99710856521742,0.0,255.99710856521742
28/06/2025,21,131.93,250,409.56260869565216,0.0,255.99710856521742,0.0,255.99710856521742
28/06/2025,22,130.0,250,409.56260869565216,0.0,255.99710856521742,0.0,255.99710856521742
28/06/2025,23,120.38,250,409.56260869565216,0.0,255.99710856521742,0.0,255.99710856521742
28/06/2025,24,116.3,250,409.56260869565216,0.0,255.99710856521742,0.0,255.99710856521742
29/06/2025,1,111.32,250,409.56260869565216,0.0,255.99710856521742,0.0,255.99710856521742
29/06/2025,2,105.1,250,409.56260869565216,0.0,255.99710856521742,0.0,255.99710856521742
29/06/2025,3,102.65,250,409.56260869565216,0.0,255.99710856521742,0.0,255.99710856521742
29/06/2025,4,105.0,250,409.56260869565216,0.0,255.99710856521742,0.0,255.99710856521742
29/06/2025,5,104.18,250,409.56260869565216,0.0,255.99710856521742,0.0,255.99710856521742
29/06/2025,6,102.17,250,409.56260869565216,0.0,255.99710856521742,0.0,255.99710856521742
29/06/2025,7,99.19,250,409.56260869565216,0.0,255.99710856521742,0.0,255.99710856521742
29/06/2025,8,94.69,250,409.56260869565216,0.0,255.99710856521742,0.0,255.99710856521742
29/06/2025,9,47.4,250,409.56260869565216,0.0,255.99710856521742,0.0,255.99710856521742
29/06/2025,10,12.64,450,379.8566519202964,399.55380458080873,237.42940028278124,5.050360089901423,242.47976037268268
29/06/2025,11,11.47,450,379.8566519202964,399.55380458080873,237.42940028278124,4.582882138541876,242.0122824213231
29/06/2025,12,16.03,450,379.8566519202964,399.55380458080873,237.42940028278124,6.404847487430365,243.83424777021162
29/06/2025,13,30.5,450,379.8566519202964,399.55380458080873,237.42940028278124,12.186391039714668,249.6157913224959
29/06/2025,14,27.03,450,379.8566519202964,399.55380458080873,237.42940028278124,10.79993933781926,248.2293396206005
29/06/2025,15,28.0,450,379.8566519202964,399.55380458080873,237.42940028278124,11.187506528262645,248.6169068110439
29/06/2025,16,21.09,450,379.8566519202964,399.55380458080873,237.42940028278124,8.426589738609257,245.8559900213905
29/06/2025,17,37.03,450,379.8566519202964,399.55380458080873,237.42940028278124,14.795477383627349,252.2248776664086
29/06/2025,18,97.5,250,409.56260869565216,0.0,255.99710856521742,0.0,255.99710856521742
29/06/2025,19,114.6,250,409.56260869565216,0.0,255.99710856521742,0.0,255.99710856521742
29/06/2025,20,129.07,250,409.56260869565216,0.0,255.99710856521742,0.0,255.99710856521742
29/06/2025,21,136.75,250,409.56260869565216,0.0,255.99710856521742,0.0,255.99710856521742
29/06/2025,22,136.09,250,409.56260869565216,0.0,255.99710856521742,0.0,255.99710856521742
29/06/2025,23,127.7,250,409.56260869565216,0.0,255.99710856521742,0.0,255.99710856521742
29/06/2025,24,124.13,250,409.56260869565216,0.0,255.99710856521742,0.0,255.99710856521742
30/06/2025,1,115.06,250,409.56260869565216,0.0,255.99710856521742,0.0,255.99710856521742
30/06/2025,2,110.0,250,409.56260869565216,0.0,255.99710856521742,0.0,255.99710856521742
30/06/2025,3,108.43,250,409.56260869565216,0.0,255.99710856521742,0.0,255.99710856521742
30/06/2025,4,105.0,250,409.56260869565216,0.0,255.99710856521742,0.0,255.99710856521742
30/06/2025,5,101.7,250,409.56260869565216,0.0,255.99710856521742,0.0,255.99710856521742
30/06/2025,6,108.43,250,409.56260869565216,0.0,255.99710856521742,0.0,255.99710856521742
30/06/2025,7,112.31,250,409.56260869565216,0.0,255.99710856521742,0.0,255.99710856521742
30/06/2025,8,111.68,250,409.56260869565216,0.0,255.99710856521742,0.0,255.99710856521742
30/06/2025,9,113.85,250,409.56260869565216,0.0,255.99710856521742,0.0,255.99710856521742
30/06/2025,10,113.37,250,409.56260869565216,0.0,255.99710856521742,0.0,255.99710856521742
30/06/2025,11,109.53,250,409.56260869565216,0.0,255.99710856521742,0.0,255.99710856521742
30/06/2025,12,108.88,250,409.56260869565216,0.0,255.99710856521742,0.0,255.99710856521742
30/06/2025,13,107.36,250,409.56260869565216,0.0,255.99710856521742,0.0,255.99710856521742
30/06/2025,14,108.43,250,409.56260869565216,0.0,255.99710856521742,0.0,255.99710856521742
30/06/2025,15,110.05,250,409.56260869565216,0.0,255.99710856521742,0.0,255.99710856521742
30/06/2025,16,111.24,250,409.56260869565216,0.0,255.99710856521742,0.0,255.99710856521742
30/06/2025,17,120.38,250,409.56260869565216,0.0,255.99710856521742,0.0,255.99710856521742
30/06/2025,18,120.5,250,409.56260869565216,0.0,255.99710856521742,0.0,255.99710856521742
30/06/2025,19,120.44,250,409.56260869565216,0.0,255.99710856521742,0.0,255.99710856521742
30/06/2025,20,178.94,250,409.56260869565216,0.0,255.99710856521742,0.0,255.99710856521742
30/06/2025,21,185.0,250,409.56260869565216,0.0,255.99710856521742,0.0,255.99710856521742
30/06/2025,22,175.01,250,409.56260869565216,0.0,255.99710856521742,0.0,255.99710856521742
30/06/2025,23,157.0,250,409.56260869565216,0.0,255.99710856521742,0.0,255.99710856521742
30/06/2025,24,122.65,250,409.56260869565216,0.0,255.99710856521742,0.0,255.99710856521742
01/07/2025,1,114.53,250,409.56260869565216,0.0,255.99710856521742,0.0,255.99710856521742
01/07/2025,2,108.49,250,409.56260869565216,0.0,255.99710856521742,0.0,255.99710856521742
01/07/2025,3,108.0,250,409.56260869565216,0.0,255.99710856521742,0.0,255.99710856521742
01/07/2025,4,101.27,250,409.56260869565216,0.0,255.99710856521742,0.0,255.99710856521742
01/07/2025,5,103.2,250,409.56260869565216,0.0,255.99710856521742,0.0,255.99710856521742
01/07/2025,6,105.0,250,409.56260869565216,0.0,255.99710856521742,0.0,255.99710856521742
01/07/2025,7,114.97,250,409.56260869565216,0.0,255.99710856521742,0.0,255.99710856521742
01/07/2025,8,120.06,250,409.56260869565216,0.0,255.99710856521742,0.0,255.99710856521742
01/07/2025,9,117.24,250,409.56260869565216,0.0,255.99710856521742,0.0,255.99710856521742
01/07/2025,10,118.81,250,409.56260869565216,0.0,255.99710856521742,0.0,255.99710856521742
01/07/2025,11,112.33,250,409.56260869565216,0.0,255.99710856521742,0.0,255.99710856521742
01/07/2025,12,115.0,250,409.56260869565216,0.0,255.99710856521742,0.0,255.99710856521742
01/07/2025,13,114.46,250,409.56260869565216,0.0,255.99710856521742,0.0,255.99710856521742
01/07/2025,14,114.82,250,409.56260869565216,0.0,255.99710856521742,0.0,255.99710856521742
01/07/2025,15,119.68,250,409.56260869565216,0.0,255.99710856521742,0.0,255.99710856521742
01/07/2025,16,118.78,250,409.56260869565216,0.0,255.99710856521742,0.0,255.99710856521742
01/07/2025,17,118.81,250,409.56260869565216,0.0,255.99710856521742,0.0,255.99710856521742
01/07/2025,18,115.0,250,409.56260869565216,0.0,255.99710856521742,0.0,255.99710856521742
01/07/2025,19,150.0,250,409.56260869565216,0.0,255.99710856521742,0.0,255.99710856521742
01/07/2025,20,223.54,250,409.56260869565216,0.0,255.99710856521742,0.0,255.99710856521742
01/07/2025,21,235.0,250,409.56260869565216,0.0,255.99710856521742,0.0,255.99710856521742
01/07/2025,22,215.0,250,409.56260869565216,0.0,255.99710856521742,0.0,255.99710856521742
01/07/2025,23,199.3,250,409.56260869565216,0.0,255.99710856521742,0.0,255.99710856521742
01/07/2025,24,129.78,250,409.56260869565216,0.0,255.99710856521742,0.0,255.99710856521742
02/07/2025,1,119.29,250,409.56260869565216,0.0,255.99710856521742,0.0,255.99710856521742
02/07/2025,2,113.97,250,409.56260869565216,0.0,255.99710856521742,0.0,255.99710856521742
02/07/2025,3,112.83,250,409.56260869565216,0.0,255.99710856521742,0.0,255.99710856521742
02/07/2025,4,109.5,250,409.56260869565216,0.0,255.99710856521742,0.0,255.99710856521742
02/07/2025,5,106.85,250,409.56260869565216,0.0,255.99710856521742,0.0,255.99710856521742
02/07/2025,6,111.83,250,409.56260869565216,0.0,255.99710856521742,0.0,255.99710856521742
02/07/2025,7,113.9,250,409.56260869565216,0.0,255.99710856521742,0.0,255.99710856521742
02/07/2025,8,119.6,250,409.56260869565216,0.0,255.99710856521742,0.0,255.99710856521742
02/07/2025,9,124.87,250,409.56260869565216,0.0,255.99710856521742,0.0,255.99710856521742
02/07/2025,10,119.96,250,409.56260869565216,0.0,255.99710856521742,0.0,255.99710856521742
02/07/2025,11,115.0,250,409.56260869565216,0.0,255.99710856521742,0.0,255.99710856521742
02/07/2025,12,112.99,250,409.56260869565216,0.0,255.99710856521742,0.0,255.99710856521742
02/07/2025,13,105.64,250,409.56260869565216,0.0,255.99710856521742,0.0,255.99710856521742
02/07/2025,14,108.0,250,409.56260869565216,0.0,255.99710856521742,0.0,255.99710856521742
02/07/2025,15,112.97,250,409.56260869565216,0.0,255.99710856521742,0.0,255.99710856521742
02/07/2025,16,117.96,250,409.56260869565216,0.0,255.99710856521742,0.0,255.99710856521742
02/07/2025,17,119.23,250,409.56260869565216,0.0,255.99710856521742,0.0,255.99710856521742
02/07/2025,18,122.96,250,409.56260869565216,0.0,255.99710856521742,0.0,255.99710856521742
02/07/2025,19,140.0,250,409.56260869565216,0.0,255.99710856521742,0.0,255.99710856521742
02/07/2025,20,190.4,250,409.56260869565216,0.0,255.99710856521742,0.0,255.99710856521742
02/07/2025,21,200.0,250,409.56260869565216,0.0,255.99710856521742,0.0,255.99710856521742
02/07/2025,22,158.31,250,409.56260869565216,0.0,255.99710856521742,0.0,255.99710856521742
02/07/2025,23,137.24,250,409.56260869565216,0.0,255.99710856521742,0.0,255.99710856521742
02/07/2025,24,113.66,250,409.56260869565216,0.0,255.99710856521742,0.0,255.99710856521742
03/07/2025,1,113.27,250,409.56260869565216,0.0,255.99710856521742,0.0,255.99710856521742
03/07/2025,2,114.4,250,409.56260869565216,0.0,255.99710856521742,0.0,255.99710856521742
03/07/2025,3,111.19,250,409.56260869565216,0.0,255.99710856521742,0.0,255.99710856521742
03/07/2025,4,113.09,250,409.56260869565216,0.0,255.99710856521742,0.0,255.99710856521742
03/07/2025,5,111.95,250,409.56260869565216,0.0,255.99710856521742,0.0,255.99710856521742
03/07/2025,6,110.11,250,409.56260869565216,0.0,255.99710856521742,0.0,255.99710856521742
03/07/2025,7,113.09,250,409.56260869565216,0.0,255.99710856521742,0.0,255.99710856521742
03/07/2025,8,114.3,250,409.56260869565216,0.0,255.99710856521742,0.0,255.99710856521742
03/07/2025,9,116.56,250,409.56260869565216,0.0,255.99710856521742,0.0,255.99710856521742
03/07/2025,10,118.31,250,409.56260869565216,0.0,255.99710856521742,0.0,255.99710856521742
03/07/2025,11,115.0,250,409.56260869565216,0.0,255.99710856521742,0.0,255.99710856521742
03/07/2025,12,113.27,250,409.56260869565216,0.0,255.99710856521742,0.0,255.99710856521742
03/07/2025,13,111.95,250,409.56260869565216,0.0,255.99710856521742,0.0,255.99710856521742
03/07/2025,14,113.09,250,409.56260869565216,0.0,255.99710856521742,0.0,255.99710856521742
03/07/2025,15,115.0,250,409.56260869565216,0.0,255.99710856521742,0.0,255.99710856521742
03/07/2025,16,115.0,250,409.56260869565216,0.0,255.99710856521742,0.0,255.99710856521742
03/07/2025,17,115.26,250,409.56260869565216,0.0,255.99710856521742,0.0,255.99710856521742
03/07/2025,18,118.08,250,409.56260869565216,0.0,255.99710856521742,0.0,255.99710856521742
03/07/2025,19,131.6,250,409.56260869565216,0.0,255.99710856521742,0.0,255.99710856521742
03/07/2025,20,147.3,250,409.56260869565216,0.0,255.99710856521742,0.0,255.99710856521742
03/07/2025,21,159.05,250,409.56260869565216,0.0,255.99710856521742,0.0,255.99710856521742
03/07/2025,22,159.69,250,409.56260869565216,0.0,255.99710856521742,0.0,255.99710856521742
03/07/2025,23,138.0,250,409.56260869565216,0.0,255.99710856521742,0.0,255.99710856521742
03/07/2025,24,117.08,250,409.56260869565216,0.0,255.99710856521742,0.0,255.99710856521742
04/07/2025,1,131.28,250,409.56260869565216,0.0,255.99710856521742,0.0,255.99710856521742
04/07/2025,2,119.0,250,409.56260869565216,0.0,255.99710856521742,0.0,255.99710856521742
04/07/2025,3,115.88,250,409.56260869565216,0.0,255.99710856521742,0.0,255.99710856521742
04/07/2025,4,115.88,250,409.56260869565216,0.0,255.99710856521742,0.0,255.99710856521742
04/07/2025,5,117.0,250,409.56260869565216,0.0,255.99710856521742,0.0,255.99710856521742
04/07/2025,6,117.0,250,409.56260869565216,0.0,255.99710856521742,0.0,255.99710856521742
04/07/2025,7,126.78,250,409.56260869565216,0.0,255.99710856521742,0.0,255.99710856521742
04/07/2025,8,121.3,250,409.56260869565216,0.0,255.99710856521742,0.0,255.99710856521742
04/07/2025,9,125.4,250,409.56260869565216,0.0,255.99710856521742,0.0,255.99710856521742
04/07/2025,10,123.04,250,409.56260869565216,0.0,255.99710856521742,0.0,255.99710856521742
04/07/2025,11,115.69,250,409.56260869565216,0.0,255.99710856521742,0.0,255.99710856521742
04/07/2025,12,115.41,250,409.56260869565216,0.0,255.99710856521742,0.0,255.99710856521742
04/07/2025,13,118.66,250,409.56260869565216,0.0,255.99710856521742,0.0,255.99710856521742
04/07/2025,14,119.11,250,409.56260869565216,0.0,255.99710856521742,0.0,255.99710856521742
04/07/2025,15,125.91,250,409.56260869565216,0.0,255.99710856521742,0.0,255.99710856521742
04/07/2025,16,122.38,250,409.56260869565216,0.0,255.99710856521742,0.0,255.99710856521742
04/07/2025,17,130.0,250,409.56260869565216,0.0,255.99710856521742,0.0,255.99710856521742
04/07/2025,18,127.73,250,409.56260869565216,0.0,255.99710856521742,0.0,255.99710856521742
04/07/2025,19,140.5,250,409.56260869565216,0.0,255.99710856521742,0.0,255.99710856521742
04/07/2025,20,145.0,250,409.56260869565216,0.0,255.99710856521742,0.0,255.99710856521742
04/07/2025,21,150.0,250,409.56260869565216,0.0,255.99710856521742,0.0,255.99710856521742
04/07/2025,22,149.91,250,409.56260869565216,0.0,255.99710856521742,0.0,255.99710856521742
04/07/2025,23,129.44,250,409.56260869565216,0.0,255.99710856521742,0.0,255.99710856521742
04/07/2025,24,120.64,250,409.56260869565216,0.0,255.99710856521742,0.0,255.99710856521742
05/07/2025,1,127.8,250,409.56260869565216,0.0,255.99710856521742,0.0,255.99710856521742
05/07/2025,2,124.53,250,409.56260869565216,0.0,255.99710856521742,0.0,255.99710856521742
05/07/2025,3,125.0,250,409.56260869565216,0.0,255.99710856521742,0.0,255.99710856521742
05/07/2025,4,123.8,250,409.56260869565216,0.0,255.99710856521742,0.0,255.99710856521742
05/07/2025,5,120.0,250,409.56260869565216,0.0,255.99710856521742,0.0,255.99710856521742
05/07/2025,6,119.0,250,409.56260869565216,0.0,255.99710856521742,0.0,255.99710856521742
05/07/2025,7,118.0,250,409.56260869565216,0.0,255.99710856521742,0.0,255.99710856521742
05/07/2025,8,120.5,250,409.56260869565216,0.0,255.99710856521742,0.0,255.99710856521742
05/07/2025,9,120.84,250,409.56260869565216,0.0,255.99710856521742,0.0,255.99710856521742
05/07/2025,10,125.61,250,409.56260869565216,0.0,255.99710856521742,0.0,255.99710856521742
05/07/2025,11,114.77,250,409.56260869565216,0.0,255.99710856521742,0.0,255.99710856521742
05/07/2025,12,113.61,250,409.56260869565216,0.0,255.99710856521742,0.0,255.99710856521742
05/07/2025,13,105.1,250,409.56260869565216,0.0,255.99710856521742,0.0,255.99710856521742
05/07/2025,14,105.1,250,409.56260869565216,0.0,255.99710856521742,0.0,255.99710856521742
05/07/2025,15,105.1,250,409.56260869565216,0.0,255.99710856521742,0.0,255.99710856521742
05/07/2025,16,105.1,250,409.56260869565216,0.0,255.99710856521742,0.0,255.99710856521742
05/07/2025,17,115.0,250,409.56260869565216,0.0,255.99710856521742,0.0,255.99710856521742
05/07/2025,18,125.53,250,409.56260869565216,0.0,255.99710856521742,0.0,255.99710856521742
05/07/2025,19,130.0,250,409.56260869565216,0.0,255.99710856521742,0.0,255.99710856521742
05/07/2025,20,141.48,250,409.56260869565216,0.0,255.99710856521742,0.0,255.99710856521742
05/07/2025,21,134.4,250,409.56260869565216,0.0,255.99710856521742,0.0,255.99710856521742
05/07/2025,22,130.0,250,409.56260869565216,0.0,255.99710856521742,0.0,255.99710856521742
05/07/2025,23,127.61,250,409.56260869565216,0.0,255.99710856521742,0.0,255.99710856521742
05/07/2025,24,123.8,250,409.56260869565216,0.0,255.99710856521742,0.0,255.99710856521742
06/07/2025,1,120.0,250,409.56260869565216,0.0,255.99710856521742,0.0,255.99710856521742
06/07/2025,2,118.5,250,409.56260869565216,0.0,255.99710856521742,0.0,255.99710856521742
06/07/2025,3,115.0,250,409.56260869565216,0.0,255.99710856521742,0.0,255.99710856521742
06/07/2025,4,118.0,250,409.56260869565216,0.0,255.99710856521742,0.0,255.99710856521742
06/07/2025,5,115.0,250,409.56260869565216,0.0,255.99710856521742,0.0,255.99710856521742
06/07/2025,6,111.01,250,409.56260869565216,0.0,255.99710856521742,0.0,255.99710856521742
06/07/2025,7,116.84,250,409.56260869565216,0.0,255.99710856521742,0.0,255.99710856521742
06/07/2025,8,113.01,250,409.56260869565216,0.0,255.99710856521742,0.0,255.99710856521742
06/07/2025,9,105.1,250,409.56260869565216,0.0,255.99710856521742,0.0,255.99710856521742
06/07/2025,10,103.83,250,409.56260869565216,0.0,255.99710856521742,0.0,255.99710856521742
06/07/2025,11,85.57,250,409.56260869565216,0.0,255.99710856521742,0.0,255.99710856521742
06/07/2025,12,72.36,250,409.56260869565216,0.0,255.99710856521742,0.0,255.99710856521742
06/07/2025,13,79.0,250,409.56260869565216,0.0,255.99710856521742,0.0,255.99710856521742
06/07/2025,14,71.0,250,409.56260869565216,0.0,255.99710856521742,0.0,255.99710856521742
06/07/2025,15,70.0,250,409.56260869565216,0.0,255.99710856521742,0.0,255.99710856521742
06/07/2025,16,94.52,250,409.56260869565216,0.0,255.99710856521742,0.0,255.99710856521742
06/07/2025,17,107.19,250,409.56260869565216,0.0,255.99710856521742,0.0,255.99710856521742
06/07/2025,18,108.29,250,409.56260869565216,0.0,255.99710856521742,0.0,255.99710856521742
06/07/2025,19,119.99,250,409.56260869565216,0.0,255.99710856521742,0.0,255.99710856521742
06/07/2025,20,126.91,250,409.56260869565216,0.0,255.99710856521742,0.0,255.99710856521742
06/07/2025,21,130.0,250,409.56260869565216,0.0,255.99710856521742,0.0,255.99710856521742
06/07/2025,22,134.63,250,409.56260869565216,0.0,255.99710856521742,0.0,255.99710856521742
06/07/2025,23,129.86,250,409.56260869565216,0.0,255.99710856521742,0.0,255.99710856521742
06/07/2025,24,113.26,250,409.56260869565216,0.0,255.99710856521742,0.0,255.99710856521742
07/07/2025,1,116.0,250,409.56260869565216,0.0,255.99710856521742,0.0,255.99710856521742
07/07/2025,2,110.0,250,409.56260869565216,0.0,255.99710856521742,0.0,255.99710856521742
07/07/2025,3,105.1,250,409.56260869565216,0.0,255.99710856521742,0.0,255.99710856521742
07/07/2025,4,103.53,250,409.56260869565216,0.0,255.99710856521742,0.0,255.99710856521742
07/07/2025,5,101.69,250,409.56260869565216,0.0,255.99710856521742,0.0,255.99710856521742
07/07/2025,6,108.7,250,409.56260869565216,0.0,255.99710856521742,0.0,255.99710856521742
07/07/2025,7,128.24,250,409.56260869565216,0.0,255.99710856521742,0.0,255.99710856521742
07/07/2025,8,134.66,250,409.56260869565216,0.0,255.99710856521742,0.0,255.99710856521742
07/07/2025,9,142.1,250,409.56260869565216,0.0,255.99710856521742,0.0,255.99710856521742
07/07/2025,10,127.95,250,409.56260869565216,0.0,255.99710856521742,0.0,255.99710856521742
07/07/2025,11,115.0,250,409.56260869565216,0.0,255.99710856521742,0.0,255.99710856521742
07/07/2025,12,105.1,250,409.56260869565216,0.0,255.99710856521742,0.0,255.99710856521742
07/07/2025,13,99.36,250,409.56260869565216,0.0,255.99710856521742,0.0,255.99710856521742
07/07/2025,14,100.7,250,409.56260869565216,0.0,255.99710856521742,0.0,255.99710856521742
07/07/2025,15,105.1,250,409.56260869565216,0.0,255.99710856521742,0.0,255.99710856521742
07/07/2025,16,108.66,250,409.56260869565216,0.0,255.99710856521742,0.0,255.99710856521742
07/07/2025,17,115.0,250,409.56260869565216,0.0,255.99710856521742,0.0,255.99710856521742
07/07/2025,18,118.36,250,409.56260869565216,0.0,255.99710856521742,0.0,255.99710856521742
07/07/2025,19,129.77,250,409.56260869565216,0.0,255.99710856521742,0.0,255.99710856521742
07/07/2025,20,145.34,250,409.56260869565216,0.0,255.99710856521742,0.0,255.99710856521742
07/07/2025,21,139.97,250,409.56260869565216,0.0,255.99710856521742,0.0,255.99710856521742
07/07/2025,22,138.0,250,409.56260869565216,0.0,255.99710856521742,0.0,255.99710856521742
07/07/2025,23,129.77,250,409.56260869565216,0.0,255.99710856521742,0.0,255.99710856521742
07/07/2025,24,113.76,250,409.56260869565216,0.0,255.99710856521742,0.0,255.99710856521742
08/07/2025,1,112.06,250,409.56260869565216,0.0,255.99710856521742,0.0,255.99710856521742
08/07/2025,2,107.32,250,409.56260869565216,0.0,255.99710856521742,0.0,255.99710856521742
08/07/2025,3,104.62,250,409.56260869565216,0.0,255.99710856521742,0.0,255.99710856521742
08/07/2025,4,102.5,250,409.56260869565216,0.0,255.99710856521742,0.0,255.99710856521742
08/07/2025,5,103.56,250,409.56260869565216,0.0,255.99710856521742,0.0,255.99710856521742
08/07/2025,6,105.1,250,409.56260869565216,0.0,255.99710856521742,0.0,255.99710856521742
08/07/2025,7,111.54,250,409.56260869565216,0.0,255.99710856521742,0.0,255.99710856521742
08/07/2025,8,118.0,250,409.56260869565216,0.0,255.99710856521742,0.0,255.99710856521742
08/07/2025,9,118.54,250,409.56260869565216,0.0,255.99710856521742,0.0,255.99710856521742
08/07/2025,10,115.0,250,409.56260869565216,0.0,255.99710856521742,0.0,255.99710856521742
08/07/2025,11,108.88,250,409.56260869565216,0.0,255.99710856521742,0.0,255.99710856521742
08/07/2025,12,108.66,250,409.56260869565216,0.0,255.99710856521742,0.0,255.99710856521742
08/07/2025,13,93.7,250,409.56260869565216,0.0,255.99710856521742,0.0,255.99710856521742
08/07/2025,14,97.5,250,409.56260869565216,0.0,255.99710856521742,0.0,255.99710856521742
08/07/2025,15,107.7,250,409.56260869565216,0.0,255.99710856521742,0.0,255.99710856521742
08/07/2025,16,114.66,250,409.56260869565216,0.0,255.99710856521742,0.0,255.99710856521742
08/07/2025,17,118.9,250,409.56260869565216,0.0,255.99710856521742,0.0,255.99710856521742
08/07/2025,18,111.75,250,409.56260869565216,0.0,255.99710856521742,0.0,255.99710856521742
08/07/2025,19,120.89,250,409.56260869565216,0.0,255.99710856521742,0.0,255.99710856521742
08/07/2025,20,129.28,250,409.56260869565216,0.0,255.99710856521742,0.0,255.99710856521742
08/07/2025,21,132.53,250,409.56260869565216,0.0,255.99710856521742,0.0,255.99710856521742
08/07/2025,22,132.92,250,409.56260869565216,0.0,255.99710856521742,0.0,255.99710856521742
08/07/2025,23,120.89,250,409.56260869565216,0.0,255.99710856521742,0.0,255.99710856521742
08/07/2025,24,114.66,250,409.56260869565216,0.0,255.99710856521742,0.0,255.99710856521742
09/07/2025,1,106.1,250,409.56260869565216,0.0,255.99710856521742,0.0,255.99710856521742
09/07/2025,2,105.1,250,409.56260869565216,0.0,255.99710856521742,0.0,255.99710856521742
09/07/2025,3,103.96,250,409.56260869565216,0.0,255.99710856521742,0.0,255.99710856521742
09/07/2025,4,105.1,250,409.56260869565216,0.0,255.99710856521742,0.0,255.99710856521742
09/07/2025,5,105.74,250,409.56260869565216,0.0,255.99710856521742,0.0,255.99710856521742
09/07/2025,6,107.78,250,409.56260869565216,0.0,255.99710856521742,0.0,255.99710856521742
09/07/2025,7,116.0,250,409.56260869565216,0.0,255.99710856521742,0.0,255.99710856521742
09/07/2025,8,120.0,250,409.56260869565216,0.0,255.99710856521742,0.0,255.99710856521742
09/07/2025,9,115.0,250,409.56260869565216,0.0,255.99710856521742,0.0,255.99710856521742
09/07/2025,10,102.13,250,409.56260869565216,0.0,255.99710856521742,0.0,255.99710856521742
09/07/2025,11,92.6,250,409.56260869565216,0.0,255.99710856521742,0.0,255.99710856521742
09/07/2025,12,90.0,250,409.56260869565216,0.0,255.99710856521742,0.0,255.99710856521742
09/07/2025,13,76.57,250,409.56260869565216,0.0,255.99710856521742,0.0,255.99710856521742
09/07/2025,14,76.03,250,409.56260869565216,0.0,255.99710856521742,0.0,255.99710856521742
09/07/2025,15,85.0,250,409.56260869565216,0.0,255.99710856521742,0.0,255.99710856521742
09/07/2025,16,93.45,250,409.56260869565216,0.0,255.99710856521742,0.0,255.99710856521742
09/07/2025,17,97.31,250,409.56260869565216,0.0,255.99710856521742,0.0,255.99710856521742
09/07/2025,18,92.09,250,409.56260869565216,0.0,255.99710856521742,0.0,255.99710856521742
09/07/2025,19,108.09,250,409.56260869565216,0.0,255.99710856521742,0.0,255.99710856521742
09/07/2025,20,123.0,250,409.56260869565216,0.0,255.99710856521742,0.0,255.99710856521742
09/07/2025,21,129.43,250,409.56260869565216,0.0,255.99710856521742,0.0,255.99710856521742
09/07/2025,22,130.43,250,409.56260869565216,0.0,255.99710856521742,0.0,255.99710856521742
09/07/2025,23,123.2,250,409.56260869565216,0.0,255.99710856521742,0.0,255.99710856521742
09/07/2025,24,118.72,250,409.56260869565216,0.0,255.99710856521742,0.0,255.99710856521742
10/07/2025,1,111.28,250,409.56260869565216,0.0,255.99710856521742,0.0,255.99710856521742
10/07/2025,2,107.38,250,409.56260869565216,0.0,255.99710856521742,0.0,255.99710856521742
10/07/2025,3,106.81,250,409.56260869565216,0.0,255.99710856521742,0.0,255.99710856521742
10/07/2025,4,106.9,250,409.56260869565216,0.0,255.99710856521742,0.0,255.99710856521742
10/07/2025,5,105.81,250,409.56260869565216,0.0,255.99710856521742,0.0,255.99710856521742
10/07/2025,6,106.33,250,409.56260869565216,0.0,255.99710856521742,0.0,255.99710856521742
10/07/2025,7,114.9,250,409.56260869565216,0.0,255.99710856521742,0.0,255.99710856521742
10/07/2025,8,119.3,250,409.56260869565216,0.0,255.99710856521742,0.0,255.99710856521742
10/07/2025,9,115.0,250,409.56260869565216,0.0,255.99710856521742,0.0,255.99710856521742
10/07/2025,10,110.25,250,409.56260869565216,0.0,255.99710856521742,0.0,255.99710856521742
10/07/2025,11,104.39,250,409.56260869565216,0.0,255.99710856521742,0.0,255.99710856521742
10/07/2025,12,96.53,250,409.56260869565216,0.0,255.99710856521742,0.0,255.99710856521742
10/07/2025,13,86.0,250,409.56260869565216,0.0,255.99710856521742,0.0,255.99710856521742
10/07/2025,14,86.0,250,409.56260869565216,0.0,255.99710856521742,0.0,255.99710856521742
10/07/2025,15,87.29,250,409.56260869565216,0.0,255.99710856521742,0.0,255.99710856521742
10/07/2025,16,90.0,250,409.56260869565216,0.0,255.99710856521742,0.0,255.99710856521742
10/07/2025,17,97.69,250,409.56260869565216,0.0,255.99710856521742,0.0,255.99710856521742
10/07/2025,18,105.1,250,409.56260869565216,0.0,255.99710856521742,0.0,255.99710856521742
10/07/2025,19,110.0,250,409.56260869565216,0.0,255.99710856521742,0.0,255.99710856521742
10/07/2025,20,124.9,250,409.56260869565216,0.0,255.99710856521742,0.0,255.99710856521742
10/07/2025,21,133.79,250,409.56260869565216,0.0,255.99710856521742,0.0,255.99710856521742
10/07/2025,22,130.28,250,409.56260869565216,0.0,255.99710856521742,0.0,255.99710856521742
10/07/2025,23,120.0,250,409.56260869565216,0.0,255.99710856521742,0.0,255.99710856521742
10/07/2025,24,118.77,250,409.56260869565216,0.0,255.99710856521742,0.0,255.99710856521742
11/07/2025,1,115.0,250,409.56260869565216,0.0,255.99710856521742,0.0,255.99710856521742
11/07/2025,2,109.0,250,409.56260869565216,0.0,255.99710856521742,0.0,255.99710856521742
11/07/2025,3,105.1,250,409.56260869565216,0.0,255.99710856521742,0.0,255.99710856521742
11/07/2025,4,102.03,250,409.56260869565216,0.0,255.99710856521742,0.0,255.99710856521742
11/07/2025,5,105.1,250,409.56260869565216,0.0,255.99710856521742,0.0,255.99710856521742
11/07/2025,6,106.73,250,409.56260869565216,0.0,255.99710856521742,0.0,255.99710856521742
11/07/2025,7,114.5,250,409.56260869565216,0.0,255.99710856521742,0.0,255.99710856521742
11/07/2025,8,130.0,250,409.56260869565216,0.0,255.99710856521742,0.0,255.99710856521742
11/07/2025,9,130.0,250,409.56260869565216,0.0,255.99710856521742,0.0,255.99710856521742
11/07/2025,10,118.0,250,409.56260869565216,0.0,255.99710856521742,0.0,255.99710856521742
11/07/2025,11,111.34,250,409.56260869565216,0.0,255.99710856521742,0.0,255.99710856521742
11/07/2025,12,105.1,250,409.56260869565216,0.0,255.99710856521742,0.0,255.99710856521742
11/07/2025,13,96.0,250,409.56260869565216,0.0,255.99710856521742,0.0,255.99710856521742
11/07/2025,14,87.92,250,409.56260869565216,0.0,255.99710856521742,0.0,255.99710856521742
11/07/2025,15,92.0,250,409.56260869565216,0.0,255.99710856521742,0.0,255.99710856521742
11/07/2025,16,105.0,250,409.56260869565216,0.0,255.99710856521742,0.0,255.99710856521742
11/07/2025,17,113.61,250,409.56260869565216,0.0,255.99710856521742,0.0,255.99710856521742
11/07/2025,18,131.41,250,409.56260869565216,0.0,255.99710856521742,0.0,255.99710856521742
11/07/2025,19,131.41,250,409.56260869565216,0.0,255.99710856521742,0.0,255.99710856521742
11/07/2025,20,145.04,250,409.56260869565216,0.0,255.99710856521742,0.0,255.99710856521742
11/07/2025,21,144.01,250,409.56260869565216,0.0,255.99710856521742,0.0,255.99710856521742
11/07/2025,22,130.0,250,409.56260869565216,0.0,255.99710856521742,0.0,255.99710856521742
11/07/2025,23,120.0,250,409.56260869565216,0.0,255.99710856521742,0.0,255.99710856521742
11/07/2025,24,130.0,250,409.56260869565216,0.0,255.99710856521742,0.0,255.99710856521742
12/07/2025,1,122.59,250,409.56260869565216,0.0,255.99710856521742,0.0,255.99710856521742
12/07/2025,2,115.0,250,409.56260869565216,0.0,255.99710856521742,0.0,255.99710856521742
12/07/2025,3,114.5,250,409.56260869565216,0.0,255.99710856521742,0.0,255.99710856521742
12/07/2025,4,110.0,250,409.56260869565216,0.0,255.99710856521742,0.0,255.99710856521742
12/07/2025,5,110.81,250,409.56260869565216,0.0,255.99710856521742,0.0,255.99710856521742
12/07/2025,6,113.39,250,409.56260869565216,0.0,255.99710856521742,0.0,255.99710856521742
12/07/2025,7,113.9,250,409.56260869565216,0.0,255.99710856521742,0.0,255.99710856521742
12/07/2025,8,109.0,250,409.56260869565216,0.0,255.99710856521742,0.0,255.99710856521742
12/07/2025,9,105.1,250,409.56260869565216,0.0,255.99710856521742,0.0,255.99710856521742
12/07/2025,10,103.52,250,409.56260869565216,0.0,255.99710856521742,0.0,255.99710856521742
12/07/2025,11,95.0,250,409.56260869565216,0.0,255.99710856521742,0.0,255.99710856521742
12/07/2025,12,84.67,250,409.56260869565216,0.0,255.99710856521742,0.0,255.99710856521742
12/07/2025,13,59.0,250,409.56260869565216,0.0,255.99710856521742,0.0,255.99710856521742
12/07/2025,14,48.43,250,409.56260869565216,0.0,255.99710856521742,0.0,255.99710856521742
12/07/2025,15,55.0,250,409.56260869565216,0.0,255.99710856521742,0.0,255.99710856521742
12/07/2025,16,58.74,250,409.56260869565216,0.0,255.99710856521742,0.0,255.99710856521742
12/07/2025,17,74.77,250,409.56260869565216,0.0,255.99710856521742,0.0,255.99710856521742
12/07/2025,18,92.0,250,409.56260869565216,0.0,255.99710856521742,0.0,255.99710856521742
12/07/2025,19,114.5,250,409.56260869565216,0.0,255.99710856521742,0.0,255.99710856521742
12/07/2025,20,129.24,250,409.56260869565216,0.0,255.99710856521742,0.0,255.99710856521742
12/07/2025,21,129.24,250,409.56260869565216,0.0,255.99710856521742,0.0,255.99710856521742
12/07/2025,22,129.24,250,409.56260869565216,0.0,255.99710856521742,0.0,255.99710856521742
12/07/2025,23,124.89,250,409.56260869565216,0.0,255.99710856521742,0.0,255.99710856521742
12/07/2025,24,120.0,250,409.56260869565216,0.0,255.99710856521742,0.0,255.99710856521742
13/07/2025,1,117.01,250,409.56260869565216,0.0,255.99710856521742,0.0,255.99710856521742
13/07/2025,2,115.0,250,409.56260869565216,0.0,255.99710856521742,0.0,255.99710856521742
13/07/2025,3,111.97,250,409.56260869565216,0.0,255.99710856521742,0.0,255.99710856521742
13/07/2025,4,113.39,250,409.56260869565216,0.0,255.99710856521742,0.0,255.99710856521742
13/07/2025,5,113.0,250,409.56260869565216,0.0,255.99710856521742,0.0,255.99710856521742
13/07/2025,6,112.0,250,409.56260869565216,0.0,255.99710856521742,0.0,255.99710856521742
13/07/2025,7,113.63,250,409.56260869565216,0.0,255.99710856521742,0.0,255.99710856521742
13/07/2025,8,109.24,250,409.56260869565216,0.0,255.99710856521742,0.0,255.99710856521742
13/07/2025,9,109.84,250,409.56260869565216,0.0,255.99710856521742,0.0,255.99710856521742
13/07/2025,10,112.0,250,409.56260869565216,0.0,255.99710856521742,0.0,255.99710856521742
13/07/2025,11,106.81,250,409.56260869565216,0.0,255.99710856521742,0.0,255.99710856521742
13/07/2025,12,100.0,250,409.56260869565216,0.0,255.99710856521742,0.0,255.99710856521742
13/07/2025,13,81.15,250,409.56260869565216,0.0,255.99710856521742,0.0,255.99710856521742
13/07/2025,14,63.68,250,409.56260869565216,0.0,255.99710856521742,0.0,255.99710856521742
13/07/2025,15,70.74,250,409.56260869565216,0.0,255.99710856521742,0.0,255.99710856521742
13/07/2025,16,82.04,250,409.56260869565216,0.0,255.99710856521742,0.0,255.99710856521742
13/07/2025,17,94.22,250,409.56260869565216,0.0,255.99710856521742,0.0,255.99710856521742
13/07/2025,18,94.33,250,409.56260869565216,0.0,255.99710856521742,0.0,255.99710856521742
13/07/2025,19,110.0,250,409.56260869565216,0.0,255.99710856521742,0.0,255.99710856521742
13/07/2025,20,125.0,250,409.56260869565216,0.0,255.99710856521742,0.0,255.99710856521742
13/07/2025,21,129.55,250,409.56260869565216,0.0,255.99710856521742,0.0,255.99710856521742
13/07/2025,22,129.33,250,409.56260869565216,0.0,255.99710856521742,0.0,255.99710856521742
13/07/2025,23,126.94,250,409.56260869565216,0.0,255.99710856521742,0.0,255.99710856521742
13/07/2025,24,117.0,250,409.56260869565216,0.0,255.99710856521742,0.0,255.99710856521742
14/07/2025,1,117.01,250,409.56260869565216,0.0,255.99710856521742,0.0,255.99710856521742
14/07/2025,2,113.38,250,409.56260869565216,0.0,255.99710856521742,0.0,255.99710856521742
14/07/2025,3,110.28,250,409.56260869565216,0.0,255.99710856521742,0.0,255.99710856521742
14/07/2025,4,110.0,250,409.56260869565216,0.0,255.99710856521742,0.0,255.99710856521742
14/07/2025,5,109.47,250,409.56260869565216,0.0,255.99710856521742,0.0,255.99710856521742
14/07/2025,6,112.09,250,409.56260869565216,0.0,255.99710856521742,0.0,255.99710856521742
14/07/2025,7,120.35,250,409.56260869565216,0.0,255.99710856521742,0.0,255.99710856521742
14/07/2025,8,130.0,250,409.56260869565216,0.0,255.99710856521742,0.0,255.99710856521742
14/07/2025,9,131.28,250,409.56260869565216,0.0,255.99710856521742,0.0,255.99710856521742
14/07/2025,10,122.0,250,409.56260869565216,0.0,255.99710856521742,0.0,255.99710856521742
14/07/2025,11,114.08,250,409.56260869565216,0.0,255.99710856521742,0.0,255.99710856521742
14/07/2025,12,110.0,250,409.56260869565216,0.0,255.99710856521742,0.0,255.99710856521742
14/07/2025,13,99.3,250,409.56260869565216,0.0,255.99710856521742,0.0,255.99710856521742
14/07/2025,14,101.68,250,409.56260869565216,0.0,255.99710856521742,0.0,255.99710856521742
14/07/2025,15,105.59,250,409.56260869565216,0.0,255.99710856521742,0.0,255.99710856521742
14/07/2025,16,109.0,250,409.56260869565216,0.0,255.99710856521742,0.0,255.99710856521742
14/07/2025,17,118.0,250,409.56260869565216,0.0,255.99710856521742,0.0,255.99710856521742
14/07/2025,18,116.02,250,409.56260869565216,0.0,255.99710856521742,0.0,255.99710856521742
14/07/2025,19,131.43,250,409.56260869565216,0.0,255.99710856521742,0.0,255.99710856521742
14/07/2025,20,145.09,250,409.56260869565216,0.0,255.99710856521742,0.0,255.99710856521742
14/07/2025,21,145.17,250,409.56260869565216,0.0,255.99710856521742,0.0,255.99710856521742
14/07/2025,22,137.4,250,409.56260869565216,0.0,255.99710856521742,0.0,255.99710856521742
14/07/2025,23,130.0,250,409.56260869565216,0.0,255.99710856521742,0.0,255.99710856521742
14/07/2025,24,120.0,250,409.56260869565216,0.0,255.99710856521742,0.0,255.99710856521742
15/07/2025,1,120.0,250,409.56260869565216,0.0,255.99710856521742,0.0,255.99710856521742
15/07/2025,2,120.0,250,409.56260869565216,0.0,255.99710856521742,0.0,255.99710856521742
15/07/2025,3,117.35,250,409.56260869565216,0.0,255.99710856521742,0.0,255.99710856521742
15/07/2025,4,109.58,250,409.56260869565216,0.0,255.99710856521742,0.0,255.99710856521742
15/07/2025,5,109.07,250,409.56260869565216,0.0,255.99710856521742,0.0,255.99710856521742
15/07/2025,6,112.88,250,409.56260869565216,0.0,255.99710856521742,0.0,255.99710856521742
15/07/2025,7,123.0,250,409.56260869565216,0.0,255.99710856521742,0.0,255.99710856521742
15/07/2025,8,130.0,250,409.56260869565216,0.0,255.99710856521742,0.0,255.99710856521742
15/07/2025,9,129.28,250,409.56260869565216,0.0,255.99710856521742,0.0,255.99710856521742
15/07/2025,10,120.0,250,409.56260869565216,0.0,255.99710856521742,0.0,255.99710856521742
15/07/2025,11,117.41,250,409.56260869565216,0.0,255.99710856521742,0.0,255.99710856521742
15/07/2025,12,110.04,250,409.56260869565216,0.0,255.99710856521742,0.0,255.99710856521742
15/07/2025,13,100.0,250,409.56260869565216,0.0,255.99710856521742,0.0,255.99710856521742
15/07/2025,14,100.17,250,409.56260869565216,0.0,255.99710856521742,0.0,255.99710856521742
15/07/2025,15,105.91,250,409.56260869565216,0.0,255.99710856521742,0.0,255.99710856521742
15/07/2025,16,111.18,250,409.56260869565216,0.0,255.99710856521742,0.0,255.99710856521742
15/07/2025,17,117.35,250,409.56260869565216,0.0,255.99710856521742,0.0,255.99710856521742
15/07/2025,18,122.0,250,409.56260869565216,0.0,255.99710856521742,0.0,255.99710856521742
15/07/2025,19,132.76,250,409.56260869565216,0.0,255.99710856521742,0.0,255.99710856521742
15/07/2025,20,160.31,250,409.56260869565216,0.0,255.99710856521742,0.0,255.99710856521742
15/07/2025,21,168.85,250,409.56260869565216,0.0,255.99710856521742,0.0,255.99710856521742
15/07/2025,22,150.92,250,409.56260869565216,0.0,255.99710856521742,0.0,255.99710856521742
15/07/2025,23,128.73,250,409.56260869565216,0.0,255.99710856521742,0.0,255.99710856521742
15/07/2025,24,125.0,250,409.56260869565216,0.0,255.99710856521742,0.0,255.99710856521742
16/07/2025,1,115.97,250,409.56260869565216,0.0,255.99710856521742,0.0,255.99710856521742
16/07/2025,2,112.04,250,409.56260869565216,0.0,255.99710856521742,0.0,255.99710856521742
16/07/2025,3,110.93,250,409.56260869565216,0.0,255.99710856521742,0.0,255.99710856521742
16/07/2025,4,107.54,250,409.56260869565216,0.0,255.99710856521742,0.0,255.99710856521742
16/07/2025,5,107.55,250,409.56260869565216,0.0,255.99710856521742,0.0,255.99710856521742
16/07/2025,6,110.93,250,409.56260869565216,0.0,255.99710856521742,0.0,255.99710856521742
16/07/2025,7,117.59,250,409.56260869565216,0.0,255.99710856521742,0.0,255.99710856521742
16/07/2025,8,120.0,250,409.56260869565216,0.0,255.99710856521742,0.0,255.99710856521742
16/07/2025,9,120.0,250,409.56260869565216,0.0,255.99710856521742,0.0,255.99710856521742
16/07/2025,10,115.97,250,409.56260869565216,0.0,255.99710856521742,0.0,255.99710856521742
16/07/2025,11,108.69,250,409.56260869565216,0.0,255.99710856521742,0.0,255.99710856521742
16/07/2025,12,105.1,250,409.56260869565216,0.0,255.99710856521742,0.0,255.99710856521742
16/07/2025,13,96.74,250,409.56260869565216,0.0,255.99710856521742,0.0,255.99710856521742
16/07/2025,14,95.47,250,409.56260869565216,0.0,255.99710856521742,0.0,255.99710856521742
16/07/2025,15,102.58,250,409.56260869565216,0.0,255.99710856521742,0.0,255.99710856521742
16/07/2025,16,108.6,250,409.56260869565216,0.0,255.99710856521742,0.0,255.99710856521742
16/07/2025,17,111.41,250,409.56260869565216,0.0,255.99710856521742,0.0,255.99710856521742
16/07/2025,18,115.03,250,409.56260869565216,0.0,255.99710856521742,0.0,255.99710856521742
16/07/2025,19,125.0,250,409.56260869565216,0.0,255.99710856521742,0.0,255.99710856521742
16/07/2025,20,150.0,250,409.56260869565216,0.0,255.99710856521742,0.0,255.99710856521742
16/07/2025,21,153.8,250,409.56260869565216,0.0,255.99710856521742,0.0,255.99710856521742
16/07/2025,22,148.46,250,409.56260869565216,0.0,255.99710856521742,0.0,255.99710856521742
16/07/2025,23,125.15,250,409.56260869565216,0.0,255.99710856521742,0.0,255.99710856521742
16/07/2025,24,125.0,250,409.56260869565216,0.0,255.99710856521742,0.0,255.99710856521742
17/07/2025,1,120.0,250,409.56260869565216,0.0,255.99710856521742,0.0,255.99710856521742
17/07/2025,2,114.03,250,409.56260869565216,0.0,255.99710856521742,0.0,255.99710856521742
17/07/2025,3,111.64,250,409.56260869565216,0.0,255.99710856521742,0.0,255.99710856521742
17/07/2025,4,110.0,250,409.56260869565216,0.0,255.99710856521742,0.0,255.99710856521742
17/07/2025,5,108.32,250,409.56260869565216,0.0,255.99710856521742,0.0,255.99710856521742
17/07/2025,6,111.02,250,409.56260869565216,0.0,255.99710856521742,0.0,255.99710856521742
17/07/2025,7,120.0,250,409.56260869565216,0.0,255.99710856521742,0.0,255.99710856521742
17/07/2025,8,125.53,250,409.56260869565216,0.0,255.99710856521742,0.0,255.99710856521742
17/07/2025,9,117.95,250,409.56260869565216,0.0,255.99710856521742,0.0,255.99710856521742
17/07/2025,10,115.53,250,409.56260869565216,0.0,255.99710856521742,0.0,255.99710856521742
17/07/2025,11,115.0,250,409.56260869565216,0.0,255.99710856521742,0.0,255.99710856521742
17/07/2025,12,111.64,250,409.56260869565216,0.0,255.99710856521742,0.0,255.99710856521742
17/07/2025,13,97.93,250,409.56260869565216,0.0,255.99710856521742,0.0,255.99710856521742
17/07/2025,14,100.28,250,409.56260869565216,0.0,255.99710856521742,0.0,255.99710856521742
17/07/2025,15,105.1,250,409.56260869565216,0.0,255.99710856521742,0.0,255.99710856521742
17/07/2025,16,110.0,250,409.56260869565216,0.0,255.99710856521742,0.0,255.99710856521742
17/07/2025,17,111.74,250,409.56260869565216,0.0,255.99710856521742,0.0,255.99710856521742
17/07/2025,18,115.0,250,409.56260869565216,0.0,255.99710856521742,0.0,255.99710856521742
17/07/2025,19,120.0,250,409.56260869565216,0.0,255.99710856521742,0.0,255.99710856521742
17/07/2025,20,135.0,250,409.56260869565216,0.0,255.99710856521742,0.0,255.99710856521742
17/07/2025,21,148.5,250,409.56260869565216,0.0,255.99710856521742,0.0,255.99710856521742
17/07/2025,22,135.81,250,409.56260869565216,0.0,255.99710856521742,0.0,255.99710856521742
17/07/2025,23,125.07,250,409.56260869565216,0.0,255.99710856521742,0.0,255.99710856521742
17/07/2025,24,115.85,250,409.56260869565216,0.0,255.99710856521742,0.0,255.99710856521742
18/07/2025,1,119.0,250,409.56260869565216,0.0,255.99710856521742,0.0,255.99710856521742
18/07/2025,2,112.04,250,409.56260869565216,0.0,255.99710856521742,0.0,255.99710856521742
18/07/2025,3,109.6,250,409.56260869565216,0.0,255.99710856521742,0.0,255.99710856521742
18/07/2025,4,108.65,250,409.56260869565216,0.0,255.99710856521742,0.0,255.99710856521742
18/07/2025,5,108.65,250,409.56260869565216,0.0,255.99710856521742,0.0,255.99710856521742
18/07/2025,6,109.5,250,409.56260869565216,0.0,255.99710856521742,0.0,255.99710856521742
18/07/2025,7,120.32,250,409.56260869565216,0.0,255.99710856521742,0.0,255.99710856521742
18/07/2025,8,124.88,250,409.56260869565216,0.0,255.99710856521742,0.0,255.99710856521742
18/07/2025,9,125.0,250,409.56260869565216,0.0,255.99710856521742,0.0,255.99710856521742
18/07/2025,10,120.0,250,409.56260869565216,0.0,255.99710856521742,0.0,255.99710856521742
18/07/2025,11,109.55,250,409.56260869565216,0.0,255.99710856521742,0.0,255.99710856521742
18/07/2025,12,107.93,250,409.56260869565216,0.0,255.99710856521742,0.0,255.99710856521742
18/07/2025,13,98.94,250,409.56260869565216,0.0,255.99710856521742,0.0,255.99710856521742
18/07/2025,14,98.0,250,409.56260869565216,0.0,255.99710856521742,0.0,255.99710856521742
18/07/2025,15,105.1,250,409.56260869565216,0.0,255.99710856521742,0.0,255.99710856521742
18/07/2025,16,109.55,250,409.56260869565216,0.0,255.99710856521742,0.0,255.99710856521742
18/07/2025,17,119.23,250,409.56260869565216,0.0,255.99710856521742,0.0,255.99710856521742
18/07/2025,18,123.11,250,409.56260869565216,0.0,255.99710856521742,0.0,255.99710856521742
18/07/2025,19,129.0,250,409.56260869565216,0.0,255.99710856521742,0.0,255.99710856521742
18/07/2025,20,141.86,250,409.56260869565216,0.0,255.99710856521742,0.0,255.99710856521742
18/07/2025,21,150.0,250,409.56260869565216,0.0,255.99710856521742,0.0,255.99710856521742
18/07/2025,22,145.42,250,409.56260869565216,0.0,255.99710856521742,0.0,255.99710856521742
18/07/2025,23,132.25,250,409.56260869565216,0.0,255.99710856521742,0.0,255.99710856521742
18/07/2025,24,130.0,250,409.56260869565216,0.0,255.99710856521742,0.0,255.99710856521742
19/07/2025,1,129.87,250,409.56260869565216,0.0,255.99710856521742,0.0,255.99710856521742
19/07/2025,2,129.87,250,409.56260869565216,0.0,255.99710856521742,0.0,255.99710856521742
19/07/2025,3,120.0,250,409.56260869565216,0.0,255.99710856521742,0.0,255.99710856521742
19/07/2025,4,120.0,250,409.56260869565216,0.0,255.99710856521742,0.0,255.99710856521742
19/07/2025,5,117.98,250,409.56260869565216,0.0,255.99710856521742,0.0,255.99710856521742
19/07/2025,6,116.8,250,409.56260869565216,0.0,255.99710856521742,0.0,255.99710856521742
19/07/2025,7,111.7,250,409.56260869565216,0.0,255.99710856521742,0.0,255.99710856521742
19/07/2025,8,109.26,250,409.56260869565216,0.0,255.99710856521742,0.0,255.99710856521742
19/07/2025,9,114.46,250,409.56260869565216,0.0,255.99710856521742,0.0,255.99710856521742
19/07/2025,10,117.0,250,409.56260869565216,0.0,255.99710856521742,0.0,255.99710856521742
19/07/2025,11,117.99,250,409.56260869565216,0.0,255.99710856521742,0.0,255.99710856521742
19/07/2025,12,100.94,250,409.56260869565216,0.0,255.99710856521742,0.0,255.99710856521742
19/07/2025,13,85.0,250,409.56260869565216,0.0,255.99710856521742,0.0,255.99710856521742
19/07/2025,14,72.0,250,409.56260869565216,0.0,255.99710856521742,0.0,255.99710856521742
19/07/2025,15,90.0,250,409.56260869565216,0.0,255.99710856521742,0.0,255.99710856521742
19/07/2025,16,104.99,250,409.56260869565216,0.0,255.99710856521742,0.0,255.99710856521742
19/07/2025,17,112.08,250,409.56260869565216,0.0,255.99710856521742,0.0,255.99710856521742
19/07/2025,18,120.0,250,409.56260869565216,0.0,255.99710856521742,0.0,255.99710856521742
19/07/2025,19,131.4,250,409.56260869565216,0.0,255.99710856521742,0.0,255.99710856521742
19/07/2025,20,140.74,250,409.56260869565216,0.0,255.99710856521742,0.0,255.99710856521742
19/07/2025,21,145.0,250,409.56260869565216,0.0,255.99710856521742,0.0,255.99710856521742
19/07/2025,22,137.12,250,409.56260869565216,0.0,255.99710856521742,0.0,255.99710856521742
19/07/2025,23,131.4,250,409.56260869565216,0.0,255.99710856521742,0.0,255.99710856521742
19/07/2025,24,131.4,250,409.56260869565216,0.0,255.99710856521742,0.0,255.99710856521742
20/07/2025,1,130.76,250,409.56260869565216,0.0,255.99710856521742,0.0,255.99710856521742
20/07/2025,2,125.0,250,409.56260869565216,0.0,255.99710856521742,0.0,255.99710856521742
20/07/2025,3,124.85,250,409.56260869565216,0.0,255.99710856521742,0.0,255.99710856521742
20/07/2025,4,120.0,250,409.56260869565216,0.0,255.99710856521742,0.0,255.99710856521742
20/07/2025,5,114.0,250,409.56260869565216,0.0,255.99710856521742,0.0,255.99710856521742
20/07/2025,6,110.49,250,409.56260869565216,0.0,255.99710856521742,0.0,255.99710856521742
20/07/2025,7,112.04,250,409.56260869565216,0.0,255.99710856521742,0.0,255.99710856521742
20/07/2025,8,114.0,250,409.56260869565216,0.0,255.99710856521742,0.0,255.99710856521742
20/07/2025,9,105.1,250,409.56260869565216,0.0,255.99710856521742,0.0,255.99710856521742
20/07/2025,10,105.1,250,409.56260869565216,0.0,255.99710856521742,0.0,255.99710856521742
20/07/2025,11,105.1,250,409.56260869565216,0.0,255.99710856521742,0.0,255.99710856521742
20/07/2025,12,105.1,250,409.56260869565216,0.0,255.99710856521742,0.0,255.99710856521742
20/07/2025,13,100.0,250,409.56260869565216,0.0,255.99710856521742,0.0,255.99710856521742
20/07/2025,14,92.8,250,409.56260869565216,0.0,255.99710856521742,0.0,255.99710856521742
20/07/2025,15,74.99,250,409.56260869565216,0.0,255.99710856521742,0.0,255.99710856521742
20/07/2025,16,65.0,250,409.56260869565216,0.0,255.99710856521742,0.0,255.99710856521742
20/07/2025,17,83.9,250,409.56260869565216,0.0,255.99710856521742,0.0,255.99710856521742
20/07/2025,18,106.78,250,409.56260869565216,0.0,255.99710856521742,0.0,255.99710856521742
20/07/2025,19,131.2,250,409.56260869565216,0.0,255.99710856521742,0.0,255.99710856521742
20/07/2025,20,134.98,250,409.56260869565216,0.0,255.99710856521742,0.0,255.99710856521742
20/07/2025,21,141.86,250,409.56260869565216,0.0,255.99710856521742,0.0,255.99710856521742
20/07/2025,22,140.0,250,409.56260869565216,0.0,255.99710856521742,0.0,255.99710856521742
20/07/2025,23,132.25,250,409.56260869565216,0.0,255.99710856521742,0.0,255.99710856521742
20/07/2025,24,131.24,250,409.56260869565216,0.0,255.99710856521742,0.0,255.99710856521742
21/07/2025,1,116.82,250,409.56260869565216,0.0,255.99710856521742,0.0,255.99710856521742
21/07/2025,2,112.99,250,409.56260869565216,0.0,255.99710856521742,0.0,255.99710856521742
21/07/2025,3,110.0,250,409.56260869565216,0.0,255.99710856521742,0.0,255.99710856521742
21/07/2025,4,108.71,250,409.56260869565216,0.0,255.99710856521742,0.0,255.99710856521742
21/07/2025,5,110.0,250,409.56260869565216,0.0,255.99710856521742,0.0,255.99710856521742
21/07/2025,6,115.8,250,409.56260869565216,0.0,255.99710856521742,0.0,255.99710856521742
21/07/2025,7,119.61,250,409.56260869565216,0.0,255.99710856521742,0.0,255.99710856521742
21/07/2025,8,120.0,250,409.56260869565216,0.0,255.99710856521742,0.0,255.99710856521742
21/07/2025,9,123.8,250,409.56260869565216,0.0,255.99710856521742,0.0,255.99710856521742
21/07/2025,10,122.0,250,409.56260869565216,0.0,255.99710856521742,0.0,255.99710856521742
21/07/2025,11,120.0,250,409.56260869565216,0.0,255.99710856521742,0.0,255.99710856521742
21/07/2025,12,117.98,250,409.56260869565216,0.0,255.99710856521742,0.0,255.99710856521742
21/07/2025,13,112.99,250,409.56260869565216,0.0,255.99710856521742,0.0,255.99710856521742
21/07/2025,14,108.95,250,409.56260869565216,0.0,255.99710856521742,0.0,255.99710856521742
21/07/2025,15,112.04,250,409.56260869565216,0.0,255.99710856521742,0.0,255.99710856521742
21/07/2025,16,115.0,250,409.56260869565216,0.0,255.99710856521742,0.0,255.99710856521742
21/07/2025,17,117.98,250,409.56260869565216,0.0,255.99710856521742,0.0,255.99710856521742
21/07/2025,18,119.7,250,409.56260869565216,0.0,255.99710856521742,0.0,255.99710856521742
21/07/2025,19,134.06,250,409.56260869565216,0.0,255.99710856521742,0.0,255.99710856521742
21/07/2025,20,139.86,250,409.56260869565216,0.0,255.99710856521742,0.0,255.99710856521742
21/07/2025,21,137.34,250,409.56260869565216,0.0,255.99710856521742,0.0,255.99710856521742
21/07/2025,22,136.0,250,409.56260869565216,0.0,255.99710856521742,0.0,255.99710856521742
21/07/2025,23,122.0,250,409.56260869565216,0.0,255.99710856521742,0.0,255.99710856521742
21/07/2025,24,120.0,250,409.56260869565216,0.0,255.99710856521742,0.0,255.99710856521742
22/07/2025,1,114.98,250,409.56260869565216,0.0,255.99710856521742,0.0,255.99710856521742
22/07/2025,2,110.0,250,409.56260869565216,0.0,255.99710856521742,0.0,255.99710856521742
22/07/2025,3,105.29,250,409.56260869565216,0.0,255.99710856521742,0.0,255.99710856521742
22/07/2025,4,105.1,250,409.56260869565216,0.0,255.99710856521742,0.0,255.99710856521742
22/07/2025,5,105.0,250,409.56260869565216,0.0,255.99710856521742,0.0,255.99710856521742
22/07/2025,6,105.29,250,409.56260869565216,0.0,255.99710856521742,0.0,255.99710856521742
22/07/2025,7,113.8,250,409.56260869565216,0.0,255.99710856521742,0.0,255.99710856521742
22/07/2025,8,120.0,250,409.56260869565216,0.0,255.99710856521742,0.0,255.99710856521742
22/07/2025,9,120.0,250,409.56260869565216,0.0,255.99710856521742,0.0,255.99710856521742
22/07/2025,10,115.0,250,409.56260869565216,0.0,255.99710856521742,0.0,255.99710856521742
22/07/2025,11,110.0,250,409.56260869565216,0.0,255.99710856521742,0.0,255.99710856521742
22/07/2025,12,105.1,250,409.56260869565216,0.0,255.99710856521742,0.0,255.99710856521742
22/07/2025,13,100.0,250,409.56260869565216,0.0,255.99710856521742,0.0,255.99710856521742
22/07/2025,14,100.0,250,409.56260869565216,0.0,255.99710856521742,0.0,255.99710856521742
22/07/2025,15,105.1,250,409.56260869565216,0.0,255.99710856521742,0.0,255.99710856521742
22/07/2025,16,108.95,250,409.56260869565216,0.0,255.99710856521742,0.0,255.99710856521742
22/07/2025,17,110.0,250,409.56260869565216,0.0,255.99710856521742,0.0,255.99710856521742
22/07/2025,18,110.0,250,409.56260869565216,0.0,255.99710856521742,0.0,255.99710856521742
22/07/2025,19,115.17,250,409.56260869565216,0.0,255.99710856521742,0.0,255.99710856521742
22/07/2025,20,131.5,250,409.56260869565216,0.0,255.99710856521742,0.0,255.99710856521742
22/07/2025,21,134.5,250,409.56260869565216,0.0,255.99710856521742,0.0,255.99710856521742
22/07/2025,22,128.5,250,409.56260869565216,0.0,255.99710856521742,0.0,255.99710856521742
22/07/2025,23,117.6,250,409.56260869565216,0.0,255.99710856521742,0.0,255.99710856521742
22/07/2025,24,117.0,250,409.56260869565216,0.0,255.99710856521742,0.0,255.99710856521742
23/07/2025,1,119.53,250,409.56260869565216,0.0,255.99710856521742,0.0,255.99710856521742
23/07/2025,2,114.2,250,409.56260869565216,0.0,255.99710856521742,0.0,255.99710856521742
23/07/2025,3,108.47,250,409.56260869565216,0.0,255.99710856521742,0.0,255.99710856521742
23/07/2025,4,108.47,250,409.56260869565216,0.0,255.99710856521742,0.0,255.99710856521742
23/07/2025,5,109.51,250,409.56260869565216,0.0,255.99710856521742,0.0,255.99710856521742
23/07/2025,6,114.2,250,409.56260869565216,0.0,255.99710856521742,0.0,255.99710856521742
23/07/2025,7,119.15,250,409.56260869565216,0.0,255.99710856521742,0.0,255.99710856521742
23/07/2025,8,119.84,250,409.56260869565216,0.0,255.99710856521742,0.0,255.99710856521742
23/07/2025,9,126.68,250,409.56260869565216,0.0,255.99710856521742,0.0,255.99710856521742
23/07/2025,10,119.46,250,409.56260869565216,0.0,255.99710856521742,0.0,255.99710856521742
23/07/2025,11,120.0,250,409.56260869565216,0.0,255.99710856521742,0.0,255.99710856521742
23/07/2025,12,115.0,250,409.56260869565216,0.0,255.99710856521742,0.0,255.99710856521742
23/07/2025,13,108.0,250,409.56260869565216,0.0,255.99710856521742,0.0,255.99710856521742
23/07/2025,14,107.3,250,409.56260869565216,0.0,255.99710856521742,0.0,255.99710856521742
23/07/2025,15,106.88,250,409.56260869565216,0.0,255.99710856521742,0.0,255.99710856521742
23/07/2025,16,115.0,250,409.56260869565216,0.0,255.99710856521742,0.0,255.99710856521742
23/07/2025,17,117.26,250,409.56260869565216,0.0,255.99710856521742,0.0,255.99710856521742
23/07/2025,18,120.0,250,409.56260869565216,0.0,255.99710856521742,0.0,255.99710856521742
23/07/2025,19,126.18,250,409.56260869565216,0.0,255.99710856521742,0.0,255.99710856521742
23/07/2025,20,131.02,250,409.56260869565216,0.0,255.99710856521742,0.0,255.99710856521742
23/07/2025,21,125.0,250,409.56260869565216,0.0,255.99710856521742,0.0,255.99710856521742
23/07/2025,22,123.0,250,409.56260869565216,0.0,255.99710856521742,0.0,255.99710856521742
23/07/2025,23,114.5,250,409.56260869565216,0.0,255.99710856521742,0.0,255.99710856521742
23/07/2025,24,119.63,250,409.56260869565216,0.0,255.99710856521742,0.0,255.99710856521742
24/07/2025,1,108.1,250,409.56260869565216,0.0,255.99710856521742,0.0,255.99710856521742
24/07/2025,2,109.67,250,409.56260869565216,0.0,255.99710856521742,0.0,255.99710856521742
24/07/2025,3,107.4,250,409.56260869565216,0.0,255.99710856521742,0.0,255.99710856521742
24/07/2025,4,107.09,250,409.56260869565216,0.0,255.99710856521742,0.0,255.99710856521742
24/07/2025,5,105.76,250,409.56260869565216,0.0,255.99710856521742,0.0,255.99710856521742
24/07/2025,6,105.47,250,409.56260869565216,0.0,255.99710856521742,0.0,255.99710856521742
24/07/2025,7,110.65,250,409.56260869565216,0.0,255.99710856521742,0.0,255.99710856521742
24/07/2025,8,117.07,250,409.56260869565216,0.0,255.99710856521742,0.0,255.99710856521742
24/07/2025,9,120.0,250,409.56260869565216,0.0,255.99710856521742,0.0,255.99710856521742
24/07/2025,10,115.2,250,409.56260869565216,0.0,255.99710856521742,0.0,255.99710856521742
24/07/2025,11,115.2,250,409.56260869565216,0.0,255.99710856521742,0.0,255.99710856521742
24/07/2025,12,113.33,250,409.56260869565216,0.0,255.99710856521742,0.0,255.99710856521742
24/07/2025,13,110.44,250,409.56260869565216,0.0,255.99710856521742,0.0,255.99710856521742
24/07/2025,14,111.0,250,409.56260869565216,0.0,255.99710856521742,0.0,255.99710856521742
24/07/2025,15,112.69,250,409.56260869565216,0.0,255.99710856521742,0.0,255.99710856521742
24/07/2025,16,109.47,250,409.56260869565216,0.0,255.99710856521742,0.0,255.99710856521742
24/07/2025,17,112.0,250,409.56260869565216,0.0,255.99710856521742,0.0,255.99710856521742
24/07/2025,18,116.44,250,409.56260869565216,0.0,255.99710856521742,0.0,255.99710856521742
24/07/2025,19,118.0,250,409.56260869565216,0.0,255.99710856521742,0.0,255.99710856521742
24/07/2025,20,120.0,250,409.56260869565216,0.0,255.99710856521742,0.0,255.99710856521742
24/07/2025,21,120.0,250,409.56260869565216,0.0,255.99710856521742,0.0,255.99710856521742
24/07/2025,22,118.78,250,409.56260869565216,0.0,255.99710856521742,0.0,255.99710856521742
24/07/2025,23,114.0,250,409.56260869565216,0.0,255.99710856521742,0.0,255.99710856521742
24/07/2025,24,110.0,250,409.56260869565216,0.0,255.99710856521742,0.0,255.99710856521742
25/07/2025,1,114.72,250,409.56260869565216,0.0,255.99710856521742,0.0,255.99710856521742
25/07/2025,2,112.24,250,409.56260869565216,0.0,255.99710856521742,0.0,255.99710856521742
25/07/2025,3,109.9,250,409.56260869565216,0.0,255.99710856521742,0.0,255.99710856521742
25/07/2025,4,108.33,250,409.56260869565216,0.0,255.99710856521742,0.0,255.99710856521742
25/07/2025,5,111.0,250,409.56260869565216,0.0,255.99710856521742,0.0,255.99710856521742
25/07/2025,6,111.0,250,409.56260869565216,0.0,255.99710856521742,0.0,255.99710856521742
25/07/2025,7,116.78,250,409.56260869565216,0.0,255.99710856521742,0.0,255.99710856521742
25/07/2025,8,116.78,250,409.56260869565216,0.0,255.99710856521742,0.0,255.99710856521742
25/07/2025,9,119.0,250,409.56260869565216,0.0,255.99710856521742,0.0,255.99710856521742
25/07/2025,10,114.4,250,409.56260869565216,0.0,255.99710856521742,0.0,255.99710856521742
25/07/2025,11,108.27,250,409.56260869565216,0.0,255.99710856521742,0.0,255.99710856521742
25/07/2025,12,112.8,250,409.56260869565216,0.0,255.99710856521742,0.0,255.99710856521742
25/07/2025,13,112.8,250,409.56260869565216,0.0,255.99710856521742,0.0,255.99710856521742
25/07/2025,14,112.8,250,409.56260869565216,0.0,255.99710856521742,0.0,255.99710856521742
25/07/2025,15,120.0,250,409.56260869565216,0.0,255.99710856521742,0.0,255.99710856521742
25/07/2025,16,112.8,250,409.56260869565216,0.0,255.99710856521742,0.0,255.99710856521742
25/07/2025,17,115.0,250,409.56260869565216,0.0,255.99710856521742,0.0,255.99710856521742
25/07/2025,18,114.0,250,409.56260869565216,0.0,255.99710856521742,0.0,255.99710856521742
25/07/2025,19,118.0,250,409.56260869565216,0.0,255.99710856521742,0.0,255.99710856521742
25/07/2025,20,118.0,250,409.56260869565216,0.0,255.99710856521742,0.0,255.99710856521742
25/07/2025,21,116.44,250,409.56260869565216,0.0,255.99710856521742,0.0,255.99710856521742
25/07/2025,22,114.4,250,409.56260869565216,0.0,255.99710856521742,0.0,255.99710856521742
25/07/2025,23,107.83,250,409.56260869565216,0.0,255.99710856521742,0.0,255.99710856521742
25/07/2025,24,107.62,250,409.56260869565216,0.0,255.99710856521742,0.0,255.99710856521742
26/07/2025,1,111.65,250,409.56260869565216,0.0,255.99710856521742,0.0,255.99710856521742
26/07/2025,2,111.0,250,409.56260869565216,0.0,255.99710856521742,0.0,255.99710856521742
26/07/2025,3,108.17,250,409.56260869565216,0.0,255.99710856521742,0.0,255.99710856521742
26/07/2025,4,108.17,250,409.56260869565216,0.0,255.99710856521742,0.0,255.99710856521742
26/07/2025,5,108.14,250,409.56260869565216,0.0,255.99710856521742,0.0,255.99710856521742
26/07/2025,6,108.17,250,409.56260869565216,0.0,255.99710856521742,0.0,255.99710856521742
26/07/2025,7,111.65,250,409.56260869565216,0.0,255.99710856521742,0.0,255.99710856521742
26/07/2025,8,107.99,250,409.56260869565216,0.0,255.99710856521742,0.0,255.99710856521742
26/07/2025,9,106.75,250,409.56260869565216,0.0,255.99710856521742,0.0,255.99710856521742
26/07/2025,10,105.59,250,409.56260869565216,0.0,255.99710856521742,0.0,255.99710856521742
26/07/2025,11,102.0,250,409.56260869565216,0.0,255.99710856521742,0.0,255.99710856521742
26/07/2025,12,95.08,250,409.56260869565216,0.0,255.99710856521742,0.0,255.99710856521742
26/07/2025,13,75.99,250,409.56260869565216,0.0,255.99710856521742,0.0,255.99710856521742
26/07/2025,14,72.8,250,409.56260869565216,0.0,255.99710856521742,0.0,255.99710856521742
26/07/2025,15,72.37,250,409.56260869565216,0.0,255.99710856521742,0.0,255.99710856521742
26/07/2025,16,84.99,250,409.56260869565216,0.0,255.99710856521742,0.0,255.99710856521742
26/07/2025,17,105.1,250,409.56260869565216,0.0,255.99710856521742,0.0,255.99710856521742
26/07/2025,18,105.22,250,409.56260869565216,0.0,255.99710856521742,0.0,255.99710856521742
26/07/2025,19,105.0,250,409.56260869565216,0.0,255.99710856521742,0.0,255.99710856521742
26/07/2025,20,111.44,250,409.56260869565216,0.0,255.99710856521742,0.0,255.99710856521742
26/07/2025,21,113.5,250,409.56260869565216,0.0,255.99710856521742,0.0,255.99710856521742
26/07/2025,22,111.65,250,409.56260869565216,0.0,255.99710856521742,0.0,255.99710856521742
26/07/2025,23,110.0,250,409.56260869565216,0.0,255.99710856521742,0.0,255.99710856521742
26/07/2025,24,105.59,250,409.56260869565216,0.0,255.99710856521742,0.0,255.99710856521742
27/07/2025,1,98.03,250,409.56260869565216,0.0,255.99710856521742,0.0,255.99710856521742
27/07/2025,2,92.93,250,409.56260869565216,0.0,255.99710856521742,0.0,255.99710856521742
27/07/2025,3,90.0,250,409.56260869565216,0.0,255.99710856521742,0.0,255.99710856521742
27/07/2025,4,85.5,250,409.56260869565216,0.0,255.99710856521742,0.0,255.99710856521742
27/07/2025,5,90.0,250,409.56260869565216,0.0,255.99710856521742,0.0,255.99710856521742
27/07/2025,6,92.16,250,409.56260869565216,0.0,255.99710856521742,0.0,255.99710856521742
27/07/2025,7,88.48,250,409.56260869565216,0.0,255.99710856521742,0.0,255.99710856521742
27/07/2025,8,83.07,250,409.56260869565216,0.0,255.99710856521742,0.0,255.99710856521742
27/07/2025,9,75.03,250,409.56260869565216,0.0,255.99710856521742,0.0,255.99710856521742
27/07/2025,10,41.37,450,379.8566519202964,399.55380458080873,237.42940028278124,16.529540895508056,253.9589411782893
27/07/2025,11,25.51,450,379.8566519202964,399.55380458080873,237.42940028278124,10.192617554856431,247.62201783763769
27/07/2025,12,33.17,450,379.8566519202964,399.55380458080873,237.42940028278124,13.253199697945426,250.68259998072668
27/07/2025,13,42.0,450,379.8566519202964,399.55380458080873,237.42940028278124,16.781259792393968,254.2106600751752
27/07/2025,14,23.0,450,379.8566519202964,399.55380458080873,237.42940028278124,9.1897375053586,246.61913778813985
27/07/2025,15,28.77,450,379.8566519202964,399.55380458080873,237.42940028278124,11.495162957789868,248.9245632405711
27/07/2025,16,23.13,450,379.8566519202964,399.55380458080873,237.42940028278124,9.241679499954106,246.67107978273535
27/07/2025,17,34.16,450,379.8566519202964,399.55380458080873,237.42940028278124,13.648757964480426,251.07815824726168
27/07/2025,18,70.0,250,409.56260869565216,0.0,255.99710856521742,0.0,255.99710856521742
27/07/2025,19,95.41,250,409.56260869565216,0.0,255.99710856521742,0.0,255.99710856521742
27/07/2025,20,105.1,250,409.56260869565216,0.0,255.99710856521742,0.0,255.99710856521742
27/07/2025,21,111.4,250,409.56260869565216,0.0,255.99710856521742,0.0,255.99710856521742
27/07/2025,22,109.08,250,409.56260869565216,0.0,255.99710856521742,0.0,255.99710856521742
27/07/2025,23,105.1,250,409.56260869565216,0.0,255.99710856521742,0.0,255.99710856521742
27/07/2025,24,105.0,250,409.56260869565216,0.0,255.99710856521742,0.0,255.99710856521742
28/07/2025,1,94.35,250,409.56260869565216,0.0,255.99710856521742,0.0,255.99710856521742
28/07/2025,2,83.19,250,409.56260869565216,0.0,255.99710856521742,0.0,255.99710856521742
28/07/2025,3,80.2,250,409.56260869565216,0.0,255.99710856521742,0.0,255.99710856521742
28/07/2025,4,81.34,250,409.56260869565216,0.0,255.99710856521742,0.0,255.99710856521742
28/07/2025,5,82.73,250,409.56260869565216,0.0,255.99710856521742,0.0,255.99710856521742
28/07/2025,6,83.97,250,409.56260869565216,0.0,255.99710856521742,0.0,255.99710856521742
28/07/2025,7,102.9,250,409.56260869565216,0.0,255.99710856521742,0.0,255.99710856521742
28/07/2025,8,112.0,250,409.56260869565216,0.0,255.99710856521742,0.0,255.99710856521742
28/07/2025,9,117.0,250,409.56260869565216,0.0,255.99710856521742,0.0,255.99710856521742
28/07/2025,10,113.39,250,409.56260869565216,0.0,255.99710856521742,0.0,255.99710856521742
28/07/2025,11,105.5,250,409.56260869565216,0.0,255.99710856521742,0.0,255.99710856521742
28/07/2025,12,107.0,250,409.56260869565216,0.0,255.99710856521742,0.0,255.99710856521742
28/07/2025,13,110.58,250,409.56260869565216,0.0,255.99710856521742,0.0,255.99710856521742
28/07/2025,14,109.56,250,409.56260869565216,0.0,255.99710856521742,0.0,255.99710856521742
28/07/2025,15,111.65,250,409.56260869565216,0.0,255.99710856521742,0.0,255.99710856521742
28/07/2025,16,104.44,250,409.56260869565216,0.0,255.99710856521742,0.0,255.99710856521742
28/07/2025,17,96.49,250,409.56260869565216,0.0,255.99710856521742,0.0,255.99710856521742
28/07/2025,18,100.01,250,409.56260869565216,0.0,255.99710856521742,0.0,255.99710856521742
28/07/2025,19,104.43,250,409.56260869565216,0.0,255.99710856521742,0.0,255.99710856521742
28/07/2025,20,115.0,250,409.56260869565216,0.0,255.99710856521742,0.0,255.99710856521742
28/07/2025,21,116.5,250,409.56260869565216,0.0,255.99710856521742,0.0,255.99710856521742
28/07/2025,22,115.99,250,409.56260869565216,0.0,255.99710856521742,0.0,255.99710856521742
28/07/2025,23,106.0,250,409.56260869565216,0.0,255.99710856521742,0.0,255.99710856521742
28/07/2025,24,100.22,250,409.56260869565216,0.0,255.99710856521742,0.0,255.99710856521742
29/07/2025,1,106.0,250,409.56260869565216,0.0,255.99710856521742,0.0,255.99710856521742
29/07/2025,2,103.55,250,409.56260869565216,0.0,255.99710856521742,0.0,255.99710856521742
29/07/2025,3,100.85,250,409.56260869565216,0.0,255.99710856521742,0.0,255.99710856521742
29/07/2025,4,97.78,250,409.56260869565216,0.0,255.99710856521742,0.0,255.99710856521742
29/07/2025,5,93.71,250,409.56260869565216,0.0,255.99710856521742,0.0,255.99710856521742
29/07/2025,6,103.99,250,409.56260869565216,0.0,255.99710856521742,0.0,255.99710856521742
29/07/2025,7,107.12,250,409.56260869565216,0.0,255.99710856521742,0.0,255.99710856521742
29/07/2025,8,112.0,250,409.56260869565216,0.0,255.99710856521742,0.0,255.99710856521742
29/07/2025,9,112.0,250,409.56260869565216,0.0,255.99710856521742,0.0,255.99710856521742
29/07/2025,10,106.0,250,409.56260869565216,0.0,255.99710856521742,0.0,255.99710856521742
29/07/2025,11,97.97,250,409.56260869565216,0.0,255.99710856521742,0.0,255.99710856521742
29/07/2025,12,82.7,250,409.56260869565216,0.0,255.99710856521742,0.0,255.99710856521742
29/07/2025,13,70.9,250,409.56260869565216,0.0,255.99710856521742,0.0,255.99710856521742
29/07/2025,14,64.99,250,409.56260869565216,0.0,255.99710856521742,0.0,255.99710856521742
29/07/2025,15,68.66,250,409.56260869565216,0.0,255.99710856521742,0.0,255.99710856521742
29/07/2025,16,74.01,250,409.56260869565216,0.0,255.99710856521742,0.0,255.99710856521742
29/07/2025,17,93.71,250,409.56260869565216,0.0,255.99710856521742,0.0,255.99710856521742
29/07/2025,18,94.87,250,409.56260869565216,0.0,255.99710856521742,0.0,255.99710856521742
29/07/2025,19,107.16,250,409.56260869565216,0.0,255.99710856521742,0.0,255.99710856521742
29/07/2025,20,115.8,250,409.56260869565216,0.0,255.99710856521742,0.0,255.99710856521742
29/07/2025,21,120.0,250,409.56260869565216,0.0,255.99710856521742,0.0,255.99710856521742
29/07/2025,22,119.0,250,409.56260869565216,0.0,255.99710856521742,0.0,255.99710856521742
29/07/2025,23,110.0,250,409.56260869565216,0.0,255.99710856521742,0.0,255.99710856521742
29/07/2025,24,105.2,250,409.56260869565216,0.0,255.99710856521742,0.0,255.99710856521742
30/07/2025,1,110.66,250,409.56260869565216,0.0,255.99710856521742,0.0,255.99710856521742
30/07/2025,2,105.68,250,409.56260869565216,0.0,255.99710856521742,0.0,255.99710856521742
30/07/2025,3,105.68,250,409.56260869565216,0.0,255.99710856521742,0.0,255.99710856521742
30/07/2025,4,100.0,250,409.56260869565216,0.0,255.99710856521742,0.0,255.99710856521742
30/07/2025,5,103.0,250,409.56260869565216,0.0,255.99710856521742,0.0,255.99710856521742
30/07/2025,6,105.1,250,409.56260869565216,0.0,255.99710856521742,0.0,255.99710856521742
30/07/2025,7,115.0,250,409.56260869565216,0.0,255.99710856521742,0.0,255.99710856521742
30/07/2025,8,128.91,250,409.56260869565216,0.0,255.99710856521742,0.0,255.99710856521742
30/07/2025,9,126.87,250,409.56260869565216,0.0,255.99710856521742,0.0,255.99710856521742
30/07/2025,10,115.0,250,409.56260869565216,0.0,255.99710856521742,0.0,255.99710856521742
30/07/2025,11,105.1,250,409.56260869565216,0.0,255.99710856521742,0.0,255.99710856521742
30/07/2025,12,97.31,250,409.56260869565216,0.0,255.99710856521742,0.0,255.99710856521742
30/07/2025,13,90.25,250,409.56260869565216,0.0,255.99710856521742,0.0,255.99710856521742
30/07/2025,14,85.78,250,409.56260869565216,0.0,255.99710856521742,0.0,255.99710856521742
30/07/2025,15,93.5,250,409.56260869565216,0.0,255.99710856521742,0.0,255.99710856521742
30/07/2025,16,91.2,250,409.56260869565216,0.0,255.99710856521742,0.0,255.99710856521742
30/07/2025,17,98.91,250,409.56260869565216,0.0,255.99710856521742,0.0,255.99710856521742
30/07/2025,18,107.71,250,409.56260869565216,0.0,255.99710856521742,0.0,255.99710856521742
30/07/2025,19,125.0,250,409.56260869565216,0.0,255.99710856521742,0.0,255.99710856521742
30/07/2025,20,131.32,250,409.56260869565216,0.0,255.99710856521742,0.0,255.99710856521742
30/07/2025,21,128.73,250,409.56260869565216,0.0,255.99710856521742,0.0,255.99710856521742
30/07/2025,22,121.14,250,409.56260869565216,0.0,255.99710856521742,0.0,255.99710856521742
30/07/2025,23,114.0,250,409.56260869565216,0.0,255.99710856521742,0.0,255.99710856521742
30/07/2025,24,111.22,250,409.56260869565216,0.0,255.99710856521742,0.0,255.99710856521742
31/07/2025,1,106.25,250,409.56260869565216,0.0,255.99710856521742,0.0,255.99710856521742
31/07/2025,2,104.44,250,409.56260869565216,0.0,255.99710856521742,0.0,255.99710856521742
31/07/2025,3,103.0,250,409.56260869565216,0.0,255.99710856521742,0.0,255.99710856521742
31/07/2025,4,100.0,250,409.56260869565216,0.0,255.99710856521742,0.0,255.99710856521742
31/07/2025,5,100.0,250,409.56260869565216,0.0,255.99710856521742,0.0,255.99710856521742
31/07/2025,6,105.0,250,409.56260869565216,0.0,255.99710856521742,0.0,255.99710856521742
31/07/2025,7,110.0,250,409.56260869565216,0.0,255.99710856521742,0.0,255.99710856521742
31/07/2025,8,117.71,250,409.56260869565216,0.0,255.99710856521742,0.0,255.99710856521742
31/07/2025,9,114.27,250,409.56260869565216,0.0,255.99710856521742,0.0,255.99710856521742
31/07/2025,10,105.1,250,409.56260869565216,0.0,255.99710856521742,0.0,255.99710856521742
31/07/2025,11,103.0,250,409.56260869565216,0.0,255.99710856521742,0.0,255.99710856521742
31/07/2025,12,96.57,250,409.56260869565216,0.0,255.99710856521742,0.0,255.99710856521742
31/07/2025,13,69.93,250,409.56260869565216,0.0,255.99710856521742,0.0,255.99710856521742
31/07/2025,14,72.0,250,409.56260869565216,0.0,255.99710856521742,0.0,255.99710856521742
31/07/2025,15,75.0,250,409.56260869565216,0.0,255.99710856521742,0.0,255.99710856521742
31/07/2025,16,86.99,250,409.56260869565216,0.0,255.99710856521742,0.0,255.99710856521742
31/07/2025,17,97.23,250,409.56260869565216,0.0,255.99710856521742,0.0,255.99710856521742
31/07/2025,18,107.1,250,409.56260869565216,0.0,255.99710856521742,0.0,255.99710856521742
31/07/2025,19,114.0,250,409.56260869565216,0.0,255.99710856521742,0.0,255.99710856521742
31/07/2025,20,125.0,250,409.56260869565216,0.0,255.99710856521742,0.0,255.99710856521742
31/07/2025,21,132.38,250,409.56260869565216,0.0,255.99710856521742,0.0,255.99710856521742
31/07/2025,22,128.47,250,409.56260869565216,0.0,255.99710856521742,0.0,255.99710856521742
31/07/2025,23,118.91,250,409.56260869565216,0.0,255.99710856521742,0.0,255.99710856521742
31/07/2025,24,113.71,250,409.56260869565216,0.0,255.99710856521742,0.0,255.99710856521742
01/08/2025,1,112.56,250,409.56260869565216,0.0,255.99710856521742,0.0,255.99710856521742
01/08/2025,2,105.69,250,409.56260869565216,0.0,255.99710856521742,0.0,255.99710856521742
01/08/2025,3,105.7,250,409.56260869565216,0.0,255.99710856521742,0.0,255.99710856521742
01/08/2025,4,105.1,250,409.56260869565216,0.0,255.99710856521742,0.0,255.99710856521742
01/08/2025,5,105.1,250,409.56260869565216,0.0,255.99710856521742,0.0,255.99710856521742
01/08/2025,6,105.1,250,409.56260869565216,0.0,255.99710856521742,0.0,255.99710856521742
01/08/2025,7,115.0,250,409.56260869565216,0.0,255.99710856521742,0.0,255.99710856521742
01/08/2025,8,127.98,250,409.56260869565216,0.0,255.99710856521742,0.0,255.99710856521742
01/08/2025,9,118.0,250,409.56260869565216,0.0,255.99710856521742,0.0,255.99710856521742
01/08/2025,10,119.4,250,409.56260869565216,0.0,255.99710856521742,0.0,255.99710856521742
01/08/2025,11,109.0,250,409.56260869565216,0.0,255.99710856521742,0.0,255.99710856521742
01/08/2025,12,100.0,250,409.56260869565216,0.0,255.99710856521742,0.0,255.99710856521742
01/08/2025,13,93.5,250,409.56260869565216,0.0,255.99710856521742,0.0,255.99710856521742
01/08/2025,14,96.4,250,409.56260869565216,0.0,255.99710856521742,0.0,255.99710856521742
01/08/2025,15,98.49,250,409.56260869565216,0.0,255.99710856521742,0.0,255.99710856521742
01/08/2025,16,102.5,250,409.56260869565216,0.0,255.99710856521742,0.0,255.99710856521742
01/08/2025,17,103.5,250,409.56260869565216,0.0,255.99710856521742,0.0,255.99710856521742
01/08/2025,18,108.5,250,409.56260869565216,0.0,255.99710856521742,0.0,255.99710856521742
01/08/2025,19,115.0,250,409.56260869565216,0.0,255.99710856521742,0.0,255.99710856521742
01/08/2025,20,124.0,250,409.56260869565216,0.0,255.99710856521742,0.0,255.99710856521742
01/08/2025,21,127.05,250,409.56260869565216,0.0,255.99710856521742,0.0,255.99710856521742
01/08/2025,22,123.0,250,409.56260869565216,0.0,255.99710856521742,0.0,255.99710856521742
01/08/2025,23,127.98,250,409.56260869565216,0.0,255.99710856521742,0.0,255.99710856521742
01/08/2025,24,111.83,250,409.56260869565216,0.0,255.99710856521742,0.0,255.99710856521742
02/08/2025,1,123.0,250,409.56260869565216,0.0,255.99710856521742,0.0,255.99710856521742
02/08/2025,2,110.5,250,409.56260869565216,0.0,255.99710856521742,0.0,255.99710856521742
02/08/2025,3,112.3,250,409.56260869565216,0.0,255.99710856521742,0.0,255.99710856521742
02/08/2025,4,107.23,250,409.56260869565216,0.0,255.99710856521742,0.0,255.99710856521742
02/08/2025,5,105.1,250,409.56260869565216,0.0,255.99710856521742,0.0,255.99710856521742
02/08/2025,6,105.24,250,409.56260869565216,0.0,255.99710856521742,0.0,255.99710856521742
02/08/2025,7,112.3,250,409.56260869565216,0.0,255.99710856521742,0.0,255.99710856521742
02/08/2025,8,108.5,250,409.56260869565216,0.0,255.99710856521742,0.0,255.99710856521742
02/08/2025,9,114.85,250,409.56260869565216,0.0,255.99710856521742,0.0,255.99710856521742
02/08/2025,10,115.0,250,409.56260869565216,0.0,255.99710856521742,0.0,255.99710856521742
02/08/2025,11,120.0,250,409.56260869565216,0.0,255.99710856521742,0.0,255.99710856521742
02/08/2025,12,112.3,250,409.56260869565216,0.0,255.99710856521742,0.0,255.99710856521742
02/08/2025,13,107.97,250,409.56260869565216,0.0,255.99710856521742,0.0,255.99710856521742
02/08/2025,14,100.61,250,409.56260869565216,0.0,255.99710856521742,0.0,255.99710856521742
02/08/2025,15,100.0,250,409.56260869565216,0.0,255.99710856521742,0.0,255.99710856521742
02/08/2025,16,85.0,250,409.56260869565216,0.0,255.99710856521742,0.0,255.99710856521742
02/08/2025,17,88.0,250,409.56260869565216,0.0,255.99710856521742,0.0,255.99710856521742
02/08/2025,18,100.0,250,409.56260869565216,0.0,255.99710856521742,0.0,255.99710856521742
02/08/2025,19,108.5,250,409.56260869565216,0.0,255.99710856521742,0.0,255.99710856521742
02/08/2025,20,114.85,250,409.56260869565216,0.0,255.99710856521742,0.0,255.99710856521742
02/08/2025,21,114.85,250,409.56260869565216,0.0,255.99710856521742,0.0,255.99710856521742
02/08/2025,22,122.5,250,409.56260869565216,0.0,255.99710856521742,0.0,255.99710856521742
02/08/2025,23,121.53,250,409.56260869565216,0.0,255.99710856521742,0.0,255.99710856521742
02/08/2025,24,120.95,250,409.56260869565216,0.0,255.99710856521742,0.0,255.99710856521742
03/08/2025,1,107.93,250,409.56260869565216,0.0,255.99710856521742,0.0,255.99710856521742
03/08/2025,2,105.1,250,409.56260869565216,0.0,255.99710856521742,0.0,255.99710856521742
03/08/2025,3,102.5,250,409.56260869565216,0.0,255.99710856521742,0.0,255.99710856521742
03/08/2025,4,100.76,250,409.56260869565216,0.0,255.99710856521742,0.0,255.99710856521742
03/08/2025,5,101.5,250,409.56260869565216,0.0,255.99710856521742,0.0,255.99710856521742
03/08/2025,6,106.0,250,409.56260869565216,0.0,255.99710856521742,0.0,255.99710856521742
03/08/2025,7,110.41,250,409.56260869565216,0.0,255.99710856521742,0.0,255.99710856521742
03/08/2025,8,110.46,250,409.56260869565216,0.0,255.99710856521742,0.0,255.99710856521742
03/08/2025,9,105.1,250,409.56260869565216,0.0,255.99710856521742,0.0,255.99710856521742
03/08/2025,10,105.1,250,409.56260869565216,0.0,255.99710856521742,0.0,255.99710856521742
03/08/2025,11,99.71,250,409.56260869565216,0.0,255.99710856521742,0.0,255.99710856521742
03/08/2025,12,65.0,250,409.56260869565216,0.0,255.99710856521742,0.0,255.99710856521742
03/08/2025,13,40.0,450,379.8566519202964,399.55380458080873,237.42940028278124,15.98215218323235,253.4115524660136
03/08/2025,14,25.0,450,379.8566519202964,399.55380458080873,237.42940028278124,9.988845114520219,247.41824539730146
03/08/2025,15,25.0,450,379.8566519202964,399.55380458080873,237.42940028278124,9.988845114520219,247.41824539730146
03/08/2025,16,25.0,450,379.8566519202964,399.55380458080873,237.42940028278124,9.988845114520219,247.41824539730146
03/08/2025,17,45.0,450,379.8566519202964,399.55380458080873,237.42940028278124,17.979921206136392,255.40932148891764
03/08/2025,18,84.85,250,409.56260869565216,0.0,255.99710856521742,0.0,255.99710856521742
03/08/2025,19,105.1,250,409.56260869565216,0.0,255.99710856521742,0.0,255.99710856521742
03/08/2025,20,110.5,250,409.56260869565216,0.0,255.99710856521742,0.0,255.99710856521742
03/08/2025,21,110.0,250,409.56260869565216,0.0,255.99710856521742,0.0,255.99710856521742
03/08/2025,22,106.0,250,409.56260869565216,0.0,255.99710856521742,0.0,255.99710856521742
03/08/2025,23,102.5,250,409.56260869565216,0.0,255.99710856521742,0.0,255.99710856521742
03/08/2025,24,105.0,250,409.56260869565216,0.0,255.99710856521742,0.0,255.99710856521742
04/08/2025,1,107.93,250,409.56260869565216,0.0,255.99710856521742,0.0,255.99710856521742
04/08/2025,2,105.93,250,409.56260869565216,0.0,255.99710856521742,0.0,255.99710856521742
04/08/2025,3,105.1,250,409.56260869565216,0.0,255.99710856521742,0.0,255.99710856521742
04/08/2025,4,104.5,250,409.56260869565216,0.0,255.99710856521742,0.0,255.99710856521742
04/08/2025,5,104.28,250,409.56260869565216,0.0,255.99710856521742,0.0,255.99710856521742
04/08/2025,6,105.1,250,409.56260869565216,0.0,255.99710856521742,0.0,255.99710856521742
04/08/2025,7,112.0,250,409.56260869565216,0.0,255.99710856521742,0.0,255.99710856521742
04/08/2025,8,135.44,250,409.56260869565216,0.0,255.99710856521742,0.0,255.99710856521742
04/08/2025,9,137.98,250,409.56260869565216,0.0,255.99710856521742,0.0,255.99710856521742
04/08/2025,10,125.0,250,409.56260869565216,0.0,255.99710856521742,0.0,255.99710856521742
04/08/2025,11,107.97,250,409.56260869565216,0.0,255.99710856521742,0.0,255.99710856521742
04/08/2025,12,105.0,250,409.56260869565216,0.0,255.99710856521742,0.0,255.99710856521742
04/08/2025,13,95.0,250,409.56260869565216,0.0,255.99710856521742,0.0,255.99710856521742
04/08/2025,14,90.0,250,409.56260869565216,0.0,255.99710856521742,0.0,255.99710856521742
04/08/2025,15,91.57,250,409.56260869565216,0.0,255.99710856521742,0.0,255.99710856521742
04/08/2025,16,100.0,250,409.56260869565216,0.0,255.99710856521742,0.0,255.99710856521742
04/08/2025,17,109.85,250,409.56260869565216,0.0,255.99710856521742,0.0,255.99710856521742
04/08/2025,18,101.82,250,409.56260869565216,0.0,255.99710856521742,0.0,255.99710856521742
04/08/2025,19,110.5,250,409.56260869565216,0.0,255.99710856521742,0.0,255.99710856521742
04/08/2025,20,125.96,250,409.56260869565216,0.0,255.99710856521742,0.0,255.99710856521742
04/08/2025,21,128.96,250,409.56260869565216,0.0,255.99710856521742,0.0,255.99710856521742
04/08/2025,22,128.96,250,409.56260869565216,0.0,255.99710856521742,0.0,255.99710856521742
04/08/2025,23,128.96,250,409.56260869565216,0.0,255.99710856521742,0.0,255.99710856521742
04/08/2025,24,118.0,250,409.56260869565216,0.0,255.99710856521742,0.0,255.99710856521742
05/08/2025,1,115.0,250,409.56260869565216,0.0,255.99710856521742,0.0,255.99710856521742
05/08/2025,2,110.0,250,409.56260869565216,0.0,255.99710856521742,0.0,255.99710856521742
05/08/2025,3,105.1,250,409.56260869565216,0.0,255.99710856521742,0.0,255.99710856521742
05/08/2025,4,105.1,250,409.56260869565216,0.0,255.99710856521742,0.0,255.99710856521742
05/08/2025,5,105.1,250,409.56260869565216,0.0,255.99710856521742,0.0,255.99710856521742
05/08/2025,6,106.0,250,409.56260869565216,0.0,255.99710856521742,0.0,255.99710856521742
05/08/2025,7,109.24,250,409.56260869565216,0.0,255.99710856521742,0.0,255.99710856521742
05/08/2025,8,112.89,250,409.56260869565216,0.0,255.99710856521742,0.0,255.99710856521742
05/08/2025,9,110.0,250,409.56260869565216,0.0,255.99710856521742,0.0,255.99710856521742
05/08/2025,10,105.0,250,409.56260869565216,0.0,255.99710856521742,0.0,255.99710856521742
05/08/2025,11,97.0,250,409.56260869565216,0.0,255.99710856521742,0.0,255.99710856521742
05/08/2025,12,93.5,250,409.56260869565216,0.0,255.99710856521742,0.0,255.99710856521742
05/08/2025,13,75.0,250,409.56260869565216,0.0,255.99710856521742,0.0,255.99710856521742
05/08/2025,14,65.0,250,409.56260869565216,0.0,255.99710856521742,0.0,255.99710856521742
05/08/2025,15,69.0,250,409.56260869565216,0.0,255.99710856521742,0.0,255.99710856521742
05/08/2025,16,88.4,250,409.56260869565216,0.0,255.99710856521742,0.0,255.99710856521742
05/08/2025,17,96.9,250,409.56260869565216,0.0,255.99710856521742,0.0,255.99710856521742
05/08/2025,18,104.05,250,409.56260869565216,0.0,255.99710856521742,0.0,255.99710856521742
05/08/2025,19,120.0,250,409.56260869565216,0.0,255.99710856521742,0.0,255.99710856521742
05/08/2025,20,130.0,250,409.56260869565216,0.0,255.99710856521742,0.0,255.99710856521742
05/08/2025,21,134.14,250,409.56260869565216,0.0,255.99710856521742,0.0,255.99710856521742
05/08/2025,22,130.0,250,409.56260869565216,0.0,255.99710856521742,0.0,255.99710856521742
05/08/2025,23,126.48,250,409.56260869565216,0.0,255.99710856521742,0.0,255.99710856521742
05/08/2025,24,116.73,250,409.56260869565216,0.0,255.99710856521742,0.0,255.99710856521742
06/08/2025,1,109.58,250,409.56260869565216,0.0,255.99710856521742,0.0,255.99710856521742
06/08/2025,2,108.75,250,409.56260869565216,0.0,255.99710856521742,0.0,255.99710856521742
06/08/2025,3,107.67,250,409.56260869565216,0.0,255.99710856521742,0.0,255.99710856521742
06/08/2025,4,105.99,250,409.56260869565216,0.0,255.99710856521742,0.0,255.99710856521742
06/08/2025,5,106.0,250,409.56260869565216,0.0,255.99710856521742,0.0,255.99710856521742
06/08/2025,6,108.75,250,409.56260869565216,0.0,255.99710856521742,0.0,255.99710856521742
06/08/2025,7,120.0,250,409.56260869565216,0.0,255.99710856521742,0.0,255.99710856521742
06/08/2025,8,120.0,250,409.56260869565216,0.0,255.99710856521742,0.0,255.99710856521742
06/08/2025,9,109.5,250,409.56260869565216,0.0,255.99710856521742,0.0,255.99710856521742
06/08/2025,10,105.1,250,409.56260869565216,0.0,255.99710856521742,0.0,255.99710856521742
06/08/2025,11,105.1,250,409.56260869565216,0.0,255.99710856521742,0.0,255.99710856521742
06/08/2025,12,95.01,250,409.56260869565216,0.0,255.99710856521742,0.0,255.99710856521742
06/08/2025,13,83.55,250,409.56260869565216,0.0,255.99710856521742,0.0,255.99710856521742
06/08/2025,14,80.28,250,409.56260869565216,0.0,255.99710856521742,0.0,255.99710856521742
06/08/2025,15,85.75,250,409.56260869565216,0.0,255.99710856521742,0.0,255.99710856521742
06/08/2025,16,96.3,250,409.56260869565216,0.0,255.99710856521742,0.0,255.99710856521742
06/08/2025,17,105.1,250,409.56260869565216,0.0,255.99710856521742,0.0,255.99710856521742
06/08/2025,18,115.0,250,409.56260869565216,0.0,255.99710856521742,0.0,255.99710856521742
06/08/2025,19,120.98,250,409.56260869565216,0.0,255.99710856521742,0.0,255.99710856521742
06/08/2025,20,125.38,250,409.56260869565216,0.0,255.99710856521742,0.0,255.99710856521742
06/08/2025,21,130.0,250,409.56260869565216,0.0,255.99710856521742,0.0,255.99710856521742
06/08/2025,22,120.0,250,409.56260869565216,0.0,255.99710856521742,0.0,255.99710856521742
06/08/2025,23,110.0,250,409.56260869565216,0.0,255.99710856521742,0.0,255.99710856521742
06/08/2025,24,113.0,250,409.56260869565216,0.0,255.99710856521742,0.0,255.99710856521742
07/08/2025,1,110.06,250,409.56260869565216,0.0,255.99710856521742,0.0,255.99710856521742
07/08/2025,2,105.1,250,409.56260869565216,0.0,255.99710856521742,0.0,255.99710856521742
07/08/2025,3,104.5,250,409.56260869565216,0.0,255.99710856521742,0.0,255.99710856521742
07/08/2025,4,105.0,250,409.56260869565216,0.0,255.99710856521742,0.0,255.99710856521742
07/08/2025,5,105.1,250,409.56260869565216,0.0,255.99710856521742,0.0,255.99710856521742
07/08/2025,6,108.7,250,409.56260869565216,0.0,255.99710856521742,0.0,255.99710856521742
07/08/2025,7,108.7,250,409.56260869565216,0.0,255.99710856521742,0.0,255.99710856521742
07/08/2025,8,118.0,250,409.56260869565216,0.0,255.99710856521742,0.0,255.99710856521742
07/08/2025,9,120.0,250,409.56260869565216,0.0,255.99710856521742,0.0,255.99710856521742
07/08/2025,10,120.94,250,409.56260869565216,0.0,255.99710856521742,0.0,255.99710856521742
07/08/2025,11,111.65,250,409.56260869565216,0.0,255.99710856521742,0.0,255.99710856521742
07/08/2025,12,104.0,250,409.56260869565216,0.0,255.99710856521742,0.0,255.99710856521742
07/08/2025,13,95.95,250,409.56260869565216,0.0,255.99710856521742,0.0,255.99710856521742
07/08/2025,14,95.52,250,409.56260869565216,0.0,255.99710856521742,0.0,255.99710856521742
07/08/2025,15,95.52,250,409.56260869565216,0.0,255.99710856521742,0.0,255.99710856521742
07/08/2025,16,101.0,250,409.56260869565216,0.0,255.99710856521742,0.0,255.99710856521742
07/08/2025,17,104.5,250,409.56260869565216,0.0,255.99710856521742,0.0,255.99710856521742
07/08/2025,18,104.59,250,409.56260869565216,0.0,255.99710856521742,0.0,255.99710856521742
07/08/2025,19,113.03,250,409.56260869565216,0.0,255.99710856521742,0.0,255.99710856521742
07/08/2025,20,125.0,250,409.56260869565216,0.0,255.99710856521742,0.0,255.99710856521742
07/08/2025,21,135.05,250,409.56260869565216,0.0,255.99710856521742,0.0,255.99710856521742
07/08/2025,22,124.0,250,409.56260869565216,0.0,255.99710856521742,0.0,255.99710856521742
07/08/2025,23,123.78,250,409.56260869565216,0.0,255.99710856521742,0.0,255.99710856521742
07/08/2025,24,123.78,250,409.56260869565216,0.0,255.99710856521742,0.0,255.99710856521742
08/08/2025,1,110.41,250,409.56260869565216,0.0,255.99710856521742,0.0,255.99710856521742
08/08/2025,2,113.11,250,409.56260869565216,0.0,255.99710856521742,0.0,255.99710856521742
08/08/2025,3,106.71,250,409.56260869565216,0.0,255.99710856521742,0.0,255.99710856521742
08/08/2025,4,105.1,250,409.56260869565216,0.0,255.99710856521742,0.0,255.99710856521742
08/08/2025,5,105.1,250,409.56260869565216,0.0,255.99710856521742,0.0,255.99710856521742
08/08/2025,6,106.71,250,409.56260869565216,0.0,255.99710856521742,0.0,255.99710856521742
08/08/2025,7,120.0,250,409.56260869565216,0.0,255.99710856521742,0.0,255.99710856521742
08/08/2025,8,115.0,250,409.56260869565216,0.0,255.99710856521742,0.0,255.99710856521742
08/08/2025,9,110.41,250,409.56260869565216,0.0,255.99710856521742,0.0,255.99710856521742
08/08/2025,10,102.54,250,409.56260869565216,0.0,255.99710856521742,0.0,255.99710856521742
08/08/2025,11,96.59,250,409.56260869565216,0.0,255.99710856521742,0.0,255.99710856521742
08/08/2025,12,84.28,250,409.56260869565216,0.0,255.99710856521742,0.0,255.99710856521742
08/08/2025,13,80.5,250,409.56260869565216,0.0,255.99710856521742,0.0,255.99710856521742
08/08/2025,14,79.5,250,409.56260869565216,0.0,255.99710856521742,0.0,255.99710856521742
08/08/2025,15,81.2,250,409.56260869565216,0.0,255.99710856521742,0.0,255.99710856521742
08/08/2025,16,84.12,250,409.56260869565216,0.0,255.99710856521742,0.0,255.99710856521742
08/08/2025,17,99.2,250,409.56260869565216,0.0,255.99710856521742,0.0,255.99710856521742
08/08/2025,18,119.28,250,409.56260869565216,0.0,255.99710856521742,0.0,255.99710856521742
08/08/2025,19,125.0,250,409.56260869565216,0.0,255.99710856521742,0.0,255.99710856521742
08/08/2025,20,127.28,250,409.56260869565216,0.0,255.99710856521742,0.0,255.99710856521742
08/08/2025,21,128.0,250,409.56260869565216,0.0,255.99710856521742,0.0,255.99710856521742
08/08/2025,22,127.28,250,409.56260869565216,0.0,255.99710856521742,0.0,255.99710856521742
08/08/2025,23,118.34,250,409.56260869565216,0.0,255.99710856521742,0.0,255.99710856521742
08/08/2025,24,120.0,250,409.56260869565216,0.0,255.99710856521742,0.0,255.99710856521742
09/08/2025,1,112.12,250,409.56260869565216,0.0,255.99710856521742,0.0,255.99710856521742
09/08/2025,2,118.07,250,409.56260869565216,0.0,255.99710856521742,0.0,255.99710856521742
09/08/2025,3,110.0,250,409.56260869565216,0.0,255.99710856521742,0.0,255.99710856521742
09/08/2025,4,105.1,250,409.56260869565216,0.0,255.99710856521742,0.0,255.99710856521742
09/08/2025,5,105.85,250,409.56260869565216,0.0,255.99710856521742,0.0,255.99710856521742
09/08/2025,6,110.0,250,409.56260869565216,0.0,255.99710856521742,0.0,255.99710856521742
09/08/2025,7,110.0,250,409.56260869565216,0.0,255.99710856521742,0.0,255.99710856521742
09/08/2025,8,105.1,250,409.56260869565216,0.0,255.99710856521742,0.0,255.99710856521742
09/08/2025,9,100.5,250,409.56260869565216,0.0,255.99710856521742,0.0,255.99710856521742
09/08/2025,10,100.0,250,409.56260869565216,0.0,255.99710856521742,0.0,255.99710856521742
09/08/2025,11,82.61,250,409.56260869565216,0.0,255.99710856521742,0.0,255.99710856521742
09/08/2025,12,61.0,250,409.56260869565216,0.0,255.99710856521742,0.0,255.99710856521742
09/08/2025,13,70.0,250,409.56260869565216,0.0,255.99710856521742,0.0,255.99710856521742
09/08/2025,14,72.4,250,409.56260869565216,0.0,255.99710856521742,0.0,255.99710856521742
09/08/2025,15,79.0,250,409.56260869565216,0.0,255.99710856521742,0.0,255.99710856521742
09/08/2025,16,63.0,250,409.56260869565216,0.0,255.99710856521742,0.0,255.99710856521742
09/08/2025,17,95.0,250,409.56260869565216,0.0,255.99710856521742,0.0,255.99710856521742
09/08/2025,18,108.32,250,409.56260869565216,0.0,255.99710856521742,0.0,255.99710856521742
09/08/2025,19,124.55,250,409.56260869565216,0.0,255.99710856521742,0.0,255.99710856521742
09/08/2025,20,128.0,250,409.56260869565216,0.0,255.99710856521742,0.0,255.99710856521742
09/08/2025,21,128.0,250,409.56260869565216,0.0,255.99710856521742,0.0,255.99710856521742
09/08/2025,22,130.0,250,409.56260869565216,0.0,255.99710856521742,0.0,255.99710856521742
09/08/2025,23,124.55,250,409.56260869565216,0.0,255.99710856521742,0.0,255.99710856521742
09/08/2025,24,122.33,250,409.56260869565216,0.0,255.99710856521742,0.0,255.99710856521742
10/08/2025,1,110.0,250,409.56260869565216,0.0,255.99710856521742,0.0,255.99710856521742
10/08/2025,2,110.09,250,409.56260869565216,0.0,255.99710856521742,0.0,255.99710856521742
10/08/2025,3,109.15,250,409.56260869565216,0.0,255.99710856521742,0.0,255.99710856521742
10/08/2025,4,109.8,250,409.56260869565216,0.0,255.99710856521742,0.0,255.99710856521742
10/08/2025,5,110.0,250,409.56260869565216,0.0,255.99710856521742,0.0,255.99710856521742
10/08/2025,6,110.0,250,409.56260869565216,0.0,255.99710856521742,0.0,255.99710856521742
10/08/2025,7,109.5,250,409.56260869565216,0.0,255.99710856521742,0.0,255.99710856521742
10/08/2025,8,105.1,250,409.56260869565216,0.0,255.99710856521742,0.0,255.99710856521742
10/08/2025,9,95.05,250,409.56260869565216,0.0,255.99710856521742,0.0,255.99710856521742
10/08/2025,10,98.51,250,409.56260869565216,0.0,255.99710856521742,0.0,255.99710856521742
10/08/2025,11,84.5,250,409.56260869565216,0.0,255.99710856521742,0.0,255.99710856521742
10/08/2025,12,59.0,250,409.56260869565216,0.0,255.99710856521742,0.0,255.99710856521742
10/08/2025,13,56.0,250,409.56260869565216,0.0,255.99710856521742,0.0,255.99710856521742
10/08/2025,14,54.0,250,409.56260869565216,0.0,255.99710856521742,0.0,255.99710856521742
10/08/2025,15,47.8,250,409.56260869565216,0.0,255.99710856521742,0.0,255.99710856521742
10/08/2025,16,68.0,250,409.56260869565216,0.0,255.99710856521742,0.0,255.99710856521742
10/08/2025,17,96.42,250,409.56260869565216,0.0,255.99710856521742,0.0,255.99710856521742
10/08/2025,18,107.17,250,409.56260869565216,0.0,255.99710856521742,0.0,255.99710856521742
10/08/2025,19,115.0,250,409.56260869565216,0.0,255.99710856521742,0.0,255.99710856521742
10/08/2025,20,135.26,250,409.56260869565216,0.0,255.99710856521742,0.0,255.99710856521742
10/08/2025,21,137.35,250,409.56260869565216,0.0,255.99710856521742,0.0,255.99710856521742
10/08/2025,22,137.35,250,409.56260869565216,0.0,255.99710856521742,0.0,255.99710856521742
10/08/2025,23,137.35,250,409.56260869565216,0.0,255.99710856521742,0.0,255.99710856521742
10/08/2025,24,128.66,250,409.56260869565216,0.0,255.99710856521742,0.0,255.99710856521742
11/08/2025,1,120.0,250,409.56260869565216,0.0,255.99710856521742,0.0,255.99710856521742
11/08/2025,2,110.35,250,409.56260869565216,0.0,255.99710856521742,0.0,255.99710856521742
11/08/2025,3,109.8,250,409.56260869565216,0.0,255.99710856521742,0.0,255.99710856521742
11/08/2025,4,108.5,250,409.56260869565216,0.0,255.99710856521742,0.0,255.99710856521742
11/08/2025,5,108.5,250,409.56260869565216,0.0,255.99710856521742,0.0,255.99710856521742
11/08/2025,6,110.0,250,409.56260869565216,0.0,255.99710856521742,0.0,255.99710856521742
11/08/2025,7,110.0,250,409.56260869565216,0.0,255.99710856521742,0.0,255.99710856521742
11/08/2025,8,115.0,250,409.56260869565216,0.0,255.99710856521742,0.0,255.99710856521742
11/08/2025,9,118.0,250,409.56260869565216,0.0,255.99710856521742,0.0,255.99710856521742
11/08/2025,10,112.42,250,409.56260869565216,0.0,255.99710856521742,0.0,255.99710856521742
11/08/2025,11,105.1,250,409.56260869565216,0.0,255.99710856521742,0.0,255.99710856521742
11/08/2025,12,91.66,250,409.56260869565216,0.0,255.99710856521742,0.0,255.99710856521742
11/08/2025,13,91.66,250,409.56260869565216,0.0,255.99710856521742,0.0,255.99710856521742
11/08/2025,14,90.0,250,409.56260869565216,0.0,255.99710856521742,0.0,255.99710856521742
11/08/2025,15,93.23,250,409.56260869565216,0.0,255.99710856521742,0.0,255.99710856521742
11/08/2025,16,104.0,250,409.56260869565216,0.0,255.99710856521742,0.0,255.99710856521742
11/08/2025,17,112.25,250,409.56260869565216,0.0,255.99710856521742,0.0,255.99710856521742
11/08/2025,18,120.0,250,409.56260869565216,0.0,255.99710856521742,0.0,255.99710856521742
11/08/2025,19,128.38,250,409.56260869565216,0.0,255.99710856521742,0.0,255.99710856521742
11/08/2025,20,153.64,250,409.56260869565216,0.0,255.99710856521742,0.0,255.99710856521742
11/08/2025,21,155.88,250,409.56260869565216,0.0,255.99710856521742,0.0,255.99710856521742
11/08/2025,22,153.21,250,409.56260869565216,0.0,255.99710856521742,0.0,255.99710856521742
11/08/2025,23,125.0,250,409.56260869565216,0.0,255.99710856521742,0.0,255.99710856521742
11/08/2025,24,121.19,250,409.56260869565216,0.0,255.99710856521742,0.0,255.99710856521742
12/08/2025,1,116.0,250,409.56260869565216,0.0,255.99710856521742,0.0,255.99710856521742
12/08/2025,2,115.0,250,409.56260869565216,0.0,255.99710856521742,0.0,255.99710856521742
12/08/2025,3,109.5,250,409.56260869565216,0.0,255.99710856521742,0.0,255.99710856521742
12/08/2025,4,109.12,250,409.56260869565216,0.0,255.99710856521742,0.0,255.99710856521742
12/08/2025,5,107.9,250,409.56260869565216,0.0,255.99710856521742,0.0,255.99710856521742
12/08/2025,6,109.22,250,409.56260869565216,0.0,255.99710856521742,0.0,255.99710856521742
12/08/2025,7,120.0,250,409.56260869565216,0.0,255.99710856521742,0.0,255.99710856521742
12/08/2025,8,115.0,250,409.56260869565216,0.0,255.99710856521742,0.0,255.99710856521742
12/08/2025,9,107.9,250,409.56260869565216,0.0,255.99710856521742,0.0,255.99710856521742
12/08/2025,10,107.9,250,409.56260869565216,0.0,255.99710856521742,0.0,255.99710856521742
12/08/2025,11,93.49,250,409.56260869565216,0.0,255.99710856521742,0.0,255.99710856521742
12/08/2025,12,88.66,250,409.56260869565216,0.0,255.99710856521742,0.0,255.99710856521742
12/08/2025,13,90.0,250,409.56260869565216,0.0,255.99710856521742,0.0,255.99710856521742
12/08/2025,14,91.62,250,409.56260869565216,0.0,255.99710856521742,0.0,255.99710856521742
12/08/2025,15,98.0,250,409.56260869565216,0.0,255.99710856521742,0.0,255.99710856521742
12/08/2025,16,101.92,250,409.56260869565216,0.0,255.99710856521742,0.0,255.99710856521742
12/08/2025,17,109.16,250,409.56260869565216,0.0,255.99710856521742,0.0,255.99710856521742
12/08/2025,18,114.9,250,409.56260869565216,0.0,255.99710856521742,0.0,255.99710856521742
12/08/2025,19,124.71,250,409.56260869565216,0.0,255.99710856521742,0.0,255.99710856521742
12/08/2025,20,143.64,250,409.56260869565216,0.0,255.99710856521742,0.0,255.99710856521742
12/08/2025,21,154.93,250,409.56260869565216,0.0,255.99710856521742,0.0,255.99710856521742
12/08/2025,22,140.81,250,409.56260869565216,0.0,255.99710856521742,0.0,255.99710856521742
12/08/2025,23,125.0,250,409.56260869565216,0.0,255.99710856521742,0.0,255.99710856521742
12/08/2025,24,120.0,250,409.56260869565216,0.0,255.99710856521742,0.0,255.99710856521742
13/08/2025,1,119.1,250,409.56260869565216,0.0,255.99710856521742,0.0,255.99710856521742
13/08/2025,2,112.5,250,409.56260869565216,0.0,255.99710856521742,0.0,255.99710856521742
13/08/2025,3,109.69,250,409.56260869565216,0.0,255.99710856521742,0.0,255.99710856521742
13/08/2025,4,108.89,250,409.56260869565216,0.0,255.99710856521742,0.0,255.99710856521742
13/08/2025,5,107.9,250,409.56260869565216,0.0,255.99710856521742,0.0,255.99710856521742
13/08/2025,6,109.19,250,409.56260869565216,0.0,255.99710856521742,0.0,255.99710856521742
13/08/2025,7,114.33,250,409.56260869565216,0.0,255.99710856521742,0.0,255.99710856521742
13/08/2025,8,115.86,250,409.56260869565216,0.0,255.99710856521742,0.0,255.99710856521742
13/08/2025,9,110.0,250,409.56260869565216,0.0,255.99710856521742,0.0,255.99710856521742
13/08/2025,10,109.62,250,409.56260869565216,0.0,255.99710856521742,0.0,255.99710856521742
13/08/2025,11,105.1,250,409.56260869565216,0.0,255.99710856521742,0.0,255.99710856521742
13/08/2025,12,103.43,250,409.56260869565216,0.0,255.99710856521742,0.0,255.99710856521742
13/08/2025,13,103.73,250,409.56260869565216,0.0,255.99710856521742,0.0,255.99710856521742
13/08/2025,14,105.0,250,409.56260869565216,0.0,255.99710856521742,0.0,255.99710856521742
13/08/2025,15,105.1,250,409.56260869565216,0.0,255.99710856521742,0.0,255.99710856521742
13/08/2025,16,108.9,250,409.56260869565216,0.0,255.99710856521742,0.0,255.99710856521742
13/08/2025,17,117.26,250,409.56260869565216,0.0,255.99710856521742,0.0,255.99710856521742
13/08/2025,18,121.35,250,409.56260869565216,0.0,255.99710856521742,0.0,255.99710856521742
13/08/2025,19,128.95,250,409.56260869565216,0.0,255.99710856521742,0.0,255.99710856521742
13/08/2025,20,150.09,250,409.56260869565216,0.0,255.99710856521742,0.0,255.99710856521742
13/08/2025,21,155.1,250,409.56260869565216,0.0,255.99710856521742,0.0,255.99710856521742
13/08/2025,22,153.0,250,409.56260869565216,0.0,255.99710856521742,0.0,255.99710856521742
13/08/2025,23,128.38,250,409.56260869565216,0.0,255.99710856521742,0.0,255.99710856521742
13/08/2025,24,120.0,250,409.56260869565216,0.0,255.99710856521742,0.0,255.99710856521742
14/08/2025,1,115.9,250,409.56260869565216,0.0,255.99710856521742,0.0,255.99710856521742
14/08/2025,2,114.9,250,409.56260869565216,0.0,255.99710856521742,0.0,255.99710856521742
14/08/2025,3,111.81,250,409.56260869565216,0.0,255.99710856521742,0.0,255.99710856521742
14/08/2025,4,110.0,250,409.56260869565216,0.0,255.99710856521742,0.0,255.99710856521742
14/08/2025,5,107.57,250,409.56260869565216,0.0,255.99710856521742,0.0,255.99710856521742
14/08/2025,6,110.0,250,409.56260869565216,0.0,255.99710856521742,0.0,255.99710856521742
14/08/2025,7,110.0,250,409.56260869565216,0.0,255.99710856521742,0.0,255.99710856521742
14/08/2025,8,110.0,250,409.56260869565216,0.0,255.99710856521742,0.0,255.99710856521742
14/08/2025,9,110.0,250,409.56260869565216,0.0,255.99710856521742,0.0,255.99710856521742
14/08/2025,10,108.19,250,409.56260869565216,0.0,255.99710856521742,0.0,255.99710856521742
14/08/2025,11,105.1,250,409.56260869565216,0.0,255.99710856521742,0.0,255.99710856521742
14/08/2025,12,102.19,250,409.56260869565216,0.0,255.99710856521742,0.0,255.99710856521742
14/08/2025,13,105.0,250,409.56260869565216,0.0,255.99710856521742,0.0,255.99710856521742
14/08/2025,14,105.1,250,409.56260869565216,0.0,255.99710856521742,0.0,255.99710856521742
14/08/2025,15,105.1,250,409.56260869565216,0.0,255.99710856521742,0.0,255.99710856521742
14/08/2025,16,108.94,250,409.56260869565216,0.0,255.99710856521742,0.0,255.99710856521742
14/08/2025,17,113.35,250,409.56260869565216,0.0,255.99710856521742,0.0,255.99710856521742
14/08/2025,18,114.9,250,409.56260869565216,0.0,255.99710856521742,0.0,255.99710856521742
14/08/2025,19,125.55,250,409.56260869565216,0.0,255.99710856521742,0.0,255.99710856521742
14/08/2025,20,135.0,250,409.56260869565216,0.0,255.99710856521742,0.0,255.99710856521742
14/08/2025,21,137.99,250,409.56260869565216,0.0,255.99710856521742,0.0,255.99710856521742
14/08/2025,22,142.01,250,409.56260869565216,0.0,255.99710856521742,0.0,255.99710856521742
14/08/2025,23,120.75,250,409.56260869565216,0.0,255.99710856521742,0.0,255.99710856521742
14/08/2025,24,118.83,250,409.56260869565216,0.0,255.99710856521742,0.0,255.99710856521742
15/08/2025,1,119.1,250,409.56260869565216,0.0,255.99710856521742,0.0,255.99710856521742
15/08/2025,2,115.9,250,409.56260869565216,0.0,255.99710856521742,0.0,255.99710856521742
15/08/2025,3,114.9,250,409.56260869565216,0.0,255.99710856521742,0.0,255.99710856521742
15/08/2025,4,110.1,250,409.56260869565216,0.0,255.99710856521742,0.0,255.99710856521742
15/08/2025,5,110.22,250,409.56260869565216,0.0,255.99710856521742,0.0,255.99710856521742
15/08/2025,6,109.05,250,409.56260869565216,0.0,255.99710856521742,0.0,255.99710856521742
15/08/2025,7,107.74,250,409.56260869565216,0.0,255.99710856521742,0.0,255.99710856521742
15/08/2025,8,106.49,250,409.56260869565216,0.0,255.99710856521742,0.0,255.99710856521742
15/08/2025,9,105.1,250,409.56260869565216,0.0,255.99710856521742,0.0,255.99710856521742
15/08/2025,10,94.3,250,409.56260869565216,0.0,255.99710856521742,0.0,255.99710856521742
15/08/2025,11,96.49,250,409.56260869565216,0.0,255.99710856521742,0.0,255.99710856521742
15/08/2025,12,100.0,250,409.56260869565216,0.0,255.99710856521742,0.0,255.99710856521742
15/08/2025,13,100.7,250,409.56260869565216,0.0,255.99710856521742,0.0,255.99710856521742
15/08/2025,14,97.5,250,409.56260869565216,0.0,255.99710856521742,0.0,255.99710856521742
15/08/2025,15,94.19,250,409.56260869565216,0.0,255.99710856521742,0.0,255.99710856521742
15/08/2025,16,83.41,250,409.56260869565216,0.0,255.99710856521742,0.0,255.99710856521742
15/08/2025,17,102.58,250,409.56260869565216,0.0,255.99710856521742,0.0,255.99710856521742
15/08/2025,18,109.81,250,409.56260869565216,0.0,255.99710856521742,0.0,255.99710856521742
15/08/2025,19,119.0,250,409.56260869565216,0.0,255.99710856521742,0.0,255.99710856521742
15/08/2025,20,124.39,250,409.56260869565216,0.0,255.99710856521742,0.0,255.99710856521742
15/08/2025,21,125.1,250,409.56260869565216,0.0,255.99710856521742,0.0,255.99710856521742
15/08/2025,22,129.35,250,409.56260869565216,0.0,255.99710856521742,0.0,255.99710856521742
15/08/2025,23,124.0,250,409.56260869565216,0.0,255.99710856521742,0.0,255.99710856521742
15/08/2025,24,120.0,250,409.56260869565216,0.0,255.99710856521742,0.0,255.99710856521742
16/08/2025,1,118.86,250,409.56260869565216,0.0,255.99710856521742,0.0,255.99710856521742
16/08/2025,2,115.33,250,409.56260869565216,0.0,255.99710856521742,0.0,255.99710856521742
16/08/2025,3,114.47,250,409.56260869565216,0.0,255.99710856521742,0.0,255.99710856521742
16/08/2025,4,109.81,250,409.56260869565216,0.0,255.99710856521742,0.0,255.99710856521742
16/08/2025,5,114.47,250,409.56260869565216,0.0,255.99710856521742,0.0,255.99710856521742
16/08/2025,6,114.9,250,409.56260869565216,0.0,255.99710856521742,0.0,255.99710856521742
16/08/2025,7,114.9,250,409.56260869565216,0.0,255.99710856521742,0.0,255.99710856521742
16/08/2025,8,110.0,250,409.56260869565216,0.0,255.99710856521742,0.0,255.99710856521742
16/08/2025,9,108.18,250,409.56260869565216,0.0,255.99710856521742,0.0,255.99710856521742
16/08/2025,10,105.45,250,409.56260869565216,0.0,255.99710856521742,0.0,255.99710856521742
16/08/2025,11,105.1,250,409.56260869565216,0.0,255.99710856521742,0.0,255.99710856521742
16/08/2025,12,93.48,250,409.56260869565216,0.0,255.99710856521742,0.0,255.99710856521742
16/08/2025,13,101.95,250,409.56260869565216,0.0,255.99710856521742,0.0,255.99710856521742
16/08/2025,14,101.95,250,409.56260869565216,0.0,255.99710856521742,0.0,255.99710856521742
16/08/2025,15,97.0,250,409.56260869565216,0.0,255.99710856521742,0.0,255.99710856521742
16/08/2025,16,105.1,250,409.56260869565216,0.0,255.99710856521742,0.0,255.99710856521742
16/08/2025,17,109.53,250,409.56260869565216,0.0,255.99710856521742,0.0,255.99710856521742
16/08/2025,18,120.0,250,409.56260869565216,0.0,255.99710856521742,0.0,255.99710856521742
16/08/2025,19,125.0,250,409.56260869565216,0.0,255.99710856521742,0.0,255.99710856521742
16/08/2025,20,129.48,250,409.56260869565216,0.0,255.99710856521742,0.0,255.99710856521742
16/08/2025,21,126.86,250,409.56260869565216,0.0,255.99710856521742,0.0,255.99710856521742
16/08/2025,22,126.94,250,409.56260869565216,0.0,255.99710856521742,0.0,255.99710856521742
16/08/2025,23,126.86,250,409.56260869565216,0.0,255.99710856521742,0.0,255.99710856521742
16/08/2025,24,118.37,250,409.56260869565216,0.0,255.99710856521742,0.0,255.99710856521742
17/08/2025,1,119.0,250,409.56260869565216,0.0,255.99710856521742,0.0,255.99710856521742
17/08/2025,2,114.0,250,409.56260869565216,0.0,255.99710856521742,0.0,255.99710856521742
17/08/2025,3,115.9,250,409.56260869565216,0.0,255.99710856521742,0.0,255.99710856521742
17/08/2025,4,110.0,250,409.56260869565216,0.0,255.99710856521742,0.0,255.99710856521742
17/08/2025,5,109.81,250,409.56260869565216,0.0,255.99710856521742,0.0,255.99710856521742
17/08/2025,6,107.64,250,409.56260869565216,0.0,255.99710856521742,0.0,255.99710856521742
17/08/2025,7,105.1,250,409.56260869565216,0.0,255.99710856521742,0.0,255.99710856521742
17/08/2025,8,104.68,250,409.56260869565216,0.0,255.99710856521742,0.0,255.99710856521742
17/08/2025,9,102.48,250,409.56260869565216,0.0,255.99710856521742,0.0,255.99710856521742
17/08/2025,10,90.09,250,409.56260869565216,0.0,255.99710856521742,0.0,255.99710856521742
17/08/2025,11,75.29,250,409.56260869565216,0.0,255.99710856521742,0.0,255.99710856521742
17/08/2025,12,80.1,250,409.56260869565216,0.0,255.99710856521742,0.0,255.99710856521742
17/08/2025,13,89.6,250,409.56260869565216,0.0,255.99710856521742,0.0,255.99710856521742
17/08/2025,14,86.4,250,409.56260869565216,0.0,255.99710856521742,0.0,255.99710856521742
17/08/2025,15,82.0,250,409.56260869565216,0.0,255.99710856521742,0.0,255.99710856521742
17/08/2025,16,80.0,250,409.56260869565216,0.0,255.99710856521742,0.0,255.99710856521742
17/08/2025,17,99.39,250,409.56260869565216,0.0,255.99710856521742,0.0,255.99710856521742
17/08/2025,18,109.81,250,409.56260869565216,0.0,255.99710856521742,0.0,255.99710856521742
17/08/2025,19,116.9,250,409.56260869565216,0.0,255.99710856521742,0.0,255.99710856521742
17/08/2025,20,123.49,250,409.56260869565216,0.0,255.99710856521742,0.0,255.99710856521742
17/08/2025,21,126.95,250,409.56260869565216,0.0,255.99710856521742,0.0,255.99710856521742
17/08/2025,22,123.0,250,409.56260869565216,0.0,255.99710856521742,0.0,255.99710856521742
17/08/2025,23,123.0,250,409.56260869565216,0.0,255.99710856521742,0.0,255.99710856521742
17/08/2025,24,120.0,250,409.56260869565216,0.0,255.99710856521742,0.0,255.99710856521742
18/08/2025,1,116.0,250,409.56260869565216,0.0,255.99710856521742,0.0,255.99710856521742
18/08/2025,2,107.67,250,409.56260869565216,0.0,255.99710856521742,0.0,255.99710856521742
18/08/2025,3,107.79,250,409.56260869565216,0.0,255.99710856521742,0.0,255.99710856521742
18/08/2025,4,107.18,250,409.56260869565216,0.0,255.99710856521742,0.0,255.99710856521742
18/08/2025,5,106.76,250,409.56260869565216,0.0,255.99710856521742,0.0,255.99710856521742
18/08/2025,6,107.64,250,409.56260869565216,0.0,255.99710856521742,0.0,255.99710856521742
18/08/2025,7,115.9,250,409.56260869565216,0.0,255.99710856521742,0.0,255.99710856521742
18/08/2025,8,115.9,250,409.56260869565216,0.0,255.99710856521742,0.0,255.99710856521742
18/08/2025,9,109.81,250,409.56260869565216,0.0,255.99710856521742,0.0,255.99710856521742
18/08/2025,10,105.1,250,409.56260869565216,0.0,255.99710856521742,0.0,255.99710856521742
18/08/2025,11,105.1,250,409.56260869565216,0.0,255.99710856521742,0.0,255.99710856521742
18/08/2025,12,105.1,250,409.56260869565216,0.0,255.99710856521742,0.0,255.99710856521742
18/08/2025,13,100.0,250,409.56260869565216,0.0,255.99710856521742,0.0,255.99710856521742
18/08/2025,14,99.83,250,409.56260869565216,0.0,255.99710856521742,0.0,255.99710856521742
18/08/2025,15,105.59,250,409.56260869565216,0.0,255.99710856521742,0.0,255.99710856521742
18/08/2025,16,101.2,250,409.56260869565216,0.0,255.99710856521742,0.0,255.99710856521742
18/08/2025,17,105.1,250,409.56260869565216,0.0,255.99710856521742,0.0,255.99710856521742
18/08/2025,18,105.78,250,409.56260869565216,0.0,255.99710856521742,0.0,255.99710856521742
18/08/2025,19,110.0,250,409.56260869565216,0.0,255.99710856521742,0.0,255.99710856521742
18/08/2025,20,123.99,250,409.56260869565216,0.0,255.99710856521742,0.0,255.99710856521742
18/08/2025,21,124.05,250,409.56260869565216,0.0,255.99710856521742,0.0,255.99710856521742
18/08/2025,22,122.99,250,409.56260869565216,0.0,255.99710856521742,0.0,255.99710856521742
18/08/2025,23,109.81,250,409.56260869565216,0.0,255.99710856521742,0.0,255.99710856521742
18/08/2025,24,107.78,250,409.56260869565216,0.0,255.99710856521742,0.0,255.99710856521742
19/08/2025,1,105.1,250,409.56260869565216,0.0,255.99710856521742,0.0,255.99710856521742
19/08/2025,2,105.1,250,409.56260869565216,0.0,255.99710856521742,0.0,255.99710856521742
19/08/2025,3,100.0,250,409.56260869565216,0.0,255.99710856521742,0.0,255.99710856521742
19/08/2025,4,104.23,250,409.56260869565216,0.0,255.99710856521742,0.0,255.99710856521742
19/08/2025,5,104.07,250,409.56260869565216,0.0,255.99710856521742,0.0,255.99710856521742
19/08/2025,6,108.83,250,409.56260869565216,0.0,255.99710856521742,0.0,255.99710856521742
19/08/2025,7,111.3,250,409.56260869565216,0.0,255.99710856521742,0.0,255.99710856521742
19/08/2025,8,115.0,250,409.56260869565216,0.0,255.99710856521742,0.0,255.99710856521742
19/08/2025,9,105.0,250,409.56260869565216,0.0,255.99710856521742,0.0,255.99710856521742
19/08/2025,10,99.5,250,409.56260869565216,0.0,255.99710856521742,0.0,255.99710856521742
19/08/2025,11,92.71,250,409.56260869565216,0.0,255.99710856521742,0.0,255.99710856521742
19/08/2025,12,88.6,250,409.56260869565216,0.0,255.99710856521742,0.0,255.99710856521742
19/08/2025,13,68.12,250,409.56260869565216,0.0,255.99710856521742,0.0,255.99710856521742
19/08/2025,14,75.29,250,409.56260869565216,0.0,255.99710856521742,0.0,255.99710856521742
19/08/2025,15,80.0,250,409.56260869565216,0.0,255.99710856521742,0.0,255.99710856521742
19/08/2025,16,85.81,250,409.56260869565216,0.0,255.99710856521742,0.0,255.99710856521742
19/08/2025,17,102.21,250,409.56260869565216,0.0,255.99710856521742,0.0,255.99710856521742
19/08/2025,18,112.08,250,409.56260869565216,0.0,255.99710856521742,0.0,255.99710856521742
19/08/2025,19,119.0,250,409.56260869565216,0.0,255.99710856521742,0.0,255.99710856521742
19/08/2025,20,123.0,250,409.56260869565216,0.0,255.99710856521742,0.0,255.99710856521742
19/08/2025,21,123.0,250,409.56260869565216,0.0,255.99710856521742,0.0,255.99710856521742
19/08/2025,22,114.7,250,409.56260869565216,0.0,255.99710856521742,0.0,255.99710856521742
19/08/2025,23,108.47,250,409.56260869565216,0.0,255.99710856521742,0.0,255.99710856521742
19/08/2025,24,105.1,250,409.56260869565216,0.0,255.99710856521742,0.0,255.99710856521742
20/08/2025,1,110.0,250,409.56260869565216,0.0,255.99710856521742,0.0,255.99710856521742
20/08/2025,2,107.36,250,409.56260869565216,0.0,255.99710856521742,0.0,255.99710856521742
20/08/2025,3,105.1,250,409.56260869565216,0.0,255.99710856521742,0.0,255.99710856521742
20/08/2025,4,103.84,250,409.56260869565216,0.0,255.99710856521742,0.0,255.99710856521742
20/08/2025,5,103.84,250,409.56260869565216,0.0,255.99710856521742,0.0,255.99710856521742
20/08/2025,6,105.1,250,409.56260869565216,0.0,255.99710856521742,0.0,255.99710856521742
20/08/2025,7,110.0,250,409.56260869565216,0.0,255.99710856521742,0.0,255.99710856521742
20/08/2025,8,114.66,250,409.56260869565216,0.0,255.99710856521742,0.0,255.99710856521742
20/08/2025,9,116.3,250,409.56260869565216,0.0,255.99710856521742,0.0,255.99710856521742
20/08/2025,10,116.62,250,409.56260869565216,0.0,255.99710856521742,0.0,255.99710856521742
20/08/2025,11,110.0,250,409.56260869565216,0.0,255.99710856521742,0.0,255.99710856521742
20/08/2025,12,105.0,250,409.56260869565216,0.0,255.99710856521742,0.0,255.99710856521742
20/08/2025,13,93.89,250,409.56260869565216,0.0,255.99710856521742,0.0,255.99710856521742
20/08/2025,14,94.29,250,409.56260869565216,0.0,255.99710856521742,0.0,255.99710856521742
20/08/2025,15,101.43,250,409.56260869565216,0.0,255.99710856521742,0.0,255.99710856521742
20/08/2025,16,105.0,250,409.56260869565216,0.0,255.99710856521742,0.0,255.99710856521742
20/08/2025,17,106.0,250,409.56260869565216,0.0,255.99710856521742,0.0,255.99710856521742
20/08/2025,18,110.0,250,409.56260869565216,0.0,255.99710856521742,0.0,255.99710856521742
20/08/2025,19,115.69,250,409.56260869565216,0.0,255.99710856521742,0.0,255.99710856521742
20/08/2025,20,131.04,250,409.56260869565216,0.0,255.99710856521742,0.0,255.99710856521742
20/08/2025,21,126.97,250,409.56260869565216,0.0,255.99710856521742,0.0,255.99710856521742
20/08/2025,22,118.25,250,409.56260869565216,0.0,255.99710856521742,0.0,255.99710856521742
20/08/2025,23,110.74,250,409.56260869565216,0.0,255.99710856521742,0.0,255.99710856521742
20/08/2025,24,110.0,250,409.56260869565216,0.0,255.99710856521742,0.0,255.99710856521742
21/08/2025,1,114.65,250,409.56260869565216,0.0,255.99710856521742,0.0,255.99710856521742
21/08/2025,2,118.21,250,409.56260869565216,0.0,255.99710856521742,0.0,255.99710856521742
21/08/2025,3,106.42,250,409.56260869565216,0.0,255.99710856521742,0.0,255.99710856521742
21/08/2025,4,101.58,250,409.56260869565216,0.0,255.99710856521742,0.0,255.99710856521742
21/08/2025,5,98.47,250,409.56260869565216,0.0,255.99710856521742,0.0,255.99710856521742
21/08/2025,6,103.84,250,409.56260869565216,0.0,255.99710856521742,0.0,255.99710856521742
21/08/2025,7,108.73,250,409.56260869565216,0.0,255.99710856521742,0.0,255.99710856521742
21/08/2025,8,111.33,250,409.56260869565216,0.0,255.99710856521742,0.0,255.99710856521742
21/08/2025,9,118.21,250,409.56260869565216,0.0,255.99710856521742,0.0,255.99710856521742
21/08/2025,10,111.89,250,409.56260869565216,0.0,255.99710856521742,0.0,255.99710856521742
21/08/2025,11,105.1,250,409.56260869565216,0.0,255.99710856521742,0.0,255.99710856521742
21/08/2025,12,95.73,250,409.56260869565216,0.0,255.99710856521742,0.0,255.99710856521742
21/08/2025,13,85.9,250,409.56260869565216,0.0,255.99710856521742,0.0,255.99710856521742
21/08/2025,14,85.71,250,409.56260869565216,0.0,255.99710856521742,0.0,255.99710856521742
21/08/2025,15,92.96,250,409.56260869565216,0.0,255.99710856521742,0.0,255.99710856521742
21/08/2025,16,95.4,250,409.56260869565216,0.0,255.99710856521742,0.0,255.99710856521742
21/08/2025,17,105.49,250,409.56260869565216,0.0,255.99710856521742,0.0,255.99710856521742
21/08/2025,18,111.0,250,409.56260869565216,0.0,255.99710856521742,0.0,255.99710856521742
21/08/2025,19,110.0,250,409.56260869565216,0.0,255.99710856521742,0.0,255.99710856521742
21/08/2025,20,125.84,250,409.56260869565216,0.0,255.99710856521742,0.0,255.99710856521742
21/08/2025,21,130.0,250,409.56260869565216,0.0,255.99710856521742,0.0,255.99710856521742
21/08/2025,22,120.0,250,409.56260869565216,0.0,255.99710856521742,0.0,255.99710856521742
21/08/2025,23,117.0,250,409.56260869565216,0.0,255.99710856521742,0.0,255.99710856521742
21/08/2025,24,114.1,250,409.56260869565216,0.0,255.99710856521742,0.0,255.99710856521742
22/08/2025,1,114.38,250,409.56260869565216,0.0,255.99710856521742,0.0,255.99710856521742
22/08/2025,2,111.89,250,409.56260869565216,0.0,255.99710856521742,0.0,255.99710856521742
22/08/2025,3,105.1,250,409.56260869565216,0.0,255.99710856521742,0.0,255.99710856521742
22/08/2025,4,105.1,250,409.56260869565216,0.0,255.99710856521742,0.0,255.99710856521742
22/08/2025,5,105.1,250,409.56260869565216,0.0,255.99710856521742,0.0,255.99710856521742
22/08/2025,6,110.0,250,409.56260869565216,0.0,255.99710856521742,0.0,255.99710856521742
22/08/2025,7,119.57,250,409.56260869565216,0.0,255.99710856521742,0.0,255.99710856521742
22/08/2025,8,125.32,250,409.56260869565216,0.0,255.99710856521742,0.0,255.99710856521742
22/08/2025,9,116.9,250,409.56260869565216,0.0,255.99710856521742,0.0,255.99710856521742
22/08/2025,10,104.19,250,409.56260869565216,0.0,255.99710856521742,0.0,255.99710856521742
22/08/2025,11,96.0,250,409.56260869565216,0.0,255.99710856521742,0.0,255.99710856521742
22/08/2025,12,79.4,250,409.56260869565216,0.0,255.99710856521742,0.0,255.99710856521742
22/08/2025,13,68.0,250,409.56260869565216,0.0,255.99710856521742,0.0,255.99710856521742
22/08/2025,14,68.56,250,409.56260869565216,0.0,255.99710856521742,0.0,255.99710856521742
22/08/2025,15,76.51,250,409.56260869565216,0.0,255.99710856521742,0.0,255.99710856521742
22/08/2025,16,82.0,250,409.56260869565216,0.0,255.99710856521742,0.0,255.99710856521742
22/08/2025,17,89.17,250,409.56260869565216,0.0,255.99710856521742,0.0,255.99710856521742
22/08/2025,18,103.99,250,409.56260869565216,0.0,255.99710856521742,0.0,255.99710856521742
22/08/2025,19,115.0,250,409.56260869565216,0.0,255.99710856521742,0.0,255.99710856521742
22/08/2025,20,122.0,250,409.56260869565216,0.0,255.99710856521742,0.0,255.99710856521742
22/08/2025,21,123.18,250,409.56260869565216,0.0,255.99710856521742,0.0,255.99710856521742
22/08/2025,22,125.0,250,409.56260869565216,0.0,255.99710856521742,0.0,255.99710856521742
22/08/2025,23,115.0,250,409.56260869565216,0.0,255.99710856521742,0.0,255.99710856521742
22/08/2025,24,118.0,250,409.56260869565216,0.0,255.99710856521742,0.0,255.99710856521742
23/08/2025,1,107.87,250,409.56260869565216,0.0,255.99710856521742,0.0,255.99710856521742
23/08/2025,2,105.1,250,409.56260869565216,0.0,255.99710856521742,0.0,255.99710856521742
23/08/2025,3,105.0,250,409.56260869565216,0.0,255.99710856521742,0.0,255.99710856521742
23/08/2025,4,107.21,250,409.56260869565216,0.0,255.99710856521742,0.0,255.99710856521742
23/08/2025,5,107.04,250,409.56260869565216,0.0,255.99710856521742,0.0,255.99710856521742
23/08/2025,6,107.87,250,409.56260869565216,0.0,255.99710856521742,0.0,255.99710856521742
23/08/2025,7,122.0,250,409.56260869565216,0.0,255.99710856521742,0.0,255.99710856521742
23/08/2025,8,115.0,250,409.56260869565216,0.0,255.99710856521742,0.0,255.99710856521742
23/08/2025,9,105.0,250,409.56260869565216,0.0,255.99710856521742,0.0,255.99710856521742
23/08/2025,10,97.84,250,409.56260869565216,0.0,255.99710856521742,0.0,255.99710856521742
23/08/2025,11,97.78,250,409.56260869565216,0.0,255.99710856521742,0.0,255.99710856521742
23/08/2025,12,88.49,250,409.56260869565216,0.0,255.99710856521742,0.0,255.99710856521742
23/08/2025,13,74.99,250,409.56260869565216,0.0,255.99710856521742,0.0,255.99710856521742
23/08/2025,14,60.5,250,409.56260869565216,0.0,255.99710856521742,0.0,255.99710856521742
23/08/2025,15,69.49,250,409.56260869565216,0.0,255.99710856521742,0.0,255.99710856521742
23/08/2025,16,60.5,250,409.56260869565216,0.0,255.99710856521742,0.0,255.99710856521742
23/08/2025,17,60.5,250,409.56260869565216,0.0,255.99710856521742,0.0,255.99710856521742
23/08/2025,18,98.3,250,409.56260869565216,0.0,255.99710856521742,0.0,255.99710856521742
23/08/2025,19,110.0,250,409.56260869565216,0.0,255.99710856521742,0.0,255.99710856521742
23/08/2025,20,115.0,250,409.56260869565216,0.0,255.99710856521742,0.0,255.99710856521742
23/08/2025,21,122.22,250,409.56260869565216,0.0,255.99710856521742,0.0,255.99710856521742
23/08/2025,22,119.92,250,409.56260869565216,0.0,255.99710856521742,0.0,255.99710856521742
23/08/2025,23,113.84,250,409.56260869565216,0.0,255.99710856521742,0.0,255.99710856521742
23/08/2025,24,105.98,250,409.56260869565216,0.0,255.99710856521742,0.0,255.99710856521742
24/08/2025,1,105.1,250,409.56260869565216,0.0,255.99710856521742,0.0,255.99710856521742
24/08/2025,2,105.1,250,409.56260869565216,0.0,255.99710856521742,0.0,255.99710856521742
24/08/2025,3,105.1,250,409.56260869565216,0.0,255.99710856521742,0.0,255.99710856521742
24/08/2025,4,103.84,250,409.56260869565216,0.0,255.99710856521742,0.0,255.99710856521742
24/08/2025,5,100.0,250,409.56260869565216,0.0,255.99710856521742,0.0,255.99710856521742
24/08/2025,6,103.84,250,409.56260869565216,0.0,255.99710856521742,0.0,255.99710856521742
24/08/2025,7,103.84,250,409.56260869565216,0.0,255.99710856521742,0.0,255.99710856521742
24/08/2025,8,102.0,250,409.56260869565216,0.0,255.99710856521742,0.0,255.99710856521742
24/08/2025,9,99.5,250,409.56260869565216,0.0,255.99710856521742,0.0,255.99710856521742
24/08/2025,10,103.48,250,409.56260869565216,0.0,255.99710856521742,0.0,255.99710856521742
24/08/2025,11,96.3,250,409.56260869565216,0.0,255.99710856521742,0.0,255.99710856521742
24/08/2025,12,84.79,250,409.56260869565216,0.0,255.99710856521742,0.0,255.99710856521742
24/08/2025,13,81.86,250,409.56260869565216,0.0,255.99710856521742,0.0,255.99710856521742
24/08/2025,14,78.19,250,409.56260869565216,0.0,255.99710856521742,0.0,255.99710856521742
24/08/2025,15,73.06,250,409.56260869565216,0.0,255.99710856521742,0.0,255.99710856521742
24/08/2025,16,48.0,250,409.56260869565216,0.0,255.99710856521742,0.0,255.99710856521742
24/08/2025,17,38.63,450,379.8566519202964,399.55380458080873,237.42940028278124,15.434763470956643,252.8641637537379
24/08/2025,18,90.0,250,409.56260869565216,0.0,255.99710856521742,0.0,255.99710856521742
24/08/2025,19,110.0,250,409.56260869565216,0.0,255.99710856521742,0.0,255.99710856521742
24/08/2025,20,113.84,250,409.56260869565216,0.0,255.99710856521742,0.0,255.99710856521742
24/08/2025,21,117.0,250,409.56260869565216,0.0,255.99710856521742,0.0,255.99710856521742
24/08/2025,22,114.32,250,409.56260869565216,0.0,255.99710856521742,0.0,255.99710856521742
24/08/2025,23,120.0,250,409.56260869565216,0.0,255.99710856521742,0.0,255.99710856521742
24/08/2025,24,115.0,250,409.56260869565216,0.0,255.99710856521742,0.0,255.99710856521742
25/08/2025,1,107.0,250,409.56260869565216,0.0,255.99710856521742,0.0,255.99710856521742
25/08/2025,2,105.1,250,409.56260869565216,0.0,255.99710856521742,0.0,255.99710856521742
25/08/2025,3,105.1,250,409.56260869565216,0.0,255.99710856521742,0.0,255.99710856521742
25/08/2025,4,105.1,250,409.56260869565216,0.0,255.99710856521742,0.0,255.99710856521742
25/08/2025,5,105.1,250,409.56260869565216,0.0,255.99710856521742,0.0,255.99710856521742
25/08/2025,6,111.0,250,409.56260869565216,0.0,255.99710856521742,0.0,255.99710856521742
25/08/2025,7,120.64,250,409.56260869565216,0.0,255.99710856521742,0.0,255.99710856521742
25/08/2025,8,132.47,250,409.56260869565216,0.0,255.99710856521742,0.0,255.99710856521742
25/08/2025,9,141.38,250,409.56260869565216,0.0,255.99710856521742,0.0,255.99710856521742
25/08/2025,10,125.22,250,409.56260869565216,0.0,255.99710856521742,0.0,255.99710856521742
25/08/2025,11,118.0,250,409.56260869565216,0.0,255.99710856521742,0.0,255.99710856521742
25/08/2025,12,110.79,250,409.56260869565216,0.0,255.99710856521742,0.0,255.99710856521742
25/08/2025,13,103.84,250,409.56260869565216,0.0,255.99710856521742,0.0,255.99710856521742
25/08/2025,14,103.84,250,409.56260869565216,0.0,255.99710856521742,0.0,255.99710856521742
25/08/2025,15,107.0,250,409.56260869565216,0.0,255.99710856521742,0.0,255.99710856521742
25/08/2025,16,105.1,250,409.56260869565216,0.0,255.99710856521742,0.0,255.99710856521742
25/08/2025,17,108.65,250,409.56260869565216,0.0,255.99710856521742,0.0,255.99710856521742
25/08/2025,18,113.84,250,409.56260869565216,0.0,255.99710856521742,0.0,255.99710856521742
25/08/2025,19,124.0,250,409.56260869565216,0.0,255.99710856521742,0.0,255.99710856521742
25/08/2025,20,139.32,250,409.56260869565216,0.0,255.99710856521742,0.0,255.99710856521742
25/08/2025,21,128.93,250,409.56260869565216,0.0,255.99710856521742,0.0,255.99710856521742
25/08/2025,22,126.28,250,409.56260869565216,0.0,255.99710856521742,0.0,255.99710856521742
25/08/2025,23,115.04,250,409.56260869565216,0.0,255.99710856521742,0.0,255.99710856521742
25/08/2025,24,115.0,250,409.56260869565216,0.0,255.99710856521742,0.0,255.99710856521742
26/08/2025,1,105.7,250,409.56260869565216,0.0,255.99710856521742,0.0,255.99710856521742
26/08/2025,2,105.1,250,409.56260869565216,0.0,255.99710856521742,0.0,255.99710856521742
26/08/2025,3,105.1,250,409.56260869565216,0.0,255.99710856521742,0.0,255.99710856521742
26/08/2025,4,102.56,250,409.56260869565216,0.0,255.99710856521742,0.0,255.99710856521742
26/08/2025,5,102.56,250,409.56260869565216,0.0,255.99710856521742,0.0,255.99710856521742
26/08/2025,6,105.1,250,409.56260869565216,0.0,255.99710856521742,0.0,255.99710856521742
26/08/2025,7,118.04,250,409.56260869565216,0.0,255.99710856521742,0.0,255.99710856521742
26/08/2025,8,130.76,250,409.56260869565216,0.0,255.99710856521742,0.0,255.99710856521742
26/08/2025,9,132.38,250,409.56260869565216,0.0,255.99710856521742,0.0,255.99710856521742
26/08/2025,10,123.0,250,409.56260869565216,0.0,255.99710856521742,0.0,255.99710856521742
26/08/2025,11,120.03,250,409.56260869565216,0.0,255.99710856521742,0.0,255.99710856521742
26/08/2025,12,117.49,250,409.56260869565216,0.0,255.99710856521742,0.0,255.99710856521742
26/08/2025,13,100.0,250,409.56260869565216,0.0,255.99710856521742,0.0,255.99710856521742
26/08/2025,14,99.6,250,409.56260869565216,0.0,255.99710856521742,0.0,255.99710856521742
26/08/2025,15,102.97,250,409.56260869565216,0.0,255.99710856521742,0.0,255.99710856521742
26/08/2025,16,105.1,250,409.56260869565216,0.0,255.99710856521742,0.0,255.99710856521742
26/08/2025,17,110.65,250,409.56260869565216,0.0,255.99710856521742,0.0,255.99710856521742
26/08/2025,18,114.36,250,409.56260869565216,0.0,255.99710856521742,0.0,255.99710856521742
26/08/2025,19,132.38,250,409.56260869565216,0.0,255.99710856521742,0.0,255.99710856521742
26/08/2025,20,137.0,250,409.56260869565216,0.0,255.99710856521742,0.0,255.99710856521742
26/08/2025,21,137.0,250,409.56260869565216,0.0,255.99710856521742,0.0,255.99710856521742
26/08/2025,22,124.99,250,409.56260869565216,0.0,255.99710856521742,0.0,255.99710856521742
26/08/2025,23,112.17,250,409.56260869565216,0.0,255.99710856521742,0.0,255.99710856521742
26/08/2025,24,116.0,250,409.56260869565216,0.0,255.99710856521742,0.0,255.99710856521742
27/08/2025,1,110.0,250,409.56260869565216,0.0,255.99710856521742,0.0,255.99710856521742
27/08/2025,2,105.03,250,409.56260869565216,0.0,255.99710856521742,0.0,255.99710856521742
27/08/2025,3,98.37,250,409.56260869565216,0.0,255.99710856521742,0.0,255.99710856521742
27/08/2025,4,99.5,250,409.56260869565216,0.0,255.99710856521742,0.0,255.99710856521742
27/08/2025,5,105.02,250,409.56260869565216,0.0,255.99710856521742,0.0,255.99710856521742
27/08/2025,6,105.1,250,409.56260869565216,0.0,255.99710856521742,0.0,255.99710856521742
27/08/2025,7,114.32,250,409.56260869565216,0.0,255.99710856521742,0.0,255.99710856521742
27/08/2025,8,129.0,250,409.56260869565216,0.0,255.99710856521742,0.0,255.99710856521742
27/08/2025,9,130.0,250,409.56260869565216,0.0,255.99710856521742,0.0,255.99710856521742
27/08/2025,10,132.35,250,409.56260869565216,0.0,255.99710856521742,0.0,255.99710856521742
27/08/2025,11,121.0,250,409.56260869565216,0.0,255.99710856521742,0.0,255.99710856521742
27/08/2025,12,120.0,250,409.56260869565216,0.0,255.99710856521742,0.0,255.99710856521742
27/08/2025,13,111.0,250,409.56260869565216,0.0,255.99710856521742,0.0,255.99710856521742
27/08/2025,14,112.81,250,409.56260869565216,0.0,255.99710856521742,0.0,255.99710856521742
27/08/2025,15,115.0,250,409.56260869565216,0.0,255.99710856521742,0.0,255.99710856521742
27/08/2025,16,122.14,250,409.56260869565216,0.0,255.99710856521742,0.0,255.99710856521742
27/08/2025,17,115.0,250,409.56260869565216,0.0,255.99710856521742,0.0,255.99710856521742
27/08/2025,18,113.84,250,409.56260869565216,0.0,255.99710856521742,0.0,255.99710856521742
27/08/2025,19,129.8,250,409.56260869565216,0.0,255.99710856521742,0.0,255.99710856521742
27/08/2025,20,134.79,250,409.56260869565216,0.0,255.99710856521742,0.0,255.99710856521742
27/08/2025,21,146.54,250,409.56260869565216,0.0,255.99710856521742,0.0,255.99710856521742
27/08/2025,22,126.12,250,409.56260869565216,0.0,255.99710856521742,0.0,255.99710856521742
27/08/2025,23,114.64,250,409.56260869565216,0.0,255.99710856521742,0.0,255.99710856521742
27/08/2025,24,112.41,250,409.56260869565216,0.0,255.99710856521742,0.0,255.99710856521742
28/08/2025,1,115.48,250,409.56260869565216,0.0,255.99710856521742,0.0,255.99710856521742
28/08/2025,2,115.0,250,409.56260869565216,0.0,255.99710856521742,0.0,255.99710856521742
28/08/2025,3,114.17,250,409.56260869565216,0.0,255.99710856521742,0.0,255.99710856521742
28/08/2025,4,111.99,250,409.56260869565216,0.0,255.99710856521742,0.0,255.99710856521742
28/08/2025,5,110.88,250,409.56260869565216,0.0,255.99710856521742,0.0,255.99710856521742
28/08/2025,6,114.0,250,409.56260869565216,0.0,255.99710856521742,0.0,255.99710856521742
28/08/2025,7,120.0,250,409.56260869565216,0.0,255.99710856521742,0.0,255.99710856521742
28/08/2025,8,134.68,250,409.56260869565216,0.0,255.99710856521742,0.0,255.99710856521742
28/08/2025,9,134.68,250,409.56260869565216,0.0,255.99710856521742,0.0,255.99710856521742
28/08/2025,10,134.79,250,409.56260869565216,0.0,255.99710856521742,0.0,255.99710856521742
28/08/2025,11,129.0,250,409.56260869565216,0.0,255.99710856521742,0.0,255.99710856521742
28/08/2025,12,121.0,250,409.56260869565216,0.0,255.99710856521742,0.0,255.99710856521742
28/08/2025,13,114.64,250,409.56260869565216,0.0,255.99710856521742,0.0,255.99710856521742
28/08/2025,14,113.84,250,409.56260869565216,0.0,255.99710856521742,0.0,255.99710856521742
28/08/2025,15,115.0,250,409.56260869565216,0.0,255.99710856521742,0.0,255.99710856521742
28/08/2025,16,116.17,250,409.56260869565216,0.0,255.99710856521742,0.0,255.99710856521742
28/08/2025,17,117.07,250,409.56260869565216,0.0,255.99710856521742,0.0,255.99710856521742
28/08/2025,18,118.34,250,409.56260869565216,0.0,255.99710856521742,0.0,255.99710856521742
28/08/2025,19,141.62,250,409.56260869565216,0.0,255.99710856521742,0.0,255.99710856521742
28/08/2025,20,143.71,250,409.56260869565216,0.0,255.99710856521742,0.0,255.99710856521742
28/08/2025,21,141.62,250,409.56260869565216,0.0,255.99710856521742,0.0,255.99710856521742
28/08/2025,22,123.12,250,409.56260869565216,0.0,255.99710856521742,0.0,255.99710856521742
28/08/2025,23,115.58,250,409.56260869565216,0.0,255.99710856521742,0.0,255.99710856521742
28/08/2025,24,113.07,250,409.56260869565216,0.0,255.99710856521742,0.0,255.99710856521742
29/08/2025,1,111.44,250,409.56260869565216,0.0,255.99710856521742,0.0,255.99710856521742
29/08/2025,2,108.86,250,409.56260869565216,0.0,255.99710856521742,0.0,255.99710856521742
29/08/2025,3,101.8,250,409.56260869565216,0.0,255.99710856521742,0.0,255.99710856521742
29/08/2025,4,101.8,250,409.56260869565216,0.0,255.99710856521742,0.0,255.99710856521742
29/08/2025,5,102.22,250,409.56260869565216,0.0,255.99710856521742,0.0,255.99710856521742
29/08/2025,6,106.01,250,409.56260869565216,0.0,255.99710856521742,0.0,255.99710856521742
29/08/2025,7,112.0,250,409.56260869565216,0.0,255.99710856521742,0.0,255.99710856521742
29/08/2025,8,128.73,250,409.56260869565216,0.0,255.99710856521742,0.0,255.99710856521742
29/08/2025,9,136.49,250,409.56260869565216,0.0,255.99710856521742,0.0,255.99710856521742
29/08/2025,10,128.65,250,409.56260869565216,0.0,255.99710856521742,0.0,255.99710856521742
29/08/2025,11,120.0,250,409.56260869565216,0.0,255.99710856521742,0.0,255.99710856521742
29/08/2025,12,120.0,250,409.56260869565216,0.0,255.99710856521742,0.0,255.99710856521742
29/08/2025,13,110.57,250,409.56260869565216,0.0,255.99710856521742,0.0,255.99710856521742
29/08/2025,14,107.75,250,409.56260869565216,0.0,255.99710856521742,0.0,255.99710856521742
29/08/2025,15,106.39,250,409.56260869565216,0.0,255.99710856521742,0.0,255.99710856521742
29/08/2025,16,106.23,250,409.56260869565216,0.0,255.99710856521742,0.0,255.99710856521742
29/08/2025,17,113.0,250,409.56260869565216,0.0,255.99710856521742,0.0,255.99710856521742
29/08/2025,18,116.0,250,409.56260869565216,0.0,255.99710856521742,0.0,255.99710856521742
29/08/2025,19,121.62,250,409.56260869565216,0.0,255.99710856521742,0.0,255.99710856521742
29/08/2025,20,135.0,250,409.56260869565216,0.0,255.99710856521742,0.0,255.99710856521742
29/08/2025,21,130.0,250,409.56260869565216,0.0,255.99710856521742,0.0,255.99710856521742
29/08/2025,22,115.0,250,409.56260869565216,0.0,255.99710856521742,0.0,255.99710856521742
29/08/2025,23,112.02,250,409.56260869565216,0.0,255.99710856521742,0.0,255.99710856521742
29/08/2025,24,110.74,250,409.56260869565216,0.0,255.99710856521742,0.0,255.99710856521742
30/08/2025,1,106.52,250,409.56260869565216,0.0,255.99710856521742,0.0,255.99710856521742
30/08/2025,2,106.45,250,409.56260869565216,0.0,255.99710856521742,0.0,255.99710856521742
30/08/2025,3,103.0,250,409.56260869565216,0.0,255.99710856521742,0.0,255.99710856521742
30/08/2025,4,105.1,250,409.56260869565216,0.0,255.99710856521742,0.0,255.99710856521742
30/08/2025,5,103.38,250,409.56260869565216,0.0,255.99710856521742,0.0,255.99710856521742
30/08/2025,6,106.03,250,409.56260869565216,0.0,255.99710856521742,0.0,255.99710856521742
30/08/2025,7,107.0,250,409.56260869565216,0.0,255.99710856521742,0.0,255.99710856521742
30/08/2025,8,112.21,250,409.56260869565216,0.0,255.99710856521742,0.0,255.99710856521742
30/08/2025,9,116.0,250,409.56260869565216,0.0,255.99710856521742,0.0,255.99710856521742
30/08/2025,10,105.1,250,409.56260869565216,0.0,255.99710856521742,0.0,255.99710856521742
30/08/2025,11,101.84,250,409.56260869565216,0.0,255.99710856521742,0.0,255.99710856521742
30/08/2025,12,81.0,250,409.56260869565216,0.0,255.99710856521742,0.0,255.99710856521742
30/08/2025,13,35.0,450,379.8566519202964,399.55380458080873,237.42940028278124,13.984383160328306,251.41378344310954
30/08/2025,14,17.0,450,379.8566519202964,399.55380458080873,237.42940028278124,6.792414677873749,244.221814960655
30/08/2025,15,10.0,450,379.8566519202964,399.55380458080873,237.42940028278124,3.9955380458080874,241.42493832858932
30/08/2025,16,10.0,450,379.8566519202964,399.55380458080873,237.42940028278124,3.9955380458080874,241.42493832858932
30/08/2025,17,31.0,450,379.8566519202964,399.55380458080873,237.42940028278124,12.386167942005072,249.81556822478632
30/08/2025,18,83.55,250,409.56260869565216,0.0,255.99710856521742,0.0,255.99710856521742
30/08/2025,19,110.0,250,409.56260869565216,0.0,255.99710856521742,0.0,255.99710856521742
30/08/2025,20,120.0,250,409.56260869565216,0.0,255.99710856521742,0.0,255.99710856521742
30/08/2025,21,124.47,250,409.56260869565216,0.0,255.99710856521742,0.0,255.99710856521742
30/08/2025,22,112.0,250,409.56260869565216,0.0,255.99710856521742,0.0,255.99710856521742
30/08/2025,23,115.0,250,409.56260869565216,0.0,255.99710856521742,0.0,255.99710856521742
30/08/2025,24,110.37,250,409.56260869565216,0.0,255.99710856521742,0.0,255.99710856521742
31/08/2025,1,92.46,250,409.56260869565216,0.0,255.99710856521742,0.0,255.99710856521742
31/08/2025,2,90.94,250,409.56260869565216,0.0,255.99710856521742,0.0,255.99710856521742
31/08/2025,3,89.11,250,409.56260869565216,0.0,255.99710856521742,0.0,255.99710856521742
31/08/2025,4,93.38,250,409.56260869565216,0.0,255.99710856521742,0.0,255.99710856521742
31/08/2025,5,93.13,250,409.56260869565216,0.0,255.99710856521742,0.0,255.99710856521742
31/08/2025,6,90.34,250,409.56260869565216,0.0,255.99710856521742,0.0,255.99710856521742
31/08/2025,7,82.64,250,409.56260869565216,0.0,255.99710856521742,0.0,255.99710856521742
31/08/2025,8,90.8,250,409.56260869565216,0.0,255.99710856521742,0.0,255.99710856521742
31/08/2025,9,95.0,250,409.56260869565216,0.0,255.99710856521742,0.0,255.99710856521742
31/08/2025,10,86.8,250,409.56260869565216,0.0,255.99710856521742,0.0,255.99710856521742
31/08/2025,11,69.99,250,409.56260869565216,0.0,255.99710856521742,0.0,255.99710856521742
31/08/2025,12,49.0,250,409.56260869565216,0.0,255.99710856521742,0.0,255.99710856521742
31/08/2025,13,20.0,450,379.8566519202964,399.55380458080873,237.42940028278124,7.991076091616175,245.42047637439742
31/08/2025,14,40.0,450,379.8566519202964,399.55380458080873,237.42940028278124,15.98215218323235,253.4115524660136
31/08/2025,15,35.0,450,379.8566519202964,399.55380458080873,237.42940028278124,13.984383160328306,251.41378344310954
31/08/2025,16,49.0,250,409.56260869565216,0.0,255.99710856521742,0.0,255.99710856521742
31/08/2025,17,45.15,450,379.8566519202964,399.55380458080873,237.42940028278124,18.039854276823515,255.46925455960476
31/08/2025,18,82.64,250,409.56260869565216,0.0,255.99710856521742,0.0,255.99710856521742
31/08/2025,19,111.77,250,409.56260869565216,0.0,255.99710856521742,0.0,255.99710856521742
31/08/2025,20,120.79,250,409.56260869565216,0.0,255.99710856521742,0.0,255.99710856521742
31/08/2025,21,125.46,250,409.56260869565216,0.0,255.99710856521742,0.0,255.99710856521742
31/08/2025,22,114.0,250,409.56260869565216,0.0,255.99710856521742,0.0,255.99710856521742
31/08/2025,23,113.25,250,409.56260869565216,0.0,255.99710856521742,0.0,255.99710856521742
31/08/2025,24,110.0,250,409.56260869565216,0.0,255.99710856521742,0.0,255.99710856521742
01/09/2025,1,90.55,250,409.56260869565216,0.0,255.99710856521742,0.0,255.99710856521742
01/09/2025,2,92.88,250,409.56260869565216,0.0,255.99710856521742,0.0,255.99710856521742
01/09/2025,3,94.59,250,409.56260869565216,0.0,255.99710856521742,0.0,255.99710856521742
01/09/2025,4,91.25,250,409.56260869565216,0.0,255.99710856521742,0.0,255.99710856521742
01/09/2025,5,94.42,250,409.56260869565216,0.0,255.99710856521742,0.0,255.99710856521742
01/09/2025,6,102.48,250,409.56260869565216,0.0,255.99710856521742,0.0,255.99710856521742
01/09/2025,7,114.74,250,409.56260869565216,0.0,255.99710856521742,0.0,255.99710856521742
01/09/2025,8,132.0,250,409.56260869565216,0.0,255.99710856521742,0.0,255.99710856521742
01/09/2025,9,135.01,250,409.56260869565216,0.0,255.99710856521742,0.0,255.99710856521742
01/09/2025,10,112.8,250,409.56260869565216,0.0,255.99710856521742,0.0,255.99710856521742
01/09/2025,11,107.77,250,409.56260869565216,0.0,255.99710856521742,0.0,255.99710856521742
01/09/2025,12,96.87,250,409.56260869565216,0.0,255.99710856521742,0.0,255.99710856521742
01/09/2025,13,95.77,250,409.56260869565216,0.0,255.99710856521742,0.0,255.99710856521742
01/09/2025,14,96.18,250,409.56260869565216,0.0,255.99710856521742,0.0,255.99710856521742
01/09/2025,15,105.1,250,409.56260869565216,0.0,255.99710856521742,0.0,255.99710856521742
01/09/2025,16,107.1,250,409.56260869565216,0.0,255.99710856521742,0.0,255.99710856521742
01/09/2025,17,110.0,250,409.56260869565216,0.0,255.99710856521742,0.0,255.99710856521742
01/09/2025,18,113.25,250,409.56260869565216,0.0,255.99710856521742,0.0,255.99710856521742
01/09/2025,19,135.01,250,409.56260869565216,0.0,255.99710856521742,0.0,255.99710856521742
01/09/2025,20,137.55,250,409.56260869565216,0.0,255.99710856521742,0.0,255.99710856521742
01/09/2025,21,135.01,250,409.56260869565216,0.0,255.99710856521742,0.0,255.99710856521742
01/09/2025,22,121.95,250,409.56260869565216,0.0,255.99710856521742,0.0,255.99710856521742
01/09/2025,23,108.31,250,409.56260869565216,0.0,255.99710856521742,0.0,255.99710856521742
01/09/2025,24,106.78,250,409.56260869565216,0.0,255.99710856521742,0.0,255.99710856521742
02/09/2025,1,104.99,250,409.56260869565216,0.0,255.99710856521742,0.0,255.99710856521742
02/09/2025,2,95.41,250,409.56260869565216,0.0,255.99710856521742,0.0,255.99710856521742
02/09/2025,3,98.96,250,409.56260869565216,0.0,255.99710856521742,0.0,255.99710856521742
02/09/2025,4,95.47,250,409.56260869565216,0.0,255.99710856521742,0.0,255.99710856521742
02/09/2025,5,94.15,250,409.56260869565216,0.0,255.99710856521742,0.0,255.99710856521742
02/09/2025,6,99.0,250,409.56260869565216,0.0,255.99710856521742,0.0,255.99710856521742
02/09/2025,7,115.06,250,409.56260869565216,0.0,255.99710856521742,0.0,255.99710856521742
02/09/2025,8,135.59,250,409.56260869565216,0.0,255.99710856521742,0.0,255.99710856521742
02/09/2025,9,135.01,250,409.56260869565216,0.0,255.99710856521742,0.0,255.99710856521742
02/09/2025,10,118.53,250,409.56260869565216,0.0,255.99710856521742,0.0,255.99710856521742
02/09/2025,11,110.0,250,409.56260869565216,0.0,255.99710856521742,0.0,255.99710856521742
02/09/2025,12,106.4,250,409.56260869565216,0.0,255.99710856521742,0.0,255.99710856521742
02/09/2025,13,94.15,250,409.56260869565216,0.0,255.99710856521742,0.0,255.99710856521742
02/09/2025,14,97.02,250,409.56260869565216,0.0,255.99710856521742,0.0,255.99710856521742
02/09/2025,15,94.81,250,409.56260869565216,0.0,255.99710856521742,0.0,255.99710856521742
02/09/2025,16,90.54,250,409.56260869565216,0.0,255.99710856521742,0.0,255.99710856521742
02/09/2025,17,99.0,250,409.56260869565216,0.0,255.99710856521742,0.0,255.99710856521742
02/09/2025,18,105.77,250,409.56260869565216,0.0,255.99710856521742,0.0,255.99710856521742
02/09/2025,19,125.68,250,409.56260869565216,0.0,255.99710856521742,0.0,255.99710856521742
02/09/2025,20,137.32,250,409.56260869565216,0.0,255.99710856521742,0.0,255.99710856521742
02/09/2025,21,137.32,250,409.56260869565216,0.0,255.99710856521742,0.0,255.99710856521742
02/09/2025,22,130.0,250,409.56260869565216,0.0,255.99710856521742,0.0,255.99710856521742
02/09/2025,23,107.96,250,409.56260869565216,0.0,255.99710856521742,0.0,255.99710856521742
02/09/2025,24,105.1,250,409.56260869565216,0.0,255.99710856521742,0.0,255.99710856521742
03/09/2025,1,105.0,250,409.56260869565216,0.0,255.99710856521742,0.0,255.99710856521742
03/09/2025,2,96.89,250,409.56260869565216,0.0,255.99710856521742,0.0,255.99710856521742
03/09/2025,3,94.37,250,409.56260869565216,0.0,255.99710856521742,0.0,255.99710856521742
03/09/2025,4,94.02,250,409.56260869565216,0.0,255.99710856521742,0.0,255.99710856521742
03/09/2025,5,94.6,250,409.56260869565216,0.0,255.99710856521742,0.0,255.99710856521742
03/09/2025,6,100.0,250,409.56260869565216,0.0,255.99710856521742,0.0,255.99710856521742
03/09/2025,7,108.45,250,409.56260869565216,0.0,255.99710856521742,0.0,255.99710856521742
03/09/2025,8,125.71,250,409.56260869565216,0.0,255.99710856521742,0.0,255.99710856521742
03/09/2025,9,127.4,250,409.56260869565216,0.0,255.99710856521742,0.0,255.99710856521742
03/09/2025,10,104.0,250,409.56260869565216,0.0,255.99710856521742,0.0,255.99710856521742
03/09/2025,11,94.99,250,409.56260869565216,0.0,255.99710856521742,0.0,255.99710856521742
03/09/2025,12,88.89,250,409.56260869565216,0.0,255.99710856521742,0.0,255.99710856521742
03/09/2025,13,81.7,250,409.56260869565216,0.0,255.99710856521742,0.0,255.99710856521742
03/09/2025,14,82.74,250,409.56260869565216,0.0,255.99710856521742,0.0,255.99710856521742
03/09/2025,15,88.28,250,409.56260869565216,0.0,255.99710856521742,0.0,255.99710856521742
03/09/2025,16,84.8,250,409.56260869565216,0.0,255.99710856521742,0.0,255.99710856521742
03/09/2025,17,94.97,250,409.56260869565216,0.0,255.99710856521742,0.0,255.99710856521742
03/09/2025,18,105.1,250,409.56260869565216,0.0,255.99710856521742,0.0,255.99710856521742
03/09/2025,19,120.0,250,409.56260869565216,0.0,255.99710856521742,0.0,255.99710856521742
03/09/2025,20,135.66,250,409.56260869565216,0.0,255.99710856521742,0.0,255.99710856521742
03/09/2025,21,131.99,250,409.56260869565216,0.0,255.99710856521742,0.0,255.99710856521742
03/09/2025,22,115.0,250,409.56260869565216,0.0,255.99710856521742,0.0,255.99710856521742
03/09/2025,23,108.0,250,409.56260869565216,0.0,255.99710856521742,0.0,255.99710856521742
03/09/2025,24,107.27,250,409.56260869565216,0.0,255.99710856521742,0.0,255.99710856521742
04/09/2025,1,103.47,250,409.56260869565216,0.0,255.99710856521742,0.0,255.99710856521742
04/09/2025,2,100.0,250,409.56260869565216,0.0,255.99710856521742,0.0,255.99710856521742
04/09/2025,3,100.0,250,409.56260869565216,0.0,255.99710856521742,0.0,255.99710856521742
04/09/2025,4,100.0,250,409.56260869565216,0.0,255.99710856521742,0.0,255.99710856521742
04/09/2025,5,100.0,250,409.56260869565216,0.0,255.99710856521742,0.0,255.99710856521742
04/09/2025,6,100.0,250,409.56260869565216,0.0,255.99710856521742,0.0,255.99710856521742
04/09/2025,7,116.0,250,409.56260869565216,0.0,255.99710856521742,0.0,255.99710856521742
04/09/2025,8,125.63,250,409.56260869565216,0.0,255.99710856521742,0.0,255.99710856521742
04/09/2025,9,125.63,250,409.56260869565216,0.0,255.99710856521742,0.0,255.99710856521742
04/09/2025,10,105.26,250,409.56260869565216,0.0,255.99710856521742,0.0,255.99710856521742
04/09/2025,11,103.13,250,409.56260869565216,0.0,255.99710856521742,0.0,255.99710856521742
04/09/2025,12,94.93,250,409.56260869565216,0.0,255.99710856521742,0.0,255.99710856521742
04/09/2025,13,87.94,250,409.56260869565216,0.0,255.99710856521742,0.0,255.99710856521742
04/09/2025,14,89.4,250,409.56260869565216,0.0,255.99710856521742,0.0,255.99710856521742
04/09/2025,15,95.54,250,409.56260869565216,0.0,255.99710856521742,0.0,255.99710856521742
04/09/2025,16,95.81,250,409.56260869565216,0.0,255.99710856521742,0.0,255.99710856521742
04/09/2025,17,102.05,250,409.56260869565216,0.0,255.99710856521742,0.0,255.99710856521742
04/09/2025,18,116.0,250,409.56260869565216,0.0,255.99710856521742,0.0,255.99710856521742
04/09/2025,19,129.93,250,409.56260869565216,0.0,255.99710856521742,0.0,255.99710856521742
04/09/2025,20,154.0,250,409.56260869565216,0.0,255.99710856521742,0.0,255.99710856521742
04/09/2025,21,141.55,250,409.56260869565216,0.0,255.99710856521742,0.0,255.99710856521742
04/09/2025,22,127.93,250,409.56260869565216,0.0,255.99710856521742,0.0,255.99710856521742
04/09/2025,23,109.75,250,409.56260869565216,0.0,255.99710856521742,0.0,255.99710856521742
04/09/2025,24,105.1,250,409.56260869565216,0.0,255.99710856521742,0.0,255.99710856521742
05/09/2025,1,100.65,250,409.56260869565216,0.0,255.99710856521742,0.0,255.99710856521742
05/09/2025,2,100.0,250,409.56260869565216,0.0,255.99710856521742,0.0,255.99710856521742
05/09/2025,3,100.0,250,409.56260869565216,0.0,255.99710856521742,0.0,255.99710856521742
05/09/2025,4,98.65,250,409.56260869565216,0.0,255.99710856521742,0.0,255.99710856521742
05/09/2025,5,98.65,250,409.56260869565216,0.0,255.99710856521742,0.0,255.99710856521742
05/09/2025,6,100.11,250,409.56260869565216,0.0,255.99710856521742,0.0,255.99710856521742
05/09/2025,7,120.0,250,409.56260869565216,0.0,255.99710856521742,0.0,255.99710856521742
05/09/2025,8,126.66,250,409.56260869565216,0.0,255.99710856521742,0.0,255.99710856521742
05/09/2025,9,127.3,250,409.56260869565216,0.0,255.99710856521742,0.0,255.99710856521742
05/09/2025,10,114.4,250,409.56260869565216,0.0,255.99710856521742,0.0,255.99710856521742
05/09/2025,11,105.1,250,409.56260869565216,0.0,255.99710856521742,0.0,255.99710856521742
05/09/2025,12,105.1,250,409.56260869565216,0.0,255.99710856521742,0.0,255.99710856521742
05/09/2025,13,95.6,250,409.56260869565216,0.0,255.99710856521742,0.0,255.99710856521742
05/09/2025,14,96.2,250,409.56260869565216,0.0,255.99710856521742,0.0,255.99710856521742
05/09/2025,15,95.91,250,409.56260869565216,0.0,255.99710856521742,0.0,255.99710856521742
05/09/2025,16,94.69,250,409.56260869565216,0.0,255.99710856521742,0.0,255.99710856521742
05/09/2025,17,102.0,250,409.56260869565216,0.0,255.99710856521742,0.0,255.99710856521742
05/09/2025,18,110.0,250,409.56260869565216,0.0,255.99710856521742,0.0,255.99710856521742
05/09/2025,19,121.51,250,409.56260869565216,0.0,255.99710856521742,0.0,255.99710856521742
05/09/2025,20,131.44,250,409.56260869565216,0.0,255.99710856521742,0.0,255.99710856521742
05/09/2025,21,129.44,250,409.56260869565216,0.0,255.99710856521742,0.0,255.99710856521742
05/09/2025,22,115.36,250,409.56260869565216,0.0,255.99710856521742,0.0,255.99710856521742
05/09/2025,23,105.9,250,409.56260869565216,0.0,255.99710856521742,0.0,255.99710856521742
05/09/2025,24,100.7,250,409.56260869565216,0.0,255.99710856521742,0.0,255.99710856521742
06/09/2025,1,115.0,250,409.56260869565216,0.0,255.99710856521742,0.0,255.99710856521742
06/09/2025,2,110.0,250,409.56260869565216,0.0,255.99710856521742,0.0,255.99710856521742
06/09/2025,3,105.1,250,409.56260869565216,0.0,255.99710856521742,0.0,255.99710856521742
06/09/2025,4,107.27,250,409.56260869565216,0.0,255.99710856521742,0.0,255.99710856521742
06/09/2025,5,105.41,250,409.56260869565216,0.0,255.99710856521742,0.0,255.99710856521742
06/09/2025,6,106.9,250,409.56260869565216,0.0,255.99710856521742,0.0,255.99710856521742
06/09/2025,7,108.6,250,409.56260869565216,0.0,255.99710856521742,0.0,255.99710856521742
06/09/2025,8,105.1,250,409.56260869565216,0.0,255.99710856521742,0.0,255.99710856521742
06/09/2025,9,100.52,250,409.56260869565216,0.0,255.99710856521742,0.0,255.99710856521742
06/09/2025,10,105.0,250,409.56260869565216,0.0,255.99710856521742,0.0,255.99710856521742
06/09/2025,11,100.0,250,409.56260869565216,0.0,255.99710856521742,0.0,255.99710856521742
06/09/2025,12,61.8,250,409.56260869565216,0.0,255.99710856521742,0.0,255.99710856521742
06/09/2025,13,24.5,450,379.8566519202964,399.55380458080873,237.42940028278124,9.789068212229814,247.21846849501105
06/09/2025,14,40.0,450,379.8566519202964,399.55380458080873,237.42940028278124,15.98215218323235,253.4115524660136
06/09/2025,15,30.77,450,379.8566519202964,399.55380458080873,237.42940028278124,12.294270566951486,249.72367084973274
06/09/2025,16,25.59,450,379.8566519202964,399.55380458080873,237.42940028278124,10.224581859222896,247.65398214200414
06/09/2025,17,52.18,250,409.56260869565216,0.0,255.99710856521742,0.0,255.99710856521742
06/09/2025,18,100.0,250,409.56260869565216,0.0,255.99710856521742,0.0,255.99710856521742
06/09/2025,19,120.5,250,409.56260869565216,0.0,255.99710856521742,0.0,255.99710856521742
06/09/2025,20,129.27,250,409.56260869565216,0.0,255.99710856521742,0.0,255.99710856521742
06/09/2025,21,129.27,250,409.56260869565216,0.0,255.99710856521742,0.0,255.99710856521742
06/09/2025,22,115.04,250,409.56260869565216,0.0,255.99710856521742,0.0,255.99710856521742
06/09/2025,23,115.0,250,409.56260869565216,0.0,255.99710856521742,0.0,255.99710856521742
06/09/2025,24,111.0,250,409.56260869565216,0.0,255.99710856521742,0.0,255.99710856521742
07/09/2025,1,100.0,250,409.56260869565216,0.0,255.99710856521742,0.0,255.99710856521742
07/09/2025,2,100.0,250,409.56260869565216,0.0,255.99710856521742,0.0,255.99710856521742
07/09/2025,3,94.58,250,409.56260869565216,0.0,255.99710856521742,0.0,255.99710856521742
07/09/2025,4,94.58,250,409.56260869565216,0.0,255.99710856521742,0.0,255.99710856521742
07/09/2025,5,94.58,250,409.56260869565216,0.0,255.99710856521742,0.0,255.99710856521742
07/09/2025,6,94.58,250,409.56260869565216,0.0,255.99710856521742,0.0,255.99710856521742
07/09/2025,7,100.0,250,409.56260869565216,0.0,255.99710856521742,0.0,255.99710856521742
07/09/2025,8,98.08,250,409.56260869565216,0.0,255.99710856521742,0.0,255.99710856521742
07/09/2025,9,105.0,250,409.56260869565216,0.0,255.99710856521742,0.0,255.99710856521742
07/09/2025,10,94.58,250,409.56260869565216,0.0,255.99710856521742,0.0,255.99710856521742
07/09/2025,11,85.61,250,409.56260869565216,0.0,255.99710856521742,0.0,255.99710856521742
07/09/2025,12,50.0,250,409.56260869565216,0.0,255.99710856521742,0.0,255.99710856521742
07/09/2025,13,46.12,450,379.8566519202964,399.55380458080873,237.42940028278124,18.4274214672669,255.85682175004814
07/09/2025,14,21.9,450,379.8566519202964,399.55380458080873,237.42940028278124,8.75022832031971,246.17962860310095
07/09/2025,15,49.02,250,409.56260869565216,0.0,255.99710856521742,0.0,255.99710856521742
07/09/2025,16,50.0,250,409.56260869565216,0.0,255.99710856521742,0.0,255.99710856521742
07/09/2025,17,94.58,250,409.56260869565216,0.0,255.99710856521742,0.0,255.99710856521742
07/09/2025,18,116.1,250,409.56260869565216,0.0,255.99710856521742,0.0,255.99710856521742
07/09/2025,19,131.32,250,409.56260869565216,0.0,255.99710856521742,0.0,255.99710856521742
07/09/2025,20,134.35,250,409.56260869565216,0.0,255.99710856521742,0.0,255.99710856521742
07/09/2025,21,130.0,250,409.56260869565216,0.0,255.99710856521742,0.0,255.99710856521742
07/09/2025,22,120.0,250,409.56260869565216,0.0,255.99710856521742,0.0,255.99710856521742
07/09/2025,23,111.04,250,409.56260869565216,0.0,255.99710856521742,0.0,255.99710856521742
07/09/2025,24,105.0,250,409.56260869565216,0.0,255.99710856521742,0.0,255.99710856521742
08/09/2025,1,103.4,250,409.56260869565216,0.0,255.99710856521742,0.0,255.99710856521742
08/09/2025,2,103.0,250,409.56260869565216,0.0,255.99710856521742,0.0,255.99710856521742
08/09/2025,3,100.27,250,409.56260869565216,0.0,255.99710856521742,0.0,255.99710856521742
08/09/2025,4,99.05,250,409.56260869565216,0.0,255.99710856521742,0.0,255.99710856521742
08/09/2025,5,99.05,250,409.56260869565216,0.0,255.99710856521742,0.0,255.99710856521742
08/09/2025,6,101.22,250,409.56260869565216,0.0,255.99710856521742,0.0,255.99710856521742
08/09/2025,7,116.15,250,409.56260869565216,0.0,255.99710856521742,0.0,255.99710856521742
08/09/2025,8,140.08,250,409.56260869565216,0.0,255.99710856521742,0.0,255.99710856521742
08/09/2025,9,133.97,250,409.56260869565216,0.0,255.99710856521742,0.0,255.99710856521742
08/09/2025,10,116.94,250,409.56260869565216,0.0,255.99710856521742,0.0,255.99710856521742
08/09/2025,11,107.96,250,409.56260869565216,0.0,255.99710856521742,0.0,255.99710856521742
08/09/2025,12,100.54,250,409.56260869565216,0.0,255.99710856521742,0.0,255.99710856521742
08/09/2025,13,98.43,250,409.56260869565216,0.0,255.99710856521742,0.0,255.99710856521742
08/09/2025,14,99.05,250,409.56260869565216,0.0,255.99710856521742,0.0,255.99710856521742
08/09/2025,15,105.46,250,409.56260869565216,0.0,255.99710856521742,0.0,255.99710856521742
08/09/2025,16,114.4,250,409.56260869565216,0.0,255.99710856521742,0.0,255.99710856521742
08/09/2025,17,121.36,250,409.56260869565216,0.0,255.99710856521742,0.0,255.99710856521742
08/09/2025,18,134.0,250,409.56260869565216,0.0,255.99710856521742,0.0,255.99710856521742
08/09/2025,19,149.0,250,409.56260869565216,0.0,255.99710856521742,0.0,255.99710856521742
08/09/2025,20,155.36,250,409.56260869565216,0.0,255.99710856521742,0.0,255.99710856521742
08/09/2025,21,143.26,250,409.56260869565216,0.0,255.99710856521742,0.0,255.99710856521742
08/09/2025,22,141.07,250,409.56260869565216,0.0,255.99710856521742,0.0,255.99710856521742
08/09/2025,23,120.5,250,409.56260869565216,0.0,255.99710856521742,0.0,255.99710856521742
08/09/2025,24,112.16,250,409.56260869565216,0.0,255.99710856521742,0.0,255.99710856521742
09/09/2025,1,108.0,250,409.56260869565216,0.0,255.99710856521742,0.0,255.99710856521742
09/09/2025,2,101.17,250,409.56260869565216,0.0,255.99710856521742,0.0,255.99710856521742
09/09/2025,3,101.11,250,409.56260869565216,0.0,255.99710856521742,0.0,255.99710856521742
09/09/2025,4,101.16,250,409.56260869565216,0.0,255.99710856521742,0.0,255.99710856521742
09/09/2025,5,101.17,250,409.56260869565216,0.0,255.99710856521742,0.0,255.99710856521742
09/09/2025,6,109.31,250,409.56260869565216,0.0,255.99710856521742,0.0,255.99710856521742
09/09/2025,7,119.19,250,409.56260869565216,0.0,255.99710856521742,0.0,255.99710856521742
09/09/2025,8,125.98,250,409.56260869565216,0.0,255.99710856521742,0.0,255.99710856521742
09/09/2025,9,147.82,250,409.56260869565216,0.0,255.99710856521742,0.0,255.99710856521742
09/09/2025,10,120.0,250,409.56260869565216,0.0,255.99710856521742,0.0,255.99710856521742
09/09/2025,11,113.26,250,409.56260869565216,0.0,255.99710856521742,0.0,255.99710856521742
09/09/2025,12,105.42,250,409.56260869565216,0.0,255.99710856521742,0.0,255.99710856521742
09/09/2025,13,101.17,250,409.56260869565216,0.0,255.99710856521742,0.0,255.99710856521742
09/09/2025,14,101.1,250,409.56260869565216,0.0,255.99710856521742,0.0,255.99710856521742
09/09/2025,15,105.0,250,409.56260869565216,0.0,255.99710856521742,0.0,255.99710856521742
09/09/2025,16,105.0,250,409.56260869565216,0.0,255.99710856521742,0.0,255.99710856521742
09/09/2025,17,110.0,250,409.56260869565216,0.0,255.99710856521742,0.0,255.99710856521742
09/09/2025,18,120.0,250,409.56260869565216,0.0,255.99710856521742,0.0,255.99710856521742
09/09/2025,19,136.0,250,409.56260869565216,0.0,255.99710856521742,0.0,255.99710856521742
09/09/2025,20,133.0,250,409.56260869565216,0.0,255.99710856521742,0.0,255.99710856521742
09/09/2025,21,133.0,250,409.56260869565216,0.0,255.99710856521742,0.0,255.99710856521742
09/09/2025,22,128.0,250,409.56260869565216,0.0,255.99710856521742,0.0,255.99710856521742
09/09/2025,23,114.2,250,409.56260869565216,0.0,255.99710856521742,0.0,255.99710856521742
09/09/2025,24,107.6,250,409.56260869565216,0.0,255.99710856521742,0.0,255.99710856521742
10/09/2025,1,105.99,250,409.56260869565216,0.0,255.99710856521742,0.0,255.99710856521742
10/09/2025,2,105.0,250,409.56260869565216,0.0,255.99710856521742,0.0,255.99710856521742
10/09/2025,3,105.0,250,409.56260869565216,0.0,255.99710856521742,0.0,255.99710856521742
10/09/2025,4,104.05,250,409.56260869565216,0.0,255.99710856521742,0.0,255.99710856521742
10/09/2025,5,105.0,250,409.56260869565216,0.0,255.99710856521742,0.0,255.99710856521742
10/09/2025,6,113.77,250,409.56260869565216,0.0,255.99710856521742,0.0,255.99710856521742
10/09/2025,7,125.0,250,409.56260869565216,0.0,255.99710856521742,0.0,255.99710856521742
10/09/2025,8,134.25,250,409.56260869565216,0.0,255.99710856521742,0.0,255.99710856521742
10/09/2025,9,136.52,250,409.56260869565216,0.0,255.99710856521742,0.0,255.99710856521742
10/09/2025,10,130.0,250,409.56260869565216,0.0,255.99710856521742,0.0,255.99710856521742
10/09/2025,11,130.0,250,409.56260869565216,0.0,255.99710856521742,0.0,255.99710856521742
10/09/2025,12,129.54,250,409.56260869565216,0.0,255.99710856521742,0.0,255.99710856521742
10/09/2025,13,113.77,250,409.56260869565216,0.0,255.99710856521742,0.0,255.99710856521742
10/09/2025,14,113.77,250,409.56260869565216,0.0,255.99710856521742,0.0,255.99710856521742
10/09/2025,15,114.37,250,409.56260869565216,0.0,255.99710856521742,0.0,255.99710856521742
10/09/2025,16,114.64,250,409.56260869565216,0.0,255.99710856521742,0.0,255.99710856521742
10/09/2025,17,117.74,250,409.56260869565216,0.0,255.99710856521742,0.0,255.99710856521742
10/09/2025,18,125.0,250,409.56260869565216,0.0,255.99710856521742,0.0,255.99710856521742
10/09/2025,19,135.03,250,409.56260869565216,0.0,255.99710856521742,0.0,255.99710856521742
10/09/2025,20,140.03,250,409.56260869565216,0.0,255.99710856521742,0.0,255.99710856521742
10/09/2025,21,146.8,250,409.56260869565216,0.0,255.99710856521742,0.0,255.99710856521742
10/09/2025,22,114.64,250,409.56260869565216,0.0,255.99710856521742,0.0,255.99710856521742
10/09/2025,23,113.33,250,409.56260869565216,0.0,255.99710856521742,0.0,255.99710856521742
10/09/2025,24,99.67,250,409.56260869565216,0.0,255.99710856521742,0.0,255.99710856521742
11/09/2025,1,104.22,250,409.56260869565216,0.0,255.99710856521742,0.0,255.99710856521742
11/09/2025,2,104.39,250,409.56260869565216,0.0,255.99710856521742,0.0,255.99710856521742
11/09/2025,3,106.77,250,409.56260869565216,0.0,255.99710856521742,0.0,255.99710856521742
11/09/2025,4,105.1,250,409.56260869565216,0.0,255.99710856521742,0.0,255.99710856521742
11/09/2025,5,103.62,250,409.56260869565216,0.0,255.99710856521742,0.0,255.99710856521742
11/09/2025,6,104.93,250,409.56260869565216,0.0,255.99710856521742,0.0,255.99710856521742
11/09/2025,7,118.13,250,409.56260869565216,0.0,255.99710856521742,0.0,255.99710856521742
11/09/2025,8,134.73,250,409.56260869565216,0.0,255.99710856521742,0.0,255.99710856521742
11/09/2025,9,136.98,250,409.56260869565216,0.0,255.99710856521742,0.0,255.99710856521742
11/09/2025,10,130.0,250,409.56260869565216,0.0,255.99710856521742,0.0,255.99710856521742
11/09/2025,11,114.55,250,409.56260869565216,0.0,255.99710856521742,0.0,255.99710856521742
11/09/2025,12,105.1,250,409.56260869565216,0.0,255.99710856521742,0.0,255.99710856521742
11/09/2025,13,90.0,250,409.56260869565216,0.0,255.99710856521742,0.0,255.99710856521742
11/09/2025,14,89.22,250,409.56260869565216,0.0,255.99710856521742,0.0,255.99710856521742
11/09/2025,15,90.0,250,409.56260869565216,0.0,255.99710856521742,0.0,255.99710856521742
11/09/2025,16,101.16,250,409.56260869565216,0.0,255.99710856521742,0.0,255.99710856521742
11/09/2025,17,113.42,250,409.56260869565216,0.0,255.99710856521742,0.0,255.99710856521742
11/09/2025,18,115.74,250,409.56260869565216,0.0,255.99710856521742,0.0,255.99710856521742
11/09/2025,19,125.93,250,409.56260869565216,0.0,255.99710856521742,0.0,255.99710856521742
11/09/2025,20,138.38,250,409.56260869565216,0.0,255.99710856521742,0.0,255.99710856521742
11/09/2025,21,136.98,250,409.56260869565216,0.0,255.99710856521742,0.0,255.99710856521742
11/09/2025,22,118.01,250,409.56260869565216,0.0,255.99710856521742,0.0,255.99710856521742
11/09/2025,23,113.63,250,409.56260869565216,0.0,255.99710856521742,0.0,255.99710856521742
11/09/2025,24,111.03,250,409.56260869565216,0.0,255.99710856521742,0.0,255.99710856521742
12/09/2025,1,113.74,250,409.56260869565216,0.0,255.99710856521742,0.0,255.99710856521742
12/09/2025,2,104.99,250,409.56260869565216,0.0,255.99710856521742,0.0,255.99710856521742
12/09/2025,3,102.56,250,409.56260869565216,0.0,255.99710856521742,0.0,255.99710856521742
12/09/2025,4,100.86,250,409.56260869565216,0.0,255.99710856521742,0.0,255.99710856521742
12/09/2025,5,100.86,250,409.56260869565216,0.0,255.99710856521742,0.0,255.99710856521742
12/09/2025,6,104.99,250,409.56260869565216,0.0,255.99710856521742,0.0,255.99710856521742
12/09/2025,7,127.48,250,409.56260869565216,0.0,255.99710856521742,0.0,255.99710856521742
12/09/2025,8,140.0,250,409.56260869565216,0.0,255.99710856521742,0.0,255.99710856521742
12/09/2025,9,135.0,250,409.56260869565216,0.0,255.99710856521742,0.0,255.99710856521742
12/09/2025,10,116.0,250,409.56260869565216,0.0,255.99710856521742,0.0,255.99710856521742
12/09/2025,11,110.28,250,409.56260869565216,0.0,255.99710856521742,0.0,255.99710856521742
12/09/2025,12,102.0,250,409.56260869565216,0.0,255.99710856521742,0.0,255.99710856521742
12/09/2025,13,97.29,250,409.56260869565216,0.0,255.99710856521742,0.0,255.99710856521742
12/09/2025,14,95.78,250,409.56260869565216,0.0,255.99710856521742,0.0,255.99710856521742
12/09/2025,15,94.97,250,409.56260869565216,0.0,255.99710856521742,0.0,255.99710856521742
12/09/2025,16,95.78,250,409.56260869565216,0.0,255.99710856521742,0.0,255.99710856521742
12/09/2025,17,105.0,250,409.56260869565216,0.0,255.99710856521742,0.0,255.99710856521742
12/09/2025,18,118.72,250,409.56260869565216,0.0,255.99710856521742,0.0,255.99710856521742
12/09/2025,19,132.17,250,409.56260869565216,0.0,255.99710856521742,0.0,255.99710856521742
12/09/2025,20,140.0,250,409.56260869565216,0.0,255.99710856521742,0.0,255.99710856521742
12/09/2025,21,137.0,250,409.56260869565216,0.0,255.99710856521742,0.0,255.99710856521742
12/09/2025,22,115.74,250,409.56260869565216,0.0,255.99710856521742,0.0,255.99710856521742
12/09/2025,23,110.0,250,409.56260869565216,0.0,255.99710856521742,0.0,255.99710856521742
12/09/2025,24,110.0,250,409.56260869565216,0.0,255.99710856521742,0.0,255.99710856521742
13/09/2025,1,119.27,250,409.56260869565216,0.0,255.99710856521742,0.0,255.99710856521742
13/09/2025,2,110.99,250,409.56260869565216,0.0,255.99710856521742,0.0,255.99710856521742
13/09/2025,3,110.0,250,409.56260869565216,0.0,255.99710856521742,0.0,255.99710856521742
13/09/2025,4,106.63,250,409.56260869565216,0.0,255.99710856521742,0.0,255.99710856521742
13/09/2025,5,105.13,250,409.56260869565216,0.0,255.99710856521742,0.0,255.99710856521742
13/09/2025,6,105.72,250,409.56260869565216,0.0,255.99710856521742,0.0,255.99710856521742
13/09/2025,7,105.1,250,409.56260869565216,0.0,255.99710856521742,0.0,255.99710856521742
13/09/2025,8,112.88,250,409.56260869565216,0.0,255.99710856521742,0.0,255.99710856521742
13/09/2025,9,110.0,250,409.56260869565216,0.0,255.99710856521742,0.0,255.99710856521742
13/09/2025,10,100.93,250,409.56260869565216,0.0,255.99710856521742,0.0,255.99710856521742
13/09/2025,11,91.99,250,409.56260869565216,0.0,255.99710856521742,0.0,255.99710856521742
13/09/2025,12,81.77,250,409.56260869565216,0.0,255.99710856521742,0.0,255.99710856521742
13/09/2025,13,62.0,250,409.56260869565216,0.0,255.99710856521742,0.0,255.99710856521742
13/09/2025,14,50.0,250,409.56260869565216,0.0,255.99710856521742,0.0,255.99710856521742
13/09/2025,15,63.0,250,409.56260869565216,0.0,255.99710856521742,0.0,255.99710856521742
13/09/2025,16,81.0,250,409.56260869565216,0.0,255.99710856521742,0.0,255.99710856521742
13/09/2025,17,100.0,250,409.56260869565216,0.0,255.99710856521742,0.0,255.99710856521742
13/09/2025,18,110.18,250,409.56260869565216,0.0,255.99710856521742,0.0,255.99710856521742
13/09/2025,19,121.1,250,409.56260869565216,0.0,255.99710856521742,0.0,255.99710856521742
13/09/2025,20,128.74,250,409.56260869565216,0.0,255.99710856521742,0.0,255.99710856521742
13/09/2025,21,121.97,250,409.56260869565216,0.0,255.99710856521742,0.0,255.99710856521742
13/09/2025,22,112.25,250,409.56260869565216,0.0,255.99710856521742,0.0,255.99710856521742
13/09/2025,23,105.09,250,409.56260869565216,0.0,255.99710856521742,0.0,255.99710856521742
13/09/2025,24,105.2,250,409.56260869565216,0.0,255.99710856521742,0.0,255.99710856521742
14/09/2025,1,105.78,250,409.56260869565216,0.0,255.99710856521742,0.0,255.99710856521742
14/09/2025,2,111.98,250,409.56260869565216,0.0,255.99710856521742,0.0,255.99710856521742
14/09/2025,3,106.61,250,409.56260869565216,0.0,255.99710856521742,0.0,255.99710856521742
14/09/2025,4,105.1,250,409.56260869565216,0.0,255.99710856521742,0.0,255.99710856521742
14/09/2025,5,104.0,250,409.56260869565216,0.0,255.99710856521742,0.0,255.99710856521742
14/09/2025,6,102.87,250,409.56260869565216,0.0,255.99710856521742,0.0,255.99710856521742
14/09/2025,7,104.77,250,409.56260869565216,0.0,255.99710856521742,0.0,255.99710856521742
14/09/2025,8,102.36,250,409.56260869565216,0.0,255.99710856521742,0.0,255.99710856521742
14/09/2025,9,97.15,250,409.56260869565216,0.0,255.99710856521742,0.0,255.99710856521742
14/09/2025,10,90.26,250,409.56260869565216,0.0,255.99710856521742,0.0,255.99710856521742
14/09/2025,11,61.09,250,409.56260869565216,0.0,255.99710856521742,0.0,255.99710856521742
14/09/2025,12,20.0,450,379.8566519202964,399.55380458080873,237.42940028278124,7.991076091616175,245.42047637439742
14/09/2025,13,25.0,450,379.8566519202964,399.55380458080873,237.42940028278124,9.988845114520219,247.41824539730146
14/09/2025,14,10.0,450,379.8566519202964,399.55380458080873,237.42940028278124,3.9955380458080874,241.42493832858932
14/09/2025,15,10.0,450,379.8566519202964,399.55380458080873,237.42940028278124,3.9955380458080874,241.42493832858932
14/09/2025,16,15.0,450,379.8566519202964,399.55380458080873,237.42940028278124,5.993307068712131,243.4227073514934
14/09/2025,17,20.11,450,379.8566519202964,399.55380458080873,237.42940028278124,8.035027010120064,245.46442729290132
14/09/2025,18,86.95,250,409.56260869565216,0.0,255.99710856521742,0.0,255.99710856521742
14/09/2025,19,113.74,250,409.56260869565216,0.0,255.99710856521742,0.0,255.99710856521742
14/09/2025,20,133.58,250,409.56260869565216,0.0,255.99710856521742,0.0,255.99710856521742
14/09/2025,21,128.57,250,409.56260869565216,0.0,255.99710856521742,0.0,255.99710856521742
14/09/2025,22,117.73,250,409.56260869565216,0.0,255.99710856521742,0.0,255.99710856521742
14/09/2025,23,115.9,250,409.56260869565216,0.0,255.99710856521742,0.0,255.99710856521742
14/09/2025,24,112.25,250,409.56260869565216,0.0,255.99710856521742,0.0,255.99710856521742
15/09/2025,1,109.58,250,409.56260869565216,0.0,255.99710856521742,0.0,255.99710856521742
15/09/2025,2,105.1,250,409.56260869565216,0.0,255.99710856521742,0.0,255.99710856521742
15/09/2025,3,103.59,250,409.56260869565216,0.0,255.99710856521742,0.0,255.99710856521742
15/09/2025,4,105.0,250,409.56260869565216,0.0,255.99710856521742,0.0,255.99710856521742
15/09/2025,5,105.0,250,409.56260869565216,0.0,255.99710856521742,0.0,255.99710856521742
15/09/2025,6,105.1,250,409.56260869565216,0.0,255.99710856521742,0.0,255.99710856521742
15/09/2025,7,121.49,250,409.56260869565216,0.0,255.99710856521742,0.0,255.99710856521742
15/09/2025,8,139.6,250,409.56260869565216,0.0,255.99710856521742,0.0,255.99710856521742
15/09/2025,9,128.5,250,409.56260869565216,0.0,255.99710856521742,0.0,255.99710856521742
15/09/2025,10,110.97,250,409.56260869565216,0.0,255.99710856521742,0.0,255.99710856521742
15/09/2025,11,105.1,250,409.56260869565216,0.0,255.99710856521742,0.0,255.99710856521742
15/09/2025,12,94.7,250,409.56260869565216,0.0,255.99710856521742,0.0,255.99710856521742
15/09/2025,13,92.0,250,409.56260869565216,0.0,255.99710856521742,0.0,255.99710856521742
15/09/2025,14,94.47,250,409.56260869565216,0.0,255.99710856521742,0.0,255.99710856521742
15/09/2025,15,94.7,250,409.56260869565216,0.0,255.99710856521742,0.0,255.99710856521742
15/09/2025,16,103.88,250,409.56260869565216,0.0,255.99710856521742,0.0,255.99710856521742
15/09/2025,17,108.06,250,409.56260869565216,0.0,255.99710856521742,0.0,255.99710856521742
15/09/2025,18,109.9,250,409.56260869565216,0.0,255.99710856521742,0.0,255.99710856521742
15/09/2025,19,128.9,250,409.56260869565216,0.0,255.99710856521742,0.0,255.99710856521742
15/09/2025,20,130.87,250,409.56260869565216,0.0,255.99710856521742,0.0,255.99710856521742
15/09/2025,21,126.8,250,409.56260869565216,0.0,255.99710856521742,0.0,255.99710856521742
15/09/2025,22,117.73,250,409.56260869565216,0.0,255.99710856521742,0.0,255.99710856521742
15/09/2025,23,109.37,250,409.56260869565216,0.0,255.99710856521742,0.0,255.99710856521742
15/09/2025,24,107.0,250,409.56260869565216,0.0,255.99710856521742,0.0,255.99710856521742
16/09/2025,1,110.0,250,409.56260869565216,0.0,255.99710856521742,0.0,255.99710856521742
16/09/2025,2,105.1,250,409.56260869565216,0.0,255.99710856521742,0.0,255.99710856521742
16/09/2025,3,103.59,250,409.56260869565216,0.0,255.99710856521742,0.0,255.99710856521742
16/09/2025,4,96.9,250,409.56260869565216,0.0,255.99710856521742,0.0,255.99710856521742
16/09/2025,5,96.9,250,409.56260869565216,0.0,255.99710856521742,0.0,255.99710856521742
16/09/2025,6,102.5,250,409.56260869565216,0.0,255.99710856521742,0.0,255.99710856521742
16/09/2025,7,109.91,250,409.56260869565216,0.0,255.99710856521742,0.0,255.99710856521742
16/09/2025,8,126.81,250,409.56260869565216,0.0,255.99710856521742,0.0,255.99710856521742
16/09/2025,9,125.01,250,409.56260869565216,0.0,255.99710856521742,0.0,255.99710856521742
16/09/2025,10,109.9,250,409.56260869565216,0.0,255.99710856521742,0.0,255.99710856521742
16/09/2025,11,104.68,250,409.56260869565216,0.0,255.99710856521742,0.0,255.99710856521742
16/09/2025,12,97.13,250,409.56260869565216,0.0,255.99710856521742,0.0,255.99710856521742
16/09/2025,13,94.02,250,409.56260869565216,0.0,255.99710856521742,0.0,255.99710856521742
16/09/2025,14,90.0,250,409.56260869565216,0.0,255.99710856521742,0.0,255.99710856521742
16/09/2025,15,93.52,250,409.56260869565216,0.0,255.99710856521742,0.0,255.99710856521742
16/09/2025,16,99.5,250,409.56260869565216,0.0,255.99710856521742,0.0,255.99710856521742
16/09/2025,17,109.59,250,409.56260869565216,0.0,255.99710856521742,0.0,255.99710856521742
16/09/2025,18,117.67,250,409.56260869565216,0.0,255.99710856521742,0.0,255.99710856521742
16/09/2025,19,129.66,250,409.56260869565216,0.0,255.99710856521742,0.0,255.99710856521742
16/09/2025,20,135.0,250,409.56260869565216,0.0,255.99710856521742,0.0,255.99710856521742
16/09/2025,21,126.81,250,409.56260869565216,0.0,255.99710856521742,0.0,255.99710856521742
16/09/2025,22,115.0,250,409.56260869565216,0.0,255.99710856521742,0.0,255.99710856521742
16/09/2025,23,106.99,250,409.56260869565216,0.0,255.99710856521742,0.0,255.99710856521742
16/09/2025,24,104.42,250,409.56260869565216,0.0,255.99710856521742,0.0,255.99710856521742
17/09/2025,1,105.01,250,409.56260869565216,0.0,255.99710856521742,0.0,255.99710856521742
17/09/2025,2,101.21,250,409.56260869565216,0.0,255.99710856521742,0.0,255.99710856521742
17/09/2025,3,92.18,250,409.56260869565216,0.0,255.99710856521742,0.0,255.99710856521742
17/09/2025,4,101.76,250,409.56260869565216,0.0,255.99710856521742,0.0,255.99710856521742
17/09/2025,5,94.02,250,409.56260869565216,0.0,255.99710856521742,0.0,255.99710856521742
17/09/2025,6,102.86,250,409.56260869565216,0.0,255.99710856521742,0.0,255.99710856521742
17/09/2025,7,114.9,250,409.56260869565216,0.0,255.99710856521742,0.0,255.99710856521742
17/09/2025,8,129.22,250,409.56260869565216,0.0,255.99710856521742,0.0,255.99710856521742
17/09/2025,9,130.0,250,409.56260869565216,0.0,255.99710856521742,0.0,255.99710856521742
17/09/2025,10,124.22,250,409.56260869565216,0.0,255.99710856521742,0.0,255.99710856521742
17/09/2025,11,120.0,250,409.56260869565216,0.0,255.99710856521742,0.0,255.99710856521742
17/09/2025,12,108.0,250,409.56260869565216,0.0,255.99710856521742,0.0,255.99710856521742
17/09/2025,13,91.9,250,409.56260869565216,0.0,255.99710856521742,0.0,255.99710856521742
17/09/2025,14,88.91,250,409.56260869565216,0.0,255.99710856521742,0.0,255.99710856521742
17/09/2025,15,90.33,250,409.56260869565216,0.0,255.99710856521742,0.0,255.99710856521742
17/09/2025,16,94.02,250,409.56260869565216,0.0,255.99710856521742,0.0,255.99710856521742
17/09/2025,17,102.0,250,409.56260869565216,0.0,255.99710856521742,0.0,255.99710856521742
17/09/2025,18,107.2,250,409.56260869565216,0.0,255.99710856521742,0.0,255.99710856521742
17/09/2025,19,124.22,250,409.56260869565216,0.0,255.99710856521742,0.0,255.99710856521742
17/09/2025,20,137.8,250,409.56260869565216,0.0,255.99710856521742,0.0,255.99710856521742
17/09/2025,21,134.3,250,409.56260869565216,0.0,255.99710856521742,0.0,255.99710856521742
17/09/2025,22,117.33,250,409.56260869565216,0.0,255.99710856521742,0.0,255.99710856521742
17/09/2025,23,107.5,250,409.56260869565216,0.0,255.99710856521742,0.0,255.99710856521742
17/09/2025,24,105.24,250,409.56260869565216,0.0,255.99710856521742,0.0,255.99710856521742
18/09/2025,1,108.33,250,409.56260869565216,0.0,255.99710856521742,0.0,255.99710856521742
18/09/2025,2,105.1,250,409.56260869565216,0.0,255.99710856521742,0.0,255.99710856521742
18/09/2025,3,103.54,250,409.56260869565216,0.0,255.99710856521742,0.0,255.99710856521742
18/09/2025,4,100.13,250,409.56260869565216,0.0,255.99710856521742,0.0,255.99710856521742
18/09/2025,5,100.01,250,409.56260869565216,0.0,255.99710856521742,0.0,255.99710856521742
18/09/2025,6,103.97,250,409.56260869565216,0.0,255.99710856521742,0.0,255.99710856521742
18/09/2025,7,116.73,250,409.56260869565216,0.0,255.99710856521742,0.0,255.99710856521742
18/09/2025,8,135.0,250,409.56260869565216,0.0,255.99710856521742,0.0,255.99710856521742
18/09/2025,9,131.89,250,409.56260869565216,0.0,255.99710856521742,0.0,255.99710856521742
18/09/2025,10,108.7,250,409.56260869565216,0.0,255.99710856521742,0.0,255.99710856521742
18/09/2025,11,108.33,250,409.56260869565216,0.0,255.99710856521742,0.0,255.99710856521742
18/09/2025,12,95.73,250,409.56260869565216,0.0,255.99710856521742,0.0,255.99710856521742
18/09/2025,13,80.64,250,409.56260869565216,0.0,255.99710856521742,0.0,255.99710856521742
18/09/2025,14,79.23,250,409.56260869565216,0.0,255.99710856521742,0.0,255.99710856521742
18/09/2025,15,86.28,250,409.56260869565216,0.0,255.99710856521742,0.0,255.99710856521742
18/09/2025,16,95.73,250,409.56260869565216,0.0,255.99710856521742,0.0,255.99710856521742
18/09/2025,17,108.33,250,409.56260869565216,0.0,255.99710856521742,0.0,255.99710856521742
18/09/2025,18,116.73,250,409.56260869565216,0.0,255.99710856521742,0.0,255.99710856521742
18/09/2025,19,128.97,250,409.56260869565216,0.0,255.99710856521742,0.0,255.99710856521742
18/09/2025,20,174.0,250,409.56260869565216,0.0,255.99710856521742,0.0,255.99710856521742
18/09/2025,21,146.83,250,409.56260869565216,0.0,255.99710856521742,0.0,255.99710856521742
18/09/2025,22,120.3,250,409.56260869565216,0.0,255.99710856521742,0.0,255.99710856521742
18/09/2025,23,115.0,250,409.56260869565216,0.0,255.99710856521742,0.0,255.99710856521742
18/09/2025,24,110.91,250,409.56260869565216,0.0,255.99710856521742,0.0,255.99710856521742
19/09/2025,1,112.69,250,409.56260869565216,0.0,255.99710856521742,0.0,255.99710856521742
19/09/2025,2,105.2,250,409.56260869565216,0.0,255.99710856521742,0.0,255.99710856521742
19/09/2025,3,102.0,250,409.56260869565216,0.0,255.99710856521742,0.0,255.99710856521742
19/09/2025,4,103.0,250,409.56260869565216,0.0,255.99710856521742,0.0,255.99710856521742
19/09/2025,5,102.89,250,409.56260869565216,0.0,255.99710856521742,0.0,255.99710856521742
19/09/2025,6,104.09,250,409.56260869565216,0.0,255.99710856521742,0.0,255.99710856521742
19/09/2025,7,121.14,250,409.56260869565216,0.0,255.99710856521742,0.0,255.99710856521742
19/09/2025,8,141.08,250,409.56260869565216,0.0,255.99710856521742,0.0,255.99710856521742
19/09/2025,9,132.84,250,409.56260869565216,0.0,255.99710856521742,0.0,255.99710856521742
19/09/2025,10,110.0,250,409.56260869565216,0.0,255.99710856521742,0.0,255.99710856521742
19/09/2025,11,104.09,250,409.56260869565216,0.0,255.99710856521742,0.0,255.99710856521742
19/09/2025,12,98.95,250,409.56260869565216,0.0,255.99710856521742,0.0,255.99710856521742
19/09/2025,13,92.8,250,409.56260869565216,0.0,255.99710856521742,0.0,255.99710856521742
19/09/2025,14,90.31,250,409.56260869565216,0.0,255.99710856521742,0.0,255.99710856521742
19/09/2025,15,101.0,250,409.56260869565216,0.0,255.99710856521742,0.0,255.99710856521742
19/09/2025,16,96.91,250,409.56260869565216,0.0,255.99710856521742,0.0,255.99710856521742
19/09/2025,17,112.37,250,409.56260869565216,0.0,255.99710856521742,0.0,255.99710856521742
19/09/2025,18,114.82,250,409.56260869565216,0.0,255.99710856521742,0.0,255.99710856521742
19/09/2025,19,151.4,250,409.56260869565216,0.0,255.99710856521742,0.0,255.99710856521742
19/09/2025,20,180.9,250,409.56260869565216,0.0,255.99710856521742,0.0,255.99710856521742
19/09/2025,21,155.18,250,409.56260869565216,0.0,255.99710856521742,0.0,255.99710856521742
19/09/2025,22,119.0,250,409.56260869565216,0.0,255.99710856521742,0.0,255.99710856521742
19/09/2025,23,113.85,250,409.56260869565216,0.0,255.99710856521742,0.0,255.99710856521742
19/09/2025,24,115.0,250,409.56260869565216,0.0,255.99710856521742,0.0,255.99710856521742
20/09/2025,1,122.5,250,409.56260869565216,0.0,255.99710856521742,0.0,255.99710856521742
20/09/2025,2,110.33,250,409.56260869565216,0.0,255.99710856521742,0.0,255.99710856521742
20/09/2025,3,108.98,250,409.56260869565216,0.0,255.99710856521742,0.0,255.99710856521742
20/09/2025,4,106.56,250,409.56260869565216,0.0,255.99710856521742,0.0,255.99710856521742
20/09/2025,5,105.5,250,409.56260869565216,0.0,255.99710856521742,0.0,255.99710856521742
20/09/2025,6,108.0,250,409.56260869565216,0.0,255.99710856521742,0.0,255.99710856521742
20/09/2025,7,125.0,250,409.56260869565216,0.0,255.99710856521742,0.0,255.99710856521742
20/09/2025,8,127.44,250,409.56260869565216,0.0,255.99710856521742,0.0,255.99710856521742
20/09/2025,9,116.5,250,409.56260869565216,0.0,255.99710856521742,0.0,255.99710856521742
20/09/2025,10,116.94,250,409.56260869565216,0.0,255.99710856521742,0.0,255.99710856521742
20/09/2025,11,102.49,250,409.56260869565216,0.0,255.99710856521742,0.0,255.99710856521742
20/09/2025,12,71.0,250,409.56260869565216,0.0,255.99710856521742,0.0,255.99710856521742
20/09/2025,13,60.0,250,409.56260869565216,0.0,255.99710856521742,0.0,255.99710856521742
20/09/2025,14,41.96,450,379.8566519202964,399.55380458080873,237.42940028278124,16.765277640210737,254.19467792299199
20/09/2025,15,54.06,250,409.56260869565216,0.0,255.99710856521742,0.0,255.99710856521742
20/09/2025,16,70.0,250,409.56260869565216,0.0,255.99710856521742,0.0,255.99710856521742
20/09/2025,17,101.12,250,409.56260869565216,0.0,255.99710856521742,0.0,255.99710856521742
20/09/2025,18,120.29,250,409.56260869565216,0.0,255.99710856521742,0.0,255.99710856521742
20/09/2025,19,128.0,250,409.56260869565216,0.0,255.99710856521742,0.0,255.99710856521742
20/09/2025,20,143.56,250,409.56260869565216,0.0,255.99710856521742,0.0,255.99710856521742
20/09/2025,21,131.06,250,409.56260869565216,0.0,255.99710856521742,0.0,255.99710856521742
20/09/2025,22,127.44,250,409.56260869565216,0.0,255.99710856521742,0.0,255.99710856521742
20/09/2025,23,122.5,250,409.56260869565216,0.0,255.99710856521742,0.0,255.99710856521742
20/09/2025,24,124.6,250,409.56260869565216,0.0,255.99710856521742,0.0,255.99710856521742
21/09/2025,1,115.0,250,409.56260869565216,0.0,255.99710856521742,0.0,255.99710856521742
21/09/2025,2,107.54,250,409.56260869565216,0.0,255.99710856521742,0.0,255.99710856521742
21/09/2025,3,105.0,250,409.56260869565216,0.0,255.99710856521742,0.0,255.99710856521742
21/09/2025,4,105.56,250,409.56260869565216,0.0,255.99710856521742,0.0,255.99710856521742
21/09/2025,5,105.1,250,409.56260869565216,0.0,255.99710856521742,0.0,255.99710856521742
21/09/2025,6,105.1,250,409.56260869565216,0.0,255.99710856521742,0.0,255.99710856521742
21/09/2025,7,114.9,250,409.56260869565216,0.0,255.99710856521742,0.0,255.99710856521742
21/09/2025,8,112.0,250,409.56260869565216,0.0,255.99710856521742,0.0,255.99710856521742
21/09/2025,9,105.1,250,409.56260869565216,0.0,255.99710856521742,0.0,255.99710856521742
21/09/2025,10,96.55,250,409.56260869565216,0.0,255.99710856521742,0.0,255.99710856521742
21/09/2025,11,80.0,250,409.56260869565216,0.0,255.99710856521742,0.0,255.99710856521742
21/09/2025,12,65.67,250,409.56260869565216,0.0,255.99710856521742,0.0,255.99710856521742
21/09/2025,13,74.9,250,409.56260869565216,0.0,255.99710856521742,0.0,255.99710856521742
21/09/2025,14,54.49,250,409.56260869565216,0.0,255.99710856521742,0.0,255.99710856521742
21/09/2025,15,48.77,250,409.56260869565216,0.0,255.99710856521742,0.0,255.99710856521742
21/09/2025,16,69.82,250,409.56260869565216,0.0,255.99710856521742,0.0,255.99710856521742
21/09/2025,17,82.13,250,409.56260869565216,0.0,255.99710856521742,0.0,255.99710856521742
21/09/2025,18,100.29,250,409.56260869565216,0.0,255.99710856521742,0.0,255.99710856521742
21/09/2025,19,115.27,250,409.56260869565216,0.0,255.99710856521742,0.0,255.99710856521742
21/09/2025,20,125.87,250,409.56260869565216,0.0,255.99710856521742,0.0,255.99710856521742
21/09/2025,21,128.0,250,409.56260869565216,0.0,255.99710856521742,0.0,255.99710856521742
21/09/2025,22,125.87,250,409.56260869565216,0.0,255.99710856521742,0.0,255.99710856521742
21/09/2025,23,122.0,250,409.56260869565216,0.0,255.99710856521742,0.0,255.99710856521742
21/09/2025,24,110.0,250,409.56260869565216,0.0,255.99710856521742,0.0,255.99710856521742
22/09/2025,1,108.16,250,409.56260869565216,0.0,255.99710856521742,0.0,255.99710856521742
22/09/2025,2,97.0,250,409.56260869565216,0.0,255.99710856521742,0.0,255.99710856521742
22/09/2025,3,101.0,250,409.56260869565216,0.0,255.99710856521742,0.0,255.99710856521742
22/09/2025,4,100.5,250,409.56260869565216,0.0,255.99710856521742,0.0,255.99710856521742
22/09/2025,5,100.99,250,409.56260869565216,0.0,255.99710856521742,0.0,255.99710856521742
22/09/2025,6,102.7,250,409.56260869565216,0.0,255.99710856521742,0.0,255.99710856521742
22/09/2025,7,111.57,250,409.56260869565216,0.0,255.99710856521742,0.0,255.99710856521742
22/09/2025,8,125.77,250,409.56260869565216,0.0,255.99710856521742,0.0,255.99710856521742
22/09/2025,9,135.82,250,409.56260869565216,0.0,255.99710856521742,0.0,255.99710856521742
22/09/2025,10,122.19,250,409.56260869565216,0.0,255.99710856521742,0.0,255.99710856521742
22/09/2025,11,115.0,250,409.56260869565216,0.0,255.99710856521742,0.0,255.99710856521742
22/09/2025,12,111.0,250,409.56260869565216,0.0,255.99710856521742,0.0,255.99710856521742
22/09/2025,13,105.0,250,409.56260869565216,0.0,255.99710856521742,0.0,255.99710856521742
22/09/2025,14,105.0,250,409.56260869565216,0.0,255.99710856521742,0.0,255.99710856521742
22/09/2025,15,112.4,250,409.56260869565216,0.0,255.99710856521742,0.0,255.99710856521742
22/09/2025,16,123.89,250,409.56260869565216,0.0,255.99710856521742,0.0,255.99710856521742
22/09/2025,17,122.19,250,409.56260869565216,0.0,255.99710856521742,0.0,255.99710856521742
22/09/2025,18,116.56,250,409.56260869565216,0.0,255.99710856521742,0.0,255.99710856521742
22/09/2025,19,129.18,250,409.56260869565216,0.0,255.99710856521742,0.0,255.99710856521742
22/09/2025,20,155.42,250,409.56260869565216,0.0,255.99710856521742,0.0,255.99710856521742
22/09/2025,21,132.82,250,409.56260869565216,0.0,255.99710856521742,0.0,255.99710856521742
22/09/2025,22,116.56,250,409.56260869565216,0.0,255.99710856521742,0.0,255.99710856521742
22/09/2025,23,109.18,250,409.56260869565216,0.0,255.99710856521742,0.0,255.99710856521742
22/09/2025,24,107.34,250,409.56260869565216,0.0,255.99710856521742,0.0,255.99710856521742
23/09/2025,1,105.08,250,409.56260869565216,0.0,255.99710856521742,0.0,255.99710856521742
23/09/2025,2,104.65,250,409.56260869565216,0.0,255.99710856521742,0.0,255.99710856521742
23/09/2025,3,105.0,250,409.56260869565216,0.0,255.99710856521742,0.0,255.99710856521742
23/09/2025,4,101.47,250,409.56260869565216,0.0,255.99710856521742,0.0,255.99710856521742
23/09/2025,5,97.09,250,409.56260869565216,0.0,255.99710856521742,0.0,255.99710856521742
23/09/2025,6,105.0,250,409.56260869565216,0.0,255.99710856521742,0.0,255.99710856521742
23/09/2025,7,121.81,250,409.56260869565216,0.0,255.99710856521742,0.0,255.99710856521742
23/09/2025,8,143.79,250,409.56260869565216,0.0,255.99710856521742,0.0,255.99710856521742
23/09/2025,9,147.0,250,409.56260869565216,0.0,255.99710856521742,0.0,255.99710856521742
23/09/2025,10,125.0,250,409.56260869565216,0.0,255.99710856521742,0.0,255.99710856521742
23/09/2025,11,112.0,250,409.56260869565216,0.0,255.99710856521742,0.0,255.99710856521742
23/09/2025,12,110.95,250,409.56260869565216,0.0,255.99710856521742,0.0,255.99710856521742
23/09/2025,13,101.0,250,409.56260869565216,0.0,255.99710856521742,0.0,255.99710856521742
23/09/2025,14,100.08,250,409.56260869565216,0.0,255.99710856521742,0.0,255.99710856521742
23/09/2025,15,105.1,250,409.56260869565216,0.0,255.99710856521742,0.0,255.99710856521742
23/09/2025,16,106.8,250,409.56260869565216,0.0,255.99710856521742,0.0,255.99710856521742
23/09/2025,17,110.87,250,409.56260869565216,0.0,255.99710856521742,0.0,255.99710856521742
23/09/2025,18,123.0,250,409.56260869565216,0.0,255.99710856521742,0.0,255.99710856521742
23/09/2025,19,127.0,250,409.56260869565216,0.0,255.99710856521742,0.0,255.99710856521742
23/09/2025,20,173.74,250,409.56260869565216,0.0,255.99710856521742,0.0,255.99710856521742
23/09/2025,21,134.09,250,409.56260869565216,0.0,255.99710856521742,0.0,255.99710856521742
23/09/2025,22,108.0,250,409.56260869565216,0.0,255.99710856521742,0.0,255.99710856521742
23/09/2025,23,105.0,250,409.56260869565216,0.0,255.99710856521742,0.0,255.99710856521742
23/09/2025,24,104.92,250,409.56260869565216,0.0,255.99710856521742,0.0,255.99710856521742
24/09/2025,1,108.74,250,409.56260869565216,0.0,255.99710856521742,0.0,255.99710856521742
24/09/2025,2,103.97,250,409.56260869565216,0.0,255.99710856521742,0.0,255.99710856521742
24/09/2025,3,97.44,250,409.56260869565216,0.0,255.99710856521742,0.0,255.99710856521742
24/09/2025,4,103.47,250,409.56260869565216,0.0,255.99710856521742,0.0,255.99710856521742
24/09/2025,5,103.46,250,409.56260869565216,0.0,255.99710856521742,0.0,255.99710856521742
24/09/2025,6,108.55,250,409.56260869565216,0.0,255.99710856521742,0.0,255.99710856521742
24/09/2025,7,115.09,250,409.56260869565216,0.0,255.99710856521742,0.0,255.99710856521742
24/09/2025,8,127.02,250,409.56260869565216,0.0,255.99710856521742,0.0,255.99710856521742
24/09/2025,9,140.49,250,409.56260869565216,0.0,255.99710856521742,0.0,255.99710856521742
24/09/2025,10,127.49,250,409.56260869565216,0.0,255.99710856521742,0.0,255.99710856521742
24/09/2025,11,119.93,250,409.56260869565216,0.0,255.99710856521742,0.0,255.99710856521742
24/09/2025,12,114.0,250,409.56260869565216,0.0,255.99710856521742,0.0,255.99710856521742
24/09/2025,13,110.0,250,409.56260869565216,0.0,255.99710856521742,0.0,255.99710856521742
24/09/2025,14,105.67,250,409.56260869565216,0.0,255.99710856521742,0.0,255.99710856521742
24/09/2025,15,102.36,250,409.56260869565216,0.0,255.99710856521742,0.0,255.99710856521742
24/09/2025,16,105.67,250,409.56260869565216,0.0,255.99710856521742,0.0,255.99710856521742
24/09/2025,17,110.04,250,409.56260869565216,0.0,255.99710856521742,0.0,255.99710856521742
24/09/2025,18,115.0,250,409.56260869565216,0.0,255.99710856521742,0.0,255.99710856521742
24/09/2025,19,125.0,250,409.56260869565216,0.0,255.99710856521742,0.0,255.99710856521742
24/09/2025,20,135.49,250,409.56260869565216,0.0,255.99710856521742,0.0,255.99710856521742
24/09/2025,21,125.0,250,409.56260869565216,0.0,255.99710856521742,0.0,255.99710856521742
24/09/2025,22,105.67,250,409.56260869565216,0.0,255.99710856521742,0.0,255.99710856521742
24/09/2025,23,108.99,250,409.56260869565216,0.0,255.99710856521742,0.0,255.99710856521742
24/09/2025,24,103.54,250,409.56260869565216,0.0,255.99710856521742,0.0,255.99710856521742
25/09/2025,1,93.7,250,409.56260869565216,0.0,255.99710856521742,0.0,255.99710856521742
25/09/2025,2,92.3,250,409.56260869565216,0.0,255.99710856521742,0.0,255.99710856521742
25/09/2025,3,92.3,250,409.56260869565216,0.0,255.99710856521742,0.0,255.99710856521742
25/09/2025,4,91.53,250,409.56260869565216,0.0,255.99710856521742,0.0,255.99710856521742
25/09/2025,5,91.56,250,409.56260869565216,0.0,255.99710856521742,0.0,255.99710856521742
25/09/2025,6,93.32,250,409.56260869565216,0.0,255.99710856521742,0.0,255.99710856521742
25/09/2025,7,112.29,250,409.56260869565216,0.0,255.99710856521742,0.0,255.99710856521742
25/09/2025,8,128.32,250,409.56260869565216,0.0,255.99710856521742,0.0,255.99710856521742
25/09/2025,9,124.99,250,409.56260869565216,0.0,255.99710856521742,0.0,255.99710856521742
25/09/2025,10,110.29,250,409.56260869565216,0.0,255.99710856521742,0.0,255.99710856521742
25/09/2025,11,107.9,250,409.56260869565216,0.0,255.99710856521742,0.0,255.99710856521742
25/09/2025,12,105.1,250,409.56260869565216,0.0,255.99710856521742,0.0,255.99710856521742
25/09/2025,13,93.48,250,409.56260869565216,0.0,255.99710856521742,0.0,255.99710856521742
25/09/2025,14,93.64,250,409.56260869565216,0.0,255.99710856521742,0.0,255.99710856521742
25/09/2025,15,93.73,250,409.56260869565216,0.0,255.99710856521742,0.0,255.99710856521742
25/09/2025,16,94.3,250,409.56260869565216,0.0,255.99710856521742,0.0,255.99710856521742
25/09/2025,17,104.52,250,409.56260869565216,0.0,255.99710856521742,0.0,255.99710856521742
25/09/2025,18,111.15,250,409.56260869565216,0.0,255.99710856521742,0.0,255.99710856521742
25/09/2025,19,117.07,250,409.56260869565216,0.0,255.99710856521742,0.0,255.99710856521742
25/09/2025,20,135.7,250,409.56260869565216,0.0,255.99710856521742,0.0,255.99710856521742
25/09/2025,21,128.07,250,409.56260869565216,0.0,255.99710856521742,0.0,255.99710856521742
25/09/2025,22,113.0,250,409.56260869565216,0.0,255.99710856521742,0.0,255.99710856521742
25/09/2025,23,109.98,250,409.56260869565216,0.0,255.99710856521742,0.0,255.99710856521742
25/09/2025,24,105.23,250,409.56260869565216,0.0,255.99710856521742,0.0,255.99710856521742
26/09/2025,1,100.0,250,409.56260869565216,0.0,255.99710856521742,0.0,255.99710856521742
26/09/2025,2,97.67,250,409.56260869565216,0.0,255.99710856521742,0.0,255.99710856521742
26/09/2025,3,97.67,250,409.56260869565216,0.0,255.99710856521742,0.0,255.99710856521742
26/09/2025,4,97.67,250,409.56260869565216,0.0,255.99710856521742,0.0,255.99710856521742
26/09/2025,5,97.67,250,409.56260869565216,0.0,255.99710856521742,0.0,255.99710856521742
26/09/2025,6,98.2,250,409.56260869565216,0.0,255.99710856521742,0.0,255.99710856521742
26/09/2025,7,110.7,250,409.56260869565216,0.0,255.99710856521742,0.0,255.99710856521742
26/09/2025,8,125.0,250,409.56260869565216,0.0,255.99710856521742,0.0,255.99710856521742
26/09/2025,9,126.03,250,409.56260869565216,0.0,255.99710856521742,0.0,255.99710856521742
26/09/2025,10,120.0,250,409.56260869565216,0.0,255.99710856521742,0.0,255.99710856521742
26/09/2025,11,108.49,250,409.56260869565216,0.0,255.99710856521742,0.0,255.99710856521742
26/09/2025,12,106.0,250,409.56260869565216,0.0,255.99710856521742,0.0,255.99710856521742
26/09/2025,13,105.0,250,409.56260869565216,0.0,255.99710856521742,0.0,255.99710856521742
26/09/2025,14,102.59,250,409.56260869565216,0.0,255.99710856521742,0.0,255.99710856521742
26/09/2025,15,100.69,250,409.56260869565216,0.0,255.99710856521742,0.0,255.99710856521742
26/09/2025,16,105.0,250,409.56260869565216,0.0,255.99710856521742,0.0,255.99710856521742
26/09/2025,17,103.94,250,409.56260869565216,0.0,255.99710856521742,0.0,255.99710856521742
26/09/2025,18,113.03,250,409.56260869565216,0.0,255.99710856521742,0.0,255.99710856521742
26/09/2025,19,122.0,250,409.56260869565216,0.0,255.99710856521742,0.0,255.99710856521742
26/09/2025,20,131.58,250,409.56260869565216,0.0,255.99710856521742,0.0,255.99710856521742
26/09/2025,21,119.61,250,409.56260869565216,0.0,255.99710856521742,0.0,255.99710856521742
26/09/2025,22,106.21,250,409.56260869565216,0.0,255.99710856521742,0.0,255.99710856521742
26/09/2025,23,101.4,250,409.56260869565216,0.0,255.99710856521742,0.0,255.99710856521742
26/09/2025,24,97.72,250,409.56260869565216,0.0,255.99710856521742,0.0,255.99710856521742
27/09/2025,1,120.63,250,409.56260869565216,0.0,255.99710856521742,0.0,255.99710856521742
27/09/2025,2,107.67,250,409.56260869565216,0.0,255.99710856521742,0.0,255.99710856521742
27/09/2025,3,106.87,250,409.56260869565216,0.0,255.99710856521742,0.0,255.99710856521742
27/09/2025,4,104.13,250,409.56260869565216,0.0,255.99710856521742,0.0,255.99710856521742
27/09/2025,5,99.74,250,409.56260869565216,0.0,255.99710856521742,0.0,255.99710856521742
27/09/2025,6,99.74,250,409.56260869565216,0.0,255.99710856521742,0.0,255.99710856521742
27/09/2025,7,107.47,250,409.56260869565216,0.0,255.99710856521742,0.0,255.99710856521742
27/09/2025,8,111.42,250,409.56260869565216,0.0,255.99710856521742,0.0,255.99710856521742
27/09/2025,9,116.8,250,409.56260869565216,0.0,255.99710856521742,0.0,255.99710856521742
27/09/2025,10,108.5,250,409.56260869565216,0.0,255.99710856521742,0.0,255.99710856521742
27/09/2025,11,106.39,250,409.56260869565216,0.0,255.99710856521742,0.0,255.99710856521742
27/09/2025,12,92.0,250,409.56260869565216,0.0,255.99710856521742,0.0,255.99710856521742
27/09/2025,13,90.37,250,409.56260869565216,0.0,255.99710856521742,0.0,255.99710856521742
27/09/2025,14,68.5,250,409.56260869565216,0.0,255.99710856521742,0.0,255.99710856521742
27/09/2025,15,77.8,250,409.56260869565216,0.0,255.99710856521742,0.0,255.99710856521742
27/09/2025,16,84.36,250,409.56260869565216,0.0,255.99710856521742,0.0,255.99710856521742
27/09/2025,17,99.7,250,409.56260869565216,0.0,255.99710856521742,0.0,255.99710856521742
27/09/2025,18,112.98,250,409.56260869565216,0.0,255.99710856521742,0.0,255.99710856521742
27/09/2025,19,125.03,250,409.56260869565216,0.0,255.99710856521742,0.0,255.99710856521742
27/09/2025,20,133.34,250,409.56260869565216,0.0,255.99710856521742,0.0,255.99710856521742
27/09/2025,21,123.68,250,409.56260869565216,0.0,255.99710856521742,0.0,255.99710856521742
27/09/2025,22,113.1,250,409.56260869565216,0.0,255.99710856521742,0.0,255.99710856521742
27/09/2025,23,106.87,250,409.56260869565216,0.0,255.99710856521742,0.0,255.99710856521742
27/09/2025,24,105.0,250,409.56260869565216,0.0,255.99710856521742,0.0,255.99710856521742
28/09/2025,1,101.17,250,409.56260869565216,0.0,255.99710856521742,0.0,255.99710856521742
28/09/2025,2,99.0,250,409.56260869565216,0.0,255.99710856521742,0.0,255.99710856521742
28/09/2025,3,94.08,250,409.56260869565216,0.0,255.99710856521742,0.0,255.99710856521742
28/09/2025,4,95.99,250,409.56260869565216,0.0,255.99710856521742,0.0,255.99710856521742
28/09/2025,5,94.03,250,409.56260869565216,0.0,255.99710856521742,0.0,255.99710856521742
28/09/2025,6,98.2,250,409.56260869565216,0.0,255.99710856521742,0.0,255.99710856521742
28/09/2025,7,101.5,250,409.56260869565216,0.0,255.99710856521742,0.0,255.99710856521742
28/09/2025,8,101.78,250,409.56260869565216,0.0,255.99710856521742,0.0,255.99710856521742
28/09/2025,9,96.24,250,409.56260869565216,0.0,255.99710856521742,0.0,255.99710856521742
28/09/2025,10,92.08,250,409.56260869565216,0.0,255.99710856521742,0.0,255.99710856521742
28/09/2025,11,85.92,250,409.56260869565216,0.0,255.99710856521742,0.0,255.99710856521742
28/09/2025,12,50.0,250,409.56260869565216,0.0,255.99710856521742,0.0,255.99710856521742
28/09/2025,13,70.37,250,409.56260869565216,0.0,255.99710856521742,0.0,255.99710856521742
28/09/2025,14,36.03,450,379.8566519202964,399.55380458080873,237.42940028278124,14.39592357904654,251.8253238618278
28/09/2025,15,39.99,450,379.8566519202964,399.55380458080873,237.42940028278124,15.978156645186543,253.4075569279678
28/09/2025,16,50.0,250,409.56260869565216,0.0,255.99710856521742,0.0,255.99710856521742
28/09/2025,17,81.75,250,409.56260869565216,0.0,255.99710856521742,0.0,255.99710856521742
28/09/2025,18,107.47,250,409.56260869565216,0.0,255.99710856521742,0.0,255.99710856521742
28/09/2025,19,124.59,250,409.56260869565216,0.0,255.99710856521742,0.0,255.99710856521742
28/09/2025,20,131.33,250,409.56260869565216,0.0,255.99710856521742,0.0,255.99710856521742
28/09/2025,21,125.0,250,409.56260869565216,0.0,255.99710856521742,0.0,255.99710856521742
28/09/2025,22,114.47,250,409.56260869565216,0.0,255.99710856521742,0.0,255.99710856521742
28/09/2025,23,104.92,250,409.56260869565216,0.0,255.99710856521742,0.0,255.99710856521742
28/09/2025,24,98.8,250,409.56260869565216,0.0,255.99710856521742,0.0,255.99710856521742
29/09/2025,1,95.25,250,409.56260869565216,0.0,255.99710856521742,0.0,255.99710856521742
29/09/2025,2,93.32,250,409.56260869565216,0.0,255.99710856521742,0.0,255.99710856521742
29/09/2025,3,93.32,250,409.56260869565216,0.0,255.99710856521742,0.0,255.99710856521742
29/09/2025,4,93.03,250,409.56260869565216,0.0,255.99710856521742,0.0,255.99710856521742
29/09/2025,5,93.32,250,409.56260869565216,0.0,255.99710856521742,0.0,255.99710856521742
29/09/2025,6,103.2,250,409.56260869565216,0.0,255.99710856521742,0.0,255.99710856521742
29/09/2025,7,125.98,250,409.56260869565216,0.0,255.99710856521742,0.0,255.99710856521742
29/09/2025,8,139.58,250,409.56260869565216,0.0,255.99710856521742,0.0,255.99710856521742
29/09/2025,9,142.43,250,409.56260869565216,0.0,255.99710856521742,0.0,255.99710856521742
29/09/2025,10,120.1,250,409.56260869565216,0.0,255.99710856521742,0.0,255.99710856521742
29/09/2025,11,92.7,250,409.56260869565216,0.0,255.99710856521742,0.0,255.99710856521742
29/09/2025,12,88.07,250,409.56260869565216,0.0,255.99710856521742,0.0,255.99710856521742
29/09/2025,13,81.39,250,409.56260869565216,0.0,255.99710856521742,0.0,255.99710856521742
29/09/2025,14,80.48,250,409.56260869565216,0.0,255.99710856521742,0.0,255.99710856521742
29/09/2025,15,88.2,250,409.56260869565216,0.0,255.99710856521742,0.0,255.99710856521742
29/09/2025,16,92.12,250,409.56260869565216,0.0,255.99710856521742,0.0,255.99710856521742
29/09/2025,17,107.02,250,409.56260869565216,0.0,255.99710856521742,0.0,255.99710856521742
29/09/2025,18,126.66,250,409.56260869565216,0.0,255.99710856521742,0.0,255.99710856521742
29/09/2025,19,129.78,250,409.56260869565216,0.0,255.99710856521742,0.0,255.99710856521742
29/09/2025,20,143.45,250,409.56260869565216,0.0,255.99710856521742,0.0,255.99710856521742
29/09/2025,21,133.26,250,409.56260869565216,0.0,255.99710856521742,0.0,255.99710856521742
29/09/2025,22,125.0,250,409.56260869565216,0.0,255.99710856521742,0.0,255.99710856521742
29/09/2025,23,112.9,250,409.56260869565216,0.0,255.99710856521742,0.0,255.99710856521742
29/09/2025,24,103.22,250,409.56260869565216,0.0,255.99710856521742,0.0,255.99710856521742
30/09/2025,1,99.93,250,409.56260869565216,0.0,255.99710856521742,0.0,255.99710856521742
30/09/2025,2,93.79,250,409.56260869565216,0.0,255.99710856521742,0.0,255.99710856521742
30/09/2025,3,95.88,250,409.56260869565216,0.0,255.99710856521742,0.0,255.99710856521742
30/09/2025,4,97.07,250,409.56260869565216,0.0,255.99710856521742,0.0,255.99710856521742
30/09/2025,5,97.28,250,409.56260869565216,0.0,255.99710856521742,0.0,255.99710856521742
30/09/2025,6,106.78,250,409.56260869565216,0.0,255.99710856521742,0.0,255.99710856521742
30/09/2025,7,131.1,250,409.56260869565216,0.0,255.99710856521742,0.0,255.99710856521742
30/09/2025,8,140.54,250,409.56260869565216,0.0,255.99710856521742,0.0,255.99710856521742
30/09/2025,9,131.54,250,409.56260869565216,0.0,255.99710856521742,0.0,255.99710856521742
30/09/2025,10,120.09,250,409.56260869565216,0.0,255.99710856521742,0.0,255.99710856521742
30/09/2025,11,108.69,250,409.56260869565216,0.0,255.99710856521742,0.0,255.99710856521742
30/09/2025,12,97.67,250,409.56260869565216,0.0,255.99710856521742,0.0,255.99710856521742
30/09/2025,13,85.78,250,409.56260869565216,0.0,255.99710856521742,0.0,255.99710856521742
30/09/2025,14,90.64,250,409.56260869565216,0.0,255.99710856521742,0.0,255.99710856521742
30/09/2025,15,92.99,250,409.56260869565216,0.0,255.99710856521742,0.0,255.99710856521742
30/09/2025,16,102.6,250,409.56260869565216,0.0,255.99710856521742,0.0,255.99710856521742
30/09/2025,17,115.0,250,409.56260869565216,0.0,255.99710856521742,0.0,255.99710856521742
30/09/2025,18,126.42,250,409.56260869565216,0.0,255.99710856521742,0.0,255.99710856521742
30/09/2025,19,131.75,250,409.56260869565216,0.0,255.99710856521742,0.0,255.99710856521742
30/09/2025,20,142.43,250,409.56260869565216,0.0,255.99710856521742,0.0,255.99710856521742
30/09/2025,21,136.99,250,409.56260869565216,0.0,255.99710856521742,0.0,255.99710856521742
30/09/2025,22,124.0,250,409.56260869565216,0.0,255.99710856521742,0.0,255.99710856521742
30/09/2025,23,106.97,250,409.56260869565216,0.0,255.99710856521742,0.0,255.99710856521742
30/09/2025,24,103.88,250,409.56260869565216,0.0,255.99710856521742,0.0,255.99710856521742
01/10/2025,1,105.2,250,409.56260869565216,0.0,255.99710856521742,0.0,255.99710856521742
01/10/2025,2,98.67,250,409.56260869565216,0.0,255.99710856521742,0.0,255.99710856521742
01/10/2025,3,102.03,250,409.56260869565216,0.0,255.99710856521742,0.0,255.99710856521742
01/10/2025,4,98.97,250,409.56260869565216,0.0,255.99710856521742,0.0,255.99710856521742
01/10/2025,5,103.0,250,409.56260869565216,0.0,255.99710856521742,0.0,255.99710856521742
01/10/2025,6,109.57,250,409.56260869565216,0.0,255.99710856521742,0.0,255.99710856521742
01/10/2025,7,124.88,250,409.56260869565216,0.0,255.99710856521742,0.0,255.99710856521742
01/10/2025,8,158.98,250,409.56260869565216,0.0,255.99710856521742,0.0,255.99710856521742
01/10/2025,9,164.3,250,409.56260869565216,0.0,255.99710856521742,0.0,255.99710856521742
01/10/2025,10,137.56,250,409.56260869565216,0.0,255.99710856521742,0.0,255.99710856521742
01/10/2025,11,111.24,250,409.56260869565216,0.0,255.99710856521742,0.0,255.99710856521742
01/10/2025,12,110.4,250,409.56260869565216,0.0,255.99710856521742,0.0,255.99710856521742
01/10/2025,13,97.91,250,409.56260869565216,0.0,255.99710856521742,0.0,255.99710856521742
01/10/2025,14,96.3,250,409.56260869565216,0.0,255.99710856521742,0.0,255.99710856521742
01/10/2025,15,99.21,250,409.56260869565216,0.0,255.99710856521742,0.0,255.99710856521742
01/10/2025,16,107.34,250,409.56260869565216,0.0,255.99710856521742,0.0,255.99710856521742
01/10/2025,17,109.05,250,409.56260869565216,0.0,255.99710856521742,0.0,255.99710856521742
01/10/2025,18,129.47,250,409.56260869565216,0.0,255.99710856521742,0.0,255.99710856521742
01/10/2025,19,137.77,250,409.56260869565216,0.0,255.99710856521742,0.0,255.99710856521742
01/10/2025,20,144.1,250,409.56260869565216,0.0,255.99710856521742,0.0,255.99710856521742
01/10/2025,21,130.59,250,409.56260869565216,0.0,255.99710856521742,0.0,255.99710856521742
01/10/2025,22,115.27,250,409.56260869565216,0.0,255.99710856521742,0.0,255.99710856521742
01/10/2025,23,110.45,250,409.56260869565216,0.0,255.99710856521742,0.0,255.99710856521742
01/10/2025,24,104.9,250,409.56260869565216,0.0,255.99710856521742,0.0,255.99710856521742
02/10/2025,1,99.14,250,409.56260869565216,0.0,255.99710856521742,0.0,255.99710856521742
02/10/2025,2,95.0,250,409.56260869565216,0.0,255.99710856521742,0.0,255.99710856521742
02/10/2025,3,93.35,250,409.56260869565216,0.0,255.99710856521742,0.0,255.99710856521742
02/10/2025,4,95.0,250,409.56260869565216,0.0,255.99710856521742,0.0,255.99710856521742
02/10/2025,5,96.24,250,409.56260869565216,0.0,255.99710856521742,0.0,255.99710856521742
02/10/2025,6,99.09,250,409.56260869565216,0.0,255.99710856521742,0.0,255.99710856521742
02/10/2025,7,124.39,250,409.56260869565216,0.0,255.99710856521742,0.0,255.99710856521742
02/10/2025,8,156.29,250,409.56260869565216,0.0,255.99710856521742,0.0,255.99710856521742
02/10/2025,9,154.2,250,409.56260869565216,0.0,255.99710856521742,0.0,255.99710856521742
02/10/2025,10,116.42,250,409.56260869565216,0.0,255.99710856521742,0.0,255.99710856521742
02/10/2025,11,97.76,250,409.56260869565216,0.0,255.99710856521742,0.0,255.99710856521742
02/10/2025,12,87.97,250,409.56260869565216,0.0,255.99710856521742,0.0,255.99710856521742
02/10/2025,13,83.54,250,409.56260869565216,0.0,255.99710856521742,0.0,255.99710856521742
02/10/2025,14,83.52,250,409.56260869565216,0.0,255.99710856521742,0.0,255.99710856521742
02/10/2025,15,90.67,250,409.56260869565216,0.0,255.99710856521742,0.0,255.99710856521742
02/10/2025,16,91.76,250,409.56260869565216,0.0,255.99710856521742,0.0,255.99710856521742
02/10/2025,17,102.3,250,409.56260869565216,0.0,255.99710856521742,0.0,255.99710856521742
02/10/2025,18,120.0,250,409.56260869565216,0.0,255.99710856521742,0.0,255.99710856521742
02/10/2025,19,132.04,250,409.56260869565216,0.0,255.99710856521742,0.0,255.99710856521742
02/10/2025,20,141.0,250,409.56260869565216,0.0,255.99710856521742,0.0,255.99710856521742
02/10/2025,21,126.14,250,409.56260869565216,0.0,255.99710856521742,0.0,255.99710856521742
02/10/2025,22,108.0,250,409.56260869565216,0.0,255.99710856521742,0.0,255.99710856521742
02/10/2025,23,104.32,250,409.56260869565216,0.0,255.99710856521742,0.0,255.99710856521742
02/10/2025,24,97.91,250,409.56260869565216,0.0,255.99710856521742,0.0,255.99710856521742
03/10/2025,1,90.41,250,409.56260869565216,0.0,255.99710856521742,0.0,255.99710856521742
03/10/2025,2,84.0,250,409.56260869565216,0.0,255.99710856521742,0.0,255.99710856521742
03/10/2025,3,87.97,250,409.56260869565216,0.0,255.99710856521742,0.0,255.99710856521742
03/10/2025,4,86.4,250,409.56260869565216,0.0,255.99710856521742,0.0,255.99710856521742
03/10/2025,5,85.9,250,409.56260869565216,0.0,255.99710856521742,0.0,255.99710856521742
03/10/2025,6,91.35,250,409.56260869565216,0.0,255.99710856521742,0.0,255.99710856521742
03/10/2025,7,116.44,250,409.56260869565216,0.0,255.99710856521742,0.0,255.99710856521742
03/10/2025,8,129.19,250,409.56260869565216,0.0,255.99710856521742,0.0,255.99710856521742
03/10/2025,9,129.22,250,409.56260869565216,0.0,255.99710856521742,0.0,255.99710856521742
03/10/2025,10,106.68,250,409.56260869565216,0.0,255.99710856521742,0.0,255.99710856521742
03/10/2025,11,95.8,250,409.56260869565216,0.0,255.99710856521742,0.0,255.99710856521742
03/10/2025,12,90.01,250,409.56260869565216,0.0,255.99710856521742,0.0,255.99710856521742
03/10/2025,13,79.18,250,409.56260869565216,0.0,255.99710856521742,0.0,255.99710856521742
03/10/2025,14,78.06,250,409.56260869565216,0.0,255.99710856521742,0.0,255.99710856521742
03/10/2025,15,78.06,250,409.56260869565216,0.0,255.99710856521742,0.0,255.99710856521742
03/10/2025,16,84.94,250,409.56260869565216,0.0,255.99710856521742,0.0,255.99710856521742
03/10/2025,17,99.15,250,409.56260869565216,0.0,255.99710856521742,0.0,255.99710856521742
03/10/2025,18,111.6,250,409.56260869565216,0.0,255.99710856521742,0.0,255.99710856521742
03/10/2025,19,120.57,250,409.56260869565216,0.0,255.99710856521742,0.0,255.99710856521742
03/10/2025,20,128.95,250,409.56260869565216,0.0,255.99710856521742,0.0,255.99710856521742
03/10/2025,21,123.96,250,409.56260869565216,0.0,255.99710856521742,0.0,255.99710856521742
03/10/2025,22,117.88,250,409.56260869565216,0.0,255.99710856521742,0.0,255.99710856521742
03/10/2025,23,110.11,250,409.56260869565216,0.0,255.99710856521742,0.0,255.99710856521742
03/10/2025,24,99.7,250,409.56260869565216,0.0,255.99710856521742,0.0,255.99710856521742
04/10/2025,1,100.41,250,409.56260869565216,0.0,255.99710856521742,0.0,255.99710856521742
04/10/2025,2,91.65,250,409.56260869565216,0.0,255.99710856521742,0.0,255.99710856521742
04/10/2025,3,88.75,250,409.56260869565216,0.0,255.99710856521742,0.0,255.99710856521742
04/10/2025,4,86.0,250,409.56260869565216,0.0,255.99710856521742,0.0,255.99710856521742
04/10/2025,5,91.09,250,409.56260869565216,0.0,255.99710856521742,0.0,255.99710856521742
04/10/2025,6,101.81,250,409.56260869565216,0.0,255.99710856521742,0.0,255.99710856521742
04/10/2025,7,112.61,250,409.56260869565216,0.0,255.99710856521742,0.0,255.99710856521742
04/10/2025,8,118.01,250,409.56260869565216,0.0,255.99710856521742,0.0,255.99710856521742
04/10/2025,9,115.56,250,409.56260869565216,0.0,255.99710856521742,0.0,255.99710856521742
04/10/2025,10,99.48,250,409.56260869565216,0.0,255.99710856521742,0.0,255.99710856521742
04/10/2025,11,87.34,250,409.56260869565216,0.0,255.99710856521742,0.0,255.99710856521742
04/10/2025,12,72.45,250,409.56260869565216,0.0,255.99710856521742,0.0,255.99710856521742
04/10/2025,13,70.77,250,409.56260869565216,0.0,255.99710856521742,0.0,255.99710856521742
04/10/2025,14,49.88,250,409.56260869565216,0.0,255.99710856521742,0.0,255.99710856521742
04/10/2025,15,71.15,250,409.56260869565216,0.0,255.99710856521742,0.0,255.99710856521742
04/10/2025,16,72.99,250,409.56260869565216,0.0,255.99710856521742,0.0,255.99710856521742
04/10/2025,17,90.14,250,409.56260869565216,0.0,255.99710856521742,0.0,255.99710856521742
04/10/2025,18,111.82,250,409.56260869565216,0.0,255.99710856521742,0.0,255.99710856521742
04/10/2025,19,122.29,250,409.56260869565216,0.0,255.99710856521742,0.0,255.99710856521742
04/10/2025,20,126.83,250,409.56260869565216,0.0,255.99710856521742,0.0,255.99710856521742
04/10/2025,21,124.49,250,409.56260869565216,0.0,255.99710856521742,0.0,255.99710856521742
04/10/2025,22,116.16,250,409.56260869565216,0.0,255.99710856521742,0.0,255.99710856521742
04/10/2025,23,105.82,250,409.56260869565216,0.0,255.99710856521742,0.0,255.99710856521742
04/10/2025,24,100.04,250,409.56260869565216,0.0,255.99710856521742,0.0,255.99710856521742
05/10/2025,1,102.2,250,409.56260869565216,0.0,255.99710856521742,0.0,255.99710856521742
05/10/2025,2,90.92,250,409.56260869565216,0.0,255.99710856521742,0.0,255.99710856521742
05/10/2025,3,80.89,250,409.56260869565216,0.0,255.99710856521742,0.0,255.99710856521742
05/10/2025,4,68.42,250,409.56260869565216,0.0,255.99710856521742,0.0,255.99710856521742
05/10/2025,5,82.9,250,409.56260869565216,0.0,255.99710856521742,0.0,255.99710856521742
05/10/2025,6,83.36,250,409.56260869565216,0.0,255.99710856521742,0.0,255.99710856521742
05/10/2025,7,89.51,250,409.56260869565216,0.0,255.99710856521742,0.0,255.99710856521742
05/10/2025,8,94.73,250,409.56260869565216,0.0,255.99710856521742,0.0,255.99710856521742
05/10/2025,9,94.74,250,409.56260869565216,0.0,255.99710856521742,0.0,255.99710856521742
05/10/2025,10,94.45,250,409.56260869565216,0.0,255.99710856521742,0.0,255.99710856521742
05/10/2025,11,78.48,250,409.56260869565216,0.0,255.99710856521742,0.0,255.99710856521742
05/10/2025,12,51.0,250,409.56260869565216,0.0,255.99710856521742,0.0,255.99710856521742
05/10/2025,13,43.92,450,379.8566519202964,399.55380458080873,237.42940028278124,17.54840309718912,254.97780337997037
05/10/2025,14,18.97,450,379.8566519202964,399.55380458080873,237.42940028278124,7.579535672897942,245.0089359556792
05/10/2025,15,16.33,450,379.8566519202964,399.55380458080873,237.42940028278124,6.524713628804606,243.95411391158586
05/10/2025,16,10.84,450,379.8566519202964,399.55380458080873,237.42940028278124,4.3311632416559664,241.7605635244372
05/10/2025,17,19.56,450,379.8566519202964,399.55380458080873,237.42940028278124,7.815272417600618,245.24467270038187
05/10/2025,18,87.27,250,409.56260869565216,0.0,255.99710856521742,0.0,255.99710856521742
05/10/2025,19,110.48,250,409.56260869565216,0.0,255.99710856521742,0.0,255.99710856521742
05/10/2025,20,126.45,250,409.56260869565216,0.0,255.99710856521742,0.0,255.99710856521742
05/10/2025,21,122.68,250,409.56260869565216,0.0,255.99710856521742,0.0,255.99710856521742
05/10/2025,22,115.0,250,409.56260869565216,0.0,255.99710856521742,0.0,255.99710856521742
05/10/2025,23,105.0,250,409.56260869565216,0.0,255.99710856521742,0.0,255.99710856521742
05/10/2025,24,89.39,250,409.56260869565216,0.0,255.99710856521742,0.0,255.99710856521742
06/10/2025,1,76.59,250,409.56260869565216,0.0,255.99710856521742,0.0,255.99710856521742
06/10/2025,2,75.0,250,409.56260869565216,0.0,255.99710856521742,0.0,255.99710856521742
06/10/2025,3,61.11,250,409.56260869565216,0.0,255.99710856521742,0.0,255.99710856521742
06/10/2025,4,53.48,250,409.56260869565216,0.0,255.99710856521742,0.0,255.99710856521742
06/10/2025,5,59.19,250,409.56260869565216,0.0,255.99710856521742,0.0,255.99710856521742
06/10/2025,6,81.55,250,409.56260869565216,0.0,255.99710856521742,0.0,255.99710856521742
06/10/2025,7,106.42,250,409.56260869565216,0.0,255.99710856521742,0.0,255.99710856521742
06/10/2025,8,130.64,250,409.56260869565216,0.0,255.99710856521742,0.0,255.99710856521742
06/10/2025,9,140.0,250,409.56260869565216,0.0,255.99710856521742,0.0,255.99710856521742
06/10/2025,10,127.18,250,409.56260869565216,0.0,255.99710856521742,0.0,255.99710856521742
06/10/2025,11,104.22,250,409.56260869565216,0.0,255.99710856521742,0.0,255.99710856521742
06/10/2025,12,91.78,250,409.56260869565216,0.0,255.99710856521742,0.0,255.99710856521742
06/10/2025,13,66.22,250,409.56260869565216,0.0,255.99710856521742,0.0,255.99710856521742
06/10/2025,14,85.05,250,409.56260869565216,0.0,255.99710856521742,0.0,255.99710856521742
06/10/2025,15,90.83,250,409.56260869565216,0.0,255.99710856521742,0.0,255.99710856521742
06/10/2025,16,98.78,250,409.56260869565216,0.0,255.99710856521742,0.0,255.99710856521742
06/10/2025,17,110.44,250,409.56260869565216,0.0,255.99710856521742,0.0,255.99710856521742
06/10/2025,18,121.0,250,409.56260869565216,0.0,255.99710856521742,0.0,255.99710856521742
06/10/2025,19,126.69,250,409.56260869565216,0.0,255.99710856521742,0.0,255.99710856521742
06/10/2025,20,146.84,250,409.56260869565216,0.0,255.99710856521742,0.0,255.99710856521742
06/10/2025,21,135.82,250,409.56260869565216,0.0,255.99710856521742,0.0,255.99710856521742
06/10/2025,22,122.34,250,409.56260869565216,0.0,255.99710856521742,0.0,255.99710856521742
06/10/2025,23,114.88,250,409.56260869565216,0.0,255.99710856521742,0.0,255.99710856521742
06/10/2025,24,108.5,250,409.56260869565216,0.0,255.99710856521742,0.0,255.99710856521742
07/10/2025,1,104.85,250,409.56260869565216,0.0,255.99710856521742,0.0,255.99710856521742
07/10/2025,2,94.57,250,409.56260869565216,0.0,255.99710856521742,0.0,255.99710856521742
07/10/2025,3,92.0,250,409.56260869565216,0.0,255.99710856521742,0.0,255.99710856521742
07/10/2025,4,96.0,250,409.56260869565216,0.0,255.99710856521742,0.0,255.99710856521742
07/10/2025,5,96.51,250,409.56260869565216,0.0,255.99710856521742,0.0,255.99710856521742
07/10/2025,6,106.35,250,409.56260869565216,0.0,255.99710856521742,0.0,255.99710856521742
07/10/2025,7,132.76,250,409.56260869565216,0.0,255.99710856521742,0.0,255.99710856521742
07/10/2025,8,148.0,250,409.56260869565216,0.0,255.99710856521742,0.0,255.99710856521742
07/10/2025,9,153.27,250,409.56260869565216,0.0,255.99710856521742,0.0,255.99710856521742
07/10/2025,10,138.19,250,409.56260869565216,0.0,255.99710856521742,0.0,255.99710856521742
07/10/2025,11,120.0,250,409.56260869565216,0.0,255.99710856521742,0.0,255.99710856521742
07/10/2025,12,111.06,250,409.56260869565216,0.0,255.99710856521742,0.0,255.99710856521742
07/10/2025,13,88.27,250,409.56260869565216,0.0,255.99710856521742,0.0,255.99710856521742
07/10/2025,14,93.08,250,409.56260869565216,0.0,255.99710856521742,0.0,255.99710856521742
07/10/2025,15,102.15,250,409.56260869565216,0.0,255.99710856521742,0.0,255.99710856521742
07/10/2025,16,111.06,250,409.56260869565216,0.0,255.99710856521742,0.0,255.99710856521742
07/10/2025,17,114.8,250,409.56260869565216,0.0,255.99710856521742,0.0,255.99710856521742
07/10/2025,18,125.0,250,409.56260869565216,0.0,255.99710856521742,0.0,255.99710856521742
07/10/2025,19,134.31,250,409.56260869565216,0.0,255.99710856521742,0.0,255.99710856521742
07/10/2025,20,156.66,250,409.56260869565216,0.0,255.99710856521742,0.0,255.99710856521742
07/10/2025,21,145.48,250,409.56260869565216,0.0,255.99710856521742,0.0,255.99710856521742
07/10/2025,22,125.1,250,409.56260869565216,0.0,255.99710856521742,0.0,255.99710856521742
07/10/2025,23,107.42,250,409.56260869565216,0.0,255.99710856521742,0.0,255.99710856521742
07/10/2025,24,105.0,250,409.56260869565216,0.0,255.99710856521742,0.0,255.99710856521742
08/10/2025,1,105.1,250,409.56260869565216,0.0,255.99710856521742,0.0,255.99710856521742
08/10/2025,2,101.39,250,409.56260869565216,0.0,255.99710856521742,0.0,255.99710856521742
08/10/2025,3,98.68,250,409.56260869565216,0.0,255.99710856521742,0.0,255.99710856521742
08/10/2025,4,97.44,250,409.56260869565216,0.0,255.99710856521742,0.0,255.99710856521742
08/10/2025,5,96.0,250,409.56260869565216,0.0,255.99710856521742,0.0,255.99710856521742
08/10/2025,6,100.07,250,409.56260869565216,0.0,255.99710856521742,0.0,255.99710856521742
08/10/2025,7,123.61,250,409.56260869565216,0.0,255.99710856521742,0.0,255.99710856521742
08/10/2025,8,154.99,250,409.56260869565216,0.0,255.99710856521742,0.0,255.99710856521742
08/10/2025,9,164.76,250,409.56260869565216,0.0,255.99710856521742,0.0,255.99710856521742
08/10/2025,10,127.42,250,409.56260869565216,0.0,255.99710856521742,0.0,255.99710856521742
08/10/2025,11,116.9,250,409.56260869565216,0.0,255.99710856521742,0.0,255.99710856521742
08/10/2025,12,101.82,250,409.56260869565216,0.0,255.99710856521742,0.0,255.99710856521742
08/10/2025,13,78.89,250,409.56260869565216,0.0,255.99710856521742,0.0,255.99710856521742
08/10/2025,14,79.64,250,409.56260869565216,0.0,255.99710856521742,0.0,255.99710856521742
08/10/2025,15,87.59,250,409.56260869565216,0.0,255.99710856521742,0.0,255.99710856521742
08/10/2025,16,98.3,250,409.56260869565216,0.0,255.99710856521742,0.0,255.99710856521742
08/10/2025,17,115.38,250,409.56260869565216,0.0,255.99710856521742,0.0,255.99710856521742
08/10/2025,18,133.1,250,409.56260869565216,0.0,255.99710856521742,0.0,255.99710856521742
08/10/2025,19,158.58,250,409.56260869565216,0.0,255.99710856521742,0.0,255.99710856521742
08/10/2025,20,172.17,250,409.56260869565216,0.0,255.99710856521742,0.0,255.99710856521742
08/10/2025,21,145.13,250,409.56260869565216,0.0,255.99710856521742,0.0,255.99710856521742
08/10/2025,22,145.38,250,409.56260869565216,0.0,255.99710856521742,0.0,255.99710856521742
08/10/2025,23,133.19,250,409.56260869565216,0.0,255.99710856521742,0.0,255.99710856521742
08/10/2025,24,115.98,250,409.56260869565216,0.0,255.99710856521742,0.0,255.99710856521742
09/10/2025,1,114.95,250,409.56260869565216,0.0,255.99710856521742,0.0,255.99710856521742
09/10/2025,2,109.57,250,409.56260869565216,0.0,255.99710856521742,0.0,255.99710856521742
09/10/2025,3,108.48,250,409.56260869565216,0.0,255.99710856521742,0.0,255.99710856521742
09/10/2025,4,110.05,250,409.56260869565216,0.0,255.99710856521742,0.0,255.99710856521742
09/10/2025,5,109.98,250,409.56260869565216,0.0,255.99710856521742,0.0,255.99710856521742
09/10/2025,6,120.6,250,409.56260869565216,0.0,255.99710856521742,0.0,255.99710856521742
09/10/2025,7,133.67,250,409.56260869565216,0.0,255.99710856521742,0.0,255.99710856521742
09/10/2025,8,154.2,250,409.56260869565216,0.0,255.99710856521742,0.0,255.99710856521742
09/10/2025,9,155.84,250,409.56260869565216,0.0,255.99710856521742,0.0,255.99710856521742
09/10/2025,10,138.46,250,409.56260869565216,0.0,255.99710856521742,0.0,255.99710856521742
09/10/2025,11,124.64,250,409.56260869565216,0.0,255.99710856521742,0.0,255.99710856521742
09/10/2025,12,110.66,250,409.56260869565216,0.0,255.99710856521742,0.0,255.99710856521742
09/10/2025,13,103.92,250,409.56260869565216,0.0,255.99710856521742,0.0,255.99710856521742
09/10/2025,14,101.16,250,409.56260869565216,0.0,255.99710856521742,0.0,255.99710856521742
09/10/2025,15,106.5,250,409.56260869565216,0.0,255.99710856521742,0.0,255.99710856521742
09/10/2025,16,113.11,250,409.56260869565216,0.0,255.99710856521742,0.0,255.99710856521742
09/10/2025,17,133.29,250,409.56260869565216,0.0,255.99710856521742,0.0,255.99710856521742
09/10/2025,18,139.69,250,409.56260869565216,0.0,255.99710856521742,0.0,255.99710856521742
09/10/2025,19,143.93,250,409.56260869565216,0.0,255.99710856521742,0.0,255.99710856521742
09/10/2025,20,146.6,250,409.56260869565216,0.0,255.99710856521742,0.0,255.99710856521742
09/10/2025,21,139.1,250,409.56260869565216,0.0,255.99710856521742,0.0,255.99710856521742
09/10/2025,22,130.24,250,409.56260869565216,0.0,255.99710856521742,0.0,255.99710856521742
09/10/2025,23,122.45,250,409.56260869565216,0.0,255.99710856521742,0.0,255.99710856521742
09/10/2025,24,119.03,250,409.56260869565216,0.0,255.99710856521742,0.0,255.99710856521742
10/10/2025,1,115.22,250,409.56260869565216,0.0,255.99710856521742,0.0,255.99710856521742
10/10/2025,2,108.88,250,409.56260869565216,0.0,255.99710856521742,0.0,255.99710856521742
10/10/2025,3,108.23,250,409.56260869565216,0.0,255.99710856521742,0.0,255.99710856521742
10/10/2025,4,108.58,250,409.56260869565216,0.0,255.99710856521742,0.0,255.99710856521742
10/10/2025,5,109.03,250,409.56260869565216,0.0,255.99710856521742,0.0,255.99710856521742
10/10/2025,6,117.69,250,409.56260869565216,0.0,255.99710856521742,0.0,255.99710856521742
10/10/2025,7,144.29,250,409.56260869565216,0.0,255.99710856521742,0.0,255.99710856521742
10/10/2025,8,143.32,250,409.56260869565216,0.0,255.99710856521742,0.0,255.99710856521742
10/10/2025,9,153.04,250,409.56260869565216,0.0,255.99710856521742,0.0,255.99710856521742
10/10/2025,10,142.5,250,409.56260869565216,0.0,255.99710856521742,0.0,255.99710856521742
10/10/2025,11,114.85,250,409.56260869565216,0.0,255.99710856521742,0.0,255.99710856521742
10/10/2025,12,103.93,250,409.56260869565216,0.0,255.99710856521742,0.0,255.99710856521742
10/10/2025,13,83.94,250,409.56260869565216,0.0,255.99710856521742,0.0,255.99710856521742
10/10/2025,14,86.0,250,409.56260869565216,0.0,255.99710856521742,0.0,255.99710856521742
10/10/2025,15,95.57,250,409.56260869565216,0.0,255.99710856521742,0.0,255.99710856521742
10/10/2025,16,96.16,250,409.56260869565216,0.0,255.99710856521742,0.0,255.99710856521742
10/10/2025,17,113.37,250,409.56260869565216,0.0,255.99710856521742,0.0,255.99710856521742
10/10/2025,18,132.68,250,409.56260869565216,0.0,255.99710856521742,0.0,255.99710856521742
10/10/2025,19,147.0,250,409.56260869565216,0.0,255.99710856521742,0.0,255.99710856521742
10/10/2025,20,161.44,250,409.56260869565216,0.0,255.99710856521742,0.0,255.99710856521742
10/10/2025,21,144.26,250,409.56260869565216,0.0,255.99710856521742,0.0,255.99710856521742
10/10/2025,22,124.75,250,409.56260869565216,0.0,255.99710856521742,0.0,255.99710856521742
10/10/2025,23,112.9,250,409.56260869565216,0.0,255.99710856521742,0.0,255.99710856521742
10/10/2025,24,106.82,250,409.56260869565216,0.0,255.99710856521742,0.0,255.99710856521742
11/10/2025,1,111.93,250,409.56260869565216,0.0,255.99710856521742,0.0,255.99710856521742
11/10/2025,2,111.11,250,409.56260869565216,0.0,255.99710856521742,0.0,255.99710856521742
11/10/2025,3,105.1,250,409.56260869565216,0.0,255.99710856521742,0.0,255.99710856521742
11/10/2025,4,105.1,250,409.56260869565216,0.0,255.99710856521742,0.0,255.99710856521742
11/10/2025,5,102.82,250,409.56260869565216,0.0,255.99710856521742,0.0,255.99710856521742
11/10/2025,6,103.99,250,409.56260869565216,0.0,255.99710856521742,0.0,255.99710856521742
11/10/2025,7,113.4,250,409.56260869565216,0.0,255.99710856521742,0.0,255.99710856521742
11/10/2025,8,120.37,250,409.56260869565216,0.0,255.99710856521742,0.0,255.99710856521742
11/10/2025,9,119.88,250,409.56260869565216,0.0,255.99710856521742,0.0,255.99710856521742
11/10/2025,10,98.5,250,409.56260869565216,0.0,255.99710856521742,0.0,255.99710856521742
11/10/2025,11,91.01,250,409.56260869565216,0.0,255.99710856521742,0.0,255.99710856521742
11/10/2025,12,68.26,250,409.56260869565216,0.0,255.99710856521742,0.0,255.99710856521742
11/10/2025,13,46.04,450,379.8566519202964,399.55380458080873,237.42940028278124,18.395457162900435,255.8248574456817
11/10/2025,14,30.82,450,379.8566519202964,399.55380458080873,237.42940028278124,12.314248257180525,249.74364853996178
11/10/2025,15,42.06,450,379.8566519202964,399.55380458080873,237.42940028278124,16.805233020668815,254.23463330345007
11/10/2025,16,59.69,250,409.56260869565216,0.0,255.99710856521742,0.0,255.99710856521742
11/10/2025,17,94.85,250,409.56260869565216,0.0,255.99710856521742,0.0,255.99710856521742
11/10/2025,18,115.2,250,409.56260869565216,0.0,255.99710856521742,0.0,255.99710856521742
11/10/2025,19,136.58,250,409.56260869565216,0.0,255.99710856521742,0.0,255.99710856521742
11/10/2025,20,146.28,250,409.56260869565216,0.0,255.99710856521742,0.0,255.99710856521742
11/10/2025,21,134.23,250,409.56260869565216,0.0,255.99710856521742,0.0,255.99710856521742
11/10/2025,22,125.26,250,409.56260869565216,0.0,255.99710856521742,0.0,255.99710856521742
11/10/2025,23,117.85,250,409.56260869565216,0.0,255.99710856521742,0.0,255.99710856521742
11/10/2025,24,106.38,250,409.56260869565216,0.0,255.99710856521742,0.0,255.99710856521742
12/10/2025,1,105.1,250,409.56260869565216,0.0,255.99710856521742,0.0,255.99710856521742
12/10/2025,2,102.55,250,409.56260869565216,0.0,255.99710856521742,0.0,255.99710856521742
12/10/2025,3,94.3,250,409.56260869565216,0.0,255.99710856521742,0.0,255.99710856521742
12/10/2025,4,91.12,250,409.56260869565216,0.0,255.99710856521742,0.0,255.99710856521742
12/10/2025,5,93.58,250,409.56260869565216,0.0,255.99710856521742,0.0,255.99710856521742
12/10/2025,6,95.99,250,409.56260869565216,0.0,255.99710856521742,0.0,255.99710856521742
12/10/2025,7,101.32,250,409.56260869565216,0.0,255.99710856521742,0.0,255.99710856521742
12/10/2025,8,105.1,250,409.56260869565216,0.0,255.99710856521742,0.0,255.99710856521742
12/10/2025,9,103.77,250,409.56260869565216,0.0,255.99710856521742,0.0,255.99710856521742
12/10/2025,10,106.27,250,409.56260869565216,0.0,255.99710856521742,0.0,255.99710856521742
12/10/2025,11,102.63,250,409.56260869565216,0.0,255.99710856521742,0.0,255.99710856521742
12/10/2025,12,95.35,250,409.56260869565216,0.0,255.99710856521742,0.0,255.99710856521742
12/10/2025,13,90.49,250,409.56260869565216,0.0,255.99710856521742,0.0,255.99710856521742
12/10/2025,14,91.15,250,409.56260869565216,0.0,255.99710856521742,0.0,255.99710856521742
12/10/2025,15,90.76,250,409.56260869565216,0.0,255.99710856521742,0.0,255.99710856521742
12/10/2025,16,89.55,250,409.56260869565216,0.0,255.99710856521742,0.0,255.99710856521742
12/10/2025,17,101.66,250,409.56260869565216,0.0,255.99710856521742,0.0,255.99710856521742
12/10/2025,18,117.13,250,409.56260869565216,0.0,255.99710856521742,0.0,255.99710856521742
12/10/2025,19,126.14,250,409.56260869565216,0.0,255.99710856521742,0.0,255.99710856521742
12/10/2025,20,134.55,250,409.56260869565216,0.0,255.99710856521742,0.0,255.99710856521742
12/10/2025,21,127.91,250,409.56260869565216,0.0,255.99710856521742,0.0,255.99710856521742
12/10/2025,22,124.62,250,409.56260869565216,0.0,255.99710856521742,0.0,255.99710856521742
12/10/2025,23,117.02,250,409.56260869565216,0.0,255.99710856521742,0.0,255.99710856521742
12/10/2025,24,108.01,250,409.56260869565216,0.0,255.99710856521742,0.0,255.99710856521742
13/10/2025,1,101.7,250,409.56260869565216,0.0,255.99710856521742,0.0,255.99710856521742
13/10/2025,2,95.4,250,409.56260869565216,0.0,255.99710856521742,0.0,255.99710856521742
13/10/2025,3,94.97,250,409.56260869565216,0.0,255.99710856521742,0.0,255.99710856521742
13/10/2025,4,96.1,250,409.56260869565216,0.0,255.99710856521742,0.0,255.99710856521742
13/10/2025,5,102.09,250,409.56260869565216,0.0,255.99710856521742,0.0,255.99710856521742
13/10/2025,6,105.1,250,409.56260869565216,0.0,255.99710856521742,0.0,255.99710856521742
13/10/2025,7,122.81,250,409.56260869565216,0.0,255.99710856521742,0.0,255.99710856521742
13/10/2025,8,148.0,250,409.56260869565216,0.0,255.99710856521742,0.0,255.99710856521742
13/10/2025,9,153.55,250,409.56260869565216,0.0,255.99710856521742,0.0,255.99710856521742
13/10/2025,10,147.55,250,409.56260869565216,0.0,255.99710856521742,0.0,255.99710856521742
13/10/2025,11,128.67,250,409.56260869565216,0.0,255.99710856521742,0.0,255.99710856521742
13/10/2025,12,114.29,250,409.56260869565216,0.0,255.99710856521742,0.0,255.99710856521742
13/10/2025,13,103.88,250,409.56260869565216,0.0,255.99710856521742,0.0,255.99710856521742
13/10/2025,14,98.3,250,409.56260869565216,0.0,255.99710856521742,0.0,255.99710856521742
13/10/2025,15,104.63,250,409.56260869565216,0.0,255.99710856521742,0.0,255.99710856521742
13/10/2025,16,114.45,250,409.56260869565216,0.0,255.99710856521742,0.0,255.99710856521742
13/10/2025,17,142.36,250,409.56260869565216,0.0,255.99710856521742,0.0,255.99710856521742
13/10/2025,18,143.86,250,409.56260869565216,0.0,255.99710856521742,0.0,255.99710856521742
13/10/2025,19,143.41,250,409.56260869565216,0.0,255.99710856521742,0.0,255.99710856521742
13/10/2025,20,158.69,250,409.56260869565216,0.0,255.99710856521742,0.0,255.99710856521742
13/10/2025,21,147.4,250,409.56260869565216,0.0,255.99710856521742,0.0,255.99710856521742
13/10/2025,22,153.24,250,409.56260869565216,0.0,255.99710856521742,0.0,255.99710856521742
13/10/2025,23,125.64,250,409.56260869565216,0.0,255.99710856521742,0.0,255.99710856521742
13/10/2025,24,117.0,250,409.56260869565216,0.0,255.99710856521742,0.0,255.99710856521742
14/10/2025,1,110.63,250,409.56260869565216,0.0,255.99710856521742,0.0,255.99710856521742
14/10/2025,2,105.22,250,409.56260869565216,0.0,255.99710856521742,0.0,255.99710856521742
14/10/2025,3,105.1,250,409.56260869565216,0.0,255.99710856521742,0.0,255.99710856521742
14/10/2025,4,104.41,250,409.56260869565216,0.0,255.99710856521742,0.0,255.99710856521742
14/10/2025,5,104.62,250,409.56260869565216,0.0,255.99710856521742,0.0,255.99710856521742
14/10/2025,6,112.98,250,409.56260869565216,0.0,255.99710856521742,0.0,255.99710856521742
14/10/2025,7,125.41,250,409.56260869565216,0.0,255.99710856521742,0.0,255.99710856521742
14/10/2025,8,140.0,250,409.56260869565216,0.0,255.99710856521742,0.0,255.99710856521742
14/10/2025,9,154.64,250,409.56260869565216,0.0,255.99710856521742,0.0,255.99710856521742
14/10/2025,10,137.0,250,409.56260869565216,0.0,255.99710856521742,0.0,255.99710856521742
14/10/2025,11,119.51,250,409.56260869565216,0.0,255.99710856521742,0.0,255.99710856521742
14/10/2025,12,120.35,250,409.56260869565216,0.0,255.99710856521742,0.0,255.99710856521742
14/10/2025,13,106.36,250,409.56260869565216,0.0,255.99710856521742,0.0,255.99710856521742
14/10/2025,14,107.78,250,409.56260869565216,0.0,255.99710856521742,0.0,255.99710856521742
14/10/2025,15,106.79,250,409.56260869565216,0.0,255.99710856521742,0.0,255.99710856521742
14/10/2025,16,121.97,250,409.56260869565216,0.0,255.99710856521742,0.0,255.99710856521742
14/10/2025,17,124.6,250,409.56260869565216,0.0,255.99710856521742,0.0,255.99710856521742
14/10/2025,18,143.43,250,409.56260869565216,0.0,255.99710856521742,0.0,255.99710856521742
14/10/2025,19,149.86,250,409.56260869565216,0.0,255.99710856521742,0.0,255.99710856521742
14/10/2025,20,158.86,250,409.56260869565216,0.0,255.99710856521742,0.0,255.99710856521742
14/10/2025,21,140.05,250,409.56260869565216,0.0,255.99710856521742,0.0,255.99710856521742
14/10/2025,22,139.33,250,409.56260869565216,0.0,255.99710856521742,0.0,255.99710856521742
14/10/2025,23,127.43,250,409.56260869565216,0.0,255.99710856521742,0.0,255.99710856521742
14/10/2025,24,117.56,250,409.56260869565216,0.0,255.99710856521742,0.0,255.99710856521742
15/10/2025,1,114.75,250,409.56260869565216,0.0,255.99710856521742,0.0,255.99710856521742
15/10/2025,2,113.37,250,409.56260869565216,0.0,255.99710856521742,0.0,255.99710856521742
15/10/2025,3,111.82,250,409.56260869565216,0.0,255.99710856521742,0.0,255.99710856521742
15/10/2025,4,109.13,250,409.56260869565216,0.0,255.99710856521742,0.0,255.99710856521742
15/10/2025,5,111.23,250,409.56260869565216,0.0,255.99710856521742,0.0,255.99710856521742
15/10/2025,6,113.26,250,409.56260869565216,0.0,255.99710856521742,0.0,255.99710856521742
15/10/2025,7,130.6,250,409.56260869565216,0.0,255.99710856521742,0.0,255.99710856521742
15/10/2025,8,143.19,250,409.56260869565216,0.0,255.99710856521742,0.0,255.99710856521742
15/10/2025,9,166.3,250,409.56260869565216,0.0,255.99710856521742,0.0,255.99710856521742
15/10/2025,10,161.83,250,409.56260869565216,0.0,255.99710856521742,0.0,255.99710856521742
15/10/2025,11,140.0,250,409.56260869565216,0.0,255.99710856521742,0.0,255.99710856521742
15/10/2025,12,135.26,250,409.56260869565216,0.0,255.99710856521742,0.0,255.99710856521742
15/10/2025,13,116.26,250,409.56260869565216,0.0,255.99710856521742,0.0,255.99710856521742
15/10/2025,14,112.77,250,409.56260869565216,0.0,255.99710856521742,0.0,255.99710856521742
15/10/2025,15,119.9,250,409.56260869565216,0.0,255.99710856521742,0.0,255.99710856521742
15/10/2025,16,122.07,250,409.56260869565216,0.0,255.99710856521742,0.0,255.99710856521742
15/10/2025,17,125.61,250,409.56260869565216,0.0,255.99710856521742,0.0,255.99710856521742
15/10/2025,18,145.0,250,409.56260869565216,0.0,255.99710856521742,0.0,255.99710856521742
15/10/2025,19,140.0,250,409.56260869565216,0.0,255.99710856521742,0.0,255.99710856521742
15/10/2025,20,156.52,250,409.56260869565216,0.0,255.99710856521742,0.0,255.99710856521742
15/10/2025,21,139.52,250,409.56260869565216,0.0,255.99710856521742,0.0,255.99710856521742
15/10/2025,22,120.0,250,409.56260869565216,0.0,255.99710856521742,0.0,255.99710856521742
15/10/2025,23,113.89,250,409.56260869565216,0.0,255.99710856521742,0.0,255.99710856521742
15/10/2025,24,108.67,250,409.56260869565216,0.0,255.99710856521742,0.0,255.99710856521742
16/10/2025,1,111.89,250,409.56260869565216,0.0,255.99710856521742,0.0,255.99710856521742
16/10/2025,2,104.96,250,409.56260869565216,0.0,255.99710856521742,0.0,255.99710856521742
16/10/2025,3,102.48,250,409.56260869565216,0.0,255.99710856521742,0.0,255.99710856521742
16/10/2025,4,100.0,250,409.56260869565216,0.0,255.99710856521742,0.0,255.99710856521742
16/10/2025,5,103.0,250,409.56260869565216,0.0,255.99710856521742,0.0,255.99710856521742
16/10/2025,6,107.47,250,409.56260869565216,0.0,255.99710856521742,0.0,255.99710856521742
16/10/2025,7,124.36,250,409.56260869565216,0.0,255.99710856521742,0.0,255.99710856521742
16/10/2025,8,146.56,250,409.56260869565216,0.0,255.99710856521742,0.0,255.99710856521742
16/10/2025,9,151.09,250,409.56260869565216,0.0,255.99710856521742,0.0,255.99710856521742
16/10/2025,10,128.12,250,409.56260869565216,0.0,255.99710856521742,0.0,255.99710856521742
16/10/2025,11,116.6,250,409.56260869565216,0.0,255.99710856521742,0.0,255.99710856521742
16/10/2025,12,115.8,250,409.56260869565216,0.0,255.99710856521742,0.0,255.99710856521742
16/10/2025,13,108.96,250,409.56260869565216,0.0,255.99710856521742,0.0,255.99710856521742
16/10/2025,14,108.23,250,409.56260869565216,0.0,255.99710856521742,0.0,255.99710856521742
16/10/2025,15,112.85,250,409.56260869565216,0.0,255.99710856521742,0.0,255.99710856521742
16/10/2025,16,114.43,250,409.56260869565216,0.0,255.99710856521742,0.0,255.99710856521742
16/10/2025,17,123.98,250,409.56260869565216,0.0,255.99710856521742,0.0,255.99710856521742
16/10/2025,18,146.0,250,409.56260869565216,0.0,255.99710856521742,0.0,255.99710856521742
16/10/2025,19,158.16,250,409.56260869565216,0.0,255.99710856521742,0.0,255.99710856521742
16/10/2025,20,158.49,250,409.56260869565216,0.0,255.99710856521742,0.0,255.99710856521742
16/10/2025,21,134.6,250,409.56260869565216,0.0,255.99710856521742,0.0,255.99710856521742
16/10/2025,22,125.0,250,409.56260869565216,0.0,255.99710856521742,0.0,255.99710856521742
16/10/2025,23,117.59,250,409.56260869565216,0.0,255.99710856521742,0.0,255.99710856521742
16/10/2025,24,109.65,250,409.56260869565216,0.0,255.99710856521742,0.0,255.99710856521742
17/10/2025,1,105.98,250,409.56260869565216,0.0,255.99710856521742,0.0,255.99710856521742
17/10/2025,2,99.65,250,409.56260869565216,0.0,255.99710856521742,0.0,255.99710856521742
17/10/2025,3,100.2,250,409.56260869565216,0.0,255.99710856521742,0.0,255.99710856521742
17/10/2025,4,98.85,250,409.56260869565216,0.0,255.99710856521742,0.0,255.99710856521742
17/10/2025,5,99.59,250,409.56260869565216,0.0,255.99710856521742,0.0,255.99710856521742
17/10/2025,6,104.07,250,409.56260869565216,0.0,255.99710856521742,0.0,255.99710856521742
17/10/2025,7,124.23,250,409.56260869565216,0.0,255.99710856521742,0.0,255.99710856521742
17/10/2025,8,141.04,250,409.56260869565216,0.0,255.99710856521742,0.0,255.99710856521742
17/10/2025,9,153.14,250,409.56260869565216,0.0,255.99710856521742,0.0,255.99710856521742
17/10/2025,10,132.98,250,409.56260869565216,0.0,255.99710856521742,0.0,255.99710856521742
17/10/2025,11,121.13,250,409.56260869565216,0.0,255.99710856521742,0.0,255.99710856521742
17/10/2025,12,110.5,250,409.56260869565216,0.0,255.99710856521742,0.0,255.99710856521742
17/10/2025,13,99.21,250,409.56260869565216,0.0,255.99710856521742,0.0,255.99710856521742
17/10/2025,14,97.0,250,409.56260869565216,0.0,255.99710856521742,0.0,255.99710856521742
17/10/2025,15,100.0,250,409.56260869565216,0.0,255.99710856521742,0.0,255.99710856521742
17/10/2025,16,108.57,250,409.56260869565216,0.0,255.99710856521742,0.0,255.99710856521742
17/10/2025,17,121.98,250,409.56260869565216,0.0,255.99710856521742,0.0,255.99710856521742
17/10/2025,18,127.63,250,409.56260869565216,0.0,255.99710856521742,0.0,255.99710856521742
17/10/2025,19,138.1,250,409.56260869565216,0.0,255.99710856521742,0.0,255.99710856521742
17/10/2025,20,143.64,250,409.56260869565216,0.0,255.99710856521742,0.0,255.99710856521742
17/10/2025,21,136.79,250,409.56260869565216,0.0,255.99710856521742,0.0,255.99710856521742
17/10/2025,22,125.57,250,409.56260869565216,0.0,255.99710856521742,0.0,255.99710856521742
17/10/2025,23,116.56,250,409.56260869565216,0.0,255.99710856521742,0.0,255.99710856521742
17/10/2025,24,106.22,250,409.56260869565216,0.0,255.99710856521742,0.0,255.99710856521742
18/10/2025,1,120.0,250,409.56260869565216,0.0,255.99710856521742,0.0,255.99710856521742
18/10/2025,2,106.97,250,409.56260869565216,0.0,255.99710856521742,0.0,255.99710856521742
18/10/2025,3,102.98,250,409.56260869565216,0.0,255.99710856521742,0.0,255.99710856521742
18/10/2025,4,98.87,250,409.56260869565216,0.0,255.99710856521742,0.0,255.99710856521742
18/10/2025,5,99.58,250,409.56260869565216,0.0,255.99710856521742,0.0,255.99710856521742
18/10/2025,6,105.1,250,409.56260869565216,0.0,255.99710856521742,0.0,255.99710856521742
18/10/2025,7,119.95,250,409.56260869565216,0.0,255.99710856521742,0.0,255.99710856521742
18/10/2025,8,130.76,250,409.56260869565216,0.0,255.99710856521742,0.0,255.99710856521742
18/10/2025,9,129.99,250,409.56260869565216,0.0,255.99710856521742,0.0,255.99710856521742
18/10/2025,10,126.16,250,409.56260869565216,0.0,255.99710856521742,0.0,255.99710856521742
18/10/2025,11,112.15,250,409.56260869565216,0.0,255.99710856521742,0.0,255.99710856521742
18/10/2025,12,91.1,250,409.56260869565216,0.0,255.99710856521742,0.0,255.99710856521742
18/10/2025,13,81.89,250,409.56260869565216,0.0,255.99710856521742,0.0,255.99710856521742
18/10/2025,14,80.25,250,409.56260869565216,0.0,255.99710856521742,0.0,255.99710856521742
18/10/2025,15,84.72,250,409.56260869565216,0.0,255.99710856521742,0.0,255.99710856521742
18/10/2025,16,97.49,250,409.56260869565216,0.0,255.99710856521742,0.0,255.99710856521742
18/10/2025,17,105.87,250,409.56260869565216,0.0,255.99710856521742,0.0,255.99710856521742
18/10/2025,18,125.46,250,409.56260869565216,0.0,255.99710856521742,0.0,255.99710856521742
18/10/2025,19,136.47,250,409.56260869565216,0.0,255.99710856521742,0.0,255.99710856521742
18/10/2025,20,138.96,250,409.56260869565216,0.0,255.99710856521742,0.0,255.99710856521742
18/10/2025,21,133.77,250,409.56260869565216,0.0,255.99710856521742,0.0,255.99710856521742
18/10/2025,22,121.97,250,409.56260869565216,0.0,255.99710856521742,0.0,255.99710856521742
18/10/2025,23,113.46,250,409.56260869565216,0.0,255.99710856521742,0.0,255.99710856521742
18/10/2025,24,105.6,250,409.56260869565216,0.0,255.99710856521742,0.0,255.99710856521742
19/10/2025,1,100.72,250,409.56260869565216,0.0,255.99710856521742,0.0,255.99710856521742
19/10/2025,2,96.66,250,409.56260869565216,0.0,255.99710856521742,0.0,255.99710856521742
19/10/2025,3,93.91,250,409.56260869565216,0.0,255.99710856521742,0.0,255.99710856521742
19/10/2025,4,92.4,250,409.56260869565216,0.0,255.99710856521742,0.0,255.99710856521742
19/10/2025,5,93.15,250,409.56260869565216,0.0,255.99710856521742,0.0,255.99710856521742
19/10/2025,6,93.17,250,409.56260869565216,0.0,255.99710856521742,0.0,255.99710856521742
19/10/2025,7,104.94,250,409.56260869565216,0.0,255.99710856521742,0.0,255.99710856521742
19/10/2025,8,112.33,250,409.56260869565216,0.0,255.99710856521742,0.0,255.99710856521742
19/10/2025,9,105.11,250,409.56260869565216,0.0,255.99710856521742,0.0,255.99710856521742
19/10/2025,10,94.0,250,409.56260869565216,0.0,255.99710856521742,0.0,255.99710856521742
19/10/2025,11,89.0,250,409.56260869565216,0.0,255.99710856521742,0.0,255.99710856521742
19/10/2025,12,88.0,250,409.56260869565216,0.0,255.99710856521742,0.0,255.99710856521742
19/10/2025,13,77.56,250,409.56260869565216,0.0,255.99710856521742,0.0,255.99710856521742
19/10/2025,14,81.99,250,409.56260869565216,0.0,255.99710856521742,0.0,255.99710856521742
19/10/2025,15,85.49,250,409.56260869565216,0.0,255.99710856521742,0.0,255.99710856521742
19/10/2025,16,77.63,250,409.56260869565216,0.0,255.99710856521742,0.0,255.99710856521742
19/10/2025,17,92.8,250,409.56260869565216,0.0,255.99710856521742,0.0,255.99710856521742
19/10/2025,18,119.59,250,409.56260869565216,0.0,255.99710856521742,0.0,255.99710856521742
19/10/2025,19,128.74,250,409.56260869565216,0.0,255.99710856521742,0.0,255.99710856521742
19/10/2025,20,131.88,250,409.56260869565216,0.0,255.99710856521742,0.0,255.99710856521742
19/10/2025,21,127.52,250,409.56260869565216,0.0,255.99710856521742,0.0,255.99710856521742
19/10/2025,22,129.47,250,409.56260869565216,0.0,255.99710856521742,0.0,255.99710856521742
19/10/2025,23,115.24,250,409.56260869565216,0.0,255.99710856521742,0.0,255.99710856521742
19/10/2025,24,103.62,250,409.56260869565216,0.0,255.99710856521742,0.0,255.99710856521742
20/10/2025,1,101.22,250,409.56260869565216,0.0,255.99710856521742,0.0,255.99710856521742
20/10/2025,2,93.5,250,409.56260869565216,0.0,255.99710856521742,0.0,255.99710856521742
20/10/2025,3,92.84,250,409.56260869565216,0.0,255.99710856521742,0.0,255.99710856521742
20/10/2025,4,92.0,250,409.56260869565216,0.0,255.99710856521742,0.0,255.99710856521742
20/10/2025,5,98.4,250,409.56260869565216,0.0,255.99710856521742,0.0,255.99710856521742
20/10/2025,6,105.62,250,409.56260869565216,0.0,255.99710856521742,0.0,255.99710856521742
20/10/2025,7,120.48,250,409.56260869565216,0.0,255.99710856521742,0.0,255.99710856521742
20/10/2025,8,140.05,250,409.56260869565216,0.0,255.99710856521742,0.0,255.99710856521742
20/10/2025,9,142.32,250,409.56260869565216,0.0,255.99710856521742,0.0,255.99710856521742
20/10/2025,10,135.0,250,409.56260869565216,0.0,255.99710856521742,0.0,255.99710856521742
20/10/2025,11,128.49,250,409.56260869565216,0.0,255.99710856521742,0.0,255.99710856521742
20/10/2025,12,121.12,250,409.56260869565216,0.0,255.99710856521742,0.0,255.99710856521742
20/10/2025,13,114.39,250,409.56260869565216,0.0,255.99710856521742,0.0,255.99710856521742
20/10/2025,14,115.06,250,409.56260869565216,0.0,255.99710856521742,0.0,255.99710856521742
20/10/2025,15,120.78,250,409.56260869565216,0.0,255.99710856521742,0.0,255.99710856521742
20/10/2025,16,128.79,250,409.56260869565216,0.0,255.99710856521742,0.0,255.99710856521742
20/10/2025,17,137.01,250,409.56260869565216,0.0,255.99710856521742,0.0,255.99710856521742
20/10/2025,18,141.97,250,409.56260869565216,0.0,255.99710856521742,0.0,255.99710856521742
20/10/2025,19,144.99,250,409.56260869565216,0.0,255.99710856521742,0.0,255.99710856521742
20/10/2025,20,146.01,250,409.56260869565216,0.0,255.99710856521742,0.0,255.99710856521742
20/10/2025,21,148.88,250,409.56260869565216,0.0,255.99710856521742,0.0,255.99710856521742
20/10/2025,22,133.61,250,409.56260869565216,0.0,255.99710856521742,0.0,255.99710856521742
20/10/2025,23,116.14,250,409.56260869565216,0.0,255.99710856521742,0.0,255.99710856521742
20/10/2025,24,106.99,250,409.56260869565216,0.0,255.99710856521742,0.0,255.99710856521742
21/10/2025,1,109.59,250,409.56260869565216,0.0,255.99710856521742,0.0,255.99710856521742
21/10/2025,2,105.1,250,409.56260869565216,0.0,255.99710856521742,0.0,255.99710856521742
21/10/2025,3,99.68,250,409.56260869565216,0.0,255.99710856521742,0.0,255.99710856521742
21/10/2025,4,100.99,250,409.56260869565216,0.0,255.99710856521742,0.0,255.99710856521742
21/10/2025,5,100.0,250,409.56260869565216,0.0,255.99710856521742,0.0,255.99710856521742
21/10/2025,6,109.85,250,409.56260869565216,0.0,255.99710856521742,0.0,255.99710856521742
21/10/2025,7,121.73,250,409.56260869565216,0.0,255.99710856521742,0.0,255.99710856521742
21/10/2025,8,140.14,250,409.56260869565216,0.0,255.99710856521742,0.0,255.99710856521742
21/10/2025,9,163.83,250,409.56260869565216,0.0,255.99710856521742,0.0,255.99710856521742
21/10/2025,10,147.47,250,409.56260869565216,0.0,255.99710856521742,0.0,255.99710856521742
21/10/2025,11,139.82,250,409.56260869565216,0.0,255.99710856521742,0.0,255.99710856521742
21/10/2025,12,139.83,250,409.56260869565216,0.0,255.99710856521742,0.0,255.99710856521742
21/10/2025,13,129.34,250,409.56260869565216,0.0,255.99710856521742,0.0,255.99710856521742
21/10/2025,14,129.97,250,409.56260869565216,0.0,255.99710856521742,0.0,255.99710856521742
21/10/2025,15,135.83,250,409.56260869565216,0.0,255.99710856521742,0.0,255.99710856521742
21/10/2025,16,132.83,250,409.56260869565216,0.0,255.99710856521742,0.0,255.99710856521742
21/10/2025,17,144.69,250,409.56260869565216,0.0,255.99710856521742,0.0,255.99710856521742
21/10/2025,18,144.69,250,409.56260869565216,0.0,255.99710856521742,0.0,255.99710856521742
21/10/2025,19,146.93,250,409.56260869565216,0.0,255.99710856521742,0.0,255.99710856521742
21/10/2025,20,145.77,250,409.56260869565216,0.0,255.99710856521742,0.0,255.99710856521742
21/10/2025,21,134.97,250,409.56260869565216,0.0,255.99710856521742,0.0,255.99710856521742
21/10/2025,22,123.68,250,409.56260869565216,0.0,255.99710856521742,0.0,255.99710856521742
21/10/2025,23,120.84,250,409.56260869565216,0.0,255.99710856521742,0.0,255.99710856521742
21/10/2025,24,113.98,250,409.56260869565216,0.0,255.99710856521742,0.0,255.99710856521742
22/10/2025,1,107.5,250,409.56260869565216,0.0,255.99710856521742,0.0,255.99710856521742
22/10/2025,2,105.0,250,409.56260869565216,0.0,255.99710856521742,0.0,255.99710856521742
22/10/2025,3,104.25,250,409.56260869565216,0.0,255.99710856521742,0.0,255.99710856521742
22/10/2025,4,103.0,250,409.56260869565216,0.0,255.99710856521742,0.0,255.99710856521742
22/10/2025,5,101.21,250,409.56260869565216,0.0,255.99710856521742,0.0,255.99710856521742
22/10/2025,6,105.99,250,409.56260869565216,0.0,255.99710856521742,0.0,255.99710856521742
22/10/2025,7,121.99,250,409.56260869565216,0.0,255.99710856521742,0.0,255.99710856521742
22/10/2025,8,147.22,250,409.56260869565216,0.0,255.99710856521742,0.0,255.99710856521742
22/10/2025,9,153.72,250,409.56260869565216,0.0,255.99710856521742,0.0,255.99710856521742
22/10/2025,10,139.73,250,409.56260869565216,0.0,255.99710856521742,0.0,255.99710856521742
22/10/2025,11,129.4,250,409.56260869565216,0.0,255.99710856521742,0.0,255.99710856521742
22/10/2025,12,130.3,250,409.56260869565216,0.0,255.99710856521742,0.0,255.99710856521742
22/10/2025,13,120.0,250,409.56260869565216,0.0,255.99710856521742,0.0,255.99710856521742
22/10/2025,14,118.42,250,409.56260869565216,0.0,255.99710856521742,0.0,255.99710856521742
22/10/2025,15,124.85,250,409.56260869565216,0.0,255.99710856521742,0.0,255.99710856521742
22/10/2025,16,128.74,250,409.56260869565216,0.0,255.99710856521742,0.0,255.99710856521742
22/10/2025,17,140.0,250,409.56260869565216,0.0,255.99710856521742,0.0,255.99710856521742
22/10/2025,18,166.07,250,409.56260869565216,0.0,255.99710856521742,0.0,255.99710856521742
22/10/2025,19,157.0,250,409.56260869565216,0.0,255.99710856521742,0.0,255.99710856521742
22/10/2025,20,160.24,250,409.56260869565216,0.0,255.99710856521742,0.0,255.99710856521742
22/10/2025,21,149.96,250,409.56260869565216,0.0,255.99710856521742,0.0,255.99710856521742
22/10/2025,22,128.2,250,409.56260869565216,0.0,255.99710856521742,0.0,255.99710856521742
22/10/2025,23,125.33,250,409.56260869565216,0.0,255.99710856521742,0.0,255.99710856521742
22/10/2025,24,116.54,250,409.56260869565216,0.0,255.99710856521742,0.0,255.99710856521742
23/10/2025,1,111.19,250,409.56260869565216,0.0,255.99710856521742,0.0,255.99710856521742
23/10/2025,2,110.15,250,409.56260869565216,0.0,255.99710856521742,0.0,255.99710856521742
23/10/2025,3,102.23,250,409.56260869565216,0.0,255.99710856521742,0.0,255.99710856521742
23/10/2025,4,99.3,250,409.56260869565216,0.0,255.99710856521742,0.0,255.99710856521742
23/10/2025,5,98.31,250,409.56260869565216,0.0,255.99710856521742,0.0,255.99710856521742
23/10/2025,6,109.68,250,409.56260869565216,0.0,255.99710856521742,0.0,255.99710856521742
23/10/2025,7,126.4,250,409.56260869565216,0.0,255.99710856521742,0.0,255.99710856521742
23/10/2025,8,130.34,250,409.56260869565216,0.0,255.99710856521742,0.0,255.99710856521742
23/10/2025,9,138.31,250,409.56260869565216,0.0,255.99710856521742,0.0,255.99710856521742
23/10/2025,10,137.45,250,409.56260869565216,0.0,255.99710856521742,0.0,255.99710856521742
23/10/2025,11,129.64,250,409.56260869565216,0.0,255.99710856521742,0.0,255.99710856521742
23/10/2025,12,134.59,250,409.56260869565216,0.0,255.99710856521742,0.0,255.99710856521742
23/10/2025,13,125.27,250,409.56260869565216,0.0,255.99710856521742,0.0,255.99710856521742
23/10/2025,14,124.79,250,409.56260869565216,0.0,255.99710856521742,0.0,255.99710856521742
23/10/2025,15,125.69,250,409.56260869565216,0.0,255.99710856521742,0.0,255.99710856521742
23/10/2025,16,126.19,250,409.56260869565216,0.0,255.99710856521742,0.0,255.99710856521742
23/10/2025,17,128.29,250,409.56260869565216,0.0,255.99710856521742,0.0,255.99710856521742
23/10/2025,18,124.88,250,409.56260869565216,0.0,255.99710856521742,0.0,255.99710856521742
23/10/2025,19,124.65,250,409.56260869565216,0.0,255.99710856521742,0.0,255.99710856521742
23/10/2025,20,124.63,250,409.56260869565216,0.0,255.99710856521742,0.0,255.99710856521742
23/10/2025,21,117.85,250,409.56260869565216,0.0,255.99710856521742,0.0,255.99710856521742
23/10/2025,22,115.13,250,409.56260869565216,0.0,255.99710856521742,0.0,255.99710856521742
23/10/2025,23,107.02,250,409.56260869565216,0.0,255.99710856521742,0.0,255.99710856521742
23/10/2025,24,95.82,250,409.56260869565216,0.0,255.99710856521742,0.0,255.99710856521742
24/10/2025,1,86.79,250,409.56260869565216,0.0,255.99710856521742,0.0,255.99710856521742
24/10/2025,2,80.08,250,409.56260869565216,0.0,255.99710856521742,0.0,255.99710856521742
24/10/2025,3,84.38,250,409.56260869565216,0.0,255.99710856521742,0.0,255.99710856521742
24/10/2025,4,87.55,250,409.56260869565216,0.0,255.99710856521742,0.0,255.99710856521742
24/10/2025,5,87.57,250,409.56260869565216,0.0,255.99710856521742,0.0,255.99710856521742
24/10/2025,6,87.75,250,409.56260869565216,0.0,255.99710856521742,0.0,255.99710856521742
24/10/2025,7,110.63,250,409.56260869565216,0.0,255.99710856521742,0.0,255.99710856521742
24/10/2025,8,133.15,250,409.56260869565216,0.0,255.99710856521742,0.0,255.99710856521742
24/10/2025,9,141.33,250,409.56260869565216,0.0,255.99710856521742,0.0,255.99710856521742
24/10/2025,10,132.19,250,409.56260869565216,0.0,255.99710856521742,0.0,255.99710856521742
24/10/2025,11,109.57,250,409.56260869565216,0.0,255.99710856521742,0.0,255.99710856521742
24/10/2025,12,94.48,250,409.56260869565216,0.0,255.99710856521742,0.0,255.99710856521742
24/10/2025,13,82.4,250,409.56260869565216,0.0,255.99710856521742,0.0,255.99710856521742
24/10/2025,14,73.5,250,409.56260869565216,0.0,255.99710856521742,0.0,255.99710856521742
24/10/2025,15,81.0,250,409.56260869565216,0.0,255.99710856521742,0.0,255.99710856521742
24/10/2025,16,87.24,250,409.56260869565216,0.0,255.99710856521742,0.0,255.99710856521742
24/10/2025,17,105.2,250,409.56260869565216,0.0,255.99710856521742,0.0,255.99710856521742
24/10/2025,18,125.0,250,409.56260869565216,0.0,255.99710856521742,0.0,255.99710856521742
24/10/2025,19,133.76,250,409.56260869565216,0.0,255.99710856521742,0.0,255.99710856521742
24/10/2025,20,139.27,250,409.56260869565216,0.0,255.99710856521742,0.0,255.99710856521742
24/10/2025,21,135.47,250,409.56260869565216,0.0,255.99710856521742,0.0,255.99710856521742
24/10/2025,22,128.5,250,409.56260869565216,0.0,255.99710856521742,0.0,255.99710856521742
24/10/2025,23,112.5,250,409.56260869565216,0.0,255.99710856521742,0.0,255.99710856521742
24/10/2025,24,105.1,250,409.56260869565216,0.0,255.99710856521742,0.0,255.99710856521742
25/10/2025,1,106.42,250,409.56260869565216,0.0,255.99710856521742,0.0,255.99710856521742
25/10/2025,2,99.36,250,409.56260869565216,0.0,255.99710856521742,0.0,255.99710856521742
25/10/2025,3,94.93,250,409.56260869565216,0.0,255.99710856521742,0.0,255.99710856521742
25/10/2025,4,94.07,250,409.56260869565216,0.0,255.99710856521742,0.0,255.99710856521742
25/10/2025,5,94.03,250,409.56260869565216,0.0,255.99710856521742,0.0,255.99710856521742
25/10/2025,6,99.24,250,409.56260869565216,0.0,255.99710856521742,0.0,255.99710856521742
25/10/2025,7,117.77,250,409.56260869565216,0.0,255.99710856521742,0.0,255.99710856521742
25/10/2025,8,127.17,250,409.56260869565216,0.0,255.99710856521742,0.0,255.99710856521742
25/10/2025,9,125.07,250,409.56260869565216,0.0,255.99710856521742,0.0,255.99710856521742
25/10/2025,10,104.28,250,409.56260869565216,0.0,255.99710856521742,0.0,255.99710856521742
25/10/2025,11,95.17,250,409.56260869565216,0.0,255.99710856521742,0.0,255.99710856521742
25/10/2025,12,69.0,250,409.56260869565216,0.0,255.99710856521742,0.0,255.99710856521742
25/10/2025,13,35.25,450,379.8566519202964,399.55380458080873,237.42940028278124,14.084271611473508,251.51367189425474
25/10/2025,14,29.25,450,379.8566519202964,399.55380458080873,237.42940028278124,11.686948783988656,249.1163490667699
25/10/2025,15,43.75,450,379.8566519202964,399.55380458080873,237.42940028278124,17.480478950410383,254.90987923319162
25/10/2025,16,76.99,250,409.56260869565216,0.0,255.99710856521742,0.0,255.99710856521742
25/10/2025,17,101.2,250,409.56260869565216,0.0,255.99710856521742,0.0,255.99710856521742
25/10/2025,18,114.85,250,409.56260869565216,0.0,255.99710856521742,0.0,255.99710856521742
25/10/2025,19,131.77,250,409.56260869565216,0.0,255.99710856521742,0.0,255.99710856521742
25/10/2025,20,132.5,250,409.56260869565216,0.0,255.99710856521742,0.0,255.99710856521742
25/10/2025,21,125.81,250,409.56260869565216,0.0,255.99710856521742,0.0,255.99710856521742
25/10/2025,22,114.69,250,409.56260869565216,0.0,255.99710856521742,0.0,255.99710856521742
25/10/2025,23,105.1,250,409.56260869565216,0.0,255.99710856521742,0.0,255.99710856521742
25/10/2025,24,96.94,250,409.56260869565216,0.0,255.99710856521742,0.0,255.99710856521742
26/10/2025,1,94.13,250,409.56260869565216,0.0,255.99710856521742,0.0,255.99710856521742
26/10/2025,2,89.9,250,409.56260869565216,0.0,255.99710856521742,0.0,255.99710856521742
26/10/2025,3,85.79,250,409.56260869565216,0.0,255.99710856521742,0.0,255.99710856521742
26/10/2025,4,85.76,250,409.56260869565216,0.0,255.99710856521742,0.0,255.99710856521742
26/10/2025,5,77.1,250,409.56260869565216,0.0,255.99710856521742,0.0,255.99710856521742
26/10/2025,6,73.74,250,409.56260869565216,0.0,255.99710856521742,0.0,255.99710856521742
26/10/2025,7,85.77,250,409.56260869565216,0.0,255.99710856521742,0.0,255.99710856521742
26/10/2025,8,92.23,250,409.56260869565216,0.0,255.99710856521742,0.0,255.99710856521742
26/10/2025,9,85.78,250,409.56260869565216,0.0,255.99710856521742,0.0,255.99710856521742
26/10/2025,10,58.01,250,409.56260869565216,0.0,255.99710856521742,0.0,255.99710856521742
26/10/2025,11,49.18,250,409.56260869565216,0.0,255.99710856521742,0.0,255.99710856521742
26/10/2025,12,61.57,250,409.56260869565216,0.0,255.99710856521742,0.0,255.99710856521742
26/10/2025,13,59.35,250,409.56260869565216,0.0,255.99710856521742,0.0,255.99710856521742
26/10/2025,14,36.1,450,379.8566519202964,399.55380458080873,237.42940028278124,14.423892345367197,251.85329262814844
26/10/2025,15,64.09,250,409.56260869565216,0.0,255.99710856521742,0.0,255.99710856521742
26/10/2025,16,75.79,250,409.56260869565216,0.0,255.99710856521742,0.0,255.99710856521742
26/10/2025,17,93.98,250,409.56260869565216,0.0,255.99710856521742,0.0,255.99710856521742
26/10/2025,18,105.1,250,409.56260869565216,0.0,255.99710856521742,0.0,255.99710856521742
26/10/2025,19,115.0,250,409.56260869565216,0.0,255.99710856521742,0.0,255.99710856521742
26/10/2025,20,120.0,250,409.56260869565216,0.0,255.99710856521742,0.0,255.99710856521742
26/10/2025,21,125.35,250,409.56260869565216,0.0,255.99710856521742,0.0,255.99710856521742
26/10/2025,22,118.3,250,409.56260869565216,0.0,255.99710856521742,0.0,255.99710856521742
26/10/2025,23,112.0,250,409.56260869565216,0.0,255.99710856521742,0.0,255.99710856521742
26/10/2025,24,99.45,250,409.56260869565216,0.0,255.99710856521742,0.0,255.99710856521742
26/10/2025,25,85.8,250,409.56260869565216,0.0,255.99710856521742,0.0,255.99710856521742
27/10/2025,1,66.71,250,409.56260869565216,0.0,255.99710856521742,0.0,255.99710856521742
27/10/2025,2,44.31,450,379.8566519202964,399.55380458080873,237.42940028278124,17.704229080975637,255.13362936375688
27/10/2025,3,48.42,250,409.56260869565216,0.0,255.99710856521742,0.0,255.99710856521742
27/10/2025,4,61.88,250,409.56260869565216,0.0,255.99710856521742,0.0,255.99710856521742
27/10/2025,5,66.3,250,409.56260869565216,0.0,255.99710856521742,0.0,255.99710856521742
27/10/2025,6,99.87,250,409.56260869565216,0.0,255.99710856521742,0.0,255.99710856521742
27/10/2025,7,121.71,250,409.56260869565216,0.0,255.99710856521742,0.0,255.99710856521742
27/10/2025,8,130.0,250,409.56260869565216,0.0,255.99710856521742,0.0,255.99710856521742
27/10/2025,9,126.19,250,409.56260869565216,0.0,255.99710856521742,0.0,255.99710856521742
27/10/2025,10,121.03,250,409.56260869565216,0.0,255.99710856521742,0.0,255.99710856521742
27/10/2025,11,114.28,250,409.56260869565216,0.0,255.99710856521742,0.0,255.99710856521742
27/10/2025,12,106.8,250,409.56260869565216,0.0,255.99710856521742,0.0,255.99710856521742
27/10/2025,13,100.05,250,409.56260869565216,0.0,255.99710856521742,0.0,255.99710856521742
27/10/2025,14,107.36,250,409.56260869565216,0.0,255.99710856521742,0.0,255.99710856521742
27/10/2025,15,118.93,250,409.56260869565216,0.0,255.99710856521742,0.0,255.99710856521742
27/10/2025,16,127.49,250,409.56260869565216,0.0,255.99710856521742,0.0,255.99710856521742
27/10/2025,17,137.04,250,409.56260869565216,0.0,255.99710856521742,0.0,255.99710856521742
27/10/2025,18,139.05,250,409.56260869565216,0.0,255.99710856521742,0.0,255.99710856521742
27/10/2025,19,135.18,250,409.56260869565216,0.0,255.99710856521742,0.0,255.99710856521742
27/10/2025,20,137.6,250,409.56260869565216,0.0,255.99710856521742,0.0,255.99710856521742
27/10/2025,21,126.13,250,409.56260869565216,0.0,255.99710856521742,0.0,255.99710856521742
27/10/2025,22,115.77,250,409.56260869565216,0.0,255.99710856521742,0.0,255.99710856521742
27/10/2025,23,105.1,250,409.56260869565216,0.0,255.99710856521742,0.0,255.99710856521742
27/10/2025,24,98.53,250,409.56260869565216,0.0,255.99710856521742,0.0,255.99710856521742
28/10/2025,1,92.0,250,409.56260869565216,0.0,255.99710856521742,0.0,255.99710856521742
28/10/2025,2,83.69,250,409.56260869565216,0.0,255.99710856521742,0.0,255.99710856521742
28/10/2025,3,86.12,250,409.56260869565216,0.0,255.99710856521742,0.0,255.99710856521742
28/10/2025,4,86.09,250,409.56260869565216,0.0,255.99710856521742,0.0,255.99710856521742
28/10/2025,5,95.33,250,409.56260869565216,0.0,255.99710856521742,0.0,255.99710856521742
28/10/2025,6,105.1,250,409.56260869565216,0.0,255.99710856521742,0.0,255.99710856521742
28/10/2025,7,118.78,250,409.56260869565216,0.0,255.99710856521742,0.0,255.99710856521742
28/10/2025,8,136.09,250,409.56260869565216,0.0,255.99710856521742,0.0,255.99710856521742
28/10/2025,9,122.35,250,409.56260869565216,0.0,255.99710856521742,0.0,255.99710856521742
28/10/2025,10,105.1,250,409.56260869565216,0.0,255.99710856521742,0.0,255.99710856521742
28/10/2025,11,89.66,250,409.56260869565216,0.0,255.99710856521742,0.0,255.99710856521742
28/10/2025,12,84.37,250,409.56260869565216,0.0,255.99710856521742,0.0,255.99710856521742
28/10/2025,13,80.11,250,409.56260869565216,0.0,255.99710856521742,0.0,255.99710856521742
28/10/2025,14,89.32,250,409.56260869565216,0.0,255.99710856521742,0.0,255.99710856521742
28/10/2025,15,105.1,250,409.56260869565216,0.0,255.99710856521742,0.0,255.99710856521742
28/10/2025,16,126.8,250,409.56260869565216,0.0,255.99710856521742,0.0,255.99710856521742
28/10/2025,17,131.72,250,409.56260869565216,0.0,255.99710856521742,0.0,255.99710856521742
28/10/2025,18,138.82,250,409.56260869565216,0.0,255.99710856521742,0.0,255.99710856521742
28/10/2025,19,149.05,250,409.56260869565216,0.0,255.99710856521742,0.0,255.99710856521742
28/10/2025,20,141.28,250,409.56260869565216,0.0,255.99710856521742,0.0,255.99710856521742
28/10/2025,21,135.57,250,409.56260869565216,0.0,255.99710856521742,0.0,255.99710856521742
28/10/2025,22,123.34,250,409.56260869565216,0.0,255.99710856521742,0.0,255.99710856521742
28/10/2025,23,117.8,250,409.56260869565216,0.0,255.99710856521742,0.0,255.99710856521742
28/10/2025,24,112.96,250,409.56260869565216,0.0,255.99710856521742,0.0,255.99710856521742
29/10/2025,1,107.56,250,409.56260869565216,0.0,255.99710856521742,0.0,255.99710856521742
29/10/2025,2,102.67,250,409.56260869565216,0.0,255.99710856521742,0.0,255.99710856521742
29/10/2025,3,102.69,250,409.56260869565216,0.0,255.99710856521742,0.0,255.99710856521742
29/10/2025,4,104.1,250,409.56260869565216,0.0,255.99710856521742,0.0,255.99710856521742
29/10/2025,5,100.89,250,409.56260869565216,0.0,255.99710856521742,0.0,255.99710856521742
29/10/2025,6,105.1,250,409.56260869565216,0.0,255.99710856521742,0.0,255.99710856521742
29/10/2025,7,117.78,250,409.56260869565216,0.0,255.99710856521742,0.0,255.99710856521742
29/10/2025,8,123.69,250,409.56260869565216,0.0,255.99710856521742,0.0,255.99710856521742
29/10/2025,9,116.7,250,409.56260869565216,0.0,255.99710856521742,0.0,255.99710856521742
29/10/2025,10,110.8,250,409.56260869565216,0.0,255.99710856521742,0.0,255.99710856521742
29/10/2025,11,104.92,250,409.56260869565216,0.0,255.99710856521742,0.0,255.99710856521742
29/10/2025,12,97.5,250,409.56260869565216,0.0,255.99710856521742,0.0,255.99710856521742
29/10/2025,13,105.1,250,409.56260869565216,0.0,255.99710856521742,0.0,255.99710856521742
29/10/2025,14,104.01,250,409.56260869565216,0.0,255.99710856521742,0.0,255.99710856521742
29/10/2025,15,114.04,250,409.56260869565216,0.0,255.99710856521742,0.0,255.99710856521742
29/10/2025,16,134.22,250,409.56260869565216,0.0,255.99710856521742,0.0,255.99710856521742
29/10/2025,17,135.83,250,409.56260869565216,0.0,255.99710856521742,0.0,255.99710856521742
29/10/2025,18,140.0,250,409.56260869565216,0.0,255.99710856521742,0.0,255.99710856521742
29/10/2025,19,136.7,250,409.56260869565216,0.0,255.99710856521742,0.0,255.99710856521742
29/10/2025,20,138.0,250,409.56260869565216,0.0,255.99710856521742,0.0,255.99710856521742
29/10/2025,21,122.59,250,409.56260869565216,0.0,255.99710856521742,0.0,255.99710856521742
29/10/2025,22,113.17,250,409.56260869565216,0.0,255.99710856521742,0.0,255.99710856521742
29/10/2025,23,107.6,250,409.56260869565216,0.0,255.99710856521742,0.0,255.99710856521742
29/10/2025,24,105.1,250,409.56260869565216,0.0,255.99710856521742,0.0,255.99710856521742
30/10/2025,1,99.63,250,409.56260869565216,0.0,255.99710856521742,0.0,255.99710856521742
30/10/2025,2,97.25,250,409.56260869565216,0.0,255.99710856521742,0.0,255.99710856521742
30/10/2025,3,95.04,250,409.56260869565216,0.0,255.99710856521742,0.0,255.99710856521742
30/10/2025,4,95.5,250,409.56260869565216,0.0,255.99710856521742,0.0,255.99710856521742
30/10/2025,5,90.25,250,409.56260869565216,0.0,255.99710856521742,0.0,255.99710856521742
30/10/2025,6,100.14,250,409.56260869565216,0.0,255.99710856521742,0.0,255.99710856521742
30/10/2025,7,109.23,250,409.56260869565216,0.0,255.99710856521742,0.0,255.99710856521742
30/10/2025,8,115.42,250,409.56260869565216,0.0,255.99710856521742,0.0,255.99710856521742
30/10/2025,9,124.49,250,409.56260869565216,0.0,255.99710856521742,0.0,255.99710856521742
30/10/2025,10,125.0,250,409.56260869565216,0.0,255.99710856521742,0.0,255.99710856521742
30/10/2025,11,122.98,250,409.56260869565216,0.0,255.99710856521742,0.0,255.99710856521742
30/10/2025,12,116.7,250,409.56260869565216,0.0,255.99710856521742,0.0,255.99710856521742
30/10/2025,13,112.33,250,409.56260869565216,0.0,255.99710856521742,0.0,255.99710856521742
30/10/2025,14,114.17,250,409.56260869565216,0.0,255.99710856521742,0.0,255.99710856521742
30/10/2025,15,124.72,250,409.56260869565216,0.0,255.99710856521742,0.0,255.99710856521742
30/10/2025,16,135.0,250,409.56260869565216,0.0,255.99710856521742,0.0,255.99710856521742
30/10/2025,17,142.4,250,409.56260869565216,0.0,255.99710856521742,0.0,255.99710856521742
30/10/2025,18,137.26,250,409.56260869565216,0.0,255.99710856521742,0.0,255.99710856521742
30/10/2025,19,140.0,250,409.56260869565216,0.0,255.99710856521742,0.0,255.99710856521742
30/10/2025,20,140.26,250,409.56260869565216,0.0,255.99710856521742,0.0,255.99710856521742
30/10/2025,21,137.25,250,409.56260869565216,0.0,255.99710856521742,0.0,255.99710856521742
30/10/2025,22,118.05,250,409.56260869565216,0.0,255.99710856521742,0.0,255.99710856521742
30/10/2025,23,112.0,250,409.56260869565216,0.0,255.99710856521742,0.0,255.99710856521742
30/10/2025,24,109.02,250,409.56260869565216,0.0,255.99710856521742,0.0,255.99710856521742
31/10/2025,1,110.13,250,409.56260869565216,0.0,255.99710856521742,0.0,255.99710856521742
31/10/2025,2,106.81,250,409.56260869565216,0.0,255.99710856521742,0.0,255.99710856521742
31/10/2025,3,105.1,250,409.56260869565216,0.0,255.99710856521742,0.0,255.99710856521742
31/10/2025,4,98.39,250,409.56260869565216,0.0,255.99710856521742,0.0,255.99710856521742
31/10/2025,5,98.97,250,409.56260869565216,0.0,255.99710856521742,0.0,255.99710856521742
31/10/2025,6,109.15,250,409.56260869565216,0.0,255.99710856521742,0.0,255.99710856521742
31/10/2025,7,117.95,250,409.56260869565216,0.0,255.99710856521742,0.0,255.99710856521742
31/10/2025,8,125.55,250,409.56260869565216,0.0,255.99710856521742,0.0,255.99710856521742
31/10/2025,9,139.01,250,409.56260869565216,0.0,255.99710856521742,0.0,255.99710856521742
31/10/2025,10,135.0,250,409.56260869565216,0.0,255.99710856521742,0.0,255.99710856521742
31/10/2025,11,131.86,250,409.56260869565216,0.0,255.99710856521742,0.0,255.99710856521742
31/10/2025,12,132.37,250,409.56260869565216,0.0,255.99710856521742,0.0,255.99710856521742
31/10/2025,13,115.49,250,409.56260869565216,0.0,255.99710856521742,0.0,255.99710856521742
31/10/2025,14,116.35,250,409.56260869565216,0.0,255.99710856521742,0.0,255.99710856521742
31/10/2025,15,124.61,250,409.56260869565216,0.0,255.99710856521742,0.0,255.99710856521742
31/10/2025,16,135.0,250,409.56260869565216,0.0,255.99710856521742,0.0,255.99710856521742
31/10/2025,17,144.05,250,409.56260869565216,0.0,255.99710856521742,0.0,255.99710856521742
31/10/2025,18,148.0,250,409.56260869565216,0.0,255.99710856521742,0.0,255.99710856521742
31/10/2025,19,152.6,250,409.56260869565216,0.0,255.99710856521742,0.0,255.99710856521742
31/10/2025,20,152.43,250,409.56260869565216,0.0,255.99710856521742,0.0,255.99710856521742
31/10/2025,21,133.45,250,409.56260869565216,0.0,255.99710856521742,0.0,255.99710856521742
31/10/2025,22,123.61,250,409.56260869565216,0.0,255.99710856521742,0.0,255.99710856521742
31/10/2025,23,117.95,250,409.56260869565216,0.0,255.99710856521742,0.0,255.99710856521742
31/10/2025,24,114.12,250,409.56260869565216,0.0,255.99710856521742,0.0,255.99710856521742
01/11/2025,1,121.07,250,409.56260869565216,0.0,255.99710856521742,0.0,255.99710856521742
01/11/2025,2,110.9,250,409.56260869565216,0.0,255.99710856521742,0.0,255.99710856521742
01/11/2025,3,111.48,250,409.56260869565216,0.0,255.99710856521742,0.0,255.99710856521742
01/11/2025,4,100.14,250,409.56260869565216,0.0,255.99710856521742,0.0,255.99710856521742
01/11/2025,5,97.71,250,409.56260869565216,0.0,255.99710856521742,0.0,255.99710856521742
01/11/2025,6,98.96,250,409.56260869565216,0.0,255.99710856521742,0.0,255.99710856521742
01/11/2025,7,93.57,250,409.56260869565216,0.0,255.99710856521742,0.0,255.99710856521742
01/11/2025,8,101.82,250,409.56260869565216,0.0,255.99710856521742,0.0,255.99710856521742
01/11/2025,9,95.19,250,409.56260869565216,0.0,255.99710856521742,0.0,255.99710856521742
01/11/2025,10,83.71,250,409.56260869565216,0.0,255.99710856521742,0.0,255.99710856521742
01/11/2025,11,84.08,250,409.56260869565216,0.0,255.99710856521742,0.0,255.99710856521742
01/11/2025,12,82.51,250,409.56260869565216,0.0,255.99710856521742,0.0,255.99710856521742
01/11/2025,13,80.04,250,409.56260869565216,0.0,255.99710856521742,0.0,255.99710856521742
01/11/2025,14,88.16,250,409.56260869565216,0.0,255.99710856521742,0.0,255.99710856521742
01/11/2025,15,91.62,250,409.56260869565216,0.0,255.99710856521742,0.0,255.99710856521742
01/11/2025,16,105.1,250,409.56260869565216,0.0,255.99710856521742,0.0,255.99710856521742
01/11/2025,17,114.78,250,409.56260869565216,0.0,255.99710856521742,0.0,255.99710856521742
01/11/2025,18,122.69,250,409.56260869565216,0.0,255.99710856521742,0.0,255.99710856521742
01/11/2025,19,126.71,250,409.56260869565216,0.0,255.99710856521742,0.0,255.99710856521742
01/11/2025,20,134.19,250,409.56260869565216,0.0,255.99710856521742,0.0,255.99710856521742
01/11/2025,21,131.91,250,409.56260869565216,0.0,255.99710856521742,0.0,255.99710856521742
01/11/2025,22,118.12,250,409.56260869565216,0.0,255.99710856521742,0.0,255.99710856521742
01/11/2025,23,114.35,250,409.56260869565216,0.0,255.99710856521742,0.0,255.99710856521742
01/11/2025,24,105.1,250,409.56260869565216,0.0,255.99710856521742,0.0,255.99710856521742
02/11/2025,1,105.5,250,409.56260869565216,0.0,255.99710856521742,0.0,255.99710856521742
02/11/2025,2,105.1,250,409.56260869565216,0.0,255.99710856521742,0.0,255.99710856521742
02/11/2025,3,104.48,250,409.56260869565216,0.0,255.99710856521742,0.0,255.99710856521742
02/11/2025,4,91.9,250,409.56260869565216,0.0,255.99710856521742,0.0,255.99710856521742
02/11/2025,5,95.97,250,409.56260869565216,0.0,255.99710856521742,0.0,255.99710856521742
02/11/2025,6,100.72,250,409.56260869565216,0.0,255.99710856521742,0.0,255.99710856521742
02/11/2025,7,98.4,250,409.56260869565216,0.0,255.99710856521742,0.0,255.99710856521742
02/11/2025,8,91.9,250,409.56260869565216,0.0,255.99710856521742,0.0,255.99710856521742
02/11/2025,9,94.4,250,409.56260869565216,0.0,255.99710856521742,0.0,255.99710856521742
02/11/2025,10,100.52,250,409.56260869565216,0.0,255.99710856521742,0.0,255.99710856521742
02/11/2025,11,91.9,250,409.56260869565216,0.0,255.99710856521742,0.0,255.99710856521742
02/11/2025,12,89.9,250,409.56260869565216,0.0,255.99710856521742,0.0,255.99710856521742
02/11/2025,13,89.72,250,409.56260869565216,0.0,255.99710856521742,0.0,255.99710856521742
02/11/2025,14,89.85,250,409.56260869565216,0.0,255.99710856521742,0.0,255.99710856521742
02/11/2025,15,100.86,250,409.56260869565216,0.0,255.99710856521742,0.0,255.99710856521742
02/11/2025,16,117.32,250,409.56260869565216,0.0,255.99710856521742,0.0,255.99710856521742
02/11/2025,17,125.28,250,409.56260869565216,0.0,255.99710856521742,0.0,255.99710856521742
02/11/2025,18,126.09,250,409.56260869565216,0.0,255.99710856521742,0.0,255.99710856521742
02/11/2025,19,128.73,250,409.56260869565216,0.0,255.99710856521742,0.0,255.99710856521742
02/11/2025,20,130.0,250,409.56260869565216,0.0,255.99710856521742,0.0,255.99710856521742
02/11/2025,21,120.2,250,409.56260869565216,0.0,255.99710856521742,0.0,255.99710856521742
02/11/2025,22,106.95,250,409.56260869565216,0.0,255.99710856521742,0.0,255.99710856521742
02/11/2025,23,103.09,250,409.56260869565216,0.0,255.99710856521742,0.0,255.99710856521742
02/11/2025,24,89.78,250,409.56260869565216,0.0,255.99710856521742,0.0,255.99710856521742
03/11/2025,1,89.83,250,409.56260869565216,0.0,255.99710856521742,0.0,255.99710856521742
03/11/2025,2,89.12,250,409.56260869565216,0.0,255.99710856521742,0.0,255.99710856521742
03/11/2025,3,90.97,250,409.56260869565216,0.0,255.99710856521742,0.0,255.99710856521742
03/11/2025,4,88.77,250,409.56260869565216,0.0,255.99710856521742,0.0,255.99710856521742
03/11/2025,5,92.52,250,409.56260869565216,0.0,255.99710856521742,0.0,255.99710856521742
03/11/2025,6,96.14,250,409.56260869565216,0.0,255.99710856521742,0.0,255.99710856521742
03/11/2025,7,113.35,250,409.56260869565216,0.0,255.99710856521742,0.0,255.99710856521742
03/11/2025,8,127.73,250,409.56260869565216,0.0,255.99710856521742,0.0,255.99710856521742
03/11/2025,9,124.8,250,409.56260869565216,0.0,255.99710856521742,0.0,255.99710856521742
03/11/2025,10,105.1,250,409.56260869565216,0.0,255.99710856521742,0.0,255.99710856521742
03/11/2025,11,95.51,250,409.56260869565216,0.0,255.99710856521742,0.0,255.99710856521742
03/11/2025,12,91.29,250,409.56260869565216,0.0,255.99710856521742,0.0,255.99710856521742
03/11/2025,13,89.04,250,409.56260869565216,0.0,255.99710856521742,0.0,255.99710856521742
03/11/2025,14,93.17,250,409.56260869565216,0.0,255.99710856521742,0.0,255.99710856521742
03/11/2025,15,108.51,250,409.56260869565216,0.0,255.99710856521742,0.0,255.99710856521742
03/11/2025,16,136.44,250,409.56260869565216,0.0,255.99710856521742,0.0,255.99710856521742
03/11/2025,17,142.55,250,409.56260869565216,0.0,255.99710856521742,0.0,255.99710856521742
03/11/2025,18,137.29,250,409.56260869565216,0.0,255.99710856521742,0.0,255.99710856521742
03/11/2025,19,137.83,250,409.56260869565216,0.0,255.99710856521742,0.0,255.99710856521742
03/11/2025,20,143.48,250,409.56260869565216,0.0,255.99710856521742,0.0,255.99710856521742
03/11/2025,21,135.0,250,409.56260869565216,0.0,255.99710856521742,0.0,255.99710856521742
03/11/2025,22,115.96,250,409.56260869565216,0.0,255.99710856521742,0.0,255.99710856521742
03/11/2025,23,107.91,250,409.56260869565216,0.0,255.99710856521742,0.0,255.99710856521742
03/11/2025,24,97.45,250,409.56260869565216,0.0,255.99710856521742,0.0,255.99710856521742
04/11/2025,1,92.09,250,409.56260869565216,0.0,255.99710856521742,0.0,255.99710856521742
04/11/2025,2,82.78,250,409.56260869565216,0.0,255.99710856521742,0.0,255.99710856521742
04/11/2025,3,88.38,250,409.56260869565216,0.0,255.99710856521742,0.0,255.99710856521742
04/11/2025,4,88.45,250,409.56260869565216,0.0,255.99710856521742,0.0,255.99710856521742
04/11/2025,5,88.39,250,409.56260869565216,0.0,255.99710856521742,0.0,255.99710856521742
04/11/2025,6,97.69,250,409.56260869565216,0.0,255.99710856521742,0.0,255.99710856521742
04/11/2025,7,120.0,250,409.56260869565216,0.0,255.99710856521742,0.0,255.99710856521742
04/11/2025,8,135.0,250,409.56260869565216,0.0,255.99710856521742,0.0,255.99710856521742
04/11/2025,9,115.0,250,409.56260869565216,0.0,255.99710856521742,0.0,255.99710856521742
04/11/2025,10,99.17,250,409.56260869565216,0.0,255.99710856521742,0.0,255.99710856521742
04/11/2025,11,90.47,250,409.56260869565216,0.0,255.99710856521742,0.0,255.99710856521742
04/11/2025,12,79.5,250,409.56260869565216,0.0,255.99710856521742,0.0,255.99710856521742
04/11/2025,13,77.82,250,409.56260869565216,0.0,255.99710856521742,0.0,255.99710856521742
04/11/2025,14,89.81,250,409.56260869565216,0.0,255.99710856521742,0.0,255.99710856521742
04/11/2025,15,98.86,250,409.56260869565216,0.0,255.99710856521742,0.0,255.99710856521742
04/11/2025,16,108.84,250,409.56260869565216,0.0,255.99710856521742,0.0,255.99710856521742
04/11/2025,17,122.26,250,409.56260869565216,0.0,255.99710856521742,0.0,255.99710856521742
04/11/2025,18,140.79,250,409.56260869565216,0.0,255.99710856521742,0.0,255.99710856521742
04/11/2025,19,140.0,250,409.56260869565216,0.0,255.99710856521742,0.0,255.99710856521742
04/11/2025,20,135.0,250,409.56260869565216,0.0,255.99710856521742,0.0,255.99710856521742
04/11/2025,21,125.87,250,409.56260869565216,0.0,255.99710856521742,0.0,255.99710856521742
04/11/2025,22,111.55,250,409.56260869565216,0.0,255.99710856521742,0.0,255.99710856521742
04/11/2025,23,104.04,250,409.56260869565216,0.0,255.99710856521742,0.0,255.99710856521742
04/11/2025,24,94.05,250,409.56260869565216,0.0,255.99710856521742,0.0,255.99710856521742
05/11/2025,1,93.89,250,409.56260869565216,0.0,255.99710856521742,0.0,255.99710856521742
05/11/2025,2,94.19,250,409.56260869565216,0.0,255.99710856521742,0.0,255.99710856521742
05/11/2025,3,92.49,250,409.56260869565216,0.0,255.99710856521742,0.0,255.99710856521742
05/11/2025,4,90.22,250,409.56260869565216,0.0,255.99710856521742,0.0,255.99710856521742
05/11/2025,5,87.99,250,409.56260869565216,0.0,255.99710856521742,0.0,255.99710856521742
05/11/2025,6,102.2,250,409.56260869565216,0.0,255.99710856521742,0.0,255.99710856521742
05/11/2025,7,117.56,250,409.56260869565216,0.0,255.99710856521742,0.0,255.99710856521742
05/11/2025,8,135.0,250,409.56260869565216,0.0,255.99710856521742,0.0,255.99710856521742
05/11/2025,9,126.78,250,409.56260869565216,0.0,255.99710856521742,0.0,255.99710856521742
05/11/2025,10,111.47,250,409.56260869565216,0.0,255.99710856521742,0.0,255.99710856521742
05/11/2025,11,104.52,250,409.56260869565216,0.0,255.99710856521742,0.0,255.99710856521742
05/11/2025,12,96.18,250,409.56260869565216,0.0,255.99710856521742,0.0,255.99710856521742
05/11/2025,13,90.78,250,409.56260869565216,0.0,255.99710856521742,0.0,255.99710856521742
05/11/2025,14,93.8,250,409.56260869565216,0.0,255.99710856521742,0.0,255.99710856521742
05/11/2025,15,106.94,250,409.56260869565216,0.0,255.99710856521742,0.0,255.99710856521742
05/11/2025,16,127.41,250,409.56260869565216,0.0,255.99710856521742,0.0,255.99710856521742
05/11/2025,17,152.16,250,409.56260869565216,0.0,255.99710856521742,0.0,255.99710856521742
05/11/2025,18,146.26,250,409.56260869565216,0.0,255.99710856521742,0.0,255.99710856521742
05/11/2025,19,139.03,250,409.56260869565216,0.0,255.99710856521742,0.0,255.99710856521742
05/11/2025,20,141.46,250,409.56260869565216,0.0,255.99710856521742,0.0,255.99710856521742
05/11/2025,21,125.41,250,409.56260869565216,0.0,255.99710856521742,0.0,255.99710856521742
05/11/2025,22,117.02,250,409.56260869565216,0.0,255.99710856521742,0.0,255.99710856521742
05/11/2025,23,111.31,250,409.56260869565216,0.0,255.99710856521742,0.0,255.99710856521742
05/11/2025,24,105.1,250,409.56260869565216,0.0,255.99710856521742,0.0,255.99710856521742
06/11/2025,1,102.0,250,409.56260869565216,0.0,255.99710856521742,0.0,255.99710856521742
06/11/2025,2,99.74,250,409.56260869565216,0.0,255.99710856521742,0.0,255.99710856521742
06/11/2025,3,102.18,250,409.56260869565216,0.0,255.99710856521742,0.0,255.99710856521742
06/11/2025,4,99.49,250,409.56260869565216,0.0,255.99710856521742,0.0,255.99710856521742
06/11/2025,5,100.13,250,409.56260869565216,0.0,255.99710856521742,0.0,255.99710856521742
06/11/2025,6,105.1,250,409.56260869565216,0.0,255.99710856521742,0.0,255.99710856521742
06/11/2025,7,122.23,250,409.56260869565216,0.0,255.99710856521742,0.0,255.99710856521742
06/11/2025,8,141.46,250,409.56260869565216,0.0,255.99710856521742,0.0,255.99710856521742
06/11/2025,9,129.54,250,409.56260869565216,0.0,255.99710856521742,0.0,255.99710856521742
06/11/2025,10,109.95,250,409.56260869565216,0.0,255.99710856521742,0.0,255.99710856521742
06/11/2025,11,99.39,250,409.56260869565216,0.0,255.99710856521742,0.0,255.99710856521742
06/11/2025,12,94.75,250,409.56260869565216,0.0,255.99710856521742,0.0,255.99710856521742
06/11/2025,13,94.41,250,409.56260869565216,0.0,255.99710856521742,0.0,255.99710856521742
06/11/2025,14,94.13,250,409.56260869565216,0.0,255.99710856521742,0.0,255.99710856521742
06/11/2025,15,105.21,250,409.56260869565216,0.0,255.99710856521742,0.0,255.99710856521742
06/11/2025,16,131.54,250,409.56260869565216,0.0,255.99710856521742,0.0,255.99710856521742
06/11/2025,17,152.63,250,409.56260869565216,0.0,255.99710856521742,0.0,255.99710856521742
06/11/2025,18,153.29,250,409.56260869565216,0.0,255.99710856521742,0.0,255.99710856521742
06/11/2025,19,139.17,250,409.56260869565216,0.0,255.99710856521742,0.0,255.99710856521742
06/11/2025,20,135.0,250,409.56260869565216,0.0,255.99710856521742,0.0,255.99710856521742
06/11/2025,21,125.85,250,409.56260869565216,0.0,255.99710856521742,0.0,255.99710856521742
06/11/2025,22,114.52,250,409.56260869565216,0.0,255.99710856521742,0.0,255.99710856521742
06/11/2025,23,112.6,250,409.56260869565216,0.0,255.99710856521742,0.0,255.99710856521742
06/11/2025,24,106.46,250,409.56260869565216,0.0,255.99710856521742,0.0,255.99710856521742
07/11/2025,1,101.6,250,409.56260869565216,0.0,255.99710856521742,0.0,255.99710856521742
07/11/2025,2,100.16,250,409.56260869565216,0.0,255.99710856521742,0.0,255.99710856521742
07/11/2025,3,101.1,250,409.56260869565216,0.0,255.99710856521742,0.0,255.99710856521742
07/11/2025,4,100.61,250,409.56260869565216,0.0,255.99710856521742,0.0,255.99710856521742
07/11/2025,5,99.17,250,409.56260869565216,0.0,255.99710856521742,0.0,255.99710856521742
07/11/2025,6,104.89,250,409.56260869565216,0.0,255.99710856521742,0.0,255.99710856521742
07/11/2025,7,119.15,250,409.56260869565216,0.0,255.99710856521742,0.0,255.99710856521742
07/11/2025,8,134.01,250,409.56260869565216,0.0,255.99710856521742,0.0,255.99710856521742
07/11/2025,9,130.0,250,409.56260869565216,0.0,255.99710856521742,0.0,255.99710856521742
07/11/2025,10,117.91,250,409.56260869565216,0.0,255.99710856521742,0.0,255.99710856521742
07/11/2025,11,105.77,250,409.56260869565216,0.0,255.99710856521742,0.0,255.99710856521742
07/11/2025,12,108.0,250,409.56260869565216,0.0,255.99710856521742,0.0,255.99710856521742
07/11/2025,13,103.2,250,409.56260869565216,0.0,255.99710856521742,0.0,255.99710856521742
07/11/2025,14,105.21,250,409.56260869565216,0.0,255.99710856521742,0.0,255.99710856521742
07/11/2025,15,112.9,250,409.56260869565216,0.0,255.99710856521742,0.0,255.99710856521742
07/11/2025,16,134.11,250,409.56260869565216,0.0,255.99710856521742,0.0,255.99710856521742
07/11/2025,17,141.54,250,409.56260869565216,0.0,255.99710856521742,0.0,255.99710856521742
07/11/2025,18,143.0,250,409.56260869565216,0.0,255.99710856521742,0.0,255.99710856521742
07/11/2025,19,140.0,250,409.56260869565216,0.0,255.99710856521742,0.0,255.99710856521742
07/11/2025,20,135.23,250,409.56260869565216,0.0,255.99710856521742,0.0,255.99710856521742
07/11/2025,21,125.1,250,409.56260869565216,0.0,255.99710856521742,0.0,255.99710856521742
07/11/2025,22,113.39,250,409.56260869565216,0.0,255.99710856521742,0.0,255.99710856521742
07/11/2025,23,108.92,250,409.56260869565216,0.0,255.99710856521742,0.0,255.99710856521742
07/11/2025,24,107.51,250,409.56260869565216,0.0,255.99710856521742,0.0,255.99710856521742
08/11/2025,1,103.81,250,409.56260869565216,0.0,255.99710856521742,0.0,255.99710856521742
08/11/2025,2,100.6,250,409.56260869565216,0.0,255.99710856521742,0.0,255.99710856521742
08/11/2025,3,98.88,250,409.56260869565216,0.0,255.99710856521742,0.0,255.99710856521742
08/11/2025,4,98.39,250,409.56260869565216,0.0,255.99710856521742,0.0,255.99710856521742
08/11/2025,5,100.1,250,409.56260869565216,0.0,255.99710856521742,0.0,255.99710856521742
08/11/2025,6,101.39,250,409.56260869565216,0.0,255.99710856521742,0.0,255.99710856521742
08/11/2025,7,108.19,250,409.56260869565216,0.0,255.99710856521742,0.0,255.99710856521742
08/11/2025,8,115.04,250,409.56260869565216,0.0,255.99710856521742,0.0,255.99710856521742
08/11/2025,9,112.48,250,409.56260869565216,0.0,255.99710856521742,0.0,255.99710856521742
08/11/2025,10,109.35,250,409.56260869565216,0.0,255.99710856521742,0.0,255.99710856521742
08/11/2025,11,102.64,250,409.56260869565216,0.0,255.99710856521742,0.0,255.99710856521742
08/11/2025,12,102.54,250,409.56260869565216,0.0,255.99710856521742,0.0,255.99710856521742
08/11/2025,13,98.85,250,409.56260869565216,0.0,255.99710856521742,0.0,255.99710856521742
08/11/2025,14,102.59,250,409.56260869565216,0.0,255.99710856521742,0.0,255.99710856521742
08/11/2025,15,104.46,250,409.56260869565216,0.0,255.99710856521742,0.0,255.99710856521742
08/11/2025,16,111.58,250,409.56260869565216,0.0,255.99710856521742,0.0,255.99710856521742
08/11/2025,17,125.17,250,409.56260869565216,0.0,255.99710856521742,0.0,255.99710856521742
08/11/2025,18,130.84,250,409.56260869565216,0.0,255.99710856521742,0.0,255.99710856521742
08/11/2025,19,132.43,250,409.56260869565216,0.0,255.99710856521742,0.0,255.99710856521742
08/11/2025,20,128.56,250,409.56260869565216,0.0,255.99710856521742,0.0,255.99710856521742
08/11/2025,21,123.7,250,409.56260869565216,0.0,255.99710856521742,0.0,255.99710856521742
08/11/2025,22,115.55,250,409.56260869565216,0.0,255.99710856521742,0.0,255.99710856521742
08/11/2025,23,108.0,250,409.56260869565216,0.0,255.99710856521742,0.0,255.99710856521742
08/11/2025,24,102.66,250,409.56260869565216,0.0,255.99710856521742,0.0,255.99710856521742
09/11/2025,1,103.29,250,409.56260869565216,0.0,255.99710856521742,0.0,255.99710856521742
09/11/2025,2,104.25,250,409.56260869565216,0.0,255.99710856521742,0.0,255.99710856521742
09/11/2025,3,98.21,250,409.56260869565216,0.0,255.99710856521742,0.0,255.99710856521742
09/11/2025,4,98.21,250,409.56260869565216,0.0,255.99710856521742,0.0,255.99710856521742
09/11/2025,5,98.21,250,409.56260869565216,0.0,255.99710856521742,0.0,255.99710856521742
09/11/2025,6,98.21,250,409.56260869565216,0.0,255.99710856521742,0.0,255.99710856521742
09/11/2025,7,105.13,250,409.56260869565216,0.0,255.99710856521742,0.0,255.99710856521742
09/11/2025,8,102.9,250,409.56260869565216,0.0,255.99710856521742,0.0,255.99710856521742
09/11/2025,9,101.22,250,409.56260869565216,0.0,255.99710856521742,0.0,255.99710856521742
09/11/2025,10,100.29,250,409.56260869565216,0.0,255.99710856521742,0.0,255.99710856521742
09/11/2025,11,98.21,250,409.56260869565216,0.0,255.99710856521742,0.0,255.99710856521742
09/11/2025,12,101.08,250,409.56260869565216,0.0,255.99710856521742,0.0,255.99710856521742
09/11/2025,13,102.28,250,409.56260869565216,0.0,255.99710856521742,0.0,255.99710856521742
09/11/2025,14,103.17,250,409.56260869565216,0.0,255.99710856521742,0.0,255.99710856521742
09/11/2025,15,105.1,250,409.56260869565216,0.0,255.99710856521742,0.0,255.99710856521742
09/11/2025,16,112.29,250,409.56260869565216,0.0,255.99710856521742,0.0,255.99710856521742
09/11/2025,17,123.6,250,409.56260869565216,0.0,255.99710856521742,0.0,255.99710856521742
09/11/2025,18,131.8,250,409.56260869565216,0.0,255.99710856521742,0.0,255.99710856521742
09/11/2025,19,129.7,250,409.56260869565216,0.0,255.99710856521742,0.0,255.99710856521742
09/11/2025,20,128.56,250,409.56260869565216,0.0,255.99710856521742,0.0,255.99710856521742
09/11/2025,21,123.67,250,409.56260869565216,0.0,255.99710856521742,0.0,255.99710856521742
09/11/2025,22,112.54,250,409.56260869565216,0.0,255.99710856521742,0.0,255.99710856521742
09/11/2025,23,105.1,250,409.56260869565216,0.0,255.99710856521742,0.0,255.99710856521742
09/11/2025,24,94.65,250,409.56260869565216,0.0,255.99710856521742,0.0,255.99710856521742
10/11/2025,1,93.06,250,409.56260869565216,0.0,255.99710856521742,0.0,255.99710856521742
10/11/2025,2,92.05,250,409.56260869565216,0.0,255.99710856521742,0.0,255.99710856521742
10/11/2025,3,93.78,250,409.56260869565216,0.0,255.99710856521742,0.0,255.99710856521742
10/11/2025,4,93.12,250,409.56260869565216,0.0,255.99710856521742,0.0,255.99710856521742
10/11/2025,5,92.51,250,409.56260869565216,0.0,255.99710856521742,0.0,255.99710856521742
10/11/2025,6,98.35,250,409.56260869565216,0.0,255.99710856521742,0.0,255.99710856521742
10/11/2025,7,115.52,250,409.56260869565216,0.0,255.99710856521742,0.0,255.99710856521742
10/11/2025,8,139.75,250,409.56260869565216,0.0,255.99710856521742,0.0,255.99710856521742
10/11/2025,9,147.61,250,409.56260869565216,0.0,255.99710856521742,0.0,255.99710856521742
10/11/2025,10,126.85,250,409.56260869565216,0.0,255.99710856521742,0.0,255.99710856521742
10/11/2025,11,115.33,250,409.56260869565216,0.0,255.99710856521742,0.0,255.99710856521742
10/11/2025,12,105.86,250,409.56260869565216,0.0,255.99710856521742,0.0,255.99710856521742
10/11/2025,13,104.4,250,409.56260869565216,0.0,255.99710856521742,0.0,255.99710856521742
10/11/2025,14,104.49,250,409.56260869565216,0.0,255.99710856521742,0.0,255.99710856521742
10/11/2025,15,111.49,250,409.56260869565216,0.0,255.99710856521742,0.0,255.99710856521742
10/11/2025,16,127.86,250,409.56260869565216,0.0,255.99710856521742,0.0,255.99710856521742
10/11/2025,17,139.64,250,409.56260869565216,0.0,255.99710856521742,0.0,255.99710856521742
10/11/2025,18,145.0,250,409.56260869565216,0.0,255.99710856521742,0.0,255.99710856521742
10/11/2025,19,139.34,250,409.56260869565216,0.0,255.99710856521742,0.0,255.99710856521742
10/11/2025,20,132.4,250,409.56260869565216,0.0,255.99710856521742,0.0,255.99710856521742
10/11/2025,21,124.33,250,409.56260869565216,0.0,255.99710856521742,0.0,255.99710856521742
10/11/2025,22,115.04,250,409.56260869565216,0.0,255.99710856521742,0.0,255.99710856521742
10/11/2025,23,112.09,250,409.56260869565216,0.0,255.99710856521742,0.0,255.99710856521742
10/11/2025,24,105.1,250,409.56260869565216,0.0,255.99710856521742,0.0,255.99710856521742
11/11/2025,1,96.31,250,409.56260869565216,0.0,255.99710856521742,0.0,255.99710856521742
11/11/2025,2,99.23,250,409.56260869565216,0.0,255.99710856521742,0.0,255.99710856521742
11/11/2025,3,98.21,250,409.56260869565216,0.0,255.99710856521742,0.0,255.99710856521742
11/11/2025,4,97.76,250,409.56260869565216,0.0,255.99710856521742,0.0,255.99710856521742
11/11/2025,5,96.3,250,409.56260869565216,0.0,255.99710856521742,0.0,255.99710856521742
11/11/2025,6,105.38,250,409.56260869565216,0.0,255.99710856521742,0.0,255.99710856521742
11/11/2025,7,121.94,250,409.56260869565216,0.0,255.99710856521742,0.0,255.99710856521742
11/11/2025,8,134.5,250,409.56260869565216,0.0,255.99710856521742,0.0,255.99710856521742
11/11/2025,9,130.0,250,409.56260869565216,0.0,255.99710856521742,0.0,255.99710856521742
11/11/2025,10,118.26,250,409.56260869565216,0.0,255.99710856521742,0.0,255.99710856521742
11/11/2025,11,104.44,250,409.56260869565216,0.0,255.99710856521742,0.0,255.99710856521742
11/11/2025,12,97.01,250,409.56260869565216,0.0,255.99710856521742,0.0,255.99710856521742
11/11/2025,13,90.1,250,409.56260869565216,0.0,255.99710856521742,0.0,255.99710856521742
11/11/2025,14,96.14,250,409.56260869565216,0.0,255.99710856521742,0.0,255.99710856521742
11/11/2025,15,109.17,250,409.56260869565216,0.0,255.99710856521742,0.0,255.99710856521742
11/11/2025,16,122.54,250,409.56260869565216,0.0,255.99710856521742,0.0,255.99710856521742
11/11/2025,17,134.96,250,409.56260869565216,0.0,255.99710856521742,0.0,255.99710856521742
11/11/2025,18,140.91,250,409.56260869565216,0.0,255.99710856521742,0.0,255.99710856521742
11/11/2025,19,135.66,250,409.56260869565216,0.0,255.99710856521742,0.0,255.99710856521742
11/11/2025,20,130.0,250,409.56260869565216,0.0,255.99710856521742,0.0,255.99710856521742
11/11/2025,21,127.26,250,409.56260869565216,0.0,255.99710856521742,0.0,255.99710856521742
11/11/2025,22,120.97,250,409.56260869565216,0.0,255.99710856521742,0.0,255.99710856521742
11/11/2025,23,115.1,250,409.56260869565216,0.0,255.99710856521742,0.0,255.99710856521742
11/11/2025,24,111.0,250,409.56260869565216,0.0,255.99710856521742,0.0,255.99710856521742
12/11/2025,1,104.73,250,409.56260869565216,0.0,255.99710856521742,0.0,255.99710856521742
12/11/2025,2,99.83,250,409.56260869565216,0.0,255.99710856521742,0.0,255.99710856521742
12/11/2025,3,101.2,250,409.56260869565216,0.0,255.99710856521742,0.0,255.99710856521742
12/11/2025,4,98.95,250,409.56260869565216,0.0,255.99710856521742,0.0,255.99710856521742
12/11/2025,5,101.36,250,409.56260869565216,0.0,255.99710856521742,0.0,255.99710856521742
12/11/2025,6,108.1,250,409.56260869565216,0.0,255.99710856521742,0.0,255.99710856521742
12/11/2025,7,125.82,250,409.56260869565216,0.0,255.99710856521742,0.0,255.99710856521742
12/11/2025,8,135.0,250,409.56260869565216,0.0,255.99710856521742,0.0,255.99710856521742
12/11/2025,9,127.49,250,409.56260869565216,0.0,255.99710856521742,0.0,255.99710856521742
12/11/2025,10,116.0,250,409.56260869565216,0.0,255.99710856521742,0.0,255.99710856521742
12/11/2025,11,102.16,250,409.56260869565216,0.0,255.99710856521742,0.0,255.99710856521742
12/11/2025,12,98.33,250,409.56260869565216,0.0,255.99710856521742,0.0,255.99710856521742
12/11/2025,13,89.21,250,409.56260869565216,0.0,255.99710856521742,0.0,255.99710856521742
12/11/2025,14,96.1,250,409.56260869565216,0.0,255.99710856521742,0.0,255.99710856521742
12/11/2025,15,110.57,250,409.56260869565216,0.0,255.99710856521742,0.0,255.99710856521742
12/11/2025,16,128.37,250,409.56260869565216,0.0,255.99710856521742,0.0,255.99710856521742
12/11/2025,17,130.0,250,409.56260869565216,0.0,255.99710856521742,0.0,255.99710856521742
12/11/2025,18,133.32,250,409.56260869565216,0.0,255.99710856521742,0.0,255.99710856521742
12/11/2025,19,130.0,250,409.56260869565216,0.0,255.99710856521742,0.0,255.99710856521742
12/11/2025,20,130.54,250,409.56260869565216,0.0,255.99710856521742,0.0,255.99710856521742
12/11/2025,21,130.0,250,409.56260869565216,0.0,255.99710856521742,0.0,255.99710856521742
12/11/2025,22,120.71,250,409.56260869565216,0.0,255.99710856521742,0.0,255.99710856521742
12/11/2025,23,114.5,250,409.56260869565216,0.0,255.99710856521742,0.0,255.99710856521742
12/11/2025,24,108.1,250,409.56260869565216,0.0,255.99710856521742,0.0,255.99710856521742
13/11/2025,1,113.29,250,409.56260869565216,0.0,255.99710856521742,0.0,255.99710856521742
13/11/2025,2,108.64,250,409.56260869565216,0.0,255.99710856521742,0.0,255.99710856521742
13/11/2025,3,105.1,250,409.56260869565216,0.0,255.99710856521742,0.0,255.99710856521742
13/11/2025,4,104.63,250,409.56260869565216,0.0,255.99710856521742,0.0,255.99710856521742
13/11/2025,5,104.79,250,409.56260869565216,0.0,255.99710856521742,0.0,255.99710856521742
13/11/2025,6,113.56,250,409.56260869565216,0.0,255.99710856521742,0.0,255.99710856521742
13/11/2025,7,132.29,250,409.56260869565216,0.0,255.99710856521742,0.0,255.99710856521742
13/11/2025,8,143.25,250,409.56260869565216,0.0,255.99710856521742,0.0,255.99710856521742
13/11/2025,9,125.91,250,409.56260869565216,0.0,255.99710856521742,0.0,255.99710856521742
13/11/2025,10,118.91,250,409.56260869565216,0.0,255.99710856521742,0.0,255.99710856521742
13/11/2025,11,110.41,250,409.56260869565216,0.0,255.99710856521742,0.0,255.99710856521742
13/11/2025,12,106.31,250,409.56260869565216,0.0,255.99710856521742,0.0,255.99710856521742
13/11/2025,13,102.28,250,409.56260869565216,0.0,255.99710856521742,0.0,255.99710856521742
13/11/2025,14,105.1,250,409.56260869565216,0.0,255.99710856521742,0.0,255.99710856521742
13/11/2025,15,121.49,250,409.56260869565216,0.0,255.99710856521742,0.0,255.99710856521742
13/11/2025,16,155.77,250,409.56260869565216,0.0,255.99710856521742,0.0,255.99710856521742
13/11/2025,17,156.92,250,409.56260869565216,0.0,255.99710856521742,0.0,255.99710856521742
13/11/2025,18,153.39,250,409.56260869565216,0.0,255.99710856521742,0.0,255.99710856521742
13/11/2025,19,149.89,250,409.56260869565216,0.0,255.99710856521742,0.0,255.99710856521742
13/11/2025,20,150.71,250,409.56260869565216,0.0,255.99710856521742,0.0,255.99710856521742
13/11/2025,21,149.86,250,409.56260869565216,0.0,255.99710856521742,0.0,255.99710856521742
13/11/2025,22,131.82,250,409.56260869565216,0.0,255.99710856521742,0.0,255.99710856521742
13/11/2025,23,120.91,250,409.56260869565216,0.0,255.99710856521742,0.0,255.99710856521742
13/11/2025,24,118.51,250,409.56260869565216,0.0,255.99710856521742,0.0,255.99710856521742
14/11/2025,1,106.58,250,409.56260869565216,0.0,255.99710856521742,0.0,255.99710856521742
14/11/2025,2,105.14,250,409.56260869565216,0.0,255.99710856521742,0.0,255.99710856521742
14/11/2025,3,104.5,250,409.56260869565216,0.0,255.99710856521742,0.0,255.99710856521742
14/11/2025,4,102.15,250,409.56260869565216,0.0,255.99710856521742,0.0,255.99710856521742
14/11/2025,5,101.29,250,409.56260869565216,0.0,255.99710856521742,0.0,255.99710856521742
14/11/2025,6,108.0,250,409.56260869565216,0.0,255.99710856521742,0.0,255.99710856521742
14/11/2025,7,115.8,250,409.56260869565216,0.0,255.99710856521742,0.0,255.99710856521742
14/11/2025,8,132.74,250,409.56260869565216,0.0,255.99710856521742,0.0,255.99710856521742
14/11/2025,9,133.4,250,409.56260869565216,0.0,255.99710856521742,0.0,255.99710856521742
14/11/2025,10,120.98,250,409.56260869565216,0.0,255.99710856521742,0.0,255.99710856521742
14/11/2025,11,117.6,250,409.56260869565216,0.0,255.99710856521742,0.0,255.99710856521742
14/11/2025,12,108.47,250,409.56260869565216,0.0,255.99710856521742,0.0,255.99710856521742
14/11/2025,13,104.52,250,409.56260869565216,0.0,255.99710856521742,0.0,255.99710856521742
14/11/2025,14,106.4,250,409.56260869565216,0.0,255.99710856521742,0.0,255.99710856521742
14/11/2025,15,120.49,250,409.56260869565216,0.0,255.99710856521742,0.0,255.99710856521742
14/11/2025,16,125.49,250,409.56260869565216,0.0,255.99710856521742,0.0,255.99710856521742
14/11/2025,17,130.98,250,409.56260869565216,0.0,255.99710856521742,0.0,255.99710856521742
14/11/2025,18,132.61,250,409.56260869565216,0.0,255.99710856521742,0.0,255.99710856521742
14/11/2025,19,129.47,250,409.56260869565216,0.0,255.99710856521742,0.0,255.99710856521742
14/11/2025,20,125.89,250,409.56260869565216,0.0,255.99710856521742,0.0,255.99710856521742
14/11/2025,21,119.04,250,409.56260869565216,0.0,255.99710856521742,0.0,255.99710856521742
14/11/2025,22,110.7,250,409.56260869565216,0.0,255.99710856521742,0.0,255.99710856521742
14/11/2025,23,111.52,250,409.56260869565216,0.0,255.99710856521742,0.0,255.99710856521742
14/11/2025,24,104.68,250,409.56260869565216,0.0,255.99710856521742,0.0,255.99710856521742
15/11/2025,1,111.83,250,409.56260869565216,0.0,255.99710856521742,0.0,255.99710856521742
15/11/2025,2,101.24,250,409.56260869565216,0.0,255.99710856521742,0.0,255.99710856521742
15/11/2025,3,98.42,250,409.56260869565216,0.0,255.99710856521742,0.0,255.99710856521742
15/11/2025,4,96.8,250,409.56260869565216,0.0,255.99710856521742,0.0,255.99710856521742
15/11/2025,5,96.33,250,409.56260869565216,0.0,255.99710856521742,0.0,255.99710856521742
15/11/2025,6,102.91,250,409.56260869565216,0.0,255.99710856521742,0.0,255.99710856521742
15/11/2025,7,108.78,250,409.56260869565216,0.0,255.99710856521742,0.0,255.99710856521742
15/11/2025,8,110.31,250,409.56260869565216,0.0,255.99710856521742,0.0,255.99710856521742
15/11/2025,9,107.71,250,409.56260869565216,0.0,255.99710856521742,0.0,255.99710856521742
15/11/2025,10,108.74,250,409.56260869565216,0.0,255.99710856521742,0.0,255.99710856521742
15/11/2025,11,108.5,250,409.56260869565216,0.0,255.99710856521742,0.0,255.99710856521742
15/11/2025,12,103.8,250,409.56260869565216,0.0,255.99710856521742,0.0,255.99710856521742
15/11/2025,13,105.1,250,409.56260869565216,0.0,255.99710856521742,0.0,255.99710856521742
15/11/2025,14,105.25,250,409.56260869565216,0.0,255.99710856521742,0.0,255.99710856521742
15/11/2025,15,112.14,250,409.56260869565216,0.0,255.99710856521742,0.0,255.99710856521742
15/11/2025,16,123.05,250,409.56260869565216,0.0,255.99710856521742,0.0,255.99710856521742
15/11/2025,17,125.0,250,409.56260869565216,0.0,255.99710856521742,0.0,255.99710856521742
15/11/2025,18,126.08,250,409.56260869565216,0.0,255.99710856521742,0.0,255.99710856521742
15/11/2025,19,130.0,250,409.56260869565216,0.0,255.99710856521742,0.0,255.99710856521742
15/11/2025,20,135.0,250,409.56260869565216,0.0,255.99710856521742,0.0,255.99710856521742
15/11/2025,21,125.84,250,409.56260869565216,0.0,255.99710856521742,0.0,255.99710856521742
15/11/2025,22,115.49,250,409.56260869565216,0.0,255.99710856521742,0.0,255.99710856521742
15/11/2025,23,113.89,250,409.56260869565216,0.0,255.99710856521742,0.0,255.99710856521742
15/11/2025,24,108.0,250,409.56260869565216,0.0,255.99710856521742,0.0,255.99710856521742
16/11/2025,1,108.17,250,409.56260869565216,0.0,255.99710856521742,0.0,255.99710856521742
16/11/2025,2,103.53,250,409.56260869565216,0.0,255.99710856521742,0.0,255.99710856521742
16/11/2025,3,101.5,250,409.56260869565216,0.0,255.99710856521742,0.0,255.99710856521742
16/11/2025,4,101.01,250,409.56260869565216,0.0,255.99710856521742,0.0,255.99710856521742
16/11/2025,5,101.56,250,409.56260869565216,0.0,255.99710856521742,0.0,255.99710856521742
16/11/2025,6,104.51,250,409.56260869565216,0.0,255.99710856521742,0.0,255.99710856521742
16/11/2025,7,105.1,250,409.56260869565216,0.0,255.99710856521742,0.0,255.99710856521742
16/11/2025,8,105.19,250,409.56260869565216,0.0,255.99710856521742,0.0,255.99710856521742
16/11/2025,9,105.1,250,409.56260869565216,0.0,255.99710856521742,0.0,255.99710856521742
16/11/2025,10,107.43,250,409.56260869565216,0.0,255.99710856521742,0.0,255.99710856521742
16/11/2025,11,105.85,250,409.56260869565216,0.0,255.99710856521742,0.0,255.99710856521742
16/11/2025,12,108.49,250,409.56260869565216,0.0,255.99710856521742,0.0,255.99710856521742
16/11/2025,13,108.56,250,409.56260869565216,0.0,255.99710856521742,0.0,255.99710856521742
16/11/2025,14,112.12,250,409.56260869565216,0.0,255.99710856521742,0.0,255.99710856521742
16/11/2025,15,116.3,250,409.56260869565216,0.0,255.99710856521742,0.0,255.99710856521742
16/11/2025,16,121.06,250,409.56260869565216,0.0,255.99710856521742,0.0,255.99710856521742
16/11/2025,17,130.0,250,409.56260869565216,0.0,255.99710856521742,0.0,255.99710856521742
16/11/2025,18,134.91,250,409.56260869565216,0.0,255.99710856521742,0.0,255.99710856521742
16/11/2025,19,127.5,250,409.56260869565216,0.0,255.99710856521742,0.0,255.99710856521742
16/11/2025,20,120.77,250,409.56260869565216,0.0,255.99710856521742,0.0,255.99710856521742
16/11/2025,21,120.79,250,409.56260869565216,0.0,255.99710856521742,0.0,255.99710856521742
16/11/2025,22,112.65,250,409.56260869565216,0.0,255.99710856521742,0.0,255.99710856521742
16/11/2025,23,107.55,250,409.56260869565216,0.0,255.99710856521742,0.0,255.99710856521742
16/11/2025,24,101.96,250,409.56260869565216,0.0,255.99710856521742,0.0,255.99710856521742
17/11/2025,1,91.77,250,409.56260869565216,0.0,255.99710856521742,0.0,255.99710856521742
17/11/2025,2,83.03,250,409.56260869565216,0.0,255.99710856521742,0.0,255.99710856521742
17/11/2025,3,76.81,250,409.56260869565216,0.0,255.99710856521742,0.0,255.99710856521742
17/11/2025,4,75.92,250,409.56260869565216,0.0,255.99710856521742,0.0,255.99710856521742
17/11/2025,5,80.34,250,409.56260869565216,0.0,255.99710856521742,0.0,255.99710856521742
17/11/2025,6,94.71,250,409.56260869565216,0.0,255.99710856521742,0.0,255.99710856521742
17/11/2025,7,108.0,250,409.56260869565216,0.0,255.99710856521742,0.0,255.99710856521742
17/11/2025,8,120.0,250,409.56260869565216,0.0,255.99710856521742,0.0,255.99710856521742
17/11/2025,9,124.45,250,409.56260869565216,0.0,255.99710856521742,0.0,255.99710856521742
17/11/2025,10,127.79,250,409.56260869565216,0.0,255.99710856521742,0.0,255.99710856521742
17/11/2025,11,123.18,250,409.56260869565216,0.0,255.99710856521742,0.0,255.99710856521742
17/11/2025,12,119.45,250,409.56260869565216,0.0,255.99710856521742,0.0,255.99710856521742
17/11/2025,13,112.48,250,409.56260869565216,0.0,255.99710856521742,0.0,255.99710856521742
17/11/2025,14,114.6,250,409.56260869565216,0.0,255.99710856521742,0.0,255.99710856521742
17/11/2025,15,119.2,250,409.56260869565216,0.0,255.99710856521742,0.0,255.99710856521742
17/11/2025,16,115.7,250,409.56260869565216,0.0,255.99710856521742,0.0,255.99710856521742
17/11/2025,17,120.13,250,409.56260869565216,0.0,255.99710856521742,0.0,255.99710856521742
17/11/2025,18,119.57,250,409.56260869565216,0.0,255.99710856521742,0.0,255.99710856521742
17/11/2025,19,121.23,250,409.56260869565216,0.0,255.99710856521742,0.0,255.99710856521742
17/11/2025,20,123.5,250,409.56260869565216,0.0,255.99710856521742,0.0,255.99710856521742
17/11/2025,21,119.4,250,409.56260869565216,0.0,255.99710856521742,0.0,255.99710856521742
17/11/2025,22,110.64,250,409.56260869565216,0.0,255.99710856521742,0.0,255.99710856521742
17/11/2025,23,105.1,250,409.56260869565216,0.0,255.99710856521742,0.0,255.99710856521742
17/11/2025,24,103.87,250,409.56260869565216,0.0,255.99710856521742,0.0,255.99710856521742
18/11/2025,1,103.6,250,409.56260869565216,0.0,255.99710856521742,0.0,255.99710856521742
18/11/2025,2,99.42,250,409.56260869565216,0.0,255.99710856521742,0.0,255.99710856521742
18/11/2025,3,97.85,250,409.56260869565216,0.0,255.99710856521742,0.0,255.99710856521742
18/11/2025,4,98.16,250,409.56260869565216,0.0,255.99710856521742,0.0,255.99710856521742
18/11/2025,5,97.92,250,409.56260869565216,0.0,255.99710856521742,0.0,255.99710856521742
18/11/2025,6,99.52,250,409.56260869565216,0.0,255.99710856521742,0.0,255.99710856521742
18/11/2025,7,109.6,250,409.56260869565216,0.0,255.99710856521742,0.0,255.99710856521742
18/11/2025,8,122.75,250,409.56260869565216,0.0,255.99710856521742,0.0,255.99710856521742
18/11/2025,9,128.99,250,409.56260869565216,0.0,255.99710856521742,0.0,255.99710856521742
18/11/2025,10,125.0,250,409.56260869565216,0.0,255.99710856521742,0.0,255.99710856521742
18/11/2025,11,120.98,250,409.56260869565216,0.0,255.99710856521742,0.0,255.99710856521742
18/11/2025,12,118.93,250,409.56260869565216,0.0,255.99710856521742,0.0,255.99710856521742
18/11/2025,13,110.76,250,409.56260869565216,0.0,255.99710856521742,0.0,255.99710856521742
18/11/2025,14,112.27,250,409.56260869565216,0.0,255.99710856521742,0.0,255.99710856521742
18/11/2025,15,119.77,250,409.56260869565216,0.0,255.99710856521742,0.0,255.99710856521742
18/11/2025,16,129.09,250,409.56260869565216,0.0,255.99710856521742,0.0,255.99710856521742
18/11/2025,17,135.66,250,409.56260869565216,0.0,255.99710856521742,0.0,255.99710856521742
18/11/2025,18,139.33,250,409.56260869565216,0.0,255.99710856521742,0.0,255.99710856521742
18/11/2025,19,136.91,250,409.56260869565216,0.0,255.99710856521742,0.0,255.99710856521742
18/11/2025,20,133.97,250,409.56260869565216,0.0,255.99710856521742,0.0,255.99710856521742
18/11/2025,21,125.34,250,409.56260869565216,0.0,255.99710856521742,0.0,255.99710856521742
18/11/2025,22,114.59,250,409.56260869565216,0.0,255.99710856521742,0.0,255.99710856521742
18/11/2025,23,111.77,250,409.56260869565216,0.0,255.99710856521742,0.0,255.99710856521742
18/11/2025,24,109.05,250,409.56260869565216,0.0,255.99710856521742,0.0,255.99710856521742
19/11/2025,1,105.1,250,409.56260869565216,0.0,255.99710856521742,0.0,255.99710856521742
19/11/2025,2,101.85,250,409.56260869565216,0.0,255.99710856521742,0.0,255.99710856521742
19/11/2025,3,101.09,250,409.56260869565216,0.0,255.99710856521742,0.0,255.99710856521742
19/11/2025,4,100.6,250,409.56260869565216,0.0,255.99710856521742,0.0,255.99710856521742
19/11/2025,5,100.54,250,409.56260869565216,0.0,255.99710856521742,0.0,255.99710856521742
19/11/2025,6,108.84,250,409.56260869565216,0.0,255.99710856521742,0.0,255.99710856521742
19/11/2025,7,122.04,250,409.56260869565216,0.0,255.99710856521742,0.0,255.99710856521742
19/11/2025,8,138.1,250,409.56260869565216,0.0,255.99710856521742,0.0,255.99710856521742
19/11/2025,9,135.0,250,409.56260869565216,0.0,255.99710856521742,0.0,255.99710856521742
19/11/2025,10,127.73,250,409.56260869565216,0.0,255.99710856521742,0.0,255.99710856521742
19/11/2025,11,116.02,250,409.56260869565216,0.0,255.99710856521742,0.0,255.99710856521742
19/11/2025,12,112.9,250,409.56260869565216,0.0,255.99710856521742,0.0,255.99710856521742
19/11/2025,13,112.0,250,409.56260869565216,0.0,255.99710856521742,0.0,255.99710856521742
19/11/2025,14,117.81,250,409.56260869565216,0.0,255.99710856521742,0.0,255.99710856521742
19/11/2025,15,133.9,250,409.56260869565216,0.0,255.99710856521742,0.0,255.99710856521742
19/11/2025,16,135.55,250,409.56260869565216,0.0,255.99710856521742,0.0,255.99710856521742
19/11/2025,17,140.0,250,409.56260869565216,0.0,255.99710856521742,0.0,255.99710856521742
19/11/2025,18,142.84,250,409.56260869565216,0.0,255.99710856521742,0.0,255.99710856521742
19/11/2025,19,134.64,250,409.56260869565216,0.0,255.99710856521742,0.0,255.99710856521742
19/11/2025,20,133.03,250,409.56260869565216,0.0,255.99710856521742,0.0,255.99710856521742
19/11/2025,21,128.82,250,409.56260869565216,0.0,255.99710856521742,0.0,255.99710856521742
19/11/2025,22,120.93,250,409.56260869565216,0.0,255.99710856521742,0.0,255.99710856521742
19/11/2025,23,115.72,250,409.56260869565216,0.0,255.99710856521742,0.0,255.99710856521742
19/11/2025,24,107.27,250,409.56260869565216,0.0,255.99710856521742,0.0,255.99710856521742
20/11/2025,1,110.0,250,409.56260869565216,0.0,255.99710856521742,0.0,255.99710856521742
20/11/2025,2,105.52,250,409.56260869565216,0.0,255.99710856521742,0.0,255.99710856521742
20/11/2025,3,105.71,250,409.56260869565216,0.0,255.99710856521742,0.0,255.99710856521742
20/11/2025,4,105.6,250,409.56260869565216,0.0,255.99710856521742,0.0,255.99710856521742
20/11/2025,5,105.57,250,409.56260869565216,0.0,255.99710856521742,0.0,255.99710856521742
20/11/2025,6,105.73,250,409.56260869565216,0.0,255.99710856521742,0.0,255.99710856521742
20/11/2025,7,125.0,250,409.56260869565216,0.0,255.99710856521742,0.0,255.99710856521742
20/11/2025,8,140.68,250,409.56260869565216,0.0,255.99710856521742,0.0,255.99710856521742
20/11/2025,9,150.78,250,409.56260869565216,0.0,255.99710856521742,0.0,255.99710856521742
20/11/2025,10,151.5,250,409.56260869565216,0.0,255.99710856521742,0.0,255.99710856521742
20/11/2025,11,150.0,250,409.56260869565216,0.0,255.99710856521742,0.0,255.99710856521742
20/11/2025,12,148.68,250,409.56260869565216,0.0,255.99710856521742,0.0,255.99710856521742
20/11/2025,13,146.65,250,409.56260869565216,0.0,255.99710856521742,0.0,255.99710856521742
20/11/2025,14,145.84,250,409.56260869565216,0.0,255.99710856521742,0.0,255.99710856521742
20/11/2025,15,150.48,250,409.56260869565216,0.0,255.99710856521742,0.0,255.99710856521742
20/11/2025,16,136.09,250,409.56260869565216,0.0,255.99710856521742,0.0,255.99710856521742
20/11/2025,17,150.5,250,409.56260869565216,0.0,255.99710856521742,0.0,255.99710856521742
20/11/2025,18,155.0,250,409.56260869565216,0.0,255.99710856521742,0.0,255.99710856521742
20/11/2025,19,157.0,250,409.56260869565216,0.0,255.99710856521742,0.0,255.99710856521742
20/11/2025,20,152.21,250,409.56260869565216,0.0,255.99710856521742,0.0,255.99710856521742
20/11/2025,21,129.6,250,409.56260869565216,0.0,255.99710856521742,0.0,255.99710856521742
20/11/2025,22,118.9,250,409.56260869565216,0.0,255.99710856521742,0.0,255.99710856521742
20/11/2025,23,112.63,250,409.56260869565216,0.0,255.99710856521742,0.0,255.99710856521742
20/11/2025,24,106.79,250,409.56260869565216,0.0,255.99710856521742,0.0,255.99710856521742
21/11/2025,1,105.61,250,409.56260869565216,0.0,255.99710856521742,0.0,255.99710856521742
21/11/2025,2,105.58,250,409.56260869565216,0.0,255.99710856521742,0.0,255.99710856521742
21/11/2025,3,104.96,250,409.56260869565216,0.0,255.99710856521742,0.0,255.99710856521742
21/11/2025,4,104.51,250,409.56260869565216,0.0,255.99710856521742,0.0,255.99710856521742
21/11/2025,5,105.1,250,409.56260869565216,0.0,255.99710856521742,0.0,255.99710856521742
21/11/2025,6,104.35,250,409.56260869565216,0.0,255.99710856521742,0.0,255.99710856521742
21/11/2025,7,116.83,250,409.56260869565216,0.0,255.99710856521742,0.0,255.99710856521742
21/11/2025,8,165.0,250,409.56260869565216,0.0,255.99710856521742,0.0,255.99710856521742
21/11/2025,9,196.76,250,409.56260869565216,0.0,255.99710856521742,0.0,255.99710856521742
21/11/2025,10,180.79,250,409.56260869565216,0.0,255.99710856521742,0.0,255.99710856521742
21/11/2025,11,166.63,250,409.56260869565216,0.0,255.99710856521742,0.0,255.99710856521742
21/11/2025,12,139.17,250,409.56260869565216,0.0,255.99710856521742,0.0,255.99710856521742
21/11/2025,13,133.09,250,409.56260869565216,0.0,255.99710856521742,0.0,255.99710856521742
21/11/2025,14,140.0,250,409.56260869565216,0.0,255.99710856521742,0.0,255.99710856521742
21/11/2025,15,159.31,250,409.56260869565216,0.0,255.99710856521742,0.0,255.99710856521742
21/11/2025,16,160.0,250,409.56260869565216,0.0,255.99710856521742,0.0,255.99710856521742
21/11/2025,17,158.65,250,409.56260869565216,0.0,255.99710856521742,0.0,255.99710856521742
21/11/2025,18,160.75,250,409.56260869565216,0.0,255.99710856521742,0.0,255.99710856521742
21/11/2025,19,171.1,250,409.56260869565216,0.0,255.99710856521742,0.0,255.99710856521742
21/11/2025,20,162.11,250,409.56260869565216,0.0,255.99710856521742,0.0,255.99710856521742
21/11/2025,21,135.34,250,409.56260869565216,0.0,255.99710856521742,0.0,255.99710856521742
21/11/2025,22,118.02,250,409.56260869565216,0.0,255.99710856521742,0.0,255.99710856521742
21/11/2025,23,113.08,250,409.56260869565216,0.0,255.99710856521742,0.0,255.99710856521742
21/11/2025,24,110.31,250,409.56260869565216,0.0,255.99710856521742,0.0,255.99710856521742
22/11/2025,1,120.0,250,409.56260869565216,0.0,255.99710856521742,0.0,255.99710856521742
22/11/2025,2,112.64,250,409.56260869565216,0.0,255.99710856521742,0.0,255.99710856521742
22/11/2025,3,110.35,250,409.56260869565216,0.0,255.99710856521742,0.0,255.99710856521742
22/11/2025,4,110.5,250,409.56260869565216,0.0,255.99710856521742,0.0,255.99710856521742
22/11/2025,5,108.9,250,409.56260869565216,0.0,255.99710856521742,0.0,255.99710856521742
22/11/2025,6,105.77,250,409.56260869565216,0.0,255.99710856521742,0.0,255.99710856521742
22/11/2025,7,117.63,250,409.56260869565216,0.0,255.99710856521742,0.0,255.99710856521742
22/11/2025,8,121.68,250,409.56260869565216,0.0,255.99710856521742,0.0,255.99710856521742
22/11/2025,9,121.55,250,409.56260869565216,0.0,255.99710856521742,0.0,255.99710856521742
22/11/2025,10,117.6,250,409.56260869565216,0.0,255.99710856521742,0.0,255.99710856521742
22/11/2025,11,109.96,250,409.56260869565216,0.0,255.99710856521742,0.0,255.99710856521742
22/11/2025,12,105.1,250,409.56260869565216,0.0,255.99710856521742,0.0,255.99710856521742
22/11/2025,13,100.03,250,409.56260869565216,0.0,255.99710856521742,0.0,255.99710856521742
22/11/2025,14,100.05,250,409.56260869565216,0.0,255.99710856521742,0.0,255.99710856521742
22/11/2025,15,108.61,250,409.56260869565216,0.0,255.99710856521742,0.0,255.99710856521742
22/11/2025,16,121.07,250,409.56260869565216,0.0,255.99710856521742,0.0,255.99710856521742
22/11/2025,17,135.53,250,409.56260869565216,0.0,255.99710856521742,0.0,255.99710856521742
22/11/2025,18,144.65,250,409.56260869565216,0.0,255.99710856521742,0.0,255.99710856521742
22/11/2025,19,133.51,250,409.56260869565216,0.0,255.99710856521742,0.0,255.99710856521742
22/11/2025,20,129.52,250,409.56260869565216,0.0,255.99710856521742,0.0,255.99710856521742
22/11/2025,21,125.4,250,409.56260869565216,0.0,255.99710856521742,0.0,255.99710856521742
22/11/2025,22,120.23,250,409.56260869565216,0.0,255.99710856521742,0.0,255.99710856521742
22/11/2025,23,119.66,250,409.56260869565216,0.0,255.99710856521742,0.0,255.99710856521742
22/11/2025,24,112.19,250,409.56260869565216,0.0,255.99710856521742,0.0,255.99710856521742
23/11/2025,1,105.1,250,409.56260869565216,0.0,255.99710856521742,0.0,255.99710856521742
23/11/2025,2,97.07,250,409.56260869565216,0.0,255.99710856521742,0.0,255.99710856521742
23/11/2025,3,96.55,250,409.56260869565216,0.0,255.99710856521742,0.0,255.99710856521742
23/11/2025,4,101.9,250,409.56260869565216,0.0,255.99710856521742,0.0,255.99710856521742
23/11/2025,5,104.17,250,409.56260869565216,0.0,255.99710856521742,0.0,255.99710856521742
23/11/2025,6,93.52,250,409.56260869565216,0.0,255.99710856521742,0.0,255.99710856521742
23/11/2025,7,102.08,250,409.56260869565216,0.0,255.99710856521742,0.0,255.99710856521742
23/11/2025,8,105.1,250,409.56260869565216,0.0,255.99710856521742,0.0,255.99710856521742
23/11/2025,9,104.49,250,409.56260869565216,0.0,255.99710856521742,0.0,255.99710856521742
23/11/2025,10,104.79,250,409.56260869565216,0.0,255.99710856521742,0.0,255.99710856521742
23/11/2025,11,102.3,250,409.56260869565216,0.0,255.99710856521742,0.0,255.99710856521742
23/11/2025,12,104.78,250,409.56260869565216,0.0,255.99710856521742,0.0,255.99710856521742
23/11/2025,13,105.1,250,409.56260869565216,0.0,255.99710856521742,0.0,255.99710856521742
23/11/2025,14,97.82,250,409.56260869565216,0.0,255.99710856521742,0.0,255.99710856521742
23/11/2025,15,106.64,250,409.56260869565216,0.0,255.99710856521742,0.0,255.99710856521742
23/11/2025,16,110.9,250,409.56260869565216,0.0,255.99710856521742,0.0,255.99710856521742
23/11/2025,17,122.89,250,409.56260869565216,0.0,255.99710856521742,0.0,255.99710856521742
23/11/2025,18,128.06,250,409.56260869565216,0.0,255.99710856521742,0.0,255.99710856521742
23/11/2025,19,129.57,250,409.56260869565216,0.0,255.99710856521742,0.0,255.99710856521742
23/11/2025,20,131.52,250,409.56260869565216,0.0,255.99710856521742,0.0,255.99710856521742
23/11/2025,21,128.64,250,409.56260869565216,0.0,255.99710856521742,0.0,255.99710856521742
23/11/2025,22,122.36,250,409.56260869565216,0.0,255.99710856521742,0.0,255.99710856521742
23/11/2025,23,111.55,250,409.56260869565216,0.0,255.99710856521742,0.0,255.99710856521742
23/11/2025,24,105.48,250,409.56260869565216,0.0,255.99710856521742,0.0,255.99710856521742
24/11/2025,1,105.2,250,409.56260869565216,0.0,255.99710856521742,0.0,255.99710856521742
24/11/2025,2,101.0,250,409.56260869565216,0.0,255.99710856521742,0.0,255.99710856521742
24/11/2025,3,96.55,250,409.56260869565216,0.0,255.99710856521742,0.0,255.99710856521742
24/11/2025,4,93.58,250,409.56260869565216,0.0,255.99710856521742,0.0,255.99710856521742
24/11/2025,5,94.45,250,409.56260869565216,0.0,255.99710856521742,0.0,255.99710856521742
24/11/2025,6,103.49,250,409.56260869565216,0.0,255.99710856521742,0.0,255.99710856521742
24/11/2025,7,113.1,250,409.56260869565216,0.0,255.99710856521742,0.0,255.99710856521742
24/11/2025,8,133.95,250,409.56260869565216,0.0,255.99710856521742,0.0,255.99710856521742
24/11/2025,9,145.27,250,409.56260869565216,0.0,255.99710856521742,0.0,255.99710856521742
24/11/2025,10,149.87,250,409.56260869565216,0.0,255.99710856521742,0.0,255.99710856521742
24/11/2025,11,154.59,250,409.56260869565216,0.0,255.99710856521742,0.0,255.99710856521742
24/11/2025,12,160.24,250,409.56260869565216,0.0,255.99710856521742,0.0,255.99710856521742
24/11/2025,13,165.15,250,409.56260869565216,0.0,255.99710856521742,0.0,255.99710856521742
24/11/2025,14,177.84,250,409.56260869565216,0.0,255.99710856521742,0.0,255.99710856521742
24/11/2025,15,179.49,250,409.56260869565216,0.0,255.99710856521742,0.0,255.99710856521742
24/11/2025,16,169.13,250,409.56260869565216,0.0,255.99710856521742,0.0,255.99710856521742
24/11/2025,17,180.0,250,409.56260869565216,0.0,255.99710856521742,0.0,255.99710856521742
24/11/2025,18,175.11,250,409.56260869565216,0.0,255.99710856521742,0.0,255.99710856521742
24/11/2025,19,157.6,250,409.56260869565216,0.0,255.99710856521742,0.0,255.99710856521742
24/11/2025,20,157.6,250,409.56260869565216,0.0,255.99710856521742,0.0,255.99710856521742
24/11/2025,21,134.47,250,409.56260869565216,0.0,255.99710856521742,0.0,255.99710856521742
24/11/2025,22,128.57,250,409.56260869565216,0.0,255.99710856521742,0.0,255.99710856521742
24/11/2025,23,121.4,250,409.56260869565216,0.0,255.99710856521742,0.0,255.99710856521742
24/11/2025,24,108.8,250,409.56260869565216,0.0,255.99710856521742,0.0,255.99710856521742
25/11/2025,1,105.98,250,409.56260869565216,0.0,255.99710856521742,0.0,255.99710856521742
25/11/2025,2,104.15,250,409.56260869565216,0.0,255.99710856521742,0.0,255.99710856521742
25/11/2025,3,103.33,250,409.56260869565216,0.0,255.99710856521742,0.0,255.99710856521742
25/11/2025,4,101.84,250,409.56260869565216,0.0,255.99710856521742,0.0,255.99710856521742
25/11/2025,5,105.42,250,409.56260869565216,0.0,255.99710856521742,0.0,255.99710856521742
25/11/2025,6,109.27,250,409.56260869565216,0.0,255.99710856521742,0.0,255.99710856521742
25/11/2025,7,137.02,250,409.56260869565216,0.0,255.99710856521742,0.0,255.99710856521742
25/11/2025,8,174.19,250,409.56260869565216,0.0,255.99710856521742,0.0,255.99710856521742
25/11/2025,9,200.0,250,409.56260869565216,0.0,255.99710856521742,0.0,255.99710856521742
25/11/2025,10,245.0,250,409.56260869565216,0.0,255.99710856521742,0.0,255.99710856521742
25/11/2025,11,215.0,250,409.56260869565216,0.0,255.99710856521742,0.0,255.99710856521742
25/11/2025,12,209.1,250,409.56260869565216,0.0,255.99710856521742,0.0,255.99710856521742
25/11/2025,13,170.0,250,409.56260869565216,0.0,255.99710856521742,0.0,255.99710856521742
25/11/2025,14,165.0,250,409.56260869565216,0.0,255.99710856521742,0.0,255.99710856521742
25/11/2025,15,180.0,250,409.56260869565216,0.0,255.99710856521742,0.0,255.99710856521742
25/11/2025,16,157.64,250,409.56260869565216,0.0,255.99710856521742,0.0,255.99710856521742
25/11/2025,17,160.0,250,409.56260869565216,0.0,255.99710856521742,0.0,255.99710856521742
25/11/2025,18,160.43,250,409.56260869565216,0.0,255.99710856521742,0.0,255.99710856521742
25/11/2025,19,175.0,250,409.56260869565216,0.0,255.99710856521742,0.0,255.99710856521742
25/11/2025,20,168.75,250,409.56260869565216,0.0,255.99710856521742,0.0,255.99710856521742
25/11/2025,21,156.79,250,409.56260869565216,0.0,255.99710856521742,0.0,255.99710856521742
25/11/2025,22,131.88,250,409.56260869565216,0.0,255.99710856521742,0.0,255.99710856521742
25/11/2025,23,112.99,250,409.56260869565216,0.0,255.99710856521742,0.0,255.99710856521742
25/11/2025,24,105.23,250,409.56260869565216,0.0,255.99710856521742,0.0,255.99710856521742
26/11/2025,1,101.37,250,409.56260869565216,0.0,255.99710856521742,0.0,255.99710856521742
26/11/2025,2,102.5,250,409.56260869565216,0.0,255.99710856521742,0.0,255.99710856521742
26/11/2025,3,100.71,250,409.56260869565216,0.0,255.99710856521742,0.0,255.99710856521742
26/11/2025,4,101.93,250,409.56260869565216,0.0,255.99710856521742,0.0,255.99710856521742
26/11/2025,5,101.62,250,409.56260869565216,0.0,255.99710856521742,0.0,255.99710856521742
26/11/2025,6,102.91,250,409.56260869565216,0.0,255.99710856521742,0.0,255.99710856521742
26/11/2025,7,123.38,250,409.56260869565216,0.0,255.99710856521742,0.0,255.99710856521742
26/11/2025,8,185.51,250,409.56260869565216,0.0,255.99710856521742,0.0,255.99710856521742
26/11/2025,9,210.0,250,409.56260869565216,0.0,255.99710856521742,0.0,255.99710856521742
26/11/2025,10,204.69,250,409.56260869565216,0.0,255.99710856521742,0.0,255.99710856521742
26/11/2025,11,187.08,250,409.56260869565216,0.0,255.99710856521742,0.0,255.99710856521742
26/11/2025,12,170.0,250,409.56260869565216,0.0,255.99710856521742,0.0,255.99710856521742
26/11/2025,13,160.1,250,409.56260869565216,0.0,255.99710856521742,0.0,255.99710856521742
26/11/2025,14,168.61,250,409.56260869565216,0.0,255.99710856521742,0.0,255.99710856521742
26/11/2025,15,182.07,250,409.56260869565216,0.0,255.99710856521742,0.0,255.99710856521742
26/11/2025,16,180.0,250,409.56260869565216,0.0,255.99710856521742,0.0,255.99710856521742
26/11/2025,17,195.41,250,409.56260869565216,0.0,255.99710856521742,0.0,255.99710856521742
26/11/2025,18,195.0,250,409.56260869565216,0.0,255.99710856521742,0.0,255.99710856521742
26/11/2025,19,187.28,250,409.56260869565216,0.0,255.99710856521742,0.0,255.99710856521742
26/11/2025,20,186.25,250,409.56260869565216,0.0,255.99710856521742,0.0,255.99710856521742
26/11/2025,21,162.78,250,409.56260869565216,0.0,255.99710856521742,0.0,255.99710856521742
26/11/2025,22,129.3,250,409.56260869565216,0.0,255.99710856521742,0.0,255.99710856521742
26/11/2025,23,115.33,250,409.56260869565216,0.0,255.99710856521742,0.0,255.99710856521742
26/11/2025,24,110.94,250,409.56260869565216,0.0,255.99710856521742,0.0,255.99710856521742
27/11/2025,1,107.63,250,409.56260869565216,0.0,255.99710856521742,0.0,255.99710856521742
27/11/2025,2,104.47,250,409.56260869565216,0.0,255.99710856521742,0.0,255.99710856521742
27/11/2025,3,105.1,250,409.56260869565216,0.0,255.99710856521742,0.0,255.99710856521742
27/11/2025,4,105.41,250,409.56260869565216,0.0,255.99710856521742,0.0,255.99710856521742
27/11/2025,5,105.1,250,409.56260869565216,0.0,255.99710856521742,0.0,255.99710856521742
27/11/2025,6,105.1,250,409.56260869565216,0.0,255.99710856521742,0.0,255.99710856521742
27/11/2025,7,115.33,250,409.56260869565216,0.0,255.99710856521742,0.0,255.99710856521742
27/11/2025,8,133.5,250,409.56260869565216,0.0,255.99710856521742,0.0,255.99710856521742
27/11/2025,9,149.67,250,409.56260869565216,0.0,255.99710856521742,0.0,255.99710856521742
27/11/2025,10,132.55,250,409.56260869565216,0.0,255.99710856521742,0.0,255.99710856521742
27/11/2025,11,121.25,250,409.56260869565216,0.0,255.99710856521742,0.0,255.99710856521742
27/11/2025,12,116.07,250,409.56260869565216,0.0,255.99710856521742,0.0,255.99710856521742
27/11/2025,13,111.31,250,409.56260869565216,0.0,255.99710856521742,0.0,255.99710856521742
27/11/2025,14,115.49,250,409.56260869565216,0.0,255.99710856521742,0.0,255.99710856521742
27/11/2025,15,128.44,250,409.56260869565216,0.0,255.99710856521742,0.0,255.99710856521742
27/11/2025,16,141.02,250,409.56260869565216,0.0,255.99710856521742,0.0,255.99710856521742
27/11/2025,17,152.16,250,409.56260869565216,0.0,255.99710856521742,0.0,255.99710856521742
27/11/2025,18,141.35,250,409.56260869565216,0.0,255.99710856521742,0.0,255.99710856521742
27/11/2025,19,135.73,250,409.56260869565216,0.0,255.99710856521742,0.0,255.99710856521742
27/11/2025,20,134.05,250,409.56260869565216,0.0,255.99710856521742,0.0,255.99710856521742
27/11/2025,21,121.0,250,409.56260869565216,0.0,255.99710856521742,0.0,255.99710856521742
27/11/2025,22,110.33,250,409.56260869565216,0.0,255.99710856521742,0.0,255.99710856521742
27/11/2025,23,106.17,250,409.56260869565216,0.0,255.99710856521742,0.0,255.99710856521742
27/11/2025,24,104.35,250,409.56260869565216,0.0,255.99710856521742,0.0,255.99710856521742
28/11/2025,1,105.99,250,409.56260869565216,0.0,255.99710856521742,0.0,255.99710856521742
28/11/2025,2,103.61,250,409.56260869565216,0.0,255.99710856521742,0.0,255.99710856521742
28/11/2025,3,102.2,250,409.56260869565216,0.0,255.99710856521742,0.0,255.99710856521742
28/11/2025,4,100.0,250,409.56260869565216,0.0,255.99710856521742,0.0,255.99710856521742
28/11/2025,5,100.25,250,409.56260869565216,0.0,255.99710856521742,0.0,255.99710856521742
28/11/2025,6,105.34,250,409.56260869565216,0.0,255.99710856521742,0.0,255.99710856521742
28/11/2025,7,124.14,250,409.56260869565216,0.0,255.99710856521742,0.0,255.99710856521742
28/11/2025,8,143.54,250,409.56260869565216,0.0,255.99710856521742,0.0,255.99710856521742
28/11/2025,9,160.05,250,409.56260869565216,0.0,255.99710856521742,0.0,255.99710856521742
28/11/2025,10,148.57,250,409.56260869565216,0.0,255.99710856521742,0.0,255.99710856521742
28/11/2025,11,131.22,250,409.56260869565216,0.0,255.99710856521742,0.0,255.99710856521742
28/11/2025,12,124.15,250,409.56260869565216,0.0,255.99710856521742,0.0,255.99710856521742
28/11/2025,13,115.51,250,409.56260869565216,0.0,255.99710856521742,0.0,255.99710856521742
28/11/2025,14,117.15,250,409.56260869565216,0.0,255.99710856521742,0.0,255.99710856521742
28/11/2025,15,124.6,250,409.56260869565216,0.0,255.99710856521742,0.0,255.99710856521742
28/11/2025,16,129.01,250,409.56260869565216,0.0,255.99710856521742,0.0,255.99710856521742
28/11/2025,17,137.7,250,409.56260869565216,0.0,255.99710856521742,0.0,255.99710856521742
28/11/2025,18,135.24,250,409.56260869565216,0.0,255.99710856521742,0.0,255.99710856521742
28/11/2025,19,135.9,250,409.56260869565216,0.0,255.99710856521742,0.0,255.99710856521742
28/11/2025,20,134.67,250,409.56260869565216,0.0,255.99710856521742,0.0,255.99710856521742
28/11/2025,21,124.17,250,409.56260869565216,0.0,255.99710856521742,0.0,255.99710856521742
28/11/2025,22,117.25,250,409.56260869565216,0.0,255.99710856521742,0.0,255.99710856521742
28/11/2025,23,118.79,250,409.56260869565216,0.0,255.99710856521742,0.0,255.99710856521742
28/11/2025,24,108.21,250,409.56260869565216,0.0,255.99710856521742,0.0,255.99710856521742
29/11/2025,1,111.16,250,409.56260869565216,0.0,255.99710856521742,0.0,255.99710856521742
29/11/2025,2,105.14,250,409.56260869565216,0.0,255.99710856521742,0.0,255.99710856521742
29/11/2025,3,103.71,250,409.56260869565216,0.0,255.99710856521742,0.0,255.99710856521742
29/11/2025,4,106.28,250,409.56260869565216,0.0,255.99710856521742,0.0,255.99710856521742
29/11/2025,5,106.94,250,409.56260869565216,0.0,255.99710856521742,0.0,255.99710856521742
29/11/2025,6,103.27,250,409.56260869565216,0.0,255.99710856521742,0.0,255.99710856521742
29/11/2025,7,107.34,250,409.56260869565216,0.0,255.99710856521742,0.0,255.99710856521742
29/11/2025,8,119.08,250,409.56260869565216,0.0,255.99710856521742,0.0,255.99710856521742
29/11/2025,9,120.55,250,409.56260869565216,0.0,255.99710856521742,0.0,255.99710856521742
29/11/2025,10,113.7,250,409.56260869565216,0.0,255.99710856521742,0.0,255.99710856521742
29/11/2025,11,105.51,250,409.56260869565216,0.0,255.99710856521742,0.0,255.99710856521742
29/11/2025,12,103.43,250,409.56260869565216,0.0,255.99710856521742,0.0,255.99710856521742
29/11/2025,13,101.51,250,409.56260869565216,0.0,255.99710856521742,0.0,255.99710856521742
29/11/2025,14,98.52,250,409.56260869565216,0.0,255.99710856521742,0.0,255.99710856521742
29/11/2025,15,105.1,250,409.56260869565216,0.0,255.99710856521742,0.0,255.99710856521742
29/11/2025,16,116.7,250,409.56260869565216,0.0,255.99710856521742,0.0,255.99710856521742
29/11/2025,17,127.5,250,409.56260869565216,0.0,255.99710856521742,0.0,255.99710856521742
29/11/2025,18,130.49,250,409.56260869565216,0.0,255.99710856521742,0.0,255.99710856521742
29/11/2025,19,134.08,250,409.56260869565216,0.0,255.99710856521742,0.0,255.99710856521742
29/11/2025,20,135.0,250,409.56260869565216,0.0,255.99710856521742,0.0,255.99710856521742
29/11/2025,21,130.73,250,409.56260869565216,0.0,255.99710856521742,0.0,255.99710856521742
29/11/2025,22,120.11,250,409.56260869565216,0.0,255.99710856521742,0.0,255.99710856521742
29/11/2025,23,118.29,250,409.56260869565216,0.0,255.99710856521742,0.0,255.99710856521742
29/11/2025,24,118.5,250,409.56260869565216,0.0,255.99710856521742,0.0,255.99710856521742
30/11/2025,1,105.64,250,409.56260869565216,0.0,255.99710856521742,0.0,255.99710856521742
30/11/2025,2,104.92,250,409.56260869565216,0.0,255.99710856521742,0.0,255.99710856521742
30/11/2025,3,105.1,250,409.56260869565216,0.0,255.99710856521742,0.0,255.99710856521742
30/11/2025,4,105.01,250,409.56260869565216,0.0,255.99710856521742,0.0,255.99710856521742
30/11/2025,5,104.33,250,409.56260869565216,0.0,255.99710856521742,0.0,255.99710856521742
30/11/2025,6,102.21,250,409.56260869565216,0.0,255.99710856521742,0.0,255.99710856521742
30/11/2025,7,103.04,250,409.56260869565216,0.0,255.99710856521742,0.0,255.99710856521742
30/11/2025,8,106.25,250,409.56260869565216,0.0,255.99710856521742,0.0,255.99710856521742
30/11/2025,9,105.45,250,409.56260869565216,0.0,255.99710856521742,0.0,255.99710856521742
30/11/2025,10,102.46,250,409.56260869565216,0.0,255.99710856521742,0.0,255.99710856521742
30/11/2025,11,97.28,250,409.56260869565216,0.0,255.99710856521742,0.0,255.99710856521742
30/11/2025,12,90.59,250,409.56260869565216,0.0,255.99710856521742,0.0,255.99710856521742
30/11/2025,13,95.59,250,409.56260869565216,0.0,255.99710856521742,0.0,255.99710856521742
30/11/2025,14,97.89,250,409.56260869565216,0.0,255.99710856521742,0.0,255.99710856521742
30/11/2025,15,104.61,250,409.56260869565216,0.0,255.99710856521742,0.0,255.99710856521742
30/11/2025,16,117.25,250,409.56260869565216,0.0,255.99710856521742,0.0,255.99710856521742
30/11/2025,17,126.34,250,409.56260869565216,0.0,255.99710856521742,0.0,255.99710856521742
30/11/2025,18,127.63,250,409.56260869565216,0.0,255.99710856521742,0.0,255.99710856521742
30/11/2025,19,129.22,250,409.56260869565216,0.0,255.99710856521742,0.0,255.99710856521742
30/11/2025,20,131.05,250,409.56260869565216,0.0,255.99710856521742,0.0,255.99710856521742
30/11/2025,21,129.91,250,409.56260869565216,0.0,255.99710856521742,0.0,255.99710856521742
30/11/2025,22,120.73,250,409.56260869565216,0.0,255.99710856521742,0.0,255.99710856521742
30/11/2025,23,116.23,250,409.56260869565216,0.0,255.99710856521742,0.0,255.99710856521742
30/11/2025,24,107.2,250,409.56260869565216,0.0,255.99710856521742,0.0,255.99710856521742
01/12/2025,1,101.63,250,409.56260869565216,0.0,255.99710856521742,0.0,255.99710856521742
01/12/2025,2,102.49,250,409.56260869565216,0.0,255.99710856521742,0.0,255.99710856521742
01/12/2025,3,101.61,250,409.56260869565216,0.0,255.99710856521742,0.0,255.99710856521742
01/12/2025,4,98.98,250,409.56260869565216,0.0,255.99710856521742,0.0,255.99710856521742
01/12/2025,5,100.46,250,409.56260869565216,0.0,255.99710856521742,0.0,255.99710856521742
01/12/2025,6,105.16,250,409.56260869565216,0.0,255.99710856521742,0.0,255.99710856521742
01/12/2025,7,119.32,250,409.56260869565216,0.0,255.99710856521742,0.0,255.99710856521742
01/12/2025,8,136.14,250,409.56260869565216,0.0,255.99710856521742,0.0,255.99710856521742
01/12/2025,9,145.71,250,409.56260869565216,0.0,255.99710856521742,0.0,255.99710856521742
01/12/2025,10,143.22,250,409.56260869565216,0.0,255.99710856521742,0.0,255.99710856521742
01/12/2025,11,139.81,250,409.56260869565216,0.0,255.99710856521742,0.0,255.99710856521742
01/12/2025,12,137.2,250,409.56260869565216,0.0,255.99710856521742,0.0,255.99710856521742
01/12/2025,13,130.0,250,409.56260869565216,0.0,255.99710856521742,0.0,255.99710856521742
01/12/2025,14,136.49,250,409.56260869565216,0.0,255.99710856521742,0.0,255.99710856521742
01/12/2025,15,148.95,250,409.56260869565216,0.0,255.99710856521742,0.0,255.99710856521742
01/12/2025,16,160.0,250,409.56260869565216,0.0,255.99710856521742,0.0,255.99710856521742
01/12/2025,17,148.71,250,409.56260869565216,0.0,255.99710856521742,0.0,255.99710856521742
01/12/2025,18,160.0,250,409.56260869565216,0.0,255.99710856521742,0.0,255.99710856521742
01/12/2025,19,162.17,250,409.56260869565216,0.0,255.99710856521742,0.0,255.99710856521742
01/12/2025,20,147.33,250,409.56260869565216,0.0,255.99710856521742,0.0,255.99710856521742
01/12/2025,21,143.62,250,409.56260869565216,0.0,255.99710856521742,0.0,255.99710856521742
01/12/2025,22,136.43,250,409.56260869565216,0.0,255.99710856521742,0.0,255.99710856521742
01/12/2025,23,126.39,250,409.56260869565216,0.0,255.99710856521742,0.0,255.99710856521742
01/12/2025,24,112.92,250,409.56260869565216,0.0,255.99710856521742,0.0,255.99710856521742
02/12/2025,1,107.63,250,409.56260869565216,0.0,255.99710856521742,0.0,255.99710856521742
02/12/2025,2,104.05,250,409.56260869565216,0.0,255.99710856521742,0.0,255.99710856521742
02/12/2025,3,104.76,250,409.56260869565216,0.0,255.99710856521742,0.0,255.99710856521742
02/12/2025,4,104.07,250,409.56260869565216,0.0,255.99710856521742,0.0,255.99710856521742
02/12/2025,5,103.8,250,409.56260869565216,0.0,255.99710856521742,0.0,255.99710856521742
02/12/2025,6,107.9,250,409.56260869565216,0.0,255.99710856521742,0.0,255.99710856521742
02/12/2025,7,121.18,250,409.56260869565216,0.0,255.99710856521742,0.0,255.99710856521742
02/12/2025,8,137.3,250,409.56260869565216,0.0,255.99710856521742,0.0,255.99710856521742
02/12/2025,9,145.0,250,409.56260869565216,0.0,255.99710856521742,0.0,255.99710856521742
02/12/2025,10,152.77,250,409.56260869565216,0.0,255.99710856521742,0.0,255.99710856521742
02/12/2025,11,152.31,250,409.56260869565216,0.0,255.99710856521742,0.0,255.99710856521742
02/12/2025,12,144.44,250,409.56260869565216,0.0,255.99710856521742,0.0,255.99710856521742
02/12/2025,13,130.5,250,409.56260869565216,0.0,255.99710856521742,0.0,255.99710856521742
02/12/2025,14,130.0,250,409.56260869565216,0.0,255.99710856521742,0.0,255.99710856521742
02/12/2025,15,135.1,250,409.56260869565216,0.0,255.99710856521742,0.0,255.99710856521742
02/12/2025,16,150.89,250,409.56260869565216,0.0,255.99710856521742,0.0,255.99710856521742
02/12/2025,17,177.26,250,409.56260869565216,0.0,255.99710856521742,0.0,255.99710856521742
02/12/2025,18,185.0,250,409.56260869565216,0.0,255.99710856521742,0.0,255.99710856521742
02/12/2025,19,167.58,250,409.56260869565216,0.0,255.99710856521742,0.0,255.99710856521742
02/12/2025,20,152.08,250,409.56260869565216,0.0,255.99710856521742,0.0,255.99710856521742
02/12/2025,21,130.0,250,409.56260869565216,0.0,255.99710856521742,0.0,255.99710856521742
02/12/2025,22,129.93,250,409.56260869565216,0.0,255.99710856521742,0.0,255.99710856521742
02/12/2025,23,120.11,250,409.56260869565216,0.0,255.99710856521742,0.0,255.99710856521742
02/12/2025,24,108.11,250,409.56260869565216,0.0,255.99710856521742,0.0,255.99710856521742
03/12/2025,1,105.39,250,409.56260869565216,0.0,255.99710856521742,0.0,255.99710856521742
03/12/2025,2,106.6,250,409.56260869565216,0.0,255.99710856521742,0.0,255.99710856521742
03/12/2025,3,102.11,250,409.56260869565216,0.0,255.99710856521742,0.0,255.99710856521742
03/12/2025,4,103.99,250,409.56260869565216,0.0,255.99710856521742,0.0,255.99710856521742
03/12/2025,5,105.2,250,409.56260869565216,0.0,255.99710856521742,0.0,255.99710856521742
03/12/2025,6,107.28,250,409.56260869565216,0.0,255.99710856521742,0.0,255.99710856521742
03/12/2025,7,121.2,250,409.56260869565216,0.0,255.99710856521742,0.0,255.99710856521742
03/12/2025,8,177.07,250,409.56260869565216,0.0,255.99710856521742,0.0,255.99710856521742
03/12/2025,9,185.6,250,409.56260869565216,0.0,255.99710856521742,0.0,255.99710856521742
03/12/2025,10,168.96,250,409.56260869565216,0.0,255.99710856521742,0.0,255.99710856521742
03/12/2025,11,160.98,250,409.56260869565216,0.0,255.99710856521742,0.0,255.99710856521742
03/12/2025,12,157.88,250,409.56260869565216,0.0,255.99710856521742,0.0,255.99710856521742
03/12/2025,13,147.65,250,409.56260869565216,0.0,255.99710856521742,0.0,255.99710856521742
03/12/2025,14,150.11,250,409.56260869565216,0.0,255.99710856521742,0.0,255.99710856521742
03/12/2025,15,173.5,250,409.56260869565216,0.0,255.99710856521742,0.0,255.99710856521742
03/12/2025,16,185.48,250,409.56260869565216,0.0,255.99710856521742,0.0,255.99710856521742
03/12/2025,17,185.5,250,409.56260869565216,0.0,255.99710856521742,0.0,255.99710856521742
03/12/2025,18,189.9,250,409.56260869565216,0.0,255.99710856521742,0.0,255.99710856521742
03/12/2025,19,190.0,250,409.56260869565216,0.0,255.99710856521742,0.0,255.99710856521742
03/12/2025,20,172.0,250,409.56260869565216,0.0,255.99710856521742,0.0,255.99710856521742
03/12/2025,21,141.7,250,409.56260869565216,0.0,255.99710856521742,0.0,255.99710856521742
03/12/2025,22,124.26,250,409.56260869565216,0.0,255.99710856521742,0.0,255.99710856521742
03/12/2025,23,119.4,250,409.56260869565216,0.0,255.99710856521742,0.0,255.99710856521742
03/12/2025,24,109.28,250,409.56260869565216,0.0,255.99710856521742,0.0,255.99710856521742
04/12/2025,1,103.49,250,409.56260869565216,0.0,255.99710856521742,0.0,255.99710856521742
04/12/2025,2,102.47,250,409.56260869565216,0.0,255.99710856521742,0.0,255.99710856521742
04/12/2025,3,102.61,250,409.56260869565216,0.0,255.99710856521742,0.0,255.99710856521742
04/12/2025,4,98.69,250,409.56260869565216,0.0,255.99710856521742,0.0,255.99710856521742
04/12/2025,5,99.63,250,409.56260869565216,0.0,255.99710856521742,0.0,255.99710856521742
04/12/2025,6,104.32,250,409.56260869565216,0.0,255.99710856521742,0.0,255.99710856521742
04/12/2025,7,111.67,250,409.56260869565216,0.0,255.99710856521742,0.0,255.99710856521742
04/12/2025,8,143.4,250,409.56260869565216,0.0,255.99710856521742,0.0,255.99710856521742
04/12/2025,9,166.82,250,409.56260869565216,0.0,255.99710856521742,0.0,255.99710856521742
04/12/2025,10,172.96,250,409.56260869565216,0.0,255.99710856521742,0.0,255.99710856521742
04/12/2025,11,166.97,250,409.56260869565216,0.0,255.99710856521742,0.0,255.99710856521742
04/12/2025,12,143.68,250,409.56260869565216,0.0,255.99710856521742,0.0,255.99710856521742
04/12/2025,13,140.0,250,409.56260869565216,0.0,255.99710856521742,0.0,255.99710856521742
04/12/2025,14,144.82,250,409.56260869565216,0.0,255.99710856521742,0.0,255.99710856521742
04/12/2025,15,151.22,250,409.56260869565216,0.0,255.99710856521742,0.0,255.99710856521742
04/12/2025,16,153.27,250,409.56260869565216,0.0,255.99710856521742,0.0,255.99710856521742
04/12/2025,17,155.4,250,409.56260869565216,0.0,255.99710856521742,0.0,255.99710856521742
04/12/2025,18,148.18,250,409.56260869565216,0.0,255.99710856521742,0.0,255.99710856521742
04/12/2025,19,145.87,250,409.56260869565216,0.0,255.99710856521742,0.0,255.99710856521742
04/12/2025,20,140.58,250,409.56260869565216,0.0,255.99710856521742,0.0,255.99710856521742
04/12/2025,21,128.46,250,409.56260869565216,0.0,255.99710856521742,0.0,255.99710856521742
04/12/2025,22,119.0,250,409.56260869565216,0.0,255.99710856521742,0.0,255.99710856521742
04/12/2025,23,114.01,250,409.56260869565216,0.0,255.99710856521742,0.0,255.99710856521742
04/12/2025,24,107.11,250,409.56260869565216,0.0,255.99710856521742,0.0,255.99710856521742
05/12/2025,1,105.1,250,409.56260869565216,0.0,255.99710856521742,0.0,255.99710856521742
05/12/2025,2,101.5,250,409.56260869565216,0.0,255.99710856521742,0.0,255.99710856521742
05/12/2025,3,102.98,250,409.56260869565216,0.0,255.99710856521742,0.0,255.99710856521742
05/12/2025,4,105.64,250,409.56260869565216,0.0,255.99710856521742,0.0,255.99710856521742
05/12/2025,5,102.84,250,409.56260869565216,0.0,255.99710856521742,0.0,255.99710856521742
05/12/2025,6,106.1,250,409.56260869565216,0.0,255.99710856521742,0.0,255.99710856521742
05/12/2025,7,118.55,250,409.56260869565216,0.0,255.99710856521742,0.0,255.99710856521742
05/12/2025,8,143.51,250,409.56260869565216,0.0,255.99710856521742,0.0,255.99710856521742
05/12/2025,9,157.89,250,409.56260869565216,0.0,255.99710856521742,0.0,255.99710856521742
05/12/2025,10,175.81,250,409.56260869565216,0.0,255.99710856521742,0.0,255.99710856521742
05/12/2025,11,165.0,250,409.56260869565216,0.0,255.99710856521742,0.0,255.99710856521742
05/12/2025,12,180.0,250,409.56260869565216,0.0,255.99710856521742,0.0,255.99710856521742
05/12/2025,13,154.18,250,409.56260869565216,0.0,255.99710856521742,0.0,255.99710856521742
05/12/2025,14,149.42,250,409.56260869565216,0.0,255.99710856521742,0.0,255.99710856521742
05/12/2025,15,148.73,250,409.56260869565216,0.0,255.99710856521742,0.0,255.99710856521742
05/12/2025,16,149.88,250,409.56260869565216,0.0,255.99710856521742,0.0,255.99710856521742
05/12/2025,17,152.1,250,409.56260869565216,0.0,255.99710856521742,0.0,255.99710856521742
05/12/2025,18,148.85,250,409.56260869565216,0.0,255.99710856521742,0.0,255.99710856521742
05/12/2025,19,142.19,250,409.56260869565216,0.0,255.99710856521742,0.0,255.99710856521742
05/12/2025,20,128.21,250,409.56260869565216,0.0,255.99710856521742,0.0,255.99710856521742
05/12/2025,21,114.83,250,409.56260869565216,0.0,255.99710856521742,0.0,255.99710856521742
05/12/2025,22,111.47,250,409.56260869565216,0.0,255.99710856521742,0.0,255.99710856521742
05/12/2025,23,110.55,250,409.56260869565216,0.0,255.99710856521742,0.0,255.99710856521742
05/12/2025,24,103.12,250,409.56260869565216,0.0,255.99710856521742,0.0,255.99710856521742
06/12/2025,1,107.32,250,409.56260869565216,0.0,255.99710856521742,0.0,255.99710856521742
06/12/2025,2,104.47,250,409.56260869565216,0.0,255.99710856521742,0.0,255.99710856521742
06/12/2025,3,101.4,250,409.56260869565216,0.0,255.99710856521742,0.0,255.99710856521742
06/12/2025,4,98.3,250,409.56260869565216,0.0,255.99710856521742,0.0,255.99710856521742
06/12/2025,5,94.66,250,409.56260869565216,0.0,255.99710856521742,0.0,255.99710856521742
06/12/2025,6,98.11,250,409.56260869565216,0.0,255.99710856521742,0.0,255.99710856521742
06/12/2025,7,103.23,250,409.56260869565216,0.0,255.99710856521742,0.0,255.99710856521742
06/12/2025,8,114.08,250,409.56260869565216,0.0,255.99710856521742,0.0,255.99710856521742
06/12/2025,9,114.32,250,409.56260869565216,0.0,255.99710856521742,0.0,255.99710856521742
06/12/2025,10,109.45,250,409.56260869565216,0.0,255.99710856521742,0.0,255.99710856521742
06/12/2025,11,103.55,250,409.56260869565216,0.0,255.99710856521742,0.0,255.99710856521742
06/12/2025,12,101.93,250,409.56260869565216,0.0,255.99710856521742,0.0,255.99710856521742
06/12/2025,13,99.2,250,409.56260869565216,0.0,255.99710856521742,0.0,255.99710856521742
06/12/2025,14,100.52,250,409.56260869565216,0.0,255.99710856521742,0.0,255.99710856521742
06/12/2025,15,102.3,250,409.56260869565216,0.0,255.99710856521742,0.0,255.99710856521742
06/12/2025,16,113.53,250,409.56260869565216,0.0,255.99710856521742,0.0,255.99710856521742
06/12/2025,17,121.41,250,409.56260869565216,0.0,255.99710856521742,0.0,255.99710856521742
06/12/2025,18,123.9,250,409.56260869565216,0.0,255.99710856521742,0.0,255.99710856521742
06/12/2025,19,122.14,250,409.56260869565216,0.0,255.99710856521742,0.0,255.99710856521742
06/12/2025,20,121.62,250,409.56260869565216,0.0,255.99710856521742,0.0,255.99710856521742
06/12/2025,21,122.4,250,409.56260869565216,0.0,255.99710856521742,0.0,255.99710856521742
06/12/2025,22,111.66,250,409.56260869565216,0.0,255.99710856521742,0.0,255.99710856521742
06/12/2025,23,105.1,250,409.56260869565216,0.0,255.99710856521742,0.0,255.99710856521742
06/12/2025,24,100.57,250,409.56260869565216,0.0,255.99710856521742,0.0,255.99710856521742
07/12/2025,1,105.1,250,409.56260869565216,0.0,255.99710856521742,0.0,255.99710856521742
07/12/2025,2,101.27,250,409.56260869565216,0.0,255.99710856521742,0.0,255.99710856521742
07/12/2025,3,96.58,250,409.56260869565216,0.0,255.99710856521742,0.0,255.99710856521742
07/12/2025,4,91.14,250,409.56260869565216,0.0,255.99710856521742,0.0,255.99710856521742
07/12/2025,5,93.75,250,409.56260869565216,0.0,255.99710856521742,0.0,255.99710856521742
07/12/2025,6,97.1,250,409.56260869565216,0.0,255.99710856521742,0.0,255.99710856521742
07/12/2025,7,100.39,250,409.56260869565216,0.0,255.99710856521742,0.0,255.99710856521742
07/12/2025,8,101.36,250,409.56260869565216,0.0,255.99710856521742,0.0,255.99710856521742
07/12/2025,9,99.4,250,409.56260869565216,0.0,255.99710856521742,0.0,255.99710856521742
07/12/2025,10,95.6,250,409.56260869565216,0.0,255.99710856521742,0.0,255.99710856521742
07/12/2025,11,96.94,250,409.56260869565216,0.0,255.99710856521742,0.0,255.99710856521742
07/12/2025,12,96.9,250,409.56260869565216,0.0,255.99710856521742,0.0,255.99710856521742
07/12/2025,13,101.69,250,409.56260869565216,0.0,255.99710856521742,0.0,255.99710856521742
07/12/2025,14,102.62,250,409.56260869565216,0.0,255.99710856521742,0.0,255.99710856521742
07/12/2025,15,100.72,250,409.56260869565216,0.0,255.99710856521742,0.0,255.99710856521742
07/12/2025,16,111.42,250,409.56260869565216,0.0,255.99710856521742,0.0,255.99710856521742
07/12/2025,17,116.77,250,409.56260869565216,0.0,255.99710856521742,0.0,255.99710856521742
07/12/2025,18,114.38,250,409.56260869565216,0.0,255.99710856521742,0.0,255.99710856521742
07/12/2025,19,117.04,250,409.56260869565216,0.0,255.99710856521742,0.0,255.99710856521742
07/12/2025,20,120.06,250,409.56260869565216,0.0,255.99710856521742,0.0,255.99710856521742
07/12/2025,21,121.39,250,409.56260869565216,0.0,255.99710856521742,0.0,255.99710856521742
07/12/2025,22,113.3,250,409.56260869565216,0.0,255.99710856521742,0.0,255.99710856521742
07/12/2025,23,105.1,250,409.56260869565216,0.0,255.99710856521742,0.0,255.99710856521742
07/12/2025,24,96.6,250,409.56260869565216,0.0,255.99710856521742,0.0,255.99710856521742
08/12/2025,1,103.66,250,409.56260869565216,0.0,255.99710856521742,0.0,255.99710856521742
08/12/2025,2,96.01,250,409.56260869565216,0.0,255.99710856521742,0.0,255.99710856521742
08/12/2025,3,97.5,250,409.56260869565216,0.0,255.99710856521742,0.0,255.99710856521742
08/12/2025,4,93.8,250,409.56260869565216,0.0,255.99710856521742,0.0,255.99710856521742
08/12/2025,5,81.79,250,409.56260869565216,0.0,255.99710856521742,0.0,255.99710856521742
08/12/2025,6,93.6,250,409.56260869565216,0.0,255.99710856521742,0.0,255.99710856521742
08/12/2025,7,104.3,250,409.56260869565216,0.0,255.99710856521742,0.0,255.99710856521742
08/12/2025,8,117.27,250,409.56260869565216,0.0,255.99710856521742,0.0,255.99710856521742
08/12/2025,9,117.44,250,409.56260869565216,0.0,255.99710856521742,0.0,255.99710856521742
08/12/2025,10,109.18,250,409.56260869565216,0.0,255.99710856521742,0.0,255.99710856521742
08/12/2025,11,101.64,250,409.56260869565216,0.0,255.99710856521742,0.0,255.99710856521742
08/12/2025,12,99.48,250,409.56260869565216,0.0,255.99710856521742,0.0,255.99710856521742
08/12/2025,13,95.0,250,409.56260869565216,0.0,255.99710856521742,0.0,255.99710856521742
08/12/2025,14,88.47,250,409.56260869565216,0.0,255.99710856521742,0.0,255.99710856521742
08/12/2025,15,101.3,250,409.56260869565216,0.0,255.99710856521742,0.0,255.99710856521742
08/12/2025,16,112.34,250,409.56260869565216,0.0,255.99710856521742,0.0,255.99710856521742
08/12/2025,17,119.73,250,409.56260869565216,0.0,255.99710856521742,0.0,255.99710856521742
08/12/2025,18,122.33,250,409.56260869565216,0.0,255.99710856521742,0.0,255.99710856521742
08/12/2025,19,120.6,250,409.56260869565216,0.0,255.99710856521742,0.0,255.99710856521742
08/12/2025,20,122.92,250,409.56260869565216,0.0,255.99710856521742,0.0,255.99710856521742
08/12/2025,21,120.4,250,409.56260869565216,0.0,255.99710856521742,0.0,255.99710856521742
08/12/2025,22,114.05,250,409.56260869565216,0.0,255.99710856521742,0.0,255.99710856521742
08/12/2025,23,105.76,250,409.56260869565216,0.0,255.99710856521742,0.0,255.99710856521742
08/12/2025,24,98.7,250,409.56260869565216,0.0,255.99710856521742,0.0,255.99710856521742
09/12/2025,1,98.1,250,409.56260869565216,0.0,255.99710856521742,0.0,255.99710856521742
09/12/2025,2,96.88,250,409.56260869565216,0.0,255.99710856521742,0.0,255.99710856521742
09/12/2025,3,97.32,250,409.56260869565216,0.0,255.99710856521742,0.0,255.99710856521742
09/12/2025,4,97.43,250,409.56260869565216,0.0,255.99710856521742,0.0,255.99710856521742
09/12/2025,5,95.93,250,409.56260869565216,0.0,255.99710856521742,0.0,255.99710856521742
09/12/2025,6,101.62,250,409.56260869565216,0.0,255.99710856521742,0.0,255.99710856521742
09/12/2025,7,123.2,250,409.56260869565216,0.0,255.99710856521742,0.0,255.99710856521742
09/12/2025,8,130.0,250,409.56260869565216,0.0,255.99710856521742,0.0,255.99710856521742
09/12/2025,9,129.81,250,409.56260869565216,0.0,255.99710856521742,0.0,255.99710856521742
09/12/2025,10,119.51,250,409.56260869565216,0.0,255.99710856521742,0.0,255.99710856521742
09/12/2025,11,113.75,250,409.56260869565216,0.0,255.99710856521742,0.0,255.99710856521742
09/12/2025,12,108.7,250,409.56260869565216,0.0,255.99710856521742,0.0,255.99710856521742
09/12/2025,13,103.61,250,409.56260869565216,0.0,255.99710856521742,0.0,255.99710856521742
09/12/2025,14,105.42,250,409.56260869565216,0.0,255.99710856521742,0.0,255.99710856521742
09/12/2025,15,114.78,250,409.56260869565216,0.0,255.99710856521742,0.0,255.99710856521742
09/12/2025,16,117.81,250,409.56260869565216,0.0,255.99710856521742,0.0,255.99710856521742
09/12/2025,17,130.0,250,409.56260869565216,0.0,255.99710856521742,0.0,255.99710856521742
09/12/2025,18,132.1,250,409.56260869565216,0.0,255.99710856521742,0.0,255.99710856521742
09/12/2025,19,130.0,250,409.56260869565216,0.0,255.99710856521742,0.0,255.99710856521742
09/12/2025,20,130.83,250,409.56260869565216,0.0,255.99710856521742,0.0,255.99710856521742
09/12/2025,21,125.69,250,409.56260869565216,0.0,255.99710856521742,0.0,255.99710856521742
09/12/2025,22,120.04,250,409.56260869565216,0.0,255.99710856521742,0.0,255.99710856521742
09/12/2025,23,116.29,250,409.56260869565216,0.0,255.99710856521742,0.0,255.99710856521742
09/12/2025,24,107.6,250,409.56260869565216,0.0,255.99710856521742,0.0,255.99710856521742
10/12/2025,1,107.87,250,409.56260869565216,0.0,255.99710856521742,0.0,255.99710856521742
10/12/2025,2,102.45,250,409.56260869565216,0.0,255.99710856521742,0.0,255.99710856521742
10/12/2025,3,103.83,250,409.56260869565216,0.0,255.99710856521742,0.0,255.99710856521742
10/12/2025,4,101.62,250,409.56260869565216,0.0,255.99710856521742,0.0,255.99710856521742
10/12/2025,5,98.97,250,409.56260869565216,0.0,255.99710856521742,0.0,255.99710856521742
10/12/2025,6,105.87,250,409.56260869565216,0.0,255.99710856521742,0.0,255.99710856521742
10/12/2025,7,121.49,250,409.56260869565216,0.0,255.99710856521742,0.0,255.99710856521742
10/12/2025,8,132.48,250,409.56260869565216,0.0,255.99710856521742,0.0,255.99710856521742
10/12/2025,9,133.94,250,409.56260869565216,0.0,255.99710856521742,0.0,255.99710856521742
10/12/2025,10,130.0,250,409.56260869565216,0.0,255.99710856521742,0.0,255.99710856521742
10/12/2025,11,117.65,250,409.56260869565216,0.0,255.99710856521742,0.0,255.99710856521742
10/12/2025,12,112.36,250,409.56260869565216,0.0,255.99710856521742,0.0,255.99710856521742
10/12/2025,13,108.58,250,409.56260869565216,0.0,255.99710856521742,0.0,255.99710856521742
10/12/2025,14,111.2,250,409.56260869565216,0.0,255.99710856521742,0.0,255.99710856521742
10/12/2025,15,118.01,250,409.56260869565216,0.0,255.99710856521742,0.0,255.99710856521742
10/12/2025,16,127.6,250,409.56260869565216,0.0,255.99710856521742,0.0,255.99710856521742
10/12/2025,17,136.54,250,409.56260869565216,0.0,255.99710856521742,0.0,255.99710856521742
10/12/2025,18,137.08,250,409.56260869565216,0.0,255.99710856521742,0.0,255.99710856521742
10/12/2025,19,134.45,250,409.56260869565216,0.0,255.99710856521742,0.0,255.99710856521742
10/12/2025,20,133.19,250,409.56260869565216,0.0,255.99710856521742,0.0,255.99710856521742
10/12/2025,21,127.63,250,409.56260869565216,0.0,255.99710856521742,0.0,255.99710856521742
10/12/2025,22,125.03,250,409.56260869565216,0.0,255.99710856521742,0.0,255.99710856521742
10/12/2025,23,115.75,250,409.56260869565216,0.0,255.99710856521742,0.0,255.99710856521742
10/12/2025,24,107.81,250,409.56260869565216,0.0,255.99710856521742,0.0,255.99710856521742
11/12/2025,1,107.3,250,409.56260869565216,0.0,255.99710856521742,0.0,255.99710856521742
11/12/2025,2,101.96,250,409.56260869565216,0.0,255.99710856521742,0.0,255.99710856521742
11/12/2025,3,102.03,250,409.56260869565216,0.0,255.99710856521742,0.0,255.99710856521742
11/12/2025,4,102.65,250,409.56260869565216,0.0,255.99710856521742,0.0,255.99710856521742
11/12/2025,5,100.77,250,409.56260869565216,0.0,255.99710856521742,0.0,255.99710856521742
11/12/2025,6,104.82,250,409.56260869565216,0.0,255.99710856521742,0.0,255.99710856521742
11/12/2025,7,117.87,250,409.56260869565216,0.0,255.99710856521742,0.0,255.99710856521742
11/12/2025,8,125.65,250,409.56260869565216,0.0,255.99710856521742,0.0,255.99710856521742
11/12/2025,9,131.0,250,409.56260869565216,0.0,255.99710856521742,0.0,255.99710856521742
11/12/2025,10,127.2,250,409.56260869565216,0.0,255.99710856521742,0.0,255.99710856521742
11/12/2025,11,122.1,250,409.56260869565216,0.0,255.99710856521742,0.0,255.99710856521742
11/12/2025,12,113.78,250,409.56260869565216,0.0,255.99710856521742,0.0,255.99710856521742
11/12/2025,13,108.51,250,409.56260869565216,0.0,255.99710856521742,0.0,255.99710856521742
11/12/2025,14,112.02,250,409.56260869565216,0.0,255.99710856521742,0.0,255.99710856521742
11/12/2025,15,121.63,250,409.56260869565216,0.0,255.99710856521742,0.0,255.99710856521742
11/12/2025,16,128.1,250,409.56260869565216,0.0,255.99710856521742,0.0,255.99710856521742
11/12/2025,17,133.77,250,409.56260869565216,0.0,255.99710856521742,0.0,255.99710856521742
11/12/2025,18,132.44,250,409.56260869565216,0.0,255.99710856521742,0.0,255.99710856521742
11/12/2025,19,129.75,250,409.56260869565216,0.0,255.99710856521742,0.0,255.99710856521742
11/12/2025,20,129.99,250,409.56260869565216,0.0,255.99710856521742,0.0,255.99710856521742
11/12/2025,21,127.0,250,409.56260869565216,0.0,255.99710856521742,0.0,255.99710856521742
11/12/2025,22,118.45,250,409.56260869565216,0.0,255.99710856521742,0.0,255.99710856521742
11/12/2025,23,112.46,250,409.56260869565216,0.0,255.99710856521742,0.0,255.99710856521742
11/12/2025,24,106.95,250,409.56260869565216,0.0,255.99710856521742,0.0,255.99710856521742
12/12/2025,1,101.74,250,409.56260869565216,0.0,255.99710856521742,0.0,255.99710856521742
12/12/2025,2,99.14,250,409.56260869565216,0.0,255.99710856521742,0.0,255.99710856521742
12/12/2025,3,100.06,250,409.56260869565216,0.0,255.99710856521742,0.0,255.99710856521742
12/12/2025,4,98.33,250,409.56260869565216,0.0,255.99710856521742,0.0,255.99710856521742
12/12/2025,5,97.61,250,409.56260869565216,0.0,255.99710856521742,0.0,255.99710856521742
12/12/2025,6,101.31,250,409.56260869565216,0.0,255.99710856521742,0.0,255.99710856521742
12/12/2025,7,112.71,250,409.56260869565216,0.0,255.99710856521742,0.0,255.99710856521742
12/12/2025,8,131.17,250,409.56260869565216,0.0,255.99710856521742,0.0,255.99710856521742
12/12/2025,9,135.22,250,409.56260869565216,0.0,255.99710856521742,0.0,255.99710856521742
12/12/2025,10,127.94,250,409.56260869565216,0.0,255.99710856521742,0.0,255.99710856521742
12/12/2025,11,115.81,250,409.56260869565216,0.0,255.99710856521742,0.0,255.99710856521742
12/12/2025,12,109.6,250,409.56260869565216,0.0,255.99710856521742,0.0,255.99710856521742
12/12/2025,13,106.76,250,409.56260869565216,0.0,255.99710856521742,0.0,255.99710856521742
12/12/2025,14,109.04,250,409.56260869565216,0.0,255.99710856521742,0.0,255.99710856521742
12/12/2025,15,111.75,250,409.56260869565216,0.0,255.99710856521742,0.0,255.99710856521742
12/12/2025,16,130.57,250,409.56260869565216,0.0,255.99710856521742,0.0,255.99710856521742
12/12/2025,17,135.23,250,409.56260869565216,0.0,255.99710856521742,0.0,255.99710856521742
12/12/2025,18,135.88,250,409.56260869565216,0.0,255.99710856521742,0.0,255.99710856521742
12/12/2025,19,133.0,250,409.56260869565216,0.0,255.99710856521742,0.0,255.99710856521742
12/12/2025,20,130.0,250,409.56260869565216,0.0,255.99710856521742,0.0,255.99710856521742
12/12/2025,21,121.57,250,409.56260869565216,0.0,255.99710856521742,0.0,255.99710856521742
12/12/2025,22,112.37,250,409.56260869565216,0.0,255.99710856521742,0.0,255.99710856521742
12/12/2025,23,109.24,250,409.56260869565216,0.0,255.99710856521742,0.0,255.99710856521742
12/12/2025,24,104.95,250,409.56260869565216,0.0,255.99710856521742,0.0,255.99710856521742
13/12/2025,1,105.1,250,409.56260869565216,0.0,255.99710856521742,0.0,255.99710856521742
13/12/2025,2,101.25,250,409.56260869565216,0.0,255.99710856521742,0.0,255.99710856521742
13/12/2025,3,97.07,250,409.56260869565216,0.0,255.99710856521742,0.0,255.99710856521742
13/12/2025,4,94.91,250,409.56260869565216,0.0,255.99710856521742,0.0,255.99710856521742
13/12/2025,5,94.94,250,409.56260869565216,0.0,255.99710856521742,0.0,255.99710856521742
13/12/2025,6,97.68,250,409.56260869565216,0.0,255.99710856521742,0.0,255.99710856521742
13/12/2025,7,103.05,250,409.56260869565216,0.0,255.99710856521742,0.0,255.99710856521742
13/12/2025,8,110.95,250,409.56260869565216,0.0,255.99710856521742,0.0,255.99710856521742
13/12/2025,9,114.78,250,409.56260869565216,0.0,255.99710856521742,0.0,255.99710856521742
13/12/2025,10,109.28,250,409.56260869565216,0.0,255.99710856521742,0.0,255.99710856521742
13/12/2025,11,101.44,250,409.56260869565216,0.0,255.99710856521742,0.0,255.99710856521742
13/12/2025,12,97.44,250,409.56260869565216,0.0,255.99710856521742,0.0,255.99710856521742
13/12/2025,13,97.93,250,409.56260869565216,0.0,255.99710856521742,0.0,255.99710856521742
13/12/2025,14,96.2,250,409.56260869565216,0.0,255.99710856521742,0.0,255.99710856521742
13/12/2025,15,102.1,250,409.56260869565216,0.0,255.99710856521742,0.0,255.99710856521742
13/12/2025,16,113.33,250,409.56260869565216,0.0,255.99710856521742,0.0,255.99710856521742
13/12/2025,17,122.67,250,409.56260869565216,0.0,255.99710856521742,0.0,255.99710856521742
13/12/2025,18,123.87,250,409.56260869565216,0.0,255.99710856521742,0.0,255.99710856521742
13/12/2025,19,123.6,250,409.56260869565216,0.0,255.99710856521742,0.0,255.99710856521742
13/12/2025,20,125.72,250,409.56260869565216,0.0,255.99710856521742,0.0,255.99710856521742
13/12/2025,21,120.13,250,409.56260869565216,0.0,255.99710856521742,0.0,255.99710856521742
13/12/2025,22,114.63,250,409.56260869565216,0.0,255.99710856521742,0.0,255.99710856521742
13/12/2025,23,109.54,250,409.56260869565216,0.0,255.99710856521742,0.0,255.99710856521742
13/12/2025,24,101.81,250,409.56260869565216,0.0,255.99710856521742,0.0,255.99710856521742
14/12/2025,1,103.75,250,409.56260869565216,0.0,255.99710856521742,0.0,255.99710856521742
14/12/2025,2,98.23,250,409.56260869565216,0.0,255.99710856521742,0.0,255.99710856521742
14/12/2025,3,96.07,250,409.56260869565216,0.0,255.99710856521742,0.0,255.99710856521742
14/12/2025,4,96.81,250,409.56260869565216,0.0,255.99710856521742,0.0,255.99710856521742
14/12/2025,5,97.1,250,409.56260869565216,0.0,255.99710856521742,0.0,255.99710856521742
14/12/2025,6,98.54,250,409.56260869565216,0.0,255.99710856521742,0.0,255.99710856521742
14/12/2025,7,105.1,250,409.56260869565216,0.0,255.99710856521742,0.0,255.99710856521742
14/12/2025,8,112.5,250,409.56260869565216,0.0,255.99710856521742,0.0,255.99710856521742
14/12/2025,9,112.0,250,409.56260869565216,0.0,255.99710856521742,0.0,255.99710856521742
14/12/2025,10,105.1,250,409.56260869565216,0.0,255.99710856521742,0.0,255.99710856521742
14/12/2025,11,101.55,250,409.56260869565216,0.0,255.99710856521742,0.0,255.99710856521742
14/12/2025,12,100.22,250,409.56260869565216,0.0,255.99710856521742,0.0,255.99710856521742
14/12/2025,13,96.9,250,409.56260869565216,0.0,255.99710856521742,0.0,255.99710856521742
14/12/2025,14,95.8,250,409.56260869565216,0.0,255.99710856521742,0.0,255.99710856521742
14/12/2025,15,94.74,250,409.56260869565216,0.0,255.99710856521742,0.0,255.99710856521742
14/12/2025,16,105.1,250,409.56260869565216,0.0,255.99710856521742,0.0,255.99710856521742
14/12/2025,17,117.52,250,409.56260869565216,0.0,255.99710856521742,0.0,255.99710856521742
14/12/2025,18,120.0,250,409.56260869565216,0.0,255.99710856521742,0.0,255.99710856521742
14/12/2025,19,121.71,250,409.56260869565216,0.0,255.99710856521742,0.0,255.99710856521742
14/12/2025,20,127.39,250,409.56260869565216,0.0,255.99710856521742,0.0,255.99710856521742
14/12/2025,21,123.07,250,409.56260869565216,0.0,255.99710856521742,0.0,255.99710856521742
14/12/2025,22,120.0,250,409.56260869565216,0.0,255.99710856521742,0.0,255.99710856521742
14/12/2025,23,114.79,250,409.56260869565216,0.0,255.99710856521742,0.0,255.99710856521742
14/12/2025,24,102.07,250,409.56260869565216,0.0,255.99710856521742,0.0,255.99710856521742
15/12/2025,1,97.85,250,409.56260869565216,0.0,255.99710856521742,0.0,255.99710856521742
15/12/2025,2,95.25,250,409.56260869565216,0.0,255.99710856521742,0.0,255.99710856521742
15/12/2025,3,96.56,250,409.56260869565216,0.0,255.99710856521742,0.0,255.99710856521742
15/12/2025,4,99.16,250,409.56260869565216,0.0,255.99710856521742,0.0,255.99710856521742
15/12/2025,5,94.38,250,409.56260869565216,0.0,255.99710856521742,0.0,255.99710856521742
15/12/2025,6,103.22,250,409.56260869565216,0.0,255.99710856521742,0.0,255.99710856521742
15/12/2025,7,117.09,250,409.56260869565216,0.0,255.99710856521742,0.0,255.99710856521742
15/12/2025,8,130.96,250,409.56260869565216,0.0,255.99710856521742,0.0,255.99710856521742
15/12/2025,9,133.07,250,409.56260869565216,0.0,255.99710856521742,0.0,255.99710856521742
15/12/2025,10,129.29,250,409.56260869565216,0.0,255.99710856521742,0.0,255.99710856521742
15/12/2025,11,120.0,250,409.56260869565216,0.0,255.99710856521742,0.0,255.99710856521742
15/12/2025,12,115.76,250,409.56260869565216,0.0,255.99710856521742,0.0,255.99710856521742
15/12/2025,13,111.48,250,409.56260869565216,0.0,255.99710856521742,0.0,255.99710856521742
15/12/2025,14,115.15,250,409.56260869565216,0.0,255.99710856521742,0.0,255.99710856521742
15/12/2025,15,126.08,250,409.56260869565216,0.0,255.99710856521742,0.0,255.99710856521742
15/12/2025,16,130.91,250,409.56260869565216,0.0,255.99710856521742,0.0,255.99710856521742
15/12/2025,17,132.5,250,409.56260869565216,0.0,255.99710856521742,0.0,255.99710856521742
15/12/2025,18,133.6,250,409.56260869565216,0.0,255.99710856521742,0.0,255.99710856521742
15/12/2025,19,132.14,250,409.56260869565216,0.0,255.99710856521742,0.0,255.99710856521742
15/12/2025,20,127.15,250,409.56260869565216,0.0,255.99710856521742,0.0,255.99710856521742
15/12/2025,21,123.95,250,409.56260869565216,0.0,255.99710856521742,0.0,255.99710856521742
15/12/2025,22,116.41,250,409.56260869565216,0.0,255.99710856521742,0.0,255.99710856521742
15/12/2025,23,114.18,250,409.56260869565216,0.0,255.99710856521742,0.0,255.99710856521742
15/12/2025,24,105.1,250,409.56260869565216,0.0,255.99710856521742,0.0,255.99710856521742
16/12/2025,1,104.16,250,409.56260869565216,0.0,255.99710856521742,0.0,255.99710856521742
16/12/2025,2,99.04,250,409.56260869565216,0.0,255.99710856521742,0.0,255.99710856521742
16/12/2025,3,99.16,250,409.56260869565216,0.0,255.99710856521742,0.0,255.99710856521742
16/12/2025,4,100.25,250,409.56260869565216,0.0,255.99710856521742,0.0,255.99710856521742
16/12/2025,5,99.16,250,409.56260869565216,0.0,255.99710856521742,0.0,255.99710856521742
16/12/2025,6,101.36,250,409.56260869565216,0.0,255.99710856521742,0.0,255.99710856521742
16/12/2025,7,112.95,250,409.56260869565216,0.0,255.99710856521742,0.0,255.99710856521742
16/12/2025,8,124.58,250,409.56260869565216,0.0,255.99710856521742,0.0,255.99710856521742
16/12/2025,9,133.84,250,409.56260869565216,0.0,255.99710856521742,0.0,255.99710856521742
16/12/2025,10,127.63,250,409.56260869565216,0.0,255.99710856521742,0.0,255.99710856521742
16/12/2025,11,124.72,250,409.56260869565216,0.0,255.99710856521742,0.0,255.99710856521742
16/12/2025,12,122.52,250,409.56260869565216,0.0,255.99710856521742,0.0,255.99710856521742
16/12/2025,13,120.09,250,409.56260869565216,0.0,255.99710856521742,0.0,255.99710856521742
16/12/2025,14,127.81,250,409.56260869565216,0.0,255.99710856521742,0.0,255.99710856521742
16/12/2025,15,138.95,250,409.56260869565216,0.0,255.99710856521742,0.0,255.99710856521742
16/12/2025,16,137.29,250,409.56260869565216,0.0,255.99710856521742,0.0,255.99710856521742
16/12/2025,17,151.84,250,409.56260869565216,0.0,255.99710856521742,0.0,255.99710856521742
16/12/2025,18,163.04,250,409.56260869565216,0.0,255.99710856521742,0.0,255.99710856521742
16/12/2025,19,146.1,250,409.56260869565216,0.0,255.99710856521742,0.0,255.99710856521742
16/12/2025,20,139.12,250,409.56260869565216,0.0,255.99710856521742,0.0,255.99710856521742
16/12/2025,21,121.88,250,409.56260869565216,0.0,255.99710856521742,0.0,255.99710856521742
16/12/2025,22,119.7,250,409.56260869565216,0.0,255.99710856521742,0.0,255.99710856521742
16/12/2025,23,114.55,250,409.56260869565216,0.0,255.99710856521742,0.0,255.99710856521742
16/12/2025,24,105.93,250,409.56260869565216,0.0,255.99710856521742,0.0,255.99710856521742
17/12/2025,1,104.69,250,409.56260869565216,0.0,255.99710856521742,0.0,255.99710856521742
17/12/2025,2,100.0,250,409.56260869565216,0.0,255.99710856521742,0.0,255.99710856521742
17/12/2025,3,100.04,250,409.56260869565216,0.0,255.99710856521742,0.0,255.99710856521742
17/12/2025,4,100.79,250,409.56260869565216,0.0,255.99710856521742,0.0,255.99710856521742
17/12/2025,5,103.84,250,409.56260869565216,0.0,255.99710856521742,0.0,255.99710856521742
17/12/2025,6,104.08,250,409.56260869565216,0.0,255.99710856521742,0.0,255.99710856521742
17/12/2025,7,114.33,250,409.56260869565216,0.0,255.99710856521742,0.0,255.99710856521742
17/12/2025,8,133.14,250,409.56260869565216,0.0,255.99710856521742,0.0,255.99710856521742
17/12/2025,9,134.02,250,409.56260869565216,0.0,255.99710856521742,0.0,255.99710856521742
17/12/2025,10,131.69,250,409.56260869565216,0.0,255.99710856521742,0.0,255.99710856521742
17/12/2025,11,129.7,250,409.56260869565216,0.0,255.99710856521742,0.0,255.99710856521742
17/12/2025,12,126.1,250,409.56260869565216,0.0,255.99710856521742,0.0,255.99710856521742
17/12/2025,13,121.08,250,409.56260869565216,0.0,255.99710856521742,0.0,255.99710856521742
17/12/2025,14,120.0,250,409.56260869565216,0.0,255.99710856521742,0.0,255.99710856521742
17/12/2025,15,120.37,250,409.56260869565216,0.0,255.99710856521742,0.0,255.99710856521742
17/12/2025,16,126.0,250,409.56260869565216,0.0,255.99710856521742,0.0,255.99710856521742
17/12/2025,17,133.92,250,409.56260869565216,0.0,255.99710856521742,0.0,255.99710856521742
17/12/2025,18,131.87,250,409.56260869565216,0.0,255.99710856521742,0.0,255.99710856521742
17/12/2025,19,130.8,250,409.56260869565216,0.0,255.99710856521742,0.0,255.99710856521742
17/12/2025,20,128.7,250,409.56260869565216,0.0,255.99710856521742,0.0,255.99710856521742
17/12/2025,21,128.4,250,409.56260869565216,0.0,255.99710856521742,0.0,255.99710856521742
17/12/2025,22,119.42,250,409.56260869565216,0.0,255.99710856521742,0.0,255.99710856521742
17/12/2025,23,119.73,250,409.56260869565216,0.0,255.99710856521742,0.0,255.99710856521742
17/12/2025,24,110.32,250,409.56260869565216,0.0,255.99710856521742,0.0,255.99710856521742
18/12/2025,1,109.1,250,409.56260869565216,0.0,255.99710856521742,0.0,255.99710856521742
18/12/2025,2,106.56,250,409.56260869565216,0.0,255.99710856521742,0.0,255.99710856521742
18/12/2025,3,104.78,250,409.56260869565216,0.0,255.99710856521742,0.0,255.99710856521742
18/12/2025,4,100.87,250,409.56260869565216,0.0,255.99710856521742,0.0,255.99710856521742
18/12/2025,5,106.4,250,409.56260869565216,0.0,255.99710856521742,0.0,255.99710856521742
18/12/2025,6,110.67,250,409.56260869565216,0.0,255.99710856521742,0.0,255.99710856521742
18/12/2025,7,121.57,250,409.56260869565216,0.0,255.99710856521742,0.0,255.99710856521742
18/12/2025,8,127.7,250,409.56260869565216,0.0,255.99710856521742,0.0,255.99710856521742
18/12/2025,9,135.2,250,409.56260869565216,0.0,255.99710856521742,0.0,255.99710856521742
18/12/2025,10,129.75,250,409.56260869565216,0.0,255.99710856521742,0.0,255.99710856521742
18/12/2025,11,125.6,250,409.56260869565216,0.0,255.99710856521742,0.0,255.99710856521742
18/12/2025,12,118.72,250,409.56260869565216,0.0,255.99710856521742,0.0,255.99710856521742
18/12/2025,13,115.41,250,409.56260869565216,0.0,255.99710856521742,0.0,255.99710856521742
18/12/2025,14,119.2,250,409.56260869565216,0.0,255.99710856521742,0.0,255.99710856521742
18/12/2025,15,127.23,250,409.56260869565216,0.0,255.99710856521742,0.0,255.99710856521742
18/12/2025,16,126.3,250,409.56260869565216,0.0,255.99710856521742,0.0,255.99710856521742
18/12/2025,17,129.5,250,409.56260869565216,0.0,255.99710856521742,0.0,255.99710856521742
18/12/2025,18,128.74,250,409.56260869565216,0.0,255.99710856521742,0.0,255.99710856521742
18/12/2025,19,127.36,250,409.56260869565216,0.0,255.99710856521742,0.0,255.99710856521742
18/12/2025,20,121.93,250,409.56260869565216,0.0,255.99710856521742,0.0,255.99710856521742
18/12/2025,21,121.43,250,409.56260869565216,0.0,255.99710856521742,0.0,255.99710856521742
18/12/2025,22,125.71,250,409.56260869565216,0.0,255.99710856521742,0.0,255.99710856521742
18/12/2025,23,118.58,250,409.56260869565216,0.0,255.99710856521742,0.0,255.99710856521742
18/12/2025,24,112.8,250,409.56260869565216,0.0,255.99710856521742,0.0,255.99710856521742
19/12/2025,1,109.22,250,409.56260869565216,0.0,255.99710856521742,0.0,255.99710856521742
19/12/2025,2,106.66,250,409.56260869565216,0.0,255.99710856521742,0.0,255.99710856521742
19/12/2025,3,104.09,250,409.56260869565216,0.0,255.99710856521742,0.0,255.99710856521742
19/12/2025,4,105.0,250,409.56260869565216,0.0,255.99710856521742,0.0,255.99710856521742
19/12/2025,5,104.32,250,409.56260869565216,0.0,255.99710856521742,0.0,255.99710856521742
19/12/2025,6,108.92,250,409.56260869565216,0.0,255.99710856521742,0.0,255.99710856521742
19/12/2025,7,116.99,250,409.56260869565216,0.0,255.99710856521742,0.0,255.99710856521742
19/12/2025,8,129.75,250,409.56260869565216,0.0,255.99710856521742,0.0,255.99710856521742
19/12/2025,9,133.86,250,409.56260869565216,0.0,255.99710856521742,0.0,255.99710856521742
19/12/2025,10,129.75,250,409.56260869565216,0.0,255.99710856521742,0.0,255.99710856521742
19/12/2025,11,120.86,250,409.56260869565216,0.0,255.99710856521742,0.0,255.99710856521742
19/12/2025,12,117.66,250,409.56260869565216,0.0,255.99710856521742,0.0,255.99710856521742
19/12/2025,13,113.06,250,409.56260869565216,0.0,255.99710856521742,0.0,255.99710856521742
19/12/2025,14,115.2,250,409.56260869565216,0.0,255.99710856521742,0.0,255.99710856521742
19/12/2025,15,127.36,250,409.56260869565216,0.0,255.99710856521742,0.0,255.99710856521742
19/12/2025,16,126.59,250,409.56260869565216,0.0,255.99710856521742,0.0,255.99710856521742
19/12/2025,17,127.09,250,409.56260869565216,0.0,255.99710856521742,0.0,255.99710856521742
19/12/2025,18,130.0,250,409.56260869565216,0.0,255.99710856521742,0.0,255.99710856521742
19/12/2025,19,129.98,250,409.56260869565216,0.0,255.99710856521742,0.0,255.99710856521742
19/12/2025,20,128.99,250,409.56260869565216,0.0,255.99710856521742,0.0,255.99710856521742
19/12/2025,21,122.51,250,409.56260869565216,0.0,255.99710856521742,0.0,255.99710856521742
19/12/2025,22,115.0,250,409.56260869565216,0.0,255.99710856521742,0.0,255.99710856521742
19/12/2025,23,114.9,250,409.56260869565216,0.0,255.99710856521742,0.0,255.99710856521742
19/12/2025,24,109.34,250,409.56260869565216,0.0,255.99710856521742,0.0,255.99710856521742
20/12/2025,1,105.17,250,409.56260869565216,0.0,255.99710856521742,0.0,255.99710856521742
20/12/2025,2,104.29,250,409.56260869565216,0.0,255.99710856521742,0.0,255.99710856521742
20/12/2025,3,103.49,250,409.56260869565216,0.0,255.99710856521742,0.0,255.99710856521742
20/12/2025,4,102.35,250,409.56260869565216,0.0,255.99710856521742,0.0,255.99710856521742
20/12/2025,5,101.21,250,409.56260869565216,0.0,255.99710856521742,0.0,255.99710856521742
20/12/2025,6,101.21,250,409.56260869565216,0.0,255.99710856521742,0.0,255.99710856521742
20/12/2025,7,101.27,250,409.56260869565216,0.0,255.99710856521742,0.0,255.99710856521742
20/12/2025,8,107.73,250,409.56260869565216,0.0,255.99710856521742,0.0,255.99710856521742
20/12/2025,9,116.4,250,409.56260869565216,0.0,255.99710856521742,0.0,255.99710856521742
20/12/2025,10,118.12,250,409.56260869565216,0.0,255.99710856521742,0.0,255.99710856521742
20/12/2025,11,116.12,250,409.56260869565216,0.0,255.99710856521742,0.0,255.99710856521742
20/12/2025,12,114.45,250,409.56260869565216,0.0,255.99710856521742,0.0,255.99710856521742
20/12/2025,13,109.61,250,409.56260869565216,0.0,255.99710856521742,0.0,255.99710856521742
20/12/2025,14,108.27,250,409.56260869565216,0.0,255.99710856521742,0.0,255.99710856521742
20/12/2025,15,115.0,250,409.56260869565216,0.0,255.99710856521742,0.0,255.99710856521742
20/12/2025,16,120.92,250,409.56260869565216,0.0,255.99710856521742,0.0,255.99710856521742
20/12/2025,17,122.53,250,409.56260869565216,0.0,255.99710856521742,0.0,255.99710856521742
20/12/2025,18,123.77,250,409.56260869565216,0.0,255.99710856521742,0.0,255.99710856521742
20/12/2025,19,119.3,250,409.56260869565216,0.0,255.99710856521742,0.0,255.99710856521742
20/12/2025,20,118.65,250,409.56260869565216,0.0,255.99710856521742,0.0,255.99710856521742
20/12/2025,21,115.0,250,409.56260869565216,0.0,255.99710856521742,0.0,255.99710856521742
20/12/2025,22,113.5,250,409.56260869565216,0.0,255.99710856521742,0.0,255.99710856521742
20/12/2025,23,107.91,250,409.56260869565216,0.0,255.99710856521742,0.0,255.99710856521742
20/12/2025,24,104.63,250,409.56260869565216,0.0,255.99710856521742,0.0,255.99710856521742
21/12/2025,1,105.41,250,409.56260869565216,0.0,255.99710856521742,0.0,255.99710856521742
21/12/2025,2,103.21,250,409.56260869565216,0.0,255.99710856521742,0.0,255.99710856521742
21/12/2025,3,99.65,250,409.56260869565216,0.0,255.99710856521742,0.0,255.99710856521742
21/12/2025,4,95.96,250,409.56260869565216,0.0,255.99710856521742,0.0,255.99710856521742
21/12/2025,5,95.78,250,409.56260869565216,0.0,255.99710856521742,0.0,255.99710856521742
21/12/2025,6,96.84,250,409.56260869565216,0.0,255.99710856521742,0.0,255.99710856521742
21/12/2025,7,98.1,250,409.56260869565216,0.0,255.99710856521742,0.0,255.99710856521742
21/12/2025,8,102.5,250,409.56260869565216,0.0,255.99710856521742,0.0,255.99710856521742
21/12/2025,9,105.99,250,409.56260869565216,0.0,255.99710856521742,0.0,255.99710856521742
21/12/2025,10,108.6,250,409.56260869565216,0.0,255.99710856521742,0.0,255.99710856521742
21/12/2025,11,106.1,250,409.56260869565216,0.0,255.99710856521742,0.0,255.99710856521742
21/12/2025,12,106.09,250,409.56260869565216,0.0,255.99710856521742,0.0,255.99710856521742
21/12/2025,13,106.97,250,409.56260869565216,0.0,255.99710856521742,0.0,255.99710856521742
21/12/2025,14,106.2,250,409.56260869565216,0.0,255.99710856521742,0.0,255.99710856521742
21/12/2025,15,108.57,250,409.56260869565216,0.0,255.99710856521742,0.0,255.99710856521742
21/12/2025,16,110.54,250,409.56260869565216,0.0,255.99710856521742,0.0,255.99710856521742
21/12/2025,17,116.4,250,409.56260869565216,0.0,255.99710856521742,0.0,255.99710856521742
21/12/2025,18,121.22,250,409.56260869565216,0.0,255.99710856521742,0.0,255.99710856521742
21/12/2025,19,121.57,250,409.56260869565216,0.0,255.99710856521742,0.0,255.99710856521742
21/12/2025,20,121.56,250,409.56260869565216,0.0,255.99710856521742,0.0,255.99710856521742
21/12/2025,21,117.23,250,409.56260869565216,0.0,255.99710856521742,0.0,255.99710856521742
21/12/2025,22,116.77,250,409.56260869565216,0.0,255.99710856521742,0.0,255.99710856521742
21/12/2025,23,108.0,250,409.56260869565216,0.0,255.99710856521742,0.0,255.99710856521742
21/12/2025,24,103.87,250,409.56260869565216,0.0,255.99710856521742,0.0,255.99710856521742
22/12/2025,1,103.8,250,409.56260869565216,0.0,255.99710856521742,0.0,255.99710856521742
22/12/2025,2,98.48,250,409.56260869565216,0.0,255.99710856521742,0.0,255.99710856521742
22/12/2025,3,98.71,250,409.56260869565216,0.0,255.99710856521742,0.0,255.99710856521742
22/12/2025,4,94.61,250,409.56260869565216,0.0,255.99710856521742,0.0,255.99710856521742
22/12/2025,5,93.2,250,409.56260869565216,0.0,255.99710856521742,0.0,255.99710856521742
22/12/2025,6,100.19,250,409.56260869565216,0.0,255.99710856521742,0.0,255.99710856521742
22/12/2025,7,108.25,250,409.56260869565216,0.0,255.99710856521742,0.0,255.99710856521742
22/12/2025,8,121.36,250,409.56260869565216,0.0,255.99710856521742,0.0,255.99710856521742
22/12/2025,9,125.06,250,409.56260869565216,0.0,255.99710856521742,0.0,255.99710856521742
22/12/2025,10,122.1,250,409.56260869565216,0.0,255.99710856521742,0.0,255.99710856521742
22/12/2025,11,119.43,250,409.56260869565216,0.0,255.99710856521742,0.0,255.99710856521742
22/12/2025,12,118.31,250,409.56260869565216,0.0,255.99710856521742,0.0,255.99710856521742
22/12/2025,13,116.72,250,409.56260869565216,0.0,255.99710856521742,0.0,255.99710856521742
22/12/2025,14,117.25,250,409.56260869565216,0.0,255.99710856521742,0.0,255.99710856521742
22/12/2025,15,122.69,250,409.56260869565216,0.0,255.99710856521742,0.0,255.99710856521742
22/12/2025,16,123.21,250,409.56260869565216,0.0,255.99710856521742,0.0,255.99710856521742
22/12/2025,17,121.34,250,409.56260869565216,0.0,255.99710856521742,0.0,255.99710856521742
22/12/2025,18,124.7,250,409.56260869565216,0.0,255.99710856521742,0.0,255.99710856521742
22/12/2025,19,122.4,250,409.56260869565216,0.0,255.99710856521742,0.0,255.99710856521742
22/12/2025,20,123.85,250,409.56260869565216,0.0,255.99710856521742,0.0,255.99710856521742
22/12/2025,21,121.59,250,409.56260869565216,0.0,255.99710856521742,0.0,255.99710856521742
22/12/2025,22,118.67,250,409.56260869565216,0.0,255.99710856521742,0.0,255.99710856521742
22/12/2025,23,110.5,250,409.56260869565216,0.0,255.99710856521742,0.0,255.99710856521742
22/12/2025,24,102.82,250,409.56260869565216,0.0,255.99710856521742,0.0,255.99710856521742
23/12/2025,1,97.68,250,409.56260869565216,0.0,255.99710856521742,0.0,255.99710856521742
23/12/2025,2,96.0,250,409.56260869565216,0.0,255.99710856521742,0.0,255.99710856521742
23/12/2025,3,97.75,250,409.56260869565216,0.0,255.99710856521742,0.0,255.99710856521742
23/12/2025,4,98.27,250,409.56260869565216,0.0,255.99710856521742,0.0,255.99710856521742
23/12/2025,5,100.0,250,409.56260869565216,0.0,255.99710856521742,0.0,255.99710856521742
23/12/2025,6,100.7,250,409.56260869565216,0.0,255.99710856521742,0.0,255.99710856521742
23/12/2025,7,108.26,250,409.56260869565216,0.0,255.99710856521742,0.0,255.99710856521742
23/12/2025,8,115.0,250,409.56260869565216,0.0,255.99710856521742,0.0,255.99710856521742
23/12/2025,9,123.24,250,409.56260869565216,0.0,255.99710856521742,0.0,255.99710856521742
23/12/2025,10,122.91,250,409.56260869565216,0.0,255.99710856521742,0.0,255.99710856521742
23/12/2025,11,120.14,250,409.56260869565216,0.0,255.99710856521742,0.0,255.99710856521742
23/12/2025,12,124.64,250,409.56260869565216,0.0,255.99710856521742,0.0,255.99710856521742
23/12/2025,13,120.45,250,409.56260869565216,0.0,255.99710856521742,0.0,255.99710856521742
23/12/2025,14,120.9,250,409.56260869565216,0.0,255.99710856521742,0.0,255.99710856521742
23/12/2025,15,118.45,250,409.56260869565216,0.0,255.99710856521742,0.0,255.99710856521742
23/12/2025,16,121.08,250,409.56260869565216,0.0,255.99710856521742,0.0,255.99710856521742
23/12/2025,17,122.98,250,409.56260869565216,0.0,255.99710856521742,0.0,255.99710856521742
23/12/2025,18,128.0,250,409.56260869565216,0.0,255.99710856521742,0.0,255.99710856521742
23/12/2025,19,124.83,250,409.56260869565216,0.0,255.99710856521742,0.0,255.99710856521742
23/12/2025,20,122.0,250,409.56260869565216,0.0,255.99710856521742,0.0,255.99710856521742
23/12/2025,21,116.76,250,409.56260869565216,0.0,255.99710856521742,0.0,255.99710856521742
23/12/2025,22,112.07,250,409.56260869565216,0.0,255.99710856521742,0.0,255.99710856521742
23/12/2025,23,112.79,250,409.56260869565216,0.0,255.99710856521742,0.0,255.99710856521742
23/12/2025,24,104.81,250,409.56260869565216,0.0,255.99710856521742,0.0,255.99710856521742
24/12/2025,1,102.16,250,409.56260869565216,0.0,255.99710856521742,0.0,255.99710856521742
24/12/2025,2,98.58,250,409.56260869565216,0.0,255.99710856521742,0.0,255.99710856521742
24/12/2025,3,98.45,250,409.56260869565216,0.0,255.99710856521742,0.0,255.99710856521742
24/12/2025,4,98.36,250,409.56260869565216,0.0,255.99710856521742,0.0,255.99710856521742
24/12/2025,5,96.95,250,409.56260869565216,0.0,255.99710856521742,0.0,255.99710856521742
24/12/2025,6,94.77,250,409.56260869565216,0.0,255.99710856521742,0.0,255.99710856521742
24/12/2025,7,102.46,250,409.56260869565216,0.0,255.99710856521742,0.0,255.99710856521742
24/12/2025,8,114.47,250,409.56260869565216,0.0,255.99710856521742,0.0,255.99710856521742
24/12/2025,9,116.0,250,409.56260869565216,0.0,255.99710856521742,0.0,255.99710856521742
24/12/2025,10,117.99,250,409.56260869565216,0.0,255.99710856521742,0.0,255.99710856521742
24/12/2025,11,116.25,250,409.56260869565216,0.0,255.99710856521742,0.0,255.99710856521742
24/12/2025,12,115.04,250,409.56260869565216,0.0,255.99710856521742,0.0,255.99710856521742
24/12/2025,13,115.0,250,409.56260869565216,0.0,255.99710856521742,0.0,255.99710856521742
24/12/2025,14,112.26,250,409.56260869565216,0.0,255.99710856521742,0.0,255.99710856521742
24/12/2025,15,111.13,250,409.56260869565216,0.0,255.99710856521742,0.0,255.99710856521742
24/12/2025,16,116.0,250,409.56260869565216,0.0,255.99710856521742,0.0,255.99710856521742
24/12/2025,17,116.16,250,409.56260869565216,0.0,255.99710856521742,0.0,255.99710856521742
24/12/2025,18,117.89,250,409.56260869565216,0.0,255.99710856521742,0.0,255.99710856521742
24/12/2025,19,119.91,250,409.56260869565216,0.0,255.99710856521742,0.0,255.99710856521742
24/12/2025,20,120.27,250,409.56260869565216,0.0,255.99710856521742,0.0,255.99710856521742
24/12/2025,21,120.0,250,409.56260869565216,0.0,255.99710856521742,0.0,255.99710856521742
24/12/2025,22,115.72,250,409.56260869565216,0.0,255.99710856521742,0.0,255.99710856521742
24/12/2025,23,113.05,250,409.56260869565216,0.0,255.99710856521742,0.0,255.99710856521742
24/12/2025,24,105.65,250,409.56260869565216,0.0,255.99710856521742,0.0,255.99710856521742
25/12/2025,1,105.1,250,409.56260869565216,0.0,255.99710856521742,0.0,255.99710856521742
25/12/2025,2,103.1,250,409.56260869565216,0.0,255.99710856521742,0.0,255.99710856521742
25/12/2025,3,99.41,250,409.56260869565216,0.0,255.99710856521742,0.0,255.99710856521742
25/12/2025,4,95.07,250,409.56260869565216,0.0,255.99710856521742,0.0,255.99710856521742
25/12/2025,5,95.75,250,409.56260869565216,0.0,255.99710856521742,0.0,255.99710856521742
25/12/2025,6,98.5,250,409.56260869565216,0.0,255.99710856521742,0.0,255.99710856521742
25/12/2025,7,101.96,250,409.56260869565216,0.0,255.99710856521742,0.0,255.99710856521742
25/12/2025,8,105.1,250,409.56260869565216,0.0,255.99710856521742,0.0,255.99710856521742
25/12/2025,9,105.38,250,409.56260869565216,0.0,255.99710856521742,0.0,255.99710856521742
25/12/2025,10,104.66,250,409.56260869565216,0.0,255.99710856521742,0.0,255.99710856521742
25/12/2025,11,106.57,250,409.56260869565216,0.0,255.99710856521742,0.0,255.99710856521742
25/12/2025,12,106.62,250,409.56260869565216,0.0,255.99710856521742,0.0,255.99710856521742
25/12/2025,13,105.1,250,409.56260869565216,0.0,255.99710856521742,0.0,255.99710856521742
25/12/2025,14,99.35,250,409.56260869565216,0.0,255.99710856521742,0.0,255.99710856521742
25/12/2025,15,97.53,250,409.56260869565216,0.0,255.99710856521742,0.0,255.99710856521742
25/12/2025,16,103.61,250,409.56260869565216,0.0,255.99710856521742,0.0,255.99710856521742
25/12/2025,17,110.48,250,409.56260869565216,0.0,255.99710856521742,0.0,255.99710856521742
25/12/2025,18,121.69,250,409.56260869565216,0.0,255.99710856521742,0.0,255.99710856521742
25/12/2025,19,124.24,250,409.56260869565216,0.0,255.99710856521742,0.0,255.99710856521742
25/12/2025,20,125.0,250,409.56260869565216,0.0,255.99710856521742,0.0,255.99710856521742
25/12/2025,21,121.5,250,409.56260869565216,0.0,255.99710856521742,0.0,255.99710856521742
25/12/2025,22,117.38,250,409.56260869565216,0.0,255.99710856521742,0.0,255.99710856521742
25/12/2025,23,105.72,250,409.56260869565216,0.0,255.99710856521742,0.0,255.99710856521742
25/12/2025,24,104.35,250,409.56260869565216,0.0,255.99710856521742,0.0,255.99710856521742
26/12/2025,1,110.33,250,409.56260869565216,0.0,255.99710856521742,0.0,255.99710856521742
26/12/2025,2,104.22,250,409.56260869565216,0.0,255.99710856521742,0.0,255.99710856521742
26/12/2025,3,101.11,250,409.56260869565216,0.0,255.99710856521742,0.0,255.99710856521742
26/12/2025,4,100.41,250,409.56260869565216,0.0,255.99710856521742,0.0,255.99710856521742
26/12/2025,5,100.93,250,409.56260869565216,0.0,255.99710856521742,0.0,255.99710856521742
26/12/2025,6,101.39,250,409.56260869565216,0.0,255.99710856521742,0.0,255.99710856521742
26/12/2025,7,105.1,250,409.56260869565216,0.0,255.99710856521742,0.0,255.99710856521742
26/12/2025,8,113.64,250,409.56260869565216,0.0,255.99710856521742,0.0,255.99710856521742
26/12/2025,9,110.0,250,409.56260869565216,0.0,255.99710856521742,0.0,255.99710856521742
26/12/2025,10,105.93,250,409.56260869565216,0.0,255.99710856521742,0.0,255.99710856521742
26/12/2025,11,100.0,250,409.56260869565216,0.0,255.99710856521742,0.0,255.99710856521742
26/12/2025,12,99.84,250,409.56260869565216,0.0,255.99710856521742,0.0,255.99710856521742
26/12/2025,13,100.25,250,409.56260869565216,0.0,255.99710856521742,0.0,255.99710856521742
26/12/2025,14,93.01,250,409.56260869565216,0.0,255.99710856521742,0.0,255.99710856521742
26/12/2025,15,100.36,250,409.56260869565216,0.0,255.99710856521742,0.0,255.99710856521742
26/12/2025,16,111.66,250,409.56260869565216,0.0,255.99710856521742,0.0,255.99710856521742
26/12/2025,17,117.2,250,409.56260869565216,0.0,255.99710856521742,0.0,255.99710856521742
26/12/2025,18,122.29,250,409.56260869565216,0.0,255.99710856521742,0.0,255.99710856521742
26/12/2025,19,118.18,250,409.56260869565216,0.0,255.99710856521742,0.0,255.99710856521742
26/12/2025,20,117.43,250,409.56260869565216,0.0,255.99710856521742,0.0,255.99710856521742
26/12/2025,21,117.0,250,409.56260869565216,0.0,255.99710856521742,0.0,255.99710856521742
26/12/2025,22,116.56,250,409.56260869565216,0.0,255.99710856521742,0.0,255.99710856521742
26/12/2025,23,109.22,250,409.56260869565216,0.0,255.99710856521742,0.0,255.99710856521742
26/12/2025,24,99.9,250,409.56260869565216,0.0,255.99710856521742,0.0,255.99710856521742
27/12/2025,1,105.1,250,409.56260869565216,0.0,255.99710856521742,0.0,255.99710856521742
27/12/2025,2,94.78,250,409.56260869565216,0.0,255.99710856521742,0.0,255.99710856521742
27/12/2025,3,92.86,250,409.56260869565216,0.0,255.99710856521742,0.0,255.99710856521742
27/12/2025,4,89.7,250,409.56260869565216,0.0,255.99710856521742,0.0,255.99710856521742
27/12/2025,5,84.97,250,409.56260869565216,0.0,255.99710856521742,0.0,255.99710856521742
27/12/2025,6,92.38,250,409.56260869565216,0.0,255.99710856521742,0.0,255.99710856521742
27/12/2025,7,100.0,250,409.56260869565216,0.0,255.99710856521742,0.0,255.99710856521742
27/12/2025,8,112.35,250,409.56260869565216,0.0,255.99710856521742,0.0,255.99710856521742
27/12/2025,9,113.25,250,409.56260869565216,0.0,255.99710856521742,0.0,255.99710856521742
27/12/2025,10,105.1,250,409.56260869565216,0.0,255.99710856521742,0.0,255.99710856521742
27/12/2025,11,88.74,250,409.56260869565216,0.0,255.99710856521742,0.0,255.99710856521742
27/12/2025,12,71.07,250,409.56260869565216,0.0,255.99710856521742,0.0,255.99710856521742
27/12/2025,13,72.06,250,409.56260869565216,0.0,255.99710856521742,0.0,255.99710856521742
27/12/2025,14,72.19,250,409.56260869565216,0.0,255.99710856521742,0.0,255.99710856521742
27/12/2025,15,91.15,250,409.56260869565216,0.0,255.99710856521742,0.0,255.99710856521742
27/12/2025,16,105.1,250,409.56260869565216,0.0,255.99710856521742,0.0,255.99710856521742
27/12/2025,17,117.0,250,409.56260869565216,0.0,255.99710856521742,0.0,255.99710856521742
27/12/2025,18,123.3,250,409.56260869565216,0.0,255.99710856521742,0.0,255.99710856521742
27/12/2025,19,125.6,250,409.56260869565216,0.0,255.99710856521742,0.0,255.99710856521742
27/12/2025,20,136.54,250,409.56260869565216,0.0,255.99710856521742,0.0,255.99710856521742
27/12/2025,21,127.45,250,409.56260869565216,0.0,255.99710856521742,0.0,255.99710856521742
27/12/2025,22,118.11,250,409.56260869565216,0.0,255.99710856521742,0.0,255.99710856521742
27/12/2025,23,118.11,250,409.56260869565216,0.0,255.99710856521742,0.0,255.99710856521742
27/12/2025,24,114.88,250,409.56260869565216,0.0,255.99710856521742,0.0,255.99710856521742
28/12/2025,1,112.66,250,409.56260869565216,0.0,255.99710856521742,0.0,255.99710856521742
28/12/2025,2,107.64,250,409.56260869565216,0.0,255.99710856521742,0.0,255.99710856521742
28/12/2025,3,105.1,250,409.56260869565216,0.0,255.99710856521742,0.0,255.99710856521742
28/12/2025,4,103.82,250,409.56260869565216,0.0,255.99710856521742,0.0,255.99710856521742
28/12/2025,5,104.17,250,409.56260869565216,0.0,255.99710856521742,0.0,255.99710856521742
28/12/2025,6,103.94,250,409.56260869565216,0.0,255.99710856521742,0.0,255.99710856521742
28/12/2025,7,109.5,250,409.56260869565216,0.0,255.99710856521742,0.0,255.99710856521742
28/12/2025,8,112.64,250,409.56260869565216,0.0,255.99710856521742,0.0,255.99710856521742
28/12/2025,9,110.53,250,409.56260869565216,0.0,255.99710856521742,0.0,255.99710856521742
28/12/2025,10,100.46,250,409.56260869565216,0.0,255.99710856521742,0.0,255.99710856521742
28/12/2025,11,87.26,250,409.56260869565216,0.0,255.99710856521742,0.0,255.99710856521742
28/12/2025,12,72.37,250,409.56260869565216,0.0,255.99710856521742,0.0,255.99710856521742
28/12/2025,13,82.14,250,409.56260869565216,0.0,255.99710856521742,0.0,255.99710856521742
28/12/2025,14,78.44,250,409.56260869565216,0.0,255.99710856521742,0.0,255.99710856521742
28/12/2025,15,83.33,250,409.56260869565216,0.0,255.99710856521742,0.0,255.99710856521742
28/12/2025,16,102.1,250,409.56260869565216,0.0,255.99710856521742,0.0,255.99710856521742
28/12/2025,17,115.94,250,409.56260869565216,0.0,255.99710856521742,0.0,255.99710856521742
28/12/2025,18,126.14,250,409.56260869565216,0.0,255.99710856521742,0.0,255.99710856521742
28/12/2025,19,115.39,250,409.56260869565216,0.0,255.99710856521742,0.0,255.99710856521742
28/12/2025,20,117.09,250,409.56260869565216,0.0,255.99710856521742,0.0,255.99710856521742
28/12/2025,21,120.04,250,409.56260869565216,0.0,255.99710856521742,0.0,255.99710856521742
28/12/2025,22,117.89,250,409.56260869565216,0.0,255.99710856521742,0.0,255.99710856521742
28/12/2025,23,111.5,250,409.56260869565216,0.0,255.99710856521742,0.0,255.99710856521742
28/12/2025,24,105.0,250,409.56260869565216,0.0,255.99710856521742,0.0,255.99710856521742
29/12/2025,1,103.48,250,409.56260869565216,0.0,255.99710856521742,0.0,255.99710856521742
29/12/2025,2,95.96,250,409.56260869565216,0.0,255.99710856521742,0.0,255.99710856521742
29/12/2025,3,96.72,250,409.56260869565216,0.0,255.99710856521742,0.0,255.99710856521742
29/12/2025,4,96.6,250,409.56260869565216,0.0,255.99710856521742,0.0,255.99710856521742
29/12/2025,5,97.18,250,409.56260869565216,0.0,255.99710856521742,0.0,255.99710856521742
29/12/2025,6,99.01,250,409.56260869565216,0.0,255.99710856521742,0.0,255.99710856521742
29/12/2025,7,105.1,250,409.56260869565216,0.0,255.99710856521742,0.0,255.99710856521742
29/12/2025,8,120.0,250,409.56260869565216,0.0,255.99710856521742,0.0,255.99710856521742
29/12/2025,9,116.49,250,409.56260869565216,0.0,255.99710856521742,0.0,255.99710856521742
29/12/2025,10,113.0,250,409.56260869565216,0.0,255.99710856521742,0.0,255.99710856521742
29/12/2025,11,105.0,250,409.56260869565216,0.0,255.99710856521742,0.0,255.99710856521742
29/12/2025,12,102.93,250,409.56260869565216,0.0,255.99710856521742,0.0,255.99710856521742
29/12/2025,13,101.75,250,409.56260869565216,0.0,255.99710856521742,0.0,255.99710856521742
29/12/2025,14,103.15,250,409.56260869565216,0.0,255.99710856521742,0.0,255.99710856521742
29/12/2025,15,110.0,250,409.56260869565216,0.0,255.99710856521742,0.0,255.99710856521742
29/12/2025,16,125.0,250,409.56260869565216,0.0,255.99710856521742,0.0,255.99710856521742
29/12/2025,17,133.15,250,409.56260869565216,0.0,255.99710856521742,0.0,255.99710856521742
29/12/2025,18,145.06,250,409.56260869565216,0.0,255.99710856521742,0.0,255.99710856521742
29/12/2025,19,144.34,250,409.56260869565216,0.0,255.99710856521742,0.0,255.99710856521742
29/12/2025,20,146.99,250,409.56260869565216,0.0,255.99710856521742,0.0,255.99710856521742
29/12/2025,21,125.7,250,409.56260869565216,0.0,255.99710856521742,0.0,255.99710856521742
29/12/2025,22,121.61,250,409.56260869565216,0.0,255.99710856521742,0.0,255.99710856521742
29/12/2025,23,114.4,250,409.56260869565216,0.0,255.99710856521742,0.0,255.99710856521742
29/12/2025,24,105.28,250,409.56260869565216,0.0,255.99710856521742,0.0,255.99710856521742
30/12/2025,1,105.1,250,409.56260869565216,0.0,255.99710856521742,0.0,255.99710856521742
30/12/2025,2,99.75,250,409.56260869565216,0.0,255.99710856521742,0.0,255.99710856521742
30/12/2025,3,99.22,250,409.56260869565216,0.0,255.99710856521742,0.0,255.99710856521742
30/12/2025,4,95.31,250,409.56260869565216,0.0,255.99710856521742,0.0,255.99710856521742
30/12/2025,5,98.5,250,409.56260869565216,0.0,255.99710856521742,0.0,255.99710856521742
30/12/2025,6,101.26,250,409.56260869565216,0.0,255.99710856521742,0.0,255.99710856521742
30/12/2025,7,104.85,250,409.56260869565216,0.0,255.99710856521742,0.0,255.99710856521742
30/12/2025,8,117.01,250,409.56260869565216,0.0,255.99710856521742,0.0,255.99710856521742
30/12/2025,9,123.96,250,409.56260869565216,0.0,255.99710856521742,0.0,255.99710856521742
30/12/2025,10,120.21,250,409.56260869565216,0.0,255.99710856521742,0.0,255.99710856521742
30/12/2025,11,108.0,250,409.56260869565216,0.0,255.99710856521742,0.0,255.99710856521742
30/12/2025,12,104.08,250,409.56260869565216,0.0,255.99710856521742,0.0,255.99710856521742
30/12/2025,13,95.23,250,409.56260869565216,0.0,255.99710856521742,0.0,255.99710856521742
30/12/2025,14,95.0,250,409.56260869565216,0.0,255.99710856521742,0.0,255.99710856521742
30/12/2025,15,100.46,250,409.56260869565216,0.0,255.99710856521742,0.0,255.99710856521742
30/12/2025,16,111.09,250,409.56260869565216,0.0,255.99710856521742,0.0,255.99710856521742
30/12/2025,17,118.0,250,409.56260869565216,0.0,255.99710856521742,0.0,255.99710856521742
30/12/2025,18,122.21,250,409.56260869565216,0.0,255.99710856521742,0.0,255.99710856521742
30/12/2025,19,122.77,250,409.56260869565216,0.0,255.99710856521742,0.0,255.99710856521742
30/12/2025,20,131.12,250,409.56260869565216,0.0,255.99710856521742,0.0,255.99710856521742
30/12/2025,21,120.32,250,409.56260869565216,0.0,255.99710856521742,0.0,255.99710856521742
30/12/2025,22,112.41,250,409.56260869565216,0.0,255.99710856521742,0.0,255.99710856521742
30/12/2025,23,109.45,250,409.56260869565216,0.0,255.99710856521742,0.0,255.99710856521742
30/12/2025,24,101.78,250,409.56260869565216,0.0,255.99710856521742,0.0,255.99710856521742
31/12/2025,1,105.1,250,409.56260869565216,0.0,255.99710856521742,0.0,255.99710856521742
31/12/2025,2,97.7,250,409.56260869565216,0.0,255.99710856521742,0.0,255.99710856521742
31/12/2025,3,94.6,250,409.56260869565216,0.0,255.99710856521742,0.0,255.99710856521742
31/12/2025,4,92.7,250,409.56260869565216,0.0,255.99710856521742,0.0,255.99710856521742
31/12/2025,5,93.58,250,409.56260869565216,0.0,255.99710856521742,0.0,255.99710856521742
31/12/2025,6,98.0,250,409.56260869565216,0.0,255.99710856521742,0.0,255.99710856521742
31/12/2025,7,107.19,250,409.56260869565216,0.0,255.99710856521742,0.0,255.99710856521742
31/12/2025,8,116.68,250,409.56260869565216,0.0,255.99710856521742,0.0,255.99710856521742
31/12/2025,9,119.59,250,409.56260869565216,0.0,255.99710856521742,0.0,255.99710856521742
31/12/2025,10,114.72,250,409.56260869565216,0.0,255.99710856521742,0.0,255.99710856521742
31/12/2025,11,105.1,250,409.56260869565216,0.0,255.99710856521742,0.0,255.99710856521742
31/12/2025,12,105.1,250,409.56260869565216,0.0,255.99710856521742,0.0,255.99710856521742
31/12/2025,13,101.3,250,409.56260869565216,0.0,255.99710856521742,0.0,255.99710856521742
31/12/2025,14,99.51,250,409.56260869565216,0.0,255.99710856521742,0.0,255.99710856521742
31/12/2025,15,101.32,250,409.56260869565216,0.0,255.99710856521742,0.0,255.99710856521742
31/12/2025,16,111.31,250,409.56260869565216,0.0,255.99710856521742,0.0,255.99710856521742
31/12/2025,17,121.48,250,409.56260869565216,0.0,255.99710856521742,0.0,255.99710856521742
31/12/2025,18,144.65,250,409.56260869565216,0.0,255.99710856521742,0.0,255.99710856521742
31/12/2025,19,141.15,250,409.56260869565216,0.0,255.99710856521742,0.0,255.99710856521742
31/12/2025,20,121.0,250,409.56260869565216,0.0,255.99710856521742,0.0,255.99710856521742
31/12/2025,21,113.67,250,409.56260869565216,0.0,255.99710856521742,0.0,255.99710856521742
31/12/2025,22,111.2,250,409.56260869565216,0.0,255.99710856521742,0.0,255.99710856521742
31/12/2025,23,113.57,250,409.56260869565216,0.0,255.99710856521742,0.0,255.99710856521742
31/12/2025,24,106.31,250,409.56260869565216,0.0,255.99710856521742,0.0,255.99710856521742
